{
  "load_summary": {
    "count": 600,
    "schedule_delay": {
      "mean": 0.000368963450503846,
      "min": -0.0017246860079467297,
      "max": 0.02041456988081336,
      "p0.1": -0.0014063026015646756,
      "p1": -0.0008836264768615365,
      "p5": -0.0005698740482330322,
      "p10": -0.0003805137239396572,
      "p25": -3.115530125796795e-05,
      "median": 0.0003419432323426008,
      "p75": 0.0007192746270447969,
      "p90": 0.0010506896767765285,
      "p95": 0.0012521347962319847,
      "p99": 0.0014541979786008596,
      "p99.9": 0.009163071825170292
    },
    "send_duration": 59.97241167584434,
    "requested_rate": 10.0,
    "achieved_rate": 10.004600169208597
  },
  "successes": {
    "count": 600,
    "latency": {
      "request_latency": {
        "mean": 47.085296242785795,
        "min": 21.997096790000796,
        "max": 52.81584939081222,
        "p0.1": 22.26723572274996,
        "p1": 28.911614825599827,
        "p5": 36.256008294271304,
        "p10": 39.7911248432938,
        "p25": 44.90610888390802,
        "median": 49.108093592571095,
        "p75": 50.54429978621192,
        "p90": 51.93183351545595,
        "p95": 52.41641908602323,
        "p99": 52.66243155176286,
        "p99.9": 52.7402453176058
      },
      "normalized_time_per_output_token": {
        "mean": 0.02353295098393148,
        "min": 0.010993051869065865,
        "max": 0.026368372137200308,
        "p0.1": 0.011121344059085846,
        "p1": 0.014449376936960986,
        "p5": 0.018133461480092948,
        "p10": 0.019872663889504122,
        "p25": 0.02242502065730729,
        "median": 0.02454581801980424,
        "p75": 0.02526553852070177,
        "p90": 0.025945375801049875,
        "p95": 0.026195447328111313,
        "p99": 0.026323544064373712,
        "p99.9": 0.026358692526334566
      },
      "time_per_output_token": {
        "mean": 0.023485950721033832,
        "min": 0.01097651518994999,
        "max": 0.026291771459626034,
        "p0.1": 0.0110992994853323,
        "p1": 0.014410377872495534,
        "p5": 0.018105637741051468,
        "p10": 0.01986176483624149,
        "p25": 0.022390902905142868,
        "median": 0.024499257358838802,
        "p75": 0.025220917068363633,
        "p90": 0.02590033988070209,
        "p95": 0.02614756140955724,
        "p99": 0.026277681705043653,
        "p99.9": 0.02628764864776889
      },
      "time_to_first_token": {
        "mean": 0.099770585008276,
        "min": 0.032861883752048016,
        "max": 0.2780968719162047,
        "p0.1": 0.03369563896767795,
        "p1": 0.036815434647724035,
        "p5": 0.04933178159408271,
        "p10": 0.056295258132740854,
        "p25": 0.0737918847007677,
        "median": 0.10344241955317557,
        "p75": 0.11892118444666266,
        "p90": 0.13627217700704933,
        "p95": 0.14916446600109337,
        "p99": 0.1843937477702275,
        "p99.9": 0.25775499835051824
      },
      "inter_token_latency": {
        "mean": 0.023486036688709546,
        "min": 6.2230974435806274e-06,
        "max": 0.09395785303786397,
        "p0.1": 0.003547748472541571,
        "p1": 0.008390938509255647,
        "p5": 0.014060187805444003,
        "p10": 0.016839625407010318,
        "p25": 0.02071944111958146,
        "median": 0.023703263141214848,
        "p75": 0.025510830339044333,
        "p90": 0.026645655371248723,
        "p95": 0.027789130806922913,
        "p99": 0.058776449710130685,
        "p99.9": 0.06599002318084242
      }
    },
    "throughput": {
      "input_tokens_per_sec": 17992.24379171429,
      "output_tokens_per_sec": 11571.130908937495,
      "total_tokens_per_sec": 29563.374700651784,
      "requests_per_sec": 5.7831365371231565
    },
    "prompt_len": {
      "mean": 3111.1566666666668,
      "min": 3067.0,
      "max": 3163.0,
      "p0.1": 3069.396,
      "p1": 3076.0,
      "p5": 3087.0,
      "p10": 3092.0,
      "p25": 3100.0,
      "median": 3111.0,
      "p75": 3121.25,
      "p90": 3131.0,
      "p95": 3137.05,
      "p99": 3150.01,
      "p99.9": 3161.2030000000004
    },
    "output_len": {
      "mean": 2000.84,
      "min": 1861.0,
      "max": 2016.0,
      "p0.1": 1937.073,
      "p1": 1993.0,
      "p5": 1997.0,
      "p10": 1999.0,
      "p25": 2000.0,
      "median": 2001.0,
      "p75": 2002.0,
      "p90": 2003.1,
      "p95": 2004.05,
      "p99": 2009.01,
      "p99.9": 2014.2030000000002
    }
  },
  "failures": {
    "count": 0,
    "request_latency": null,
    "prompt_len": null
  }
}