{
  "load_summary": {
    "count": 120,
    "schedule_delay": {
      "mean": 0.0009842730515326062,
      "min": -0.0006617899052798748,
      "max": 0.004084314219653606,
      "p0.1": -0.0006304760151542723,
      "p1": -0.0003731223940849304,
      "p5": -9.697310160845516e-05,
      "p10": 0.00017305412329733373,
      "p25": 0.0005653363186866045,
      "median": 0.000935934716835618,
      "p75": 0.001310484716668725,
      "p90": 0.0018081468529999257,
      "p95": 0.0021813438506796956,
      "p99": 0.002464319267310202,
      "p99.9": 0.0038935341280885273
    },
    "send_duration": 58.749394388869405,
    "requested_rate": 2.0,
    "achieved_rate": 2.042574246905515
  },
  "successes": {
    "count": 120,
    "latency": {
      "request_latency": {
        "mean": 20.12495146681322,
        "min": 8.297566066030413,
        "max": 28.564791591838002,
        "p0.1": 8.311036806297023,
        "p1": 8.57718518462032,
        "p5": 13.358451367821544,
        "p10": 14.355505151301623,
        "p25": 17.07273292809259,
        "median": 20.222559039480984,
        "p75": 22.72847144084517,
        "p90": 27.751271282788366,
        "p95": 28.33780924056191,
        "p99": 28.51311268969439,
        "p99.9": 28.560223346596583
      },
      "normalized_time_per_output_token": {
        "mean": 0.010057412867008283,
        "min": 0.004146709678176119,
        "max": 0.014241838730086819,
        "p0.1": 0.00415394212298353,
        "p1": 0.004289855728531386,
        "p5": 0.0066727127279799054,
        "p10": 0.007167359482706603,
        "p25": 0.008532100413839377,
        "median": 0.010111279519740491,
        "p75": 0.011357135138775759,
        "p90": 0.013856241939987055,
        "p95": 0.014168810561584614,
        "p99": 0.014237501319573746,
        "p99.9": 0.014241581456315522
      },
      "time_per_output_token": {
        "mean": 0.010009374892400969,
        "min": 0.0041248365805950015,
        "max": 0.014216493558138608,
        "p0.1": 0.004127739443370607,
        "p1": 0.0042343819795269515,
        "p5": 0.006632009735540487,
        "p10": 0.007136682002430711,
        "p25": 0.008482999605534133,
        "median": 0.010054063882795162,
        "p75": 0.011317264601122588,
        "p90": 0.013818066575331614,
        "p95": 0.014119133994204459,
        "p99": 0.014194672541141044,
        "p99.9": 0.014214233266592258
      },
      "time_to_first_token": {
        "mean": 0.08663829053596904,
        "min": 0.033803549129515886,
        "max": 0.13771400321274996,
        "p0.1": 0.03395292228087783,
        "p1": 0.036054494227282706,
        "p5": 0.04245601634029299,
        "p10": 0.06550831939093768,
        "p25": 0.0763749280013144,
        "median": 0.08709050086326897,
        "p75": 0.10122979851439595,
        "p90": 0.10963626992888749,
        "p95": 0.11435273981187492,
        "p99": 0.13314171737991273,
        "p99.9": 0.13727036905381834
      },
      "inter_token_latency": {
        "mean": 0.010009417284638687,
        "min": 7.556285709142685e-06,
        "max": 0.06536919483914971,
        "p0.1": 0.0029953063763678072,
        "p1": 0.003541537132114172,
        "p5": 0.00538575304672122,
        "p10": 0.005820240080356598,
        "p25": 0.00815834291279316,
        "median": 0.009919197764247656,
        "p75": 0.011696579866111279,
        "p90": 0.014072210062295197,
        "p95": 0.014383257087320089,
        "p99": 0.015092681590467692,
        "p99.9": 0.0548943106587977
      }
    },
    "throughput": {
      "input_tokens_per_sec": 4834.01047341566,
      "output_tokens_per_sec": 3108.7192955748615,
      "total_tokens_per_sec": 7942.729768990522,
      "requests_per_sec": 1.553569916413254
    },
    "prompt_len": {
      "mean": 3111.55,
      "min": 3075.0,
      "max": 3151.0,
      "p0.1": 3075.119,
      "p1": 3076.38,
      "p5": 3086.95,
      "p10": 3092.8,
      "p25": 3098.75,
      "median": 3111.0,
      "p75": 3122.0,
      "p90": 3133.0,
      "p95": 3139.15,
      "p99": 3148.62,
      "p99.9": 3150.762
    },
    "output_len": {
      "mean": 2001.0166666666667,
      "min": 1992.0,
      "max": 2014.0,
      "p0.1": 1992.238,
      "p1": 1994.19,
      "p5": 1997.0,
      "p10": 1998.9,
      "p25": 2000.0,
      "median": 2001.0,
      "p75": 2002.0,
      "p90": 2003.0,
      "p95": 2005.05,
      "p99": 2009.0,
      "p99.9": 2013.405
    }
  },
  "failures": {
    "count": 0,
    "request_latency": null,
    "prompt_len": null
  }
}