{
  "load_summary": {
    "count": 720,
    "schedule_delay": {
      "mean": 0.0006327540464957969,
      "min": -0.001063050702214241,
      "max": 0.08087571198120713,
      "p0.1": -0.0009830554421059788,
      "p1": -0.000769589701667428,
      "p5": -0.0004913807380944491,
      "p10": -0.00027634026482701294,
      "p25": 3.55701195076108e-05,
      "median": 0.0003975215367972851,
      "p75": 0.0007763828616589308,
      "p90": 0.0010995684191584592,
      "p95": 0.0013057913165539494,
      "p99": 0.0018442278588190616,
      "p99.9": 0.07341359594045271
    },
    "send_duration": 59.93918077880517,
    "requested_rate": 12.0,
    "achieved_rate": 12.012176186675479
  },
  "successes": {
    "count": 720,
    "latency": {
      "request_latency": {
        "mean": 51.461660090930266,
        "min": 32.15251455781981,
        "max": 56.89551319507882,
        "p0.1": 32.50765671769995,
        "p1": 37.17299051643815,
        "p5": 42.97264393863734,
        "p10": 44.878818465815854,
        "p25": 49.34158670878969,
        "median": 52.45616185758263,
        "p75": 55.20449668285437,
        "p90": 56.169118721783164,
        "p95": 56.422134451242165,
        "p99": 56.831399406939745,
        "p99.9": 56.88444168059435
      },
      "normalized_time_per_output_token": {
        "mean": 0.025715678901894995,
        "min": 0.016092349628538446,
        "max": 0.028433539827625597,
        "p0.1": 0.016252485041697556,
        "p1": 0.01857720665489163,
        "p5": 0.021462983267657977,
        "p10": 0.02242795684176398,
        "p25": 0.024649225064019654,
        "median": 0.026210310248492963,
        "p75": 0.02758845411437,
        "p90": 0.028056726632985567,
        "p95": 0.02819571932729293,
        "p99": 0.028408957652874225,
        "p99.9": 0.028431740350284236
      },
      "time_per_output_token": {
        "mean": 0.025671625539751726,
        "min": 0.01598471132083796,
        "max": 0.02838712514238432,
        "p0.1": 0.016200255937845447,
        "p1": 0.018547773576865437,
        "p5": 0.02143630513161188,
        "p10": 0.022368555557448416,
        "p25": 0.02459512222133344,
        "median": 0.026175765241961926,
        "p75": 0.027542552964412607,
        "p90": 0.028026098924386313,
        "p95": 0.028158345543872566,
        "p99": 0.028357504594814963,
        "p99.9": 0.028387096632268745
      },
      "time_to_first_token": {
        "mean": 0.10486212778163867,
        "min": 0.03019920876249671,
        "max": 0.2021071519702673,
        "p0.1": 0.03141554270731285,
        "p1": 0.04054672509431839,
        "p5": 0.05982104856520891,
        "p10": 0.06695740590803326,
        "p25": 0.0812268900917843,
        "median": 0.10600128280930221,
        "p75": 0.12516956310719252,
        "p90": 0.13998210574500264,
        "p95": 0.15430425200611353,
        "p99": 0.18281958581414068,
        "p99.9": 0.2011094961329364
      },
      "inter_token_latency": {
        "mean": 0.02567164901325478,
        "min": 7.044989615678787e-06,
        "max": 0.14610297000035644,
        "p0.1": 0.004278056267648936,
        "p1": 0.01084733996540308,
        "p5": 0.016132814902812244,
        "p10": 0.019248757418245076,
        "p25": 0.02266213041730225,
        "median": 0.025749681051820517,
        "p75": 0.02770091500133276,
        "p90": 0.02889424553140998,
        "p95": 0.030352172860875725,
        "p99": 0.06380636965855957,
        "p99.9": 0.08446906887181105
      }
    },
    "throughput": {
      "input_tokens_per_sec": 21190.209716369223,
      "output_tokens_per_sec": 13629.25177461621,
      "total_tokens_per_sec": 34819.461490985435,
      "requests_per_sec": 6.810591557725647
    },
    "prompt_len": {
      "mean": 3111.3611111111113,
      "min": 3061.0,
      "max": 3163.0,
      "p0.1": 3065.314,
      "p1": 3076.0,
      "p5": 3087.0,
      "p10": 3092.0,
      "p25": 3101.0,
      "median": 3111.0,
      "p75": 3122.0,
      "p90": 3132.0,
      "p95": 3138.0,
      "p99": 3150.0,
      "p99.9": 3160.8430000000003
    },
    "output_len": {
      "mean": 2001.1847222222223,
      "min": 1991.0,
      "max": 2019.0,
      "p0.1": 1991.0,
      "p1": 1996.0,
      "p5": 1998.0,
      "p10": 1999.0,
      "p25": 2000.0,
      "median": 2001.0,
      "p75": 2002.0,
      "p90": 2003.0,
      "p95": 2004.0,
      "p99": 2010.81,
      "p99.9": 2016.8430000000003
    }
  },
  "failures": {
    "count": 0,
    "request_latency": null,
    "prompt_len": null
  }
}