{
  "load_summary": {
    "count": 300,
    "schedule_delay": {
      "mean": 0.0006054068511972824,
      "min": -0.0008294763974845409,
      "max": 0.0024075033143162727,
      "p0.1": -0.0008239903496578335,
      "p1": -0.0006171124894171953,
      "p5": -0.0003162737702950835,
      "p10": -0.0001266628038138151,
      "p25": 0.00019045115914195776,
      "median": 0.0006028981879353523,
      "p75": 0.0009718217188492417,
      "p90": 0.001370882848277689,
      "p95": 0.0016009013634175062,
      "p99": 0.0021084380382671935,
      "p99.9": 0.002396462159231306
    },
    "send_duration": 59.99606252880767,
    "requested_rate": 5.0,
    "achieved_rate": 5.000328144133662
  },
  "successes": {
    "count": 300,
    "latency": {
      "request_latency": {
        "mean": 34.46807650958343,
        "min": 14.348061207681894,
        "max": 41.10755603387952,
        "p0.1": 14.713749363494571,
        "p1": 16.677207938884386,
        "p5": 23.487328283279204,
        "p10": 27.117360575776548,
        "p25": 31.587873020325787,
        "median": 35.429119462380186,
        "p75": 38.38111395854503,
        "p90": 40.23719417396933,
        "p95": 40.632242957130075,
        "p99": 41.03107110598125,
        "p99.9": 41.09626050492236
      },
      "normalized_time_per_output_token": {
        "mean": 0.017226839618891703,
        "min": 0.007163285675327955,
        "max": 0.020543506263807854,
        "p0.1": 0.007345855897900435,
        "p1": 0.008338603969442191,
        "p5": 0.01173808393164647,
        "p10": 0.01354567440793538,
        "p25": 0.015780123782471206,
        "median": 0.0177492487247017,
        "p75": 0.0191809664960245,
        "p90": 0.020100780716235715,
        "p95": 0.020305459166852887,
        "p99": 0.020505321058090952,
        "p99.9": 0.020539788601197383
      },
      "time_per_output_token": {
        "mean": 0.01718156347561628,
        "min": 0.007080334072466939,
        "max": 0.02049654825706966,
        "p0.1": 0.007283250838394742,
        "p1": 0.008296218642359599,
        "p5": 0.011713321066065692,
        "p10": 0.013511373911355621,
        "p25": 0.015737389296293258,
        "median": 0.017652463954058478,
        "p75": 0.019128120834124275,
        "p90": 0.020072646814328618,
        "p95": 0.02026441259685671,
        "p99": 0.02046416159610031,
        "p99.9": 0.02049293590439949
      },
      "time_to_first_token": {
        "mean": 0.08877384717110544,
        "min": 0.02758792694658041,
        "max": 0.19367270218208432,
        "p0.1": 0.030267588413786142,
        "p1": 0.03763983416836709,
        "p5": 0.04619124615564942,
        "p10": 0.055702638300135734,
        "p25": 0.0762832552427426,
        "median": 0.09242504555732012,
        "p75": 0.10155533626675606,
        "p90": 0.10996723934076727,
        "p95": 0.12590693146921694,
        "p99": 0.1385855675721541,
        "p99.9": 0.18625685773929634
      },
      "inter_token_latency": {
        "mean": 0.017181563475616276,
        "min": 7.277354598045349e-06,
        "max": 0.07104192394763231,
        "p0.1": 0.0033650549883022904,
        "p1": 0.005647377432323992,
        "p5": 0.011028366070240736,
        "p10": 0.011726121185347438,
        "p25": 0.014814733527600765,
        "median": 0.017575614154338837,
        "p75": 0.01947132498025894,
        "p90": 0.020392261585220693,
        "p95": 0.020773424743674693,
        "p99": 0.041931852558627726,
        "p99.9": 0.05263757361471656
      }
    },
    "throughput": {
      "input_tokens_per_sec": 10117.529571177658,
      "output_tokens_per_sec": 6506.735449451679,
      "total_tokens_per_sec": 16624.265020629337,
      "requests_per_sec": 3.2519422900220465
    },
    "prompt_len": {
      "mean": 3111.2266666666665,
      "min": 3067.0,
      "max": 3160.0,
      "p0.1": 3068.196,
      "p1": 3075.0,
      "p5": 3087.0,
      "p10": 3092.9,
      "p25": 3099.0,
      "median": 3111.0,
      "p75": 3121.25,
      "p90": 3132.0,
      "p95": 3138.0,
      "p99": 3147.02,
      "p99.9": 3157.309
    },
    "output_len": {
      "mean": 2000.8766666666668,
      "min": 1961.0,
      "max": 2016.0,
      "p0.1": 1966.083,
      "p1": 1989.96,
      "p5": 1998.0,
      "p10": 1999.0,
      "p25": 2000.0,
      "median": 2001.0,
      "p75": 2002.0,
      "p90": 2003.0,
      "p95": 2005.0,
      "p99": 2008.0,
      "p99.9": 2014.2060000000001
    }
  },
  "failures": {
    "count": 0,
    "request_latency": null,
    "prompt_len": null
  }
}