{
  "load_summary": {
    "count": 3300,
    "schedule_delay": {
      "mean": 0.0005838647299925937,
      "min": -0.0017246860079467297,
      "max": 0.09002329455688596,
      "p0.1": -0.0011130975498817861,
      "p1": -0.000791741805151105,
      "p5": -0.0004820978967472911,
      "p10": -0.00027489010244607925,
      "p25": 5.688366945832968e-05,
      "median": 0.0004501598887145519,
      "p75": 0.0008479696698486805,
      "p90": 0.0012353271711617706,
      "p95": 0.0014390096534043545,
      "p99": 0.0021433787094429094,
      "p99.9": 0.0452422280660958
    }
  },
  "successes": {
    "count": 3300,
    "latency": {
      "request_latency": {
        "mean": 46.003407458785325,
        "min": 6.980672752019018,
        "max": 62.936082946136594,
        "p0.1": 7.8707302942611275,
        "p1": 13.387505933442153,
        "p5": 21.54710637840908,
        "p10": 27.932539041806013,
        "p25": 39.557675128104165,
        "median": 49.44746316643432,
        "p75": 55.203403469524346,
        "p90": 59.372513968264684,
        "p95": 61.12200917152222,
        "p99": 62.64580131511204,
        "p99.9": 62.85897053923086
      },
      "normalized_time_per_output_token": {
        "mean": 0.022990631109049947,
        "min": 0.003488592079969524,
        "max": 0.03235805793665349,
        "p0.1": 0.003926733256895176,
        "p1": 0.006687099066060459,
        "p5": 0.010778404091129264,
        "p10": 0.013943689853897654,
        "p25": 0.019769789214914464,
        "median": 0.024721775857718585,
        "p75": 0.02758845411437,
        "p90": 0.029665369919886286,
        "p95": 0.030554613914092546,
        "p99": 0.031307265761923664,
        "p99.9": 0.03145312792040422
      },
      "time_per_output_token": {
        "mean": 0.02294444961671914,
        "min": 0.003430036938516423,
        "max": 0.03137995583098382,
        "p0.1": 0.0038805908601304982,
        "p1": 0.0066465232598269365,
        "p5": 0.010725082050578203,
        "p10": 0.013896350270113907,
        "p25": 0.019719826776883567,
        "median": 0.02467385986377485,
        "p75": 0.02754010154743446,
        "p90": 0.029593430857080966,
        "p95": 0.030501278961345087,
        "p99": 0.03126526293881005,
        "p99.9": 0.031368669464749054
      },
      "time_to_first_token": {
        "mean": 0.10270619574948354,
        "min": 0.02758792694658041,
        "max": 0.2780968719162047,
        "p0.1": 0.032187357104849074,
        "p1": 0.03956602947786451,
        "p5": 0.051750635472126306,
        "p10": 0.06300361412577331,
        "p25": 0.08166543813422322,
        "median": 0.10129843652248383,
        "p75": 0.1213749882299453,
        "p90": 0.14247295088134707,
        "p95": 0.15776887494139372,
        "p99": 0.187953155892901,
        "p99.9": 0.2385188228134088
      },
      "inter_token_latency": {
        "mean": 0.022944326542839653,
        "min": 5.742069333791733e-06,
        "max": 0.14610297000035644,
        "p0.1": 0.003228741163853556,
        "p1": 0.005528333513066173,
        "p5": 0.008713143202476204,
        "p10": 0.012246763892471792,
        "p25": 0.018481596023775637,
        "median": 0.02309098350815475,
        "p75": 0.02711938670836389,
        "p90": 0.030201993929222227,
        "p95": 0.031822667783126236,
        "p99": 0.06265701740514475,
        "p99.9": 0.07698429987859033
      }
    },
    "throughput": {
      "input_tokens_per_sec": 13576.022479531457,
      "output_tokens_per_sec": 8730.905410888436,
      "total_tokens_per_sec": 22306.927890419895,
      "requests_per_sec": 4.363283624599928
    },
    "prompt_len": {
      "mean": 3111.423333333333,
      "min": 3061.0,
      "max": 3167.0,
      "p0.1": 3067.0,
      "p1": 3076.0,
      "p5": 3087.0,
      "p10": 3092.0,
      "p25": 3100.75,
      "median": 3111.0,
      "p75": 3122.0,
      "p90": 3132.0,
      "p95": 3138.0,
      "p99": 3151.0,
      "p99.9": 3163.0
    },
    "output_len": {
      "mean": 2000.9942424242424,
      "min": 1800.0,
      "max": 2022.0,
      "p0.1": 1973.299,
      "p1": 1994.0,
      "p5": 1998.0,
      "p10": 1999.0,
      "p25": 2000.0,
      "median": 2001.0,
      "p75": 2002.0,
      "p90": 2003.0,
      "p95": 2005.0,
      "p99": 2010.0,
      "p99.9": 2018.7010000000005
    }
  },
  "failures": {
    "count": 0,
    "request_latency": null,
    "prompt_len": null
  }
}