{
  "load_summary": {
    "count": 240,
    "schedule_delay": {
      "mean": 0.0004530795752846946,
      "min": -0.0010602190159261227,
      "max": 0.00163642643019557,
      "p0.1": -0.0010111309913918376,
      "p1": -0.0006708747474476695,
      "p5": -0.00046258233487606043,
      "p10": -0.0002959048375487328,
      "p25": 6.526557262986898e-05,
      "median": 0.0005200053565204144,
      "p75": 0.0008507213788107038,
      "p90": 0.001093177730217576,
      "p95": 0.001245953212492168,
      "p99": 0.0014721203409135339,
      "p99.9": 0.001613485705573114
    },
    "send_duration": 31.586767909117043,
    "requested_rate": 8.0,
    "achieved_rate": 7.598118322537445
  },
  "successes": {
    "count": 240,
    "latency": {
      "request_latency": {
        "mean": 38.98067049489861,
        "min": 31.06842673290521,
        "max": 45.664591192267835,
        "p0.1": 31.15812683990877,
        "p1": 31.93157974966336,
        "p5": 33.776745664910415,
        "p10": 35.294343324843794,
        "p25": 36.93183683929965,
        "median": 39.07034236728214,
        "p75": 41.06494747009128,
        "p90": 42.77450132309459,
        "p95": 43.1196781530045,
        "p99": 44.534295677938495,
        "p99.9": 45.416563945400554
      },
      "normalized_time_per_output_token": {
        "mean": 0.00978621616187449,
        "min": 0.0077709921793159605,
        "max": 0.011453371254644554,
        "p0.1": 0.007796725323119407,
        "p1": 0.00800526188447674,
        "p5": 0.008471615069167212,
        "p10": 0.008895710333736347,
        "p25": 0.009270885498940453,
        "median": 0.009812792971427807,
        "p75": 0.010311822384280533,
        "p90": 0.010734960708268602,
        "p95": 0.010815026398751329,
        "p99": 0.01117767633847727,
        "p99.9": 0.011400588907136563
      },
      "time_per_output_token": {
        "mean": 0.009701617233879793,
        "min": 0.007733489305828698,
        "max": 0.01135798418824561,
        "p0.1": 0.007755101384527632,
        "p1": 0.007969081116224406,
        "p5": 0.008286188494146335,
        "p10": 0.008816881045592175,
        "p25": 0.009214492900802958,
        "median": 0.009718082584731747,
        "p75": 0.010181670970196137,
        "p90": 0.010639950190717354,
        "p95": 0.010708047907077708,
        "p99": 0.01110376661412767,
        "p99.9": 0.011329761766331324
      },
      "time_to_first_token": {
        "mean": 0.2446747756563127,
        "min": 0.030900812707841396,
        "max": 1.3811398926191032,
        "p0.1": 0.03152460378501564,
        "p1": 0.03591917622368783,
        "p5": 0.03831961217802018,
        "p10": 0.04505896274931729,
        "p25": 0.09106529026757926,
        "median": 0.17804919183254242,
        "p75": 0.2897764694644138,
        "p90": 0.5368888120166957,
        "p95": 0.7156298172194506,
        "p99": 1.115821297829968,
        "p99.9": 1.37341672604438
      },
      "inter_token_latency": {
        "mean": 0.00970177843931712,
        "min": 5.236826837062836e-06,
        "max": 6.315811514854431,
        "p0.1": 5.494803190231323e-06,
        "p1": 5.624257028102875e-06,
        "p5": 5.780719220638275e-06,
        "p10": 5.899928510189056e-06,
        "p25": 6.224028766155243e-06,
        "median": 7.039867341518402e-06,
        "p75": 1.2213829904794693e-05,
        "p90": 0.029543448053300485,
        "p95": 0.06046080389060079,
        "p99": 0.129192020422779,
        "p99.9": 0.5005576339410717
      }
    },
    "throughput": {
      "input_tokens_per_sec": 3524.662779694804,
      "output_tokens_per_sec": 13393.95394761192,
      "total_tokens_per_sec": 16918.616727306726,
      "requests_per_sec": 3.3626395951994446
    },
    "prompt_len": {
      "mean": 1048.1833333333334,
      "min": 1023.0,
      "max": 1071.0,
      "p0.1": 1023.478,
      "p1": 1028.0,
      "p5": 1032.95,
      "p10": 1038.0,
      "p25": 1043.0,
      "median": 1048.0,
      "p75": 1054.0,
      "p90": 1060.0,
      "p95": 1063.0,
      "p99": 1066.61,
      "p99.9": 1070.522
    },
    "output_len": {
      "mean": 3983.1666666666665,
      "min": 3869.0,
      "max": 4006.0,
      "p0.1": 3877.843,
      "p1": 3913.78,
      "p5": 3960.7,
      "p10": 3971.0,
      "p25": 3981.0,
      "median": 3987.0,
      "p75": 3991.0,
      "p90": 3993.0,
      "p95": 3995.0,
      "p99": 4000.61,
      "p99.9": 4005.283
    }
  },
  "failures": {
    "count": 0,
    "request_latency": null,
    "prompt_len": null
  }
}