{
  "load_summary": {
    "count": 90,
    "schedule_delay": {
      "mean": 0.000532982653627793,
      "min": -0.000894592609256506,
      "max": 0.0017236489802598953,
      "p0.1": -0.000869045291095972,
      "p1": -0.0006391194276511669,
      "p5": -0.00021010406780987977,
      "p10": -0.00010853800922632218,
      "p25": 0.00014565617311745882,
      "median": 0.0004223715513944626,
      "p75": 0.0010088132694363594,
      "p90": 0.0013578452169895176,
      "p95": 0.0015395554946735501,
      "p99": 0.0016761120501905678,
      "p99.9": 0.0017188952872529634
    },
    "send_duration": 32.48756370320916,
    "requested_rate": 3.0,
    "achieved_rate": 2.770290835662438
  },
  "successes": {
    "count": 90,
    "latency": {
      "request_latency": {
        "mean": 29.6651769800836,
        "min": 24.11474300408736,
        "max": 33.57492086105049,
        "p0.1": 24.128189356523567,
        "p1": 24.24920652844943,
        "p5": 25.28982471805066,
        "p10": 25.83216390167363,
        "p25": 29.11841455847025,
        "median": 30.057734230998904,
        "p75": 30.692998234997503,
        "p90": 32.185519760800524,
        "p95": 32.60703792336862,
        "p99": 32.799322779746724,
        "p99.9": 33.49736105292013
      },
      "normalized_time_per_output_token": {
        "mean": 0.0074471191980154195,
        "min": 0.006095409599530303,
        "max": 0.008400030237941078,
        "p0.1": 0.006102524323754379,
        "p1": 0.00616655684177106,
        "p5": 0.00635211387226151,
        "p10": 0.0064766372097865765,
        "p25": 0.0073081115891753395,
        "median": 0.0075502972663794386,
        "p75": 0.007703185812745334,
        "p90": 0.008060099679506464,
        "p95": 0.008179328172692341,
        "p99": 0.008264740115184716,
        "p99.9": 0.008386501225665444
      },
      "time_per_output_token": {
        "mean": 0.007387601478978002,
        "min": 0.005985933553776704,
        "max": 0.008378534424700775,
        "p0.1": 0.00599219893682602,
        "p1": 0.0060485873842698636,
        "p5": 0.006308544002327835,
        "p10": 0.006445139249402462,
        "p25": 0.0072500671191955916,
        "median": 0.007495454230171163,
        "p75": 0.007649224875320215,
        "p90": 0.008033074309222867,
        "p95": 0.008135551161144394,
        "p99": 0.008184895952687366,
        "p99.9": 0.008359170577499436
      },
      "time_to_first_token": {
        "mean": 0.1023738531809714,
        "min": 0.032411630731076,
        "max": 0.8428539228625596,
        "p0.1": 0.03241772252181545,
        "p1": 0.03247254863847047,
        "p5": 0.03511515913996845,
        "p10": 0.03820220190100372,
        "p25": 0.045969649916514754,
        "median": 0.07772435946390033,
        "p75": 0.09664490423165262,
        "p90": 0.147214155131951,
        "p95": 0.21675391301978358,
        "p99": 0.8126845224574208,
        "p99.9": 0.8398369828220462
      },
      "inter_token_latency": {
        "mean": 0.007387697579904367,
        "min": 5.281064659357071e-06,
        "max": 0.9197315699420869,
        "p0.1": 5.530659109354019e-06,
        "p1": 5.6871213018894196e-06,
        "p5": 5.939975380897522e-06,
        "p10": 6.210990250110626e-06,
        "p25": 7.111113518476486e-06,
        "median": 0.004577975254505873,
        "p75": 0.010763347730971873,
        "p90": 0.01984487161971632,
        "p95": 0.02502280268818139,
        "p99": 0.03967321181669825,
        "p99.9": 0.14427633399191683
      }
    },
    "throughput": {
      "input_tokens_per_sec": 1535.7406060023286,
      "output_tokens_per_sec": 5838.866500127442,
      "total_tokens_per_sec": 7374.607106129771,
      "requests_per_sec": 1.4658364923875786
    },
    "prompt_len": {
      "mean": 1047.6888888888889,
      "min": 1025.0,
      "max": 1064.0,
      "p0.1": 1025.267,
      "p1": 1027.67,
      "p5": 1030.9,
      "p10": 1037.0,
      "p25": 1042.0,
      "median": 1048.0,
      "p75": 1053.75,
      "p90": 1058.1,
      "p95": 1060.55,
      "p99": 1064.0,
      "p99.9": 1064.0
    },
    "output_len": {
      "mean": 3983.3,
      "min": 3896.0,
      "max": 4005.0,
      "p0.1": 3896.801,
      "p1": 3904.01,
      "p5": 3967.25,
      "p10": 3973.0,
      "p25": 3980.25,
      "median": 3986.0,
      "p75": 3990.0,
      "p90": 3995.2,
      "p95": 3997.55,
      "p99": 4000.55,
      "p99.9": 4004.5550000000003
    }
  },
  "failures": {
    "count": 0,
    "request_latency": null,
    "prompt_len": null
  }
}