{
  "load_summary": {
    "count": 360,
    "schedule_delay": {
      "mean": 0.000382185576017946,
      "min": -0.0010743099264800549,
      "max": 0.0018353457562625408,
      "p0.1": -0.001033040911424905,
      "p1": -0.0008075861725956202,
      "p5": -0.0005050551611930132,
      "p10": -0.000282925833016634,
      "p25": 4.814926069229841e-05,
      "median": 0.00041408464312553406,
      "p75": 0.000738117378205061,
      "p90": 0.0010485154110938311,
      "p95": 0.0012175185605883601,
      "p99": 0.0014631645195186142,
      "p99.9": 0.0017674941560253538
    },
    "send_duration": 28.985517734196037,
    "requested_rate": 12.0,
    "achieved_rate": 12.419995506075965
  },
  "successes": {
    "count": 360,
    "latency": {
      "request_latency": {
        "mean": 46.88959194662489,
        "min": 35.42760450160131,
        "max": 52.63735920796171,
        "p0.1": 35.765042102318255,
        "p1": 37.666044410238975,
        "p5": 40.493797627068126,
        "p10": 42.1993249211926,
        "p25": 44.8156180283986,
        "median": 46.63041094690561,
        "p75": 50.09037939622067,
        "p90": 51.58602102845907,
        "p95": 52.064910458447414,
        "p99": 52.24561623022892,
        "p99.9": 52.529022233197935
      },
      "normalized_time_per_output_token": {
        "mean": 0.011775512180154424,
        "min": 0.008890239523613879,
        "max": 0.013205658730456926,
        "p0.1": 0.00897491646231324,
        "p1": 0.009449402311459243,
        "p5": 0.010163646969470098,
        "p10": 0.010581599579580964,
        "p25": 0.011236031928385133,
        "median": 0.011715420331268435,
        "p75": 0.012583432742767168,
        "p90": 0.01296536988357872,
        "p95": 0.013076675025179153,
        "p99": 0.01316523855446949,
        "p99.9": 0.01320205761866166
      },
      "time_per_output_token": {
        "mean": 0.011873391345565764,
        "min": 0.008919620294681836,
        "max": 0.01342065125292572,
        "p0.1": 0.008997305423362321,
        "p1": 0.009549451247503487,
        "p5": 0.010276907953759422,
        "p10": 0.010653169910844737,
        "p25": 0.011316606370328164,
        "median": 0.011804464180375241,
        "p75": 0.01263526255045389,
        "p90": 0.013186243812447375,
        "p95": 0.013267913449914135,
        "p99": 0.013394119164064898,
        "p99.9": 0.013413512724718761
      },
      "time_to_first_token": {
        "mean": 0.39522604283281704,
        "min": 0.031727937050163746,
        "max": 2.5027638538740575,
        "p0.1": 0.03243540463782847,
        "p1": 0.03415564403869212,
        "p5": 0.04071770161390305,
        "p10": 0.06193081252276897,
        "p25": 0.12523571599740535,
        "median": 0.29576887493021786,
        "p75": 0.5587221428286284,
        "p90": 0.8305526994634427,
        "p95": 1.056948115839623,
        "p99": 1.5877040147548545,
        "p99.9": 2.3390389406881384
      },
      "inter_token_latency": {
        "mean": 0.011870215107275185,
        "min": 5.2782706916332245e-06,
        "max": 1.1945187742821872,
        "p0.1": 5.509238690137863e-06,
        "p1": 5.638692528009415e-06,
        "p5": 5.791895091533661e-06,
        "p10": 5.903653800487518e-06,
        "p25": 6.202142685651779e-06,
        "median": 6.887130439281464e-06,
        "p75": 9.687617421150208e-06,
        "p90": 0.023795597627759218,
        "p95": 0.085544019844383,
        "p99": 0.22104294074699402,
        "p99.9": 0.5629823649507276
      }
    },
    "throughput": {
      "input_tokens_per_sec": 4832.7539833171595,
      "output_tokens_per_sec": 18350.09280535956,
      "total_tokens_per_sec": 23182.84678867672,
      "requests_per_sec": 4.6081575066195315
    },
    "prompt_len": {
      "mean": 1048.7388888888888,
      "min": 1023.0,
      "max": 1077.0,
      "p0.1": 1023.718,
      "p1": 1027.59,
      "p5": 1033.0,
      "p10": 1037.0,
      "p25": 1043.0,
      "median": 1049.0,
      "p75": 1055.0,
      "p90": 1060.0,
      "p95": 1064.0,
      "p99": 1070.0,
      "p99.9": 1074.846
    },
    "output_len": {
      "mean": 3982.088888888889,
      "min": 3724.0,
      "max": 4019.0,
      "p0.1": 3762.054,
      "p1": 3883.42,
      "p5": 3955.0,
      "p10": 3969.9,
      "p25": 3981.0,
      "median": 3987.0,
      "p75": 3991.0,
      "p90": 3993.0,
      "p95": 3995.0,
      "p99": 4001.41,
      "p99.9": 4013.6150000000002
    }
  },
  "failures": {
    "count": 0,
    "request_latency": null,
    "prompt_len": null
  }
}