{
  "load_summary": {
    "count": 540,
    "schedule_delay": {
      "mean": 0.00031199987322368003,
      "min": -0.0008859401568770409,
      "max": 0.0015803487040102482,
      "p0.1": -0.0008552253311499954,
      "p1": -0.0007709219167008996,
      "p5": -0.0005367026897147298,
      "p10": -0.0003829266410320997,
      "p25": -6.258359644562006e-05,
      "median": 0.00031297700479626656,
      "p75": 0.0006902256282046437,
      "p90": 0.0009628886356949808,
      "p95": 0.0011369757819920778,
      "p99": 0.001471616979688406,
      "p99.9": 0.0015693156225606803
    },
    "send_duration": 29.040978596080095,
    "requested_rate": 18.0,
    "achieved_rate": 18.594414723782357
  },
  "successes": {
    "count": 540,
    "latency": {
      "request_latency": {
        "mean": 58.98735747590868,
        "min": 42.863094243686646,
        "max": 70.37417758395895,
        "p0.1": 42.9522599881636,
        "p1": 45.42586215784308,
        "p5": 49.28694544050377,
        "p10": 52.12471108804457,
        "p25": 55.867986162309535,
        "median": 59.03525985730812,
        "p75": 61.340014097164385,
        "p90": 67.1381571339909,
        "p95": 68.68345755636692,
        "p99": 69.72267409458756,
        "p99.9": 70.10008991459152
      },
      "normalized_time_per_output_token": {
        "mean": 0.01481884942944349,
        "min": 0.010745323199720894,
        "max": 0.01838650481395261,
        "p0.1": 0.0107720519834868,
        "p1": 0.011389535465323905,
        "p5": 0.012373241955446429,
        "p10": 0.013116091638843726,
        "p25": 0.014043145116325935,
        "median": 0.01482063010140176,
        "p75": 0.015425669796747013,
        "p90": 0.016836660640072772,
        "p95": 0.01728922915101787,
        "p99": 0.017519039512041933,
        "p99.9": 0.018133075454802555
      },
      "time_per_output_token": {
        "mean": 0.014886105743656399,
        "min": 0.010831877641917785,
        "max": 0.017385449455035985,
        "p0.1": 0.010897722991589275,
        "p1": 0.01157747383675381,
        "p5": 0.01248750659095846,
        "p10": 0.01327885201740706,
        "p25": 0.014116837029280549,
        "median": 0.014856441094484156,
        "p75": 0.015740660687600307,
        "p90": 0.01684445557473179,
        "p95": 0.017214529988452302,
        "p99": 0.017332984388033768,
        "p99.9": 0.017376108174365582
      },
      "time_to_first_token": {
        "mean": 0.6257443185542124,
        "min": 0.031127227935940027,
        "max": 3.1024635899811983,
        "p0.1": 0.03140137408254668,
        "p1": 0.03570505651179701,
        "p5": 0.05266552208922804,
        "p10": 0.0815878909546882,
        "p25": 0.18641006550751626,
        "median": 0.40660811914131045,
        "p75": 0.8702682469738647,
        "p90": 1.4916418456006797,
        "p95": 1.8538663566578146,
        "p99": 2.6116986277420082,
        "p99.9": 3.0149213203443237
      },
      "inter_token_latency": {
        "mean": 0.014888409058591024,
        "min": 5.282927304506302e-06,
        "max": 4.176298409700394,
        "p0.1": 5.532987415790558e-06,
        "p1": 5.660112947225571e-06,
        "p5": 5.81471249461174e-06,
        "p10": 5.9301964938640594e-06,
        "p25": 6.237998604774475e-06,
        "median": 6.847083568572998e-06,
        "p75": 8.449889719486237e-06,
        "p90": 0.0003550301771610975,
        "p95": 0.09035633353050798,
        "p99": 0.36228385500144344,
        "p99.9": 0.8358173387614114
      }
    },
    "throughput": {
      "input_tokens_per_sec": 5981.053025948494,
      "output_tokens_per_sec": 22707.759686435194,
      "total_tokens_per_sec": 28688.812712383686,
      "requests_per_sec": 5.70429943184673
    },
    "prompt_len": {
      "mean": 1048.5166666666667,
      "min": 1023.0,
      "max": 1077.0,
      "p0.1": 1024.078,
      "p1": 1028.0,
      "p5": 1033.0,
      "p10": 1037.0,
      "p25": 1043.0,
      "median": 1049.0,
      "p75": 1055.0,
      "p90": 1060.0,
      "p95": 1064.0,
      "p99": 1068.6100000000001,
      "p99.9": 1073.766
    },
    "output_len": {
      "mean": 3980.814814814815,
      "min": 3719.0,
      "max": 4002.0,
      "p0.1": 3724.39,
      "p1": 3888.17,
      "p5": 3950.9,
      "p10": 3965.9,
      "p25": 3979.75,
      "median": 3987.0,
      "p75": 3990.0,
      "p90": 3994.0,
      "p95": 3995.0,
      "p99": 3999.0,
      "p99.9": 4001.4610000000002
    }
  },
  "failures": {
    "count": 0,
    "request_latency": null,
    "prompt_len": null
  }
}