{
  "load_summary": {
    "count": 250,
    "schedule_delay": {
      "mean": 0.0009211540091782808,
      "min": -0.00028760358691215515,
      "max": 0.0048844642005860806,
      "p0.1": -0.0002849708339199424,
      "p1": -0.0001729089580476284,
      "p5": 3.1222426332533384e-05,
      "p10": 0.00018935510888695722,
      "p25": 0.0005850183079019189,
      "median": 0.0008843403775244951,
      "p75": 0.0012408723123371601,
      "p90": 0.001586713921278715,
      "p95": 0.0018022612901404497,
      "p99": 0.002384906741790473,
      "p99.9": 0.004296727546025146
    },
    "send_duration": 53.879459626972675,
    "requested_rate": 5.0,
    "achieved_rate": 4.6399871440961356
  },
  "successes": {
    "count": 250,
    "latency": {
      "request_latency": {
        "mean": 36.23173934883624,
        "min": 29.161099378950894,
        "max": 41.788248013239354,
        "p0.1": 29.216579902094324,
        "p1": 29.615807040608487,
        "p5": 31.517068238183857,
        "p10": 32.80273091457784,
        "p25": 34.678294017212465,
        "median": 36.532087078318,
        "p75": 37.86541294702329,
        "p90": 39.01078347656876,
        "p95": 40.691674345964564,
        "p99": 41.44038645371795,
        "p99.9": 41.71424678959652
      },
      "normalized_time_per_output_token": {
        "mean": 0.009106233710939078,
        "min": 0.007306714953382835,
        "max": 0.010652933962485133,
        "p0.1": 0.007321995454690158,
        "p1": 0.007428838658011552,
        "p5": 0.007902583523008638,
        "p10": 0.008225147667510662,
        "p25": 0.008735687096319122,
        "median": 0.00917454832445035,
        "p75": 0.009528308486776165,
        "p90": 0.009802093850873333,
        "p95": 0.010237259627362345,
        "p99": 0.010443515136516559,
        "p99.9": 0.010639407577451288
      },
      "time_per_output_token": {
        "mean": 0.00896983758974062,
        "min": 0.007214204150019213,
        "max": 0.010324037411948666,
        "p0.1": 0.007216148813751875,
        "p1": 0.007244517630740302,
        "p5": 0.007602660712004361,
        "p10": 0.008080488809223903,
        "p25": 0.008540220421510532,
        "median": 0.009063226722122637,
        "p75": 0.009400700274825794,
        "p90": 0.009730329386338832,
        "p95": 0.010119630207918817,
        "p99": 0.010289499231537338,
        "p99.9": 0.010317792538605864
      },
      "time_to_first_token": {
        "mean": 0.39461647339910266,
        "min": 0.05519548524171114,
        "max": 2.174762601032853,
        "p0.1": 0.05872735202033073,
        "p1": 0.07551661144942046,
        "p5": 0.10169061771593989,
        "p10": 0.11629639859311283,
        "p25": 0.1550150354159996,
        "median": 0.23360976320691407,
        "p75": 0.39608095108997077,
        "p90": 0.9629512580577283,
        "p95": 1.6272356652887532,
        "p99": 2.084261026349849,
        "p99.9": 2.1675303018302667
      },
      "inter_token_latency": {
        "mean": 0.008969986574723539,
        "min": 5.261972546577454e-06,
        "max": 0.8148023439571261,
        "p0.1": 5.46872615814209e-06,
        "p1": 5.600973963737488e-06,
        "p5": 5.76116144657135e-06,
        "p10": 5.883164703845978e-06,
        "p25": 6.2319450080394745e-06,
        "median": 7.588881999254227e-06,
        "p75": 0.00289703905582428,
        "p90": 0.034800427313894045,
        "p95": 0.05149277681484818,
        "p99": 0.09714140255004151,
        "p99.9": 0.30189948771157443
      }
    },
    "throughput": {
      "input_tokens_per_sec": 2895.851078481399,
      "output_tokens_per_sec": 10990.123516583786,
      "total_tokens_per_sec": 13885.974595065185,
      "requests_per_sec": 2.762014885203956
    },
    "prompt_len": {
      "mean": 1048.456,
      "min": 1023.0,
      "max": 1071.0,
      "p0.1": 1023.498,
      "p1": 1028.0,
      "p5": 1033.45,
      "p10": 1038.0,
      "p25": 1043.0,
      "median": 1048.0,
      "p75": 1054.0,
      "p90": 1060.0,
      "p95": 1063.0,
      "p99": 1068.02,
      "p99.9": 1071.0
    },
    "output_len": {
      "mean": 3979.024,
      "min": 3751.0,
      "max": 4008.0,
      "p0.1": 3770.422,
      "p1": 3855.27,
      "p5": 3927.7,
      "p10": 3963.9,
      "p25": 3980.0,
      "median": 3987.0,
      "p75": 3991.0,
      "p90": 3993.0,
      "p95": 3995.0,
      "p99": 3999.51,
      "p99.9": 4006.257
    }
  },
  "failures": {
    "count": 0,
    "request_latency": null,
    "prompt_len": null
  }
}