{
  "load_summary": {
    "count": 750,
    "schedule_delay": {
      "mean": 0.00031302615068852903,
      "min": -0.0011232392862439156,
      "max": 0.0017103231512010098,
      "p0.1": -0.0009809791245497764,
      "p1": -0.0008078699372708797,
      "p5": -0.0005619124043732881,
      "p10": -0.00037645050324499604,
      "p25": -4.3325708247721195e-05,
      "median": 0.00031475420109927654,
      "p75": 0.0006800531409680843,
      "p90": 0.0009825028479099273,
      "p95": 0.001149215176701545,
      "p99": 0.0014822812518104907,
      "p99.9": 0.0016678263638168623
    },
    "send_duration": 31.435974807012826,
    "requested_rate": 25.0,
    "achieved_rate": 23.8580163206101
  },
  "successes": {
    "count": 750,
    "latency": {
      "request_latency": {
        "mean": 77.13629820222097,
        "min": 50.853647431824356,
        "max": 98.63959185127169,
        "p0.1": 51.29814373323414,
        "p1": 55.7859762709355,
        "p5": 60.663977626455015,
        "p10": 64.20925935283303,
        "p25": 70.3624071640661,
        "median": 76.3676785286516,
        "p75": 81.75532836839557,
        "p90": 91.96776244449431,
        "p95": 96.46208589067682,
        "p99": 97.69440736820455,
        "p99.9": 98.37047472710631
      },
      "normalized_time_per_output_token": {
        "mean": 0.01937918488571878,
        "min": 0.012751666858531683,
        "max": 0.024972355245889172,
        "p0.1": 0.012858281972430358,
        "p1": 0.013983104825981306,
        "p5": 0.015224091126831596,
        "p10": 0.01613567983492262,
        "p25": 0.01764574592900573,
        "median": 0.019185821595936764,
        "p75": 0.02056062749296281,
        "p90": 0.02328199884354875,
        "p95": 0.024197715472071474,
        "p99": 0.024597673477802458,
        "p99.9": 0.024862276305597272
      },
      "time_per_output_token": {
        "mean": 0.019532252911583954,
        "min": 0.01291892147660426,
        "max": 0.024717958557086743,
        "p0.1": 0.013032026762163385,
        "p1": 0.014151579453263943,
        "p5": 0.015464945762386826,
        "p10": 0.016510078003719595,
        "p25": 0.017790819455357283,
        "median": 0.01917359760442122,
        "p75": 0.020748681176923696,
        "p90": 0.02323713935426766,
        "p95": 0.024351235717864888,
        "p99": 0.024666665794288924,
        "p99.9": 0.024716720083669076
      },
      "time_to_first_token": {
        "mean": 1.0471947270166129,
        "min": 0.03341212775558233,
        "max": 5.148166919127107,
        "p0.1": 0.03345748349511996,
        "p1": 0.03634114258922636,
        "p5": 0.059173788316547876,
        "p10": 0.10838774372823537,
        "p25": 0.2649866626597941,
        "median": 0.795149790123105,
        "p75": 1.5760354126105085,
        "p90": 2.318213430605829,
        "p95": 2.981808083644135,
        "p99": 4.195832395744509,
        "p99.9": 4.969274948732018
      },
      "inter_token_latency": {
        "mean": 0.019531061907215805,
        "min": 5.274079740047455e-06,
        "max": 10.376693640835583,
        "p0.1": 5.542300641536713e-06,
        "p1": 5.675014108419418e-06,
        "p5": 5.836132913827896e-06,
        "p10": 5.957670509815216e-06,
        "p25": 6.278976798057556e-06,
        "median": 6.888993084430695e-06,
        "p75": 8.41822475194931e-06,
        "p90": 0.000173225766047836,
        "p95": 0.106894057476893,
        "p99": 0.5042852874193323,
        "p99.9": 1.0091974675259838
      }
    },
    "throughput": {
      "input_tokens_per_sec": 6279.741106758013,
      "output_tokens_per_sec": 23832.759894606188,
      "total_tokens_per_sec": 30112.5010013642,
      "requests_per_sec": 5.98676480205174
    },
    "prompt_len": {
      "mean": 1048.9373333333333,
      "min": 1023.0,
      "max": 1077.0,
      "p0.1": 1024.498,
      "p1": 1028.49,
      "p5": 1034.0,
      "p10": 1037.0,
      "p25": 1043.0,
      "median": 1049.0,
      "p75": 1055.0,
      "p90": 1061.0,
      "p95": 1064.0,
      "p99": 1068.51,
      "p99.9": 1074.7530000000002
    },
    "output_len": {
      "mean": 3980.908,
      "min": 3639.0,
      "max": 5057.0,
      "p0.1": 3734.872,
      "p1": 3841.33,
      "p5": 3943.45,
      "p10": 3963.0,
      "p25": 3980.0,
      "median": 3987.0,
      "p75": 3990.0,
      "p90": 3994.0,
      "p95": 3996.0,
      "p99": 3999.0,
      "p99.9": 4284.032000000093
    }
  },
  "failures": {
    "count": 0,
    "request_latency": null,
    "prompt_len": null
  }
}