{
  "load_summary": {
    "count": 2230,
    "schedule_delay": {
      "mean": 0.0004160683368219923,
      "min": -0.0011232392862439156,
      "max": 0.0048844642005860806,
      "p0.1": -0.0010371210309676826,
      "p1": -0.0007809697557240725,
      "p5": -0.0005142253590747714,
      "p10": -0.00029293140396475793,
      "p25": 2.265500370413065e-05,
      "median": 0.00042419438250362873,
      "p75": 0.0007892997236922383,
      "p90": 0.001114671863615513,
      "p95": 0.0013332205591723308,
      "p99": 0.0016695616254583001,
      "p99.9": 0.0024042522455565768
    }
  },
  "successes": {
    "count": 2230,
    "latency": {
      "request_latency": {
        "mean": 57.25058810476844,
        "min": 24.11474300408736,
        "max": 98.63959185127169,
        "p0.1": 24.862434172485024,
        "p1": 29.119587955893948,
        "p5": 32.50855466409121,
        "p10": 35.77294365796261,
        "p25": 41.58390036225319,
        "median": 56.49746508942917,
        "p75": 70.42855992063414,
        "p90": 80.54956662971527,
        "p95": 90.40870705295819,
        "p99": 97.26772979152389,
        "p99.9": 98.08842633978327
      },
      "normalized_time_per_output_token": {
        "mean": 0.014381723217690674,
        "min": 0.006095409599530303,
        "max": 0.024972355245889172,
        "p0.1": 0.006246838920520871,
        "p1": 0.007300799059092299,
        "p5": 0.00816638237722494,
        "p10": 0.008995068117580052,
        "p25": 0.010454383958888118,
        "median": 0.014189927177415237,
        "p75": 0.017683772836847484,
        "p90": 0.020249785530014355,
        "p95": 0.02271313337509002,
        "p99": 0.02443330724972492,
        "p99.9": 0.02471159156999368
      },
      "time_per_output_token": {
        "mean": 0.01443849297593741,
        "min": 0.005985933553776704,
        "max": 0.024717958557086743,
        "p0.1": 0.006207704548803706,
        "p1": 0.007222285641183844,
        "p5": 0.008077749354514526,
        "p10": 0.00886704750286804,
        "p25": 0.010478147226985193,
        "median": 0.014302968410771461,
        "p75": 0.017802487967828295,
        "p90": 0.020347369084798183,
        "p95": 0.022838447461520577,
        "p99": 0.024532021253102703,
        "p99.9": 0.024709861280062296
      },
      "time_to_first_token": {
        "mean": 0.6422282798184424,
        "min": 0.030900812707841396,
        "max": 5.148166919127107,
        "p0.1": 0.03165693629533053,
        "p1": 0.03526934707537294,
        "p5": 0.04394919220358133,
        "p10": 0.07222855463624,
        "p25": 0.14715294947382063,
        "median": 0.3407414823304862,
        "p75": 0.87674467836041,
        "p90": 1.6616566604934633,
        "p95": 2.1797904112609094,
        "p99": 3.3040559009509165,
        "p99.9": 4.417935818919447
      },
      "inter_token_latency": {
        "mean": 0.014401375453432395,
        "min": 5.236826837062836e-06,
        "max": 10.376693640835583,
        "p0.1": 5.514826625585556e-06,
        "p1": 5.6480057537555695e-06,
        "p5": 5.810055881738663e-06,
        "p10": 5.9301964938640594e-06,
        "p25": 6.258022040128708e-06,
        "median": 6.96815550327301e-06,
        "p75": 1.0177027434110641e-05,
        "p90": 0.017264443496242197,
        "p95": 0.07028896196279664,
        "p99": 0.3490350906318052,
        "p99.9": 0.8375276035555321
      }
    },
    "throughput": {
      "input_tokens_per_sec": 4376.942135341003,
      "output_tokens_per_sec": 16617.588769236754,
      "total_tokens_per_sec": 20994.530904577758,
      "requests_per_sec": 4.174010361625013
    },
    "prompt_len": {
      "mean": 1048.617937219731,
      "min": 1023.0,
      "max": 1077.0,
      "p0.1": 1023.0,
      "p1": 1028.0,
      "p5": 1033.0,
      "p10": 1037.0,
      "p25": 1043.0,
      "median": 1049.0,
      "p75": 1055.0,
      "p90": 1060.0,
      "p95": 1064.0,
      "p99": 1069.0,
      "p99.9": 1076.3130000000006
    },
    "output_len": {
      "mean": 3981.2044843049325,
      "min": 3639.0,
      "max": 5057.0,
      "p0.1": 3725.145,
      "p1": 3863.0,
      "p5": 3949.0,
      "p10": 3967.0,
      "p25": 3980.0,
      "median": 3987.0,
      "p75": 3991.0,
      "p90": 3993.1000000000004,
      "p95": 3995.0,
      "p99": 4000.0,
      "p99.9": 4016.481000000002
    }
  },
  "failures": {
    "count": 0,
    "request_latency": null,
    "prompt_len": null
  }
}