{
  "load_summary": {
    "count": 2400,
    "schedule_delay": {
      "mean": 0.0004983459224846834,
      "min": -0.0009207557886838913,
      "max": 0.029350063763558865,
      "p0.1": -0.0007836786261759698,
      "p1": -0.0006076552253216505,
      "p5": -0.0003763950662687421,
      "p10": -0.00021443949081003665,
      "p25": 9.147694800049067e-05,
      "median": 0.0004707144107669592,
      "p75": 0.0008490628097206354,
      "p90": 0.0011579175014048814,
      "p95": 0.0013295247219502918,
      "p99": 0.0016697287280112484,
      "p99.9": 0.0070818674927579095
    },
    "send_duration": 30.397340584080666,
    "requested_rate": 80.0,
    "achieved_rate": 78.95427540318772
  },
  "successes": {
    "count": 2400,
    "latency": {
      "request_latency": {
        "mean": 34.23505589407655,
        "min": 17.810592487920076,
        "max": 61.93877323297784,
        "p0.1": 18.887782273049,
        "p1": 21.84330109683797,
        "p5": 24.41418421238195,
        "p10": 25.688776602363212,
        "p25": 27.928974809125066,
        "median": 33.18642873223871,
        "p75": 39.23266620445065,
        "p90": 43.336193055519836,
        "p95": 47.52793775892348,
        "p99": 59.283414726820766,
        "p99.9": 61.84975583687099
      },
      "normalized_time_per_output_token": {
        "mean": 0.03418609202587499,
        "min": 0.017721982575044853,
        "max": 0.061876896336641195,
        "p0.1": 0.018861304714784,
        "p1": 0.02182126330258242,
        "p5": 0.024401223695544816,
        "p10": 0.025663113488874338,
        "p25": 0.027884524321643175,
        "median": 0.03315964566339315,
        "p75": 0.03917952732326076,
        "p90": 0.04324490319155233,
        "p95": 0.04739052560119302,
        "p99": 0.05924493346172571,
        "p99.9": 0.06172649380299363
      },
      "time_per_output_token": {
        "mean": 0.03539407800439951,
        "min": 0.01795794497079709,
        "max": 0.06105403477838263,
        "p0.1": 0.019151204546704537,
        "p1": 0.02102039913305946,
        "p5": 0.02393899782586772,
        "p10": 0.026252744881482794,
        "p25": 0.030785680560546383,
        "median": 0.03614010051873671,
        "p75": 0.04040835163498537,
        "p90": 0.04315453699001967,
        "p95": 0.0441095317011289,
        "p99": 0.04709851469943604,
        "p99.9": 0.05807120703882506
      },
      "time_to_first_token": {
        "mean": 2.320070933153426,
        "min": 0.04364706203341484,
        "max": 28.946842927020043,
        "p0.1": 0.05749130727211013,
        "p1": 0.07160679246298969,
        "p5": 0.09738255045376717,
        "p10": 0.11741479937918484,
        "p25": 0.17761396861169487,
        "median": 0.3699261548463255,
        "p75": 1.078952281968668,
        "p90": 3.3284338094294035,
        "p95": 19.839013308146953,
        "p99": 27.927209440926088,
        "p99.9": 28.764431592791343
      },
      "inter_token_latency": {
        "mean": 0.03520872235596253,
        "min": 5.228910595178604e-06,
        "max": 25.22430228209123,
        "p0.1": 5.563456099480391e-06,
        "p1": 5.942303687334061e-06,
        "p5": 8.732080459594727e-06,
        "p10": 0.012930183438584208,
        "p25": 0.022826785105280578,
        "median": 0.032254309859126806,
        "p75": 0.041018759133294225,
        "p90": 0.0513736816123128,
        "p95": 0.05800936874002218,
        "p99": 0.18652240297291425,
        "p99.9": 0.3339365252396096
      }
    },
    "throughput": {
      "input_tokens_per_sec": 213756.46500985094,
      "output_tokens_per_sec": 28649.01051805687,
      "total_tokens_per_sec": 242405.4755279078,
      "requests_per_sec": 28.608077127699985
    },
    "prompt_len": {
      "mean": 7471.892083333333,
      "min": 7397.0,
      "max": 7551.0,
      "p0.1": 7397.0,
      "p1": 7418.0,
      "p5": 7431.0,
      "p10": 7437.0,
      "p25": 7456.0,
      "median": 7471.0,
      "p75": 7487.0,
      "p90": 7506.0,
      "p95": 7518.049999999999,
      "p99": 7534.0,
      "p99.9": 7549.005000000001
    },
    "output_len": {
      "mean": 1001.4308333333333,
      "min": 988.0,
      "max": 1019.0,
      "p0.1": 994.0,
      "p1": 997.0,
      "p5": 999.0,
      "p10": 1000.0,
      "p25": 1001.0,
      "median": 1001.0,
      "p75": 1002.0,
      "p90": 1003.0,
      "p95": 1005.0,
      "p99": 1009.0,
      "p99.9": 1013.0
    }
  },
  "failures": {
    "count": 0,
    "request_latency": null,
    "prompt_len": null
  }
}