{
  "load_summary": {
    "count": 750,
    "schedule_delay": {
      "mean": 0.000581811590741078,
      "min": -0.0008909450843930244,
      "max": 0.023268640972673893,
      "p0.1": -0.0008192791026085615,
      "p1": -0.0006504861684516072,
      "p5": -0.000278047495521605,
      "p10": -0.00012723454274237155,
      "p25": 0.00017830193974077702,
      "median": 0.0005445827264338732,
      "p75": 0.000934269861318171,
      "p90": 0.0012272922787815333,
      "p95": 0.0014432381838560104,
      "p99": 0.0017179821664467451,
      "p99.9": 0.007745224503336478
    },
    "send_duration": 32.024833207949996,
    "requested_rate": 25.0,
    "achieved_rate": 23.41932571919895
  },
  "successes": {
    "count": 750,
    "latency": {
      "request_latency": {
        "mean": 17.848744833804666,
        "min": 8.24452642397955,
        "max": 25.621190566103905,
        "p0.1": 8.427217933415902,
        "p1": 9.94097191010136,
        "p5": 12.074657864728943,
        "p10": 13.129527481133119,
        "p25": 15.212317487807013,
        "median": 17.275940293213353,
        "p75": 20.80841411196161,
        "p90": 23.100255896523596,
        "p95": 24.009901420841924,
        "p99": 25.33602978861891,
        "p99.9": 25.601111153547656
      },
      "normalized_time_per_output_token": {
        "mean": 0.017823103391849865,
        "min": 0.008211679705158915,
        "max": 0.025519114109665245,
        "p0.1": 0.008412621916681235,
        "p1": 0.009935380736082067,
        "p5": 0.012073486845540384,
        "p10": 0.013116411070063054,
        "p25": 0.0151893900052368,
        "median": 0.01727261801226996,
        "p75": 0.020767438696271914,
        "p90": 0.023083290372607174,
        "p95": 0.023963530129704723,
        "p99": 0.025310719069549358,
        "p99.9": 0.025518151401701022
      },
      "time_per_output_token": {
        "mean": 0.017637930299877518,
        "min": 0.008127131539437029,
        "max": 0.025495279034134,
        "p0.1": 0.00834011436032329,
        "p1": 0.009816693908297458,
        "p5": 0.01193623935885481,
        "p10": 0.012920210282411427,
        "p25": 0.015057630260125734,
        "median": 0.016977691684616728,
        "p75": 0.020650280984351413,
        "p90": 0.022894555909838528,
        "p95": 0.023808411929779685,
        "p99": 0.02514059840121772,
        "p99.9": 0.025397786300870136
      },
      "time_to_first_token": {
        "mean": 0.1925143378811578,
        "min": 0.05115295806899667,
        "max": 1.3279962167143822,
        "p0.1": 0.05115554218227044,
        "p1": 0.056247211750596764,
        "p5": 0.07457875055260957,
        "p10": 0.08916841493919492,
        "p25": 0.115187878604047,
        "median": 0.15965548274107277,
        "p75": 0.23452002939302474,
        "p90": 0.3217123822309077,
        "p95": 0.40216158698312937,
        "p99": 0.5991500862315297,
        "p99.9": 1.1624362332374056
      },
      "inter_token_latency": {
        "mean": 0.017639815150828447,
        "min": 5.216337740421295e-06,
        "max": 0.650607920717448,
        "p0.1": 5.690837278962135e-06,
        "p1": 7.2480179369449615e-06,
        "p5": 0.006330403964966536,
        "p10": 0.009484479203820229,
        "p25": 0.012435410171747208,
        "median": 0.015144671313464642,
        "p75": 0.019099948927760124,
        "p90": 0.021729161962866783,
        "p95": 0.023458360694348812,
        "p99": 0.13703309521079107,
        "p99.9": 0.26513499848544625
      }
    },
    "throughput": {
      "input_tokens_per_sec": 110183.02010518439,
      "output_tokens_per_sec": 14767.817936055679,
      "total_tokens_per_sec": 124950.83804124007,
      "requests_per_sec": 14.746739929116995
    },
    "prompt_len": {
      "mean": 7471.6866666666665,
      "min": 7397.0,
      "max": 7551.0,
      "p0.1": 7397.0,
      "p1": 7418.98,
      "p5": 7431.0,
      "p10": 7437.0,
      "p25": 7456.0,
      "median": 7471.0,
      "p75": 7487.0,
      "p90": 7505.0,
      "p95": 7518.0,
      "p99": 7534.0,
      "p99.9": 7547.255
    },
    "output_len": {
      "mean": 1001.4293333333334,
      "min": 984.0,
      "max": 1013.0,
      "p0.1": 991.49,
      "p1": 998.0,
      "p5": 999.0,
      "p10": 1000.0,
      "p25": 1001.0,
      "median": 1001.0,
      "p75": 1002.0,
      "p90": 1003.0,
      "p95": 1005.0,
      "p99": 1008.0,
      "p99.9": 1013.0
    }
  },
  "failures": {
    "count": 0,
    "request_latency": null,
    "prompt_len": null
  }
}