{
  "load_summary": {
    "count": 600,
    "schedule_delay": {
      "mean": 0.0008954596659168601,
      "min": -0.0008653006516396999,
      "max": 0.055611283518373966,
      "p0.1": -0.0008485469333827496,
      "p1": -0.000586525616236031,
      "p5": -0.0003081080736592412,
      "p10": -0.00011645476333796972,
      "p25": 0.0001967706484720111,
      "median": 0.0005744046065956354,
      "p75": 0.0010057808831334114,
      "p90": 0.0013743076007813218,
      "p95": 0.0016053390223532908,
      "p99": 0.0023602257482707397,
      "p99.9": 0.049538376121316785
    },
    "send_duration": 28.776195275597274,
    "requested_rate": 20.0,
    "achieved_rate": 20.850567430949106
  },
  "successes": {
    "count": 600,
    "latency": {
      "request_latency": {
        "mean": 16.086619445418474,
        "min": 7.64251911919564,
        "max": 21.58107196772471,
        "p0.1": 8.069728102458175,
        "p1": 9.724216214176268,
        "p5": 11.310563997039571,
        "p10": 12.195190370315686,
        "p25": 14.347380062565207,
        "median": 15.947195473127067,
        "p75": 18.175337117398158,
        "p90": 20.18468070374802,
        "p95": 21.124021490570158,
        "p99": 21.48984556981828,
        "p99.9": 21.568278366107496
      },
      "normalized_time_per_output_token": {
        "mean": 0.016062413483440736,
        "min": 0.00764251911919564,
        "max": 0.021538175525726167,
        "p0.1": 0.008064728024600372,
        "p1": 0.009695419146673386,
        "p5": 0.011284119112325542,
        "p10": 0.012176469918278789,
        "p25": 0.014338818836099497,
        "median": 0.015931122426577196,
        "p75": 0.01817070441479659,
        "p90": 0.020137741915817485,
        "p95": 0.02113678242423947,
        "p99": 0.021435031336722386,
        "p99.9": 0.021534031072928825
      },
      "time_per_output_token": {
        "mean": 0.015872712671065402,
        "min": 0.007572095595936679,
        "max": 0.021364248915109782,
        "p0.1": 0.0080001305475766,
        "p1": 0.009510631802435963,
        "p5": 0.011032171981967986,
        "p10": 0.012056114429794252,
        "p25": 0.014132295625289792,
        "median": 0.015755285068415108,
        "p75": 0.01796346073888708,
        "p90": 0.019824947743210943,
        "p95": 0.020901267604902386,
        "p99": 0.021223906422597354,
        "p99.9": 0.021350533408514692
      },
      "time_to_first_token": {
        "mean": 0.19208675775987408,
        "min": 0.04579372378066182,
        "max": 1.4477337710559368,
        "p0.1": 0.046456327703315765,
        "p1": 0.058454026756808164,
        "p5": 0.07152398813050241,
        "p10": 0.08502666321583092,
        "p25": 0.11422583495732397,
        "median": 0.18384237145073712,
        "p75": 0.22730087430682033,
        "p90": 0.30297538950107994,
        "p95": 0.387628746521659,
        "p99": 0.6269292476633562,
        "p99.9": 1.0056012425502328
      },
      "inter_token_latency": {
        "mean": 0.015873265812435228,
        "min": 5.116220563650131e-06,
        "max": 0.5743564860895276,
        "p0.1": 5.663723684847355e-06,
        "p1": 7.166992872953415e-06,
        "p5": 0.0055610152892768385,
        "p10": 0.008437317796051502,
        "p25": 0.01169628300704062,
        "median": 0.014259487856179476,
        "p75": 0.016103733680211008,
        "p90": 0.019025540444999937,
        "p95": 0.020954583724960684,
        "p99": 0.1225280565908174,
        "p99.9": 0.2832874091914893
      }
    },
    "throughput": {
      "input_tokens_per_sec": 101110.846865664,
      "output_tokens_per_sec": 13553.111391826003,
      "total_tokens_per_sec": 114663.95825749001,
      "requests_per_sec": 13.532789652697536
    },
    "prompt_len": {
      "mean": 7471.545,
      "min": 7397.0,
      "max": 7551.0,
      "p0.1": 7397.0,
      "p1": 7418.0,
      "p5": 7431.0,
      "p10": 7436.9,
      "p25": 7454.75,
      "median": 7471.0,
      "p75": 7487.0,
      "p90": 7506.0,
      "p95": 7519.0,
      "p99": 7534.0,
      "p99.9": 7546.807000000001
    },
    "output_len": {
      "mean": 1001.5016666666667,
      "min": 996.0,
      "max": 1013.0,
      "p0.1": 996.0,
      "p1": 997.99,
      "p5": 999.0,
      "p10": 1000.0,
      "p25": 1001.0,
      "median": 1001.0,
      "p75": 1002.0,
      "p90": 1003.0,
      "p95": 1005.0,
      "p99": 1007.01,
      "p99.9": 1011.8020000000001
    }
  },
  "failures": {
    "count": 0,
    "request_latency": null,
    "prompt_len": null
  }
}