{
  "load_summary": {
    "count": 60,
    "schedule_delay": {
      "mean": 0.0007056311471387744,
      "min": -0.00030503328889608383,
      "max": 0.001646731048822403,
      "p0.1": -0.00029786072997376324,
      "p1": -0.00023330769967287778,
      "p5": -8.301052730530499e-05,
      "p10": 1.4424324035644555e-05,
      "p25": 0.0002765768440440297,
      "median": 0.0007125537376850843,
      "p75": 0.0011165407486259937,
      "p90": 0.0013738286215811968,
      "p95": 0.0014599196845665574,
      "p99": 0.0015573053248226637,
      "p99.9": 0.0016377884764224306
    },
    "send_duration": 20.879715946968645,
    "requested_rate": 3.0,
    "achieved_rate": 2.8736023110846443
  },
  "successes": {
    "count": 60,
    "latency": {
      "request_latency": {
        "mean": 5.335188751706543,
        "min": 3.5751460501924157,
        "max": 7.702241709921509,
        "p0.1": 3.58092472466873,
        "p1": 3.632932794955559,
        "p5": 3.6837516839616002,
        "p10": 3.9029967589769514,
        "p25": 4.5694652397651225,
        "median": 5.0322551529388875,
        "p75": 5.934146640123799,
        "p90": 7.217007307289168,
        "p95": 7.537766261957586,
        "p99": 7.686200941144489,
        "p99.9": 7.700637633043807
      },
      "normalized_time_per_output_token": {
        "mean": 0.005328396987969598,
        "min": 0.003571574475716699,
        "max": 0.00769454716275875,
        "p0.1": 0.003577347377291439,
        "p1": 0.003629303491464095,
        "p5": 0.003682020934998057,
        "p10": 0.003906148365438656,
        "p25": 0.004561480997381581,
        "median": 0.005017179020692407,
        "p75": 0.005923834370144446,
        "p90": 0.007209797509779389,
        "p95": 0.007530617276385061,
        "p99": 0.007674007690101017,
        "p99.9": 0.0076924932154929775
      },
      "time_per_output_token": {
        "mean": 0.005144239268499435,
        "min": 0.003477917479583525,
        "max": 0.007478089969605207,
        "p0.1": 0.003478461752470931,
        "p1": 0.0034833602084575867,
        "p5": 0.0034965856575101865,
        "p10": 0.003712421542664489,
        "p25": 0.0043824011153774335,
        "median": 0.004879050832452998,
        "p75": 0.005736548971867905,
        "p90": 0.006994386633299291,
        "p95": 0.007369391892896965,
        "p99": 0.007468829472288489,
        "p99.9": 0.007477163919873535
      },
      "time_to_first_token": {
        "mean": 0.17297233936066428,
        "min": 0.047202832996845245,
        "max": 0.3547109980136156,
        "p0.1": 0.04726535116415471,
        "p1": 0.047828014669939876,
        "p5": 0.08620113383512945,
        "p10": 0.09306608275510371,
        "p25": 0.10467915935441852,
        "median": 0.18714588833972812,
        "p75": 0.20052860537543893,
        "p90": 0.27463166960515084,
        "p95": 0.28090550226625055,
        "p99": 0.3409468418639152,
        "p99.9": 0.3533345823986458
      },
      "inter_token_latency": {
        "mean": 0.005146162004542311,
        "min": 5.313195288181305e-06,
        "max": 0.2975151068530977,
        "p0.1": 5.788877606391907e-06,
        "p1": 1.3662502169609072e-05,
        "p5": 0.0031825010664761066,
        "p10": 0.003458091989159584,
        "p25": 0.0042483992874622345,
        "median": 0.004649959038943052,
        "p75": 0.006000292953103781,
        "p90": 0.006500488147139549,
        "p95": 0.007821531966328621,
        "p99": 0.008723740465939045,
        "p99.9": 0.07367485769093869
      }
    },
    "throughput": {
      "input_tokens_per_sec": 17155.760227197523,
      "output_tokens_per_sec": 2297.6847052994435,
      "total_tokens_per_sec": 19453.444932496965,
      "requests_per_sec": 2.2947779865165225
    },
    "prompt_len": {
      "mean": 7476.0,
      "min": 7427.0,
      "max": 7536.0,
      "p0.1": 7427.118,
      "p1": 7428.18,
      "p5": 7432.95,
      "p10": 7446.7,
      "p25": 7459.75,
      "median": 7471.0,
      "p75": 7495.25,
      "p90": 7508.5,
      "p95": 7530.1,
      "p99": 7534.82,
      "p99.9": 7535.882
    },
    "output_len": {
      "mean": 1001.2666666666667,
      "min": 997.0,
      "max": 1004.0,
      "p0.1": 997.118,
      "p1": 998.18,
      "p5": 1000.0,
      "p10": 1000.0,
      "p25": 1001.0,
      "median": 1001.0,
      "p75": 1002.0,
      "p90": 1003.0,
      "p95": 1003.05,
      "p99": 1004.0,
      "p99.9": 1004.0
    }
  },
  "failures": {
    "count": 0,
    "request_latency": null,
    "prompt_len": null
  }
}