{
  "load_summary": {
    "count": 2100,
    "schedule_delay": {
      "mean": 0.0005020967578249319,
      "min": -0.0016742558218538761,
      "max": 0.09311559097841382,
      "p0.1": -0.0015984329381026328,
      "p1": -0.0008796520670875904,
      "p5": -0.0004724066937342286,
      "p10": -0.00026408429257571695,
      "p25": 7.668102625757456e-05,
      "median": 0.00044800713658332825,
      "p75": 0.0008195702685043216,
      "p90": 0.0011589930392801764,
      "p95": 0.0013534172205254434,
      "p99": 0.001629151590168475,
      "p99.9": 0.00813492081314403
    },
    "send_duration": 29.81501182867214,
    "requested_rate": 70.0,
    "achieved_rate": 70.4343171844895
  },
  "successes": {
    "count": 2100,
    "latency": {
      "request_latency": {
        "mean": 32.26446705698634,
        "min": 14.650924821849912,
        "max": 56.14575643790886,
        "p0.1": 16.88423100850638,
        "p1": 20.616696344786323,
        "p5": 22.57722937518265,
        "p10": 23.755308489361777,
        "p25": 25.923699374543503,
        "median": 29.07188563141972,
        "p75": 39.31583081174176,
        "p90": 42.73168166233227,
        "p95": 46.595679650269446,
        "p99": 53.47973284059669,
        "p99.9": 55.460684732934
      },
      "normalized_time_per_output_token": {
        "mean": 0.0322196130046646,
        "min": 0.014636288533316597,
        "max": 0.05586642431632722,
        "p0.1": 0.01684866606355014,
        "p1": 0.020611354674160583,
        "p5": 0.02252977132225238,
        "p10": 0.023688213377997498,
        "p25": 0.02585724847469153,
        "median": 0.02905165685869534,
        "p75": 0.03926675040295083,
        "p90": 0.04266329575191723,
        "p95": 0.04652312825353431,
        "p99": 0.05342630653406263,
        "p99.9": 0.05560009129747863
      },
      "time_per_output_token": {
        "mean": 0.03325514800068626,
        "min": 0.014605137996887976,
        "max": 0.05378379886271432,
        "p0.1": 0.0168241226717927,
        "p1": 0.020414755050516865,
        "p5": 0.02272303764413203,
        "p10": 0.0246221356969105,
        "p25": 0.0283098561051035,
        "median": 0.03335657881998873,
        "p75": 0.03871254590833136,
        "p90": 0.04120467098546214,
        "p95": 0.04222248310649302,
        "p99": 0.045285591349718025,
        "p99.9": 0.0526085824164558
      },
      "time_to_first_token": {
        "mean": 2.0093401578949055,
        "min": 0.047344808001071215,
        "max": 25.57292198529467,
        "p0.1": 0.05847442859178409,
        "p1": 0.06839417340699583,
        "p5": 0.09412014367990196,
        "p10": 0.11365708652883769,
        "p25": 0.17696678824722767,
        "median": 0.3256175240967423,
        "p75": 0.6206536927493289,
        "p90": 2.2957494823727775,
        "p95": 21.073740919400002,
        "p99": 24.49537129265256,
        "p99.9": 25.238751629030872
      },
      "inter_token_latency": {
        "mean": 0.033323667339806115,
        "min": 5.193054676055908e-06,
        "max": 21.98031419189647,
        "p0.1": 5.715992301702499e-06,
        "p1": 7.110182195901871e-06,
        "p5": 0.012028136965818705,
        "p10": 0.0172714255284518,
        "p25": 0.022029438987374306,
        "median": 0.030775719555094838,
        "p75": 0.035684885224327445,
        "p90": 0.04297540481202305,
        "p95": 0.050446163048036397,
        "p99": 0.18676936149597168,
        "p99.9": 0.29745187811646656
      }
    },
    "throughput": {
      "input_tokens_per_sec": 202105.6817155185,
      "output_tokens_per_sec": 27087.503817390763,
      "total_tokens_per_sec": 229193.18553290927,
      "requests_per_sec": 27.04968578050906
    },
    "prompt_len": {
      "mean": 7471.646190476191,
      "min": 7397.0,
      "max": 7551.0,
      "p0.1": 7397.0,
      "p1": 7418.0,
      "p5": 7431.0,
      "p10": 7437.0,
      "p25": 7456.0,
      "median": 7471.0,
      "p75": 7487.0,
      "p90": 7505.0,
      "p95": 7518.0,
      "p99": 7534.0,
      "p99.9": 7550.505000000001
    },
    "output_len": {
      "mean": 1001.3980952380953,
      "min": 990.0,
      "max": 1016.0,
      "p0.1": 994.0,
      "p1": 997.99,
      "p5": 999.0,
      "p10": 1000.0,
      "p25": 1001.0,
      "median": 1001.0,
      "p75": 1002.0,
      "p90": 1003.0,
      "p95": 1005.0,
      "p99": 1008.0,
      "p99.9": 1012.0
    }
  },
  "failures": {
    "count": 0,
    "request_latency": null,
    "prompt_len": null
  }
}