{
  "load_summary": {
    "count": 1800,
    "schedule_delay": {
      "mean": 0.0005350754829123617,
      "min": -0.0009613544680178165,
      "max": 0.06003816006705165,
      "p0.1": -0.0008599919555708766,
      "p1": -0.0006493850843980908,
      "p5": -0.0003749095136299729,
      "p10": -0.0002053405623883009,
      "p25": 0.0001127513824030757,
      "median": 0.0004883629735559225,
      "p75": 0.0008523832075297832,
      "p90": 0.0011970866471529011,
      "p95": 0.0013787185074761509,
      "p99": 0.0017014484014362097,
      "p99.9": 0.007259484230080279
    },
    "send_duration": 30.103390282019973,
    "requested_rate": 60.0,
    "achieved_rate": 59.79392962509929
  },
  "successes": {
    "count": 1800,
    "latency": {
      "request_latency": {
        "mean": 28.858562496747666,
        "min": 12.415656357072294,
        "max": 47.72407432133332,
        "p0.1": 14.164515608965885,
        "p1": 19.214122140016407,
        "p5": 21.17851798068732,
        "p10": 22.31712426794693,
        "p25": 24.462836859747767,
        "median": 26.451625717803836,
        "p75": 33.6824706235202,
        "p90": 39.21210384890437,
        "p95": 40.9401118398644,
        "p99": 46.168370312880725,
        "p99.9": 47.616800978365355
      },
      "normalized_time_per_output_token": {
        "mean": 0.028819626653627983,
        "min": 0.012403253103968325,
        "max": 0.04772407432133332,
        "p0.1": 0.014132979361564406,
        "p1": 0.0192139312037731,
        "p5": 0.021157360620067255,
        "p10": 0.022266233465087885,
        "p25": 0.024397449884861113,
        "median": 0.026414891808493365,
        "p75": 0.03364041925270859,
        "p90": 0.039137083667177094,
        "p95": 0.04093328752240632,
        "p99": 0.04606366490561154,
        "p99.9": 0.04753894765966013
      },
      "time_per_output_token": {
        "mean": 0.029612415586309865,
        "min": 0.01231662859278801,
        "max": 0.04585105109913275,
        "p0.1": 0.014051429666219268,
        "p1": 0.01937392324045813,
        "p5": 0.02167559177816685,
        "p10": 0.023248315729774323,
        "p25": 0.025768023579587858,
        "median": 0.02910328478463589,
        "p75": 0.03234217104198461,
        "p90": 0.03808605042016134,
        "p95": 0.03959476910259109,
        "p99": 0.041443699108199214,
        "p99.9": 0.044434734880320396
      },
      "time_to_first_token": {
        "mean": 0.8968300242434877,
        "min": 0.04379703104496002,
        "max": 20.97787711210549,
        "p0.1": 0.05881908927764744,
        "p1": 0.069079321003519,
        "p5": 0.08843567415606231,
        "p10": 0.10839559198357165,
        "p25": 0.14690280053764582,
        "median": 0.24664528155699372,
        "p75": 0.42624942783731967,
        "p90": 0.6176106673199685,
        "p95": 0.9268152854405342,
        "p99": 20.19723066989798,
        "p99.9": 20.890769505419318
      },
      "inter_token_latency": {
        "mean": 0.02970563275259109,
        "min": 5.184207111597061e-06,
        "max": 16.693458234891295,
        "p0.1": 5.683861672878265e-06,
        "p1": 6.739981472492218e-06,
        "p5": 0.009663083357736468,
        "p10": 0.015406271768733859,
        "p25": 0.020679723005741835,
        "median": 0.026601600227877498,
        "p75": 0.032282871776260436,
        "p90": 0.036426127934828405,
        "p95": 0.04501689646858719,
        "p99": 0.18428288637660448,
        "p99.9": 0.3017652420429674
      }
    },
    "throughput": {
      "input_tokens_per_sec": 188995.9101591148,
      "output_tokens_per_sec": 25329.184208668452,
      "total_tokens_per_sec": 214325.09436778325,
      "requests_per_sec": 25.29479733695538
    },
    "prompt_len": {
      "mean": 7471.730555555556,
      "min": 7397.0,
      "max": 7551.0,
      "p0.1": 7397.0,
      "p1": 7418.0,
      "p5": 7431.0,
      "p10": 7437.0,
      "p25": 7455.0,
      "median": 7471.0,
      "p75": 7487.0,
      "p90": 7505.1,
      "p95": 7518.0,
      "p99": 7534.0,
      "p99.9": 7547.005000000001
    },
    "output_len": {
      "mean": 1001.3594444444444,
      "min": 992.0,
      "max": 1035.0,
      "p0.1": 993.0,
      "p1": 997.99,
      "p5": 999.0,
      "p10": 1000.0,
      "p25": 1001.0,
      "median": 1001.0,
      "p75": 1002.0,
      "p90": 1003.0,
      "p95": 1004.0,
      "p99": 1008.0,
      "p99.9": 1013.0
    }
  },
  "failures": {
    "count": 0,
    "request_latency": null,
    "prompt_len": null
  }
}