{
  "load_summary": {
    "count": 15260,
    "schedule_delay": {
      "mean": 0.0006250939973072194,
      "min": -0.0016742558218538761,
      "max": 0.1003372143022716,
      "p0.1": -0.0010758862434886397,
      "p1": -0.0006665914691984654,
      "p5": -0.0003685280680656433,
      "p10": -0.00018450911156833166,
      "p25": 0.00014204951003193855,
      "median": 0.0005229273810982704,
      "p75": 0.0009182015201076865,
      "p90": 0.0012879232410341504,
      "p95": 0.001521601038984954,
      "p99": 0.0024350991938263174,
      "p99.9": 0.02727549693640382
    }
  },
  "successes": {
    "count": 15260,
    "latency": {
      "request_latency": {
        "mean": 28.551075916677476,
        "min": 3.5751460501924157,
        "max": 67.24832219211385,
        "p0.1": 4.562897678473033,
        "p1": 8.476964652640746,
        "p5": 13.014655814575963,
        "p10": 15.756862468924373,
        "p25": 21.769294710829854,
        "median": 26.569789928616956,
        "p75": 35.883488197112456,
        "p90": 42.48734130533412,
        "p95": 47.02953570692333,
        "p99": 58.26668222118635,
        "p99.9": 65.8567939893273
      },
      "normalized_time_per_output_token": {
        "mean": 0.028512720104162885,
        "min": 0.003571574475716699,
        "max": 0.06731207730651709,
        "p0.1": 0.004557158526347998,
        "p1": 0.00846849615648426,
        "p5": 0.01299821004478202,
        "p10": 0.015729131381735654,
        "p25": 0.02174168536512319,
        "median": 0.026528556623531752,
        "p75": 0.03584122498613454,
        "p90": 0.042429213398433696,
        "p95": 0.046966863570680854,
        "p99": 0.05821570916985942,
        "p99.9": 0.06569885036987506
      },
      "time_per_output_token": {
        "mean": 0.028937888342289733,
        "min": 0.003477917479583525,
        "max": 0.06641100352210924,
        "p0.1": 0.004371125776628498,
        "p1": 0.008279178379718926,
        "p5": 0.012774255756824279,
        "p10": 0.015513889585621655,
        "p25": 0.021758266666375623,
        "median": 0.028668681302731383,
        "p75": 0.03717676018535146,
        "p90": 0.04201932388632559,
        "p95": 0.04373895939819049,
        "p99": 0.05230762774287235,
        "p99.9": 0.056003593878598046
      },
      "time_to_first_token": {
        "mean": 1.601740077956516,
        "min": 0.04364706203341484,
        "max": 30.611560204066336,
        "p0.1": 0.05113850785512477,
        "p1": 0.06557351905852556,
        "p5": 0.08797323307953775,
        "p10": 0.10542108635418117,
        "p25": 0.1470557056600228,
        "median": 0.24738323502242565,
        "p75": 0.48556217446457595,
        "p90": 2.2924935594201092,
        "p95": 9.017003952898031,
        "p99": 26.70620331356767,
        "p99.9": 29.741241003456626
      },
      "inter_token_latency": {
        "mean": 0.02856971424513463,
        "min": 5.055684596300125e-06,
        "max": 27.593771175015718,
        "p0.1": 5.630776286125183e-06,
        "p1": 6.3301995396614075e-06,
        "p5": 0.0043453994207084175,
        "p10": 0.010044530779123307,
        "p25": 0.01603209087625146,
        "median": 0.023505493067204952,
        "p75": 0.032908924389630556,
        "p90": 0.04566327966749669,
        "p95": 0.056222346145659685,
        "p99": 0.17852889508008957,
        "p99.9": 0.31272827713007395
      }
    },
    "throughput": {
      "input_tokens_per_sec": 150341.13334593407,
      "output_tokens_per_sec": 20148.540945163248,
      "total_tokens_per_sec": 170489.6742910973,
      "requests_per_sec": 20.121269109711335
    },
    "prompt_len": {
      "mean": 7471.752031454784,
      "min": 7397.0,
      "max": 7551.0,
      "p0.1": 7397.0,
      "p1": 7418.0,
      "p5": 7431.0,
      "p10": 7437.0,
      "p25": 7455.0,
      "median": 7471.0,
      "p75": 7487.0,
      "p90": 7506.0,
      "p95": 7519.0,
      "p99": 7534.0,
      "p99.9": 7551.0
    },
    "output_len": {
      "mean": 1001.355373525557,
      "min": 660.0,
      "max": 1035.0,
      "p0.1": 990.0,
      "p1": 997.0,
      "p5": 999.0,
      "p10": 1000.0,
      "p25": 1001.0,
      "median": 1001.0,
      "p75": 1002.0,
      "p90": 1003.0,
      "p95": 1004.0,
      "p99": 1008.0,
      "p99.9": 1013.0
    }
  },
  "failures": {
    "count": 0,
    "request_latency": null,
    "prompt_len": null
  }
}