{
  "load_summary": {
    "count": 60,
    "schedule_delay": {
      "mean": 0.0006248726897562543,
      "min": -0.0004567764699459076,
      "max": 0.0016508209519088268,
      "p0.1": -0.0004521447904407978,
      "p1": -0.0004104596748948097,
      "p5": -0.00024511574301868674,
      "p10": -4.2966427281498874e-05,
      "p25": 0.0002468761522322893,
      "median": 0.0006575123406946659,
      "p75": 0.0010011793347075582,
      "p90": 0.001272276509553194,
      "p95": 0.0013135286746546624,
      "p99": 0.0016206874512135982,
      "p99.9": 0.0016478076018393046
    },
    "send_duration": 21.4455010718666,
    "requested_rate": 3.0,
    "achieved_rate": 2.79778960626438
  },
  "successes": {
    "count": 60,
    "latency": {
      "request_latency": {
        "mean": 7.448615873092786,
        "min": 4.343235731124878,
        "max": 8.673858556896448,
        "p0.1": 4.413094993355684,
        "p1": 5.041828353432939,
        "p5": 5.709742468199693,
        "p10": 6.243064039433375,
        "p25": 6.656050929683261,
        "median": 7.648813786217943,
        "p75": 8.233714730478823,
        "p90": 8.520545613206924,
        "p95": 8.538130992418155,
        "p99": 8.596748786135576,
        "p99.9": 8.666147579820363
      },
      "normalized_time_per_output_token": {
        "mean": 0.007437721102823477,
        "min": 0.004338896834290587,
        "max": 0.008665193363532915,
        "p0.1": 0.00440999336576872,
        "p1": 0.005049862149071918,
        "p5": 0.005703755735256316,
        "p10": 0.006231222108026735,
        "p25": 0.006649401528155106,
        "median": 0.007633557907436986,
        "p75": 0.008215390511190185,
        "p90": 0.008504546232071194,
        "p95": 0.008522173798300049,
        "p99": 0.008583135244924775,
        "p99.9": 0.008656987551672104
      },
      "time_per_output_token": {
        "mean": 0.007260394631864637,
        "min": 0.003566746747220631,
        "max": 0.008591888111189112,
        "p0.1": 0.0036150379897104006,
        "p1": 0.004049659172118331,
        "p5": 0.005008558612012646,
        "p10": 0.00563963300882559,
        "p25": 0.006532944627810042,
        "median": 0.007554436187027022,
        "p75": 0.00814182378563413,
        "p90": 0.008408285175638398,
        "p95": 0.00845007367998274,
        "p99": 0.008508887215155145,
        "p99.9": 0.008583588021585717
      },
      "time_to_first_token": {
        "mean": 0.17070717041691144,
        "min": 0.05438242293894291,
        "max": 2.268441285006702,
        "p0.1": 0.05445936389314011,
        "p1": 0.05515183248091489,
        "p5": 0.057576639414764944,
        "p10": 0.05928888549096882,
        "p25": 0.06382187781855464,
        "median": 0.06797003000974655,
        "p75": 0.07254002848640084,
        "p90": 0.12721663652919235,
        "p95": 0.802968890545888,
        "p99": 1.9917162245511992,
        "p99.9": 2.2407687789611566
      },
      "inter_token_latency": {
        "mean": 0.007261591442936343,
        "min": 5.476176738739014e-06,
        "max": 1.1124898800626397,
        "p0.1": 5.793259013444185e-06,
        "p1": 6.948402151465416e-06,
        "p5": 0.0013050801120698455,
        "p10": 0.003676097607240081,
        "p25": 0.00566699227783829,
        "median": 0.007789363618940115,
        "p75": 0.008505868841893971,
        "p90": 0.009029029542580247,
        "p95": 0.010057222750037906,
        "p99": 0.01760846860706806,
        "p99.9": 0.07002114700991707
      }
    },
    "throughput": {
      "input_tokens_per_sec": 15985.356838200943,
      "output_tokens_per_sec": 2144.4550436743953,
      "total_tokens_per_sec": 18129.81188187534,
      "requests_per_sec": 2.1413500860496235
    },
    "prompt_len": {
      "mean": 7465.083333333333,
      "min": 7409.0,
      "max": 7504.0,
      "p0.1": 7409.531,
      "p1": 7414.31,
      "p5": 7431.35,
      "p10": 7434.9,
      "p25": 7450.75,
      "median": 7467.0,
      "p75": 7479.5,
      "p90": 7496.1,
      "p95": 7501.1,
      "p99": 7504.0,
      "p99.9": 7504.0
    },
    "output_len": {
      "mean": 1001.45,
      "min": 997.0,
      "max": 1010.0,
      "p0.1": 997.0,
      "p1": 997.0,
      "p5": 999.9,
      "p10": 1000.0,
      "p25": 1001.0,
      "median": 1001.0,
      "p75": 1002.0,
      "p90": 1003.0,
      "p95": 1005.05,
      "p99": 1008.23,
      "p99.9": 1009.823
    }
  },
  "failures": {
    "count": 0,
    "request_latency": null,
    "prompt_len": null
  }
}