{
  "load_summary": {
    "count": 1200,
    "schedule_delay": {
      "mean": 0.0005120069533586502,
      "min": -0.001280035823583603,
      "max": 0.015894153621047735,
      "p0.1": -0.0012320162393152714,
      "p1": -0.0007580734835937619,
      "p5": -0.00039338693022727966,
      "p10": -0.00018254928290843963,
      "p25": 0.00013436609879136086,
      "median": 0.0005032091867178679,
      "p75": 0.0008475133217871189,
      "p90": 0.0011568756774067886,
      "p95": 0.0013652667403221128,
      "p99": 0.0017214814852923152,
      "p99.9": 0.0032412529336288695
    },
    "send_duration": 29.05911704385653,
    "requested_rate": 40.0,
    "achieved_rate": 41.2951294490104
  },
  "successes": {
    "count": 1200,
    "latency": {
      "request_latency": {
        "mean": 38.92739380863379,
        "min": 23.213799997232854,
        "max": 44.117078222800046,
        "p0.1": 23.457282697808463,
        "p1": 26.433128320649267,
        "p5": 31.780919988593087,
        "p10": 34.706527216592804,
        "p25": 37.70811057055835,
        "median": 39.91376031609252,
        "p75": 41.04718077904545,
        "p90": 41.9354405398015,
        "p95": 42.326244596065955,
        "p99": 43.27404475786723,
        "p99.9": 43.817915596531236
      },
      "normalized_time_per_output_token": {
        "mean": 0.03887090849714212,
        "min": 0.023121314738279736,
        "max": 0.044073005217582464,
        "p0.1": 0.023429165588227288,
        "p1": 0.026459176668363858,
        "p5": 0.031712425448443285,
        "p10": 0.034637314935301734,
        "p25": 0.037640546583162945,
        "median": 0.039887638185182345,
        "p75": 0.040994303027472326,
        "p90": 0.041894619440136546,
        "p95": 0.04228093131523501,
        "p99": 0.043180370862338946,
        "p99.9": 0.043833541948612914
      },
      "time_per_output_token": {
        "mean": 0.037840907476256715,
        "min": 0.023198861790699275,
        "max": 0.04152874155389145,
        "p0.1": 0.023423149691744475,
        "p1": 0.026412171411231835,
        "p5": 0.03151371384541075,
        "p10": 0.033951514045521616,
        "p25": 0.03649945196311455,
        "median": 0.03889530869945884,
        "p75": 0.03992027746443637,
        "p90": 0.040831244907760994,
        "p95": 0.04104238945851102,
        "p99": 0.04128507731151767,
        "p99.9": 0.04140733930691844
      },
      "time_to_first_token": {
        "mean": 1.0655037476723859,
        "min": 0.052852015011012554,
        "max": 4.8782478417269886,
        "p0.1": 0.053361387443728744,
        "p1": 0.06680509481579065,
        "p5": 0.10796580750029534,
        "p10": 0.15013133492320777,
        "p25": 0.38289252226240933,
        "median": 0.865193672478199,
        "p75": 1.440399342449382,
        "p90": 2.2626491058152176,
        "p95": 3.0168700699694444,
        "p99": 4.003774945507757,
        "p99.9": 4.657863768849993
      },
      "inter_token_latency": {
        "mean": 0.03784190754624153,
        "min": 5.187932401895523e-06,
        "max": 3.471558377146721,
        "p0.1": 5.512963980436325e-06,
        "p1": 5.713198333978653e-06,
        "p5": 5.983281880617142e-06,
        "p10": 6.210990250110626e-06,
        "p25": 7.027294486761093e-06,
        "median": 9.269919246435165e-06,
        "p75": 2.7250265702605247e-05,
        "p90": 0.13571996302343906,
        "p95": 0.23255456553306425,
        "p99": 0.40678893551230433,
        "p99.9": 2.470747334778901
      }
    },
    "throughput": {
      "input_tokens_per_sec": 136000.6196932333,
      "output_tokens_per_sec": 18240.303961616395,
      "total_tokens_per_sec": 154240.92365484973,
      "requests_per_sec": 18.213681630300105
    },
    "prompt_len": {
      "mean": 7466.948333333334,
      "min": 7397.0,
      "max": 7552.0,
      "p0.1": 7397.398,
      "p1": 7411.99,
      "p5": 7425.0,
      "p10": 7434.0,
      "p25": 7451.0,
      "median": 7467.0,
      "p75": 7483.0,
      "p90": 7497.0,
      "p95": 7507.0,
      "p99": 7528.0,
      "p99.9": 7539.602000000001
    },
    "output_len": {
      "mean": 1001.4616666666667,
      "min": 973.0,
      "max": 1020.0,
      "p0.1": 995.398,
      "p1": 998.0,
      "p5": 999.0,
      "p10": 1000.0,
      "p25": 1001.0,
      "median": 1001.0,
      "p75": 1002.0,
      "p90": 1003.0,
      "p95": 1005.0,
      "p99": 1010.0,
      "p99.9": 1018.806000000001
    }
  },
  "failures": {
    "count": 0,
    "request_latency": null,
    "prompt_len": null
  }
}