{
  "load_summary": {
    "count": 900,
    "schedule_delay": {
      "mean": 0.000652015324578517,
      "min": -0.0007269871421158314,
      "max": 0.06770800007507205,
      "p0.1": -0.000705578010994941,
      "p1": -0.0005290170107036828,
      "p5": -0.0002990612294524908,
      "p10": -0.00017574732191860676,
      "p25": 0.0001895437017083168,
      "median": 0.0005525394808501005,
      "p75": 0.000927541870623827,
      "p90": 0.0012266406789422039,
      "p95": 0.0014292299980297682,
      "p99": 0.0017341146338731048,
      "p99.9": 0.030093066377569984
    },
    "send_duration": 30.805192542728037,
    "requested_rate": 30.0,
    "achieved_rate": 29.215853747762296
  },
  "successes": {
    "count": 899,
    "latency": {
      "request_latency": {
        "mean": 32.5118632710257,
        "min": 17.712812933139503,
        "max": 37.24492280930281,
        "p0.1": 17.814601376778445,
        "p1": 20.605530100390315,
        "p5": 24.161476394627243,
        "p10": 27.533853670489044,
        "p25": 31.586291649378836,
        "median": 33.409779836889356,
        "p75": 34.714268560986966,
        "p90": 35.420971067901704,
        "p95": 35.767367632268,
        "p99": 36.74659260847606,
        "p99.9": 37.11589021438175
      },
      "normalized_time_per_output_token": {
        "mean": 0.03247318481354387,
        "min": 0.01769511781532418,
        "max": 0.03728220501431712,
        "p0.1": 0.01770534989710496,
        "p1": 0.02058615460421381,
        "p5": 0.02411806039739523,
        "p10": 0.02758556555304643,
        "p25": 0.03153719464144433,
        "median": 0.03337560024899078,
        "p75": 0.034687012610632784,
        "p90": 0.03536525328691441,
        "p95": 0.03571311209186145,
        "p99": 0.03664555595811811,
        "p99.9": 0.03708640937482985
      },
      "time_per_output_token": {
        "mean": 0.03164849950245546,
        "min": 0.017715008148745676,
        "max": 0.03533542164601386,
        "p0.1": 0.01790569868128032,
        "p1": 0.020607110565272056,
        "p5": 0.02417893039086591,
        "p10": 0.027271877290283488,
        "p25": 0.0306429544279174,
        "median": 0.0326490972880274,
        "p75": 0.03380913311499171,
        "p90": 0.034485978514607996,
        "p95": 0.03478418926503509,
        "p99": 0.035084995600879194,
        "p99.9": 0.035333972442788075
      },
      "time_to_first_token": {
        "mean": 0.8616538948169158,
        "min": 0.057276043109595776,
        "max": 4.015888754278421,
        "p0.1": 0.05821832429803908,
        "p1": 0.06716345221735537,
        "p5": 0.0826230120845139,
        "p10": 0.1496552388183773,
        "p25": 0.41503036045469344,
        "median": 0.7326205321587622,
        "p75": 1.150977052981034,
        "p90": 1.677012850251049,
        "p95": 2.1517529295757374,
        "p99": 2.935549378553405,
        "p99.9": 3.629250768669919
      },
      "inter_token_latency": {
        "mean": 0.03165348942921559,
        "min": 5.250796675682068e-06,
        "max": 2.046446763910353,
        "p0.1": 5.503294058144093e-06,
        "p1": 5.7192519307136536e-06,
        "p5": 6.024260073900223e-06,
        "p10": 6.309710443019867e-06,
        "p25": 7.33276829123497e-06,
        "median": 1.0658055543899536e-05,
        "p75": 0.02284205798059702,
        "p90": 0.10443652318790553,
        "p95": 0.17198515818454296,
        "p99": 0.31903675046749463,
        "p99.9": 1.6651891937935737
      }
    },
    "throughput": {
      "input_tokens_per_sec": 108419.89064335212,
      "output_tokens_per_sec": 14537.74632500655,
      "total_tokens_per_sec": 122957.63696835867,
      "requests_per_sec": 14.520173523234272
    },
    "prompt_len": {
      "mean": 7466.845383759733,
      "min": 7397.0,
      "max": 7552.0,
      "p0.1": 7398.796,
      "p1": 7413.98,
      "p5": 7425.0,
      "p10": 7434.8,
      "p25": 7452.0,
      "median": 7467.0,
      "p75": 7483.0,
      "p90": 7497.0,
      "p95": 7506.1,
      "p99": 7528.02,
      "p99.9": 7541.224000000001
    },
    "output_len": {
      "mean": 1001.210233592881,
      "min": 784.0,
      "max": 1012.0,
      "p0.1": 968.988,
      "p1": 998.0,
      "p5": 999.0,
      "p10": 1000.0,
      "p25": 1001.0,
      "median": 1001.0,
      "p75": 1002.0,
      "p90": 1003.0,
      "p95": 1005.0,
      "p99": 1009.0,
      "p99.9": 1011.1020000000001
    }
  },
  "failures": {
    "count": 1,
    "request_latency": {
      "mean": 0.6845875270664692,
      "min": 0.6845875270664692,
      "max": 0.6845875270664692,
      "p0.1": 0.6845875270664692,
      "p1": 0.6845875270664692,
      "p5": 0.6845875270664692,
      "p10": 0.6845875270664692,
      "p25": 0.6845875270664692,
      "median": 0.6845875270664692,
      "p75": 0.6845875270664692,
      "p90": 0.6845875270664692,
      "p95": 0.6845875270664692,
      "p99": 0.6845875270664692,
      "p99.9": 0.6845875270664692
    },
    "prompt_len": {
      "mean": 7447.0,
      "min": 7447.0,
      "max": 7447.0,
      "p0.1": 7447.0,
      "p1": 7447.0,
      "p5": 7447.0,
      "p10": 7447.0,
      "p25": 7447.0,
      "median": 7447.0,
      "p75": 7447.0,
      "p90": 7447.0,
      "p95": 7447.0,
      "p99": 7447.0,
      "p99.9": 7447.0
    }
  }
}