{
  "load_summary": {
    "count": 300,
    "schedule_delay": {
      "mean": 0.0007829051604494453,
      "min": -0.0008270810358226299,
      "max": 0.031285217963159084,
      "p0.1": -0.0008012958313338459,
      "p1": -0.0005649473285302519,
      "p5": -0.0002888489747419952,
      "p10": -0.00010379520244896409,
      "p25": 0.00027099158614873886,
      "median": 0.000647049630060792,
      "p75": 0.0010280031710863113,
      "p90": 0.001357511291280389,
      "p95": 0.0015148283215239645,
      "p99": 0.001872168234549445,
      "p99.9": 0.02599127384321803
    },
    "send_duration": 18.46239139465615,
    "requested_rate": 15.0,
    "achieved_rate": 16.249249275845898
  },
  "successes": {
    "count": 300,
    "latency": {
      "request_latency": {
        "mean": 20.5551387244494,
        "min": 12.071921241935343,
        "max": 22.730238378047943,
        "p0.1": 12.364053140703122,
        "p1": 13.525039494251832,
        "p5": 15.416264789691194,
        "p10": 17.991276345122607,
        "p25": 20.296059013693593,
        "median": 21.151182263623923,
        "p75": 21.75681196723599,
        "p90": 22.13895875676535,
        "p95": 22.536105154803955,
        "p99": 22.697909162035213,
        "p99.9": 22.725803430920468
      },
      "normalized_time_per_output_token": {
        "mean": 0.020528525434776287,
        "min": 0.012047825590753835,
        "max": 0.022738143922882276,
        "p0.1": 0.01234326435061339,
        "p1": 0.013524905259777804,
        "p5": 0.015400863925765429,
        "p10": 0.017973303042080526,
        "p25": 0.020289937952427627,
        "median": 0.021134562143700564,
        "p75": 0.021728488830924774,
        "p90": 0.0221168419148505,
        "p95": 0.022484105384726994,
        "p99": 0.02266927787850212,
        "p99.9": 0.02273250800991213
      },
      "time_per_output_token": {
        "mean": 0.020313691410348795,
        "min": 0.012053082566727083,
        "max": 0.022491446064785123,
        "p0.1": 0.012299741226667323,
        "p1": 0.013472410972450409,
        "p5": 0.01531943932415452,
        "p10": 0.017743701227371757,
        "p25": 0.019979501621927263,
        "median": 0.020880188273033125,
        "p75": 0.021527710271667357,
        "p90": 0.021908794212248176,
        "p95": 0.022342173557821664,
        "p99": 0.022470854423856365,
        "p99.9": 0.022490638113572728
      },
      "time_to_first_token": {
        "mean": 0.2213399309758097,
        "min": 0.05507208500057459,
        "max": 0.8596606850624084,
        "p0.1": 0.05528776387078688,
        "p1": 0.05660363257862627,
        "p5": 0.07147789308801293,
        "p10": 0.07723729419521988,
        "p25": 0.09384032606612891,
        "median": 0.17351050535216928,
        "p75": 0.30428702011704445,
        "p90": 0.47734036510810257,
        "p95": 0.5450851659057662,
        "p99": 0.7255777658522128,
        "p99.9": 0.857128804234788
      },
      "inter_token_latency": {
        "mean": 0.02031446509898242,
        "min": 5.24008646607399e-06,
        "max": 3.342473903670907,
        "p0.1": 5.633998196572065e-06,
        "p1": 6.034215912222863e-06,
        "p5": 7.046852260828018e-06,
        "p10": 8.079223334789276e-06,
        "p25": 1.2732925824820995e-05,
        "median": 0.014984659384936094,
        "p75": 0.023153202142566442,
        "p90": 0.04317476712167268,
        "p95": 0.060116734262555815,
        "p99": 0.09883474031463264,
        "p99.9": 0.19354918865440865
      }
    },
    "throughput": {
      "input_tokens_per_sec": 58715.7148587698,
      "output_tokens_per_sec": 7873.957939313181,
      "total_tokens_per_sec": 66589.67279808299,
      "requests_per_sec": 7.863813619743711
    },
    "prompt_len": {
      "mean": 7466.57,
      "min": 7399.0,
      "max": 7534.0,
      "p0.1": 7401.99,
      "p1": 7415.98,
      "p5": 7425.0,
      "p10": 7433.0,
      "p25": 7450.0,
      "median": 7466.5,
      "p75": 7483.25,
      "p90": 7497.0,
      "p95": 7504.0,
      "p99": 7521.07,
      "p99.9": 7532.505
    },
    "output_len": {
      "mean": 1001.29,
      "min": 998.0,
      "max": 1007.0,
      "p0.1": 998.0,
      "p1": 998.99,
      "p5": 999.0,
      "p10": 1000.0,
      "p25": 1001.0,
      "median": 1001.0,
      "p75": 1002.0,
      "p90": 1003.0,
      "p95": 1004.0,
      "p99": 1005.01,
      "p99.9": 1006.701
    }
  },
  "failures": {
    "count": 0,
    "request_latency": null,
    "prompt_len": null
  }
}