{
  "load_summary": {
    "count": 750,
    "schedule_delay": {
      "mean": 0.0008189362262686094,
      "min": -0.0007391031831502914,
      "max": 0.012338174041360617,
      "p0.1": -0.0007255073781125247,
      "p1": -0.0005804220447316766,
      "p5": -0.0002854647813364863,
      "p10": -5.802083760499946e-05,
      "p25": 0.00031788263004273176,
      "median": 0.0007646300364285707,
      "p75": 0.0011984147131443024,
      "p90": 0.0016291753854602577,
      "p95": 0.0018550029490143054,
      "p99": 0.0026537940697744476,
      "p99.9": 0.009717680889182108
    },
    "send_duration": 53.457590830978006,
    "requested_rate": 15.0,
    "achieved_rate": 14.029812947825258
  },
  "successes": {
    "count": 750,
    "latency": {
      "request_latency": {
        "mean": 30.04155091917018,
        "min": 19.318167419172823,
        "max": 38.73798174923286,
        "p0.1": 19.54519713090686,
        "p1": 22.76096092287451,
        "p5": 24.604795581591315,
        "p10": 25.67963106231764,
        "p25": 28.22082394978497,
        "median": 30.194224533857778,
        "p75": 31.881926605594344,
        "p90": 34.35160325150937,
        "p95": 34.864389598439445,
        "p99": 36.67299174042884,
        "p99.9": 38.72866942916205
      },
      "normalized_time_per_output_token": {
        "mean": 0.03006751127391284,
        "min": 0.01927960820276729,
        "max": 0.08425948504309395,
        "p0.1": 0.01952083711213583,
        "p1": 0.022692068472195112,
        "p5": 0.02458696401888323,
        "p10": 0.025677068632619256,
        "p25": 0.02820216056842975,
        "median": 0.030165489716045303,
        "p75": 0.03183898976078251,
        "p90": 0.0342677237115685,
        "p95": 0.0348274970709093,
        "p99": 0.03677059640463514,
        "p99.9": 0.05013489331342849
      },
      "time_per_output_token": {
        "mean": 0.02922998075604172,
        "min": 0.019018187646727903,
        "max": 0.03829781287815422,
        "p0.1": 0.019310555995272573,
        "p1": 0.020665848295637407,
        "p5": 0.02200091465630103,
        "p10": 0.02382474932326004,
        "p25": 0.027463272315161484,
        "median": 0.029763227340532467,
        "p75": 0.031290622557513414,
        "p90": 0.03390384478992782,
        "p95": 0.03438697947752662,
        "p99": 0.03629713899289258,
        "p99.9": 0.03819453808488791
      },
      "time_to_first_token": {
        "mean": 0.7952323522934069,
        "min": 0.09743172908201814,
        "max": 6.220721577759832,
        "p0.1": 0.10101191356312483,
        "p1": 0.12089574386831373,
        "p5": 0.17315118256956338,
        "p10": 0.22557551823556424,
        "p25": 0.3378741539781913,
        "median": 0.47261476470157504,
        "p75": 0.6848641311516985,
        "p90": 1.468776267161595,
        "p95": 3.7227625956758796,
        "p99": 5.30661872384604,
        "p99.9": 6.032723542363406
      },
      "inter_token_latency": {
        "mean": 0.02923071702205824,
        "min": 5.1800161600112915e-06,
        "max": 4.928957902826369,
        "p0.1": 5.561858415603638e-06,
        "p1": 5.8729201555252075e-06,
        "p5": 6.533227860927582e-06,
        "p10": 7.336027920246124e-06,
        "p25": 1.0357238352298737e-05,
        "median": 0.004100831225514412,
        "p75": 0.03809352405369282,
        "p90": 0.08105433192104101,
        "p95": 0.11240491345524789,
        "p99": 0.17941115753725154,
        "p99.9": 0.3357417683042697
      }
    },
    "throughput": {
      "input_tokens_per_sec": 71474.28166284674,
      "output_tokens_per_sec": 9576.935994549354,
      "total_tokens_per_sec": 81051.21765739609,
      "requests_per_sec": 9.571754484788254
    },
    "prompt_len": {
      "mean": 7467.208,
      "min": 7397.0,
      "max": 7552.0,
      "p0.1": 7398.498,
      "p1": 7413.49,
      "p5": 7425.45,
      "p10": 7435.0,
      "p25": 7452.0,
      "median": 7467.0,
      "p75": 7483.0,
      "p90": 7498.0,
      "p95": 7507.0,
      "p99": 7528.51,
      "p99.9": 7543.012000000001
    },
    "output_len": {
      "mean": 1000.5413333333333,
      "min": 417.0,
      "max": 1014.0,
      "p0.1": 845.428,
      "p1": 997.0,
      "p5": 999.0,
      "p10": 1000.0,
      "p25": 1001.0,
      "median": 1001.0,
      "p75": 1002.0,
      "p90": 1003.0,
      "p95": 1004.0,
      "p99": 1007.0,
      "p99.9": 1013.2510000000001
    }
  },
  "failures": {
    "count": 0,
    "request_latency": null,
    "prompt_len": null
  }
}