{
  "load_summary": {
    "count": 1500,
    "schedule_delay": {
      "mean": 0.0005333492501328388,
      "min": -0.0008811824955046177,
      "max": 0.01057852990925312,
      "p0.1": -0.0008419244051910936,
      "p1": -0.0006155328406020999,
      "p5": -0.00030764467082917686,
      "p10": -0.00012988895177841188,
      "p25": 0.0001570738386362791,
      "median": 0.0005120474379509687,
      "p75": 0.0008882038528099656,
      "p90": 0.0012104914523661137,
      "p95": 0.0014043417759239671,
      "p99": 0.0017295475350692867,
      "p99.9": 0.0033821538565682067
    },
    "send_duration": 29.49658667901531,
    "requested_rate": 50.0,
    "achieved_rate": 50.85334165349856
  },
  "successes": {
    "count": 1496,
    "latency": {
      "request_latency": {
        "mean": 45.601742882201854,
        "min": 28.134055730886757,
        "max": 52.84689315687865,
        "p0.1": 28.657974606102798,
        "p1": 31.413390009128488,
        "p5": 36.51974837167654,
        "p10": 41.37721822503954,
        "p25": 43.31832831900101,
        "median": 46.755341838113964,
        "p75": 48.56407249486074,
        "p90": 49.61643803329207,
        "p95": 50.62709807616193,
        "p99": 51.98292288957163,
        "p99.9": 52.76895797606092
      },
      "normalized_time_per_output_token": {
        "mean": 0.04555712343358982,
        "min": 0.02813405573088676,
        "max": 0.06757371201932144,
        "p0.1": 0.028643542231267118,
        "p1": 0.03138044405032927,
        "p5": 0.036483265106569976,
        "p10": 0.04131963512428537,
        "p25": 0.04327966481577021,
        "median": 0.046687100749568465,
        "p75": 0.04851274495475631,
        "p90": 0.049559393106867466,
        "p95": 0.050541779897705925,
        "p99": 0.05189824624676298,
        "p99.9": 0.05275738734917318
      },
      "time_per_output_token": {
        "mean": 0.044206081131049846,
        "min": 0.02841194953227825,
        "max": 0.0488882304597646,
        "p0.1": 0.028864918083726963,
        "p1": 0.031576947403383765,
        "p5": 0.03661428903433416,
        "p10": 0.03999221228342503,
        "p25": 0.042388392971659465,
        "median": 0.045305046496680004,
        "p75": 0.04653606914926786,
        "p90": 0.04803840423996998,
        "p95": 0.0482419974865186,
        "p99": 0.04854272683220916,
        "p99.9": 0.048861610619393474
      },
      "time_to_first_token": {
        "mean": 1.4492646645580887,
        "min": 0.050302907824516296,
        "max": 5.777016923762858,
        "p0.1": 0.05362185472855344,
        "p1": 0.06990491149481386,
        "p5": 0.1105435153003782,
        "p10": 0.24475471884943545,
        "p25": 0.6521142731653526,
        "median": 1.2912467932328582,
        "p75": 1.9446566416881979,
        "p90": 2.8617033099289984,
        "p95": 3.597265084506944,
        "p99": 4.696454066620207,
        "p99.9": 5.333489846705945
      },
      "inter_token_latency": {
        "mean": 0.044210886796215175,
        "min": 5.257781594991684e-06,
        "max": 4.5445553520694375,
        "p0.1": 5.50784170627594e-06,
        "p1": 5.69317489862442e-06,
        "p5": 5.92600554227829e-06,
        "p10": 6.112735718488693e-06,
        "p25": 6.7390501499176025e-06,
        "median": 8.407048881053925e-06,
        "p75": 1.606205478310585e-05,
        "p90": 0.17530558160506207,
        "p95": 0.2985285867471248,
        "p99": 0.48632472097408,
        "p99.9": 3.623895149613776
      }
    },
    "throughput": {
      "input_tokens_per_sec": 149346.03828111984,
      "output_tokens_per_sec": 20022.270303179783,
      "total_tokens_per_sec": 169368.3085842996,
      "requests_per_sec": 20.000318082396834
    },
    "prompt_len": {
      "mean": 7467.1831550802135,
      "min": 7397.0,
      "max": 7552.0,
      "p0.1": 7397.99,
      "p1": 7413.0,
      "p5": 7425.0,
      "p10": 7435.0,
      "p25": 7451.75,
      "median": 7467.0,
      "p75": 7483.0,
      "p90": 7498.0,
      "p95": 7507.0,
      "p99": 7529.0,
      "p99.9": 7546.060000000001
    },
    "output_len": {
      "mean": 1001.0975935828877,
      "min": 624.0,
      "max": 1014.0,
      "p0.1": 992.495,
      "p1": 997.95,
      "p5": 999.0,
      "p10": 1000.0,
      "p25": 1001.0,
      "median": 1001.0,
      "p75": 1002.0,
      "p90": 1003.0,
      "p95": 1004.0,
      "p99": 1007.0,
      "p99.9": 1012.5050000000001
    }
  },
  "failures": {
    "count": 4,
    "request_latency": {
      "mean": 0.004877325729466975,
      "min": 0.001645746175199747,
      "max": 0.010678250808268785,
      "p0.1": 0.001650279196444899,
      "p1": 0.0016910763876512647,
      "p5": 0.001872397237457335,
      "p10": 0.002099048299714923,
      "p25": 0.0027790014864876866,
      "median": 0.003592652967199683,
      "p75": 0.005690977210178971,
      "p90": 0.00868334136903286,
      "p95": 0.009680796088650821,
      "p99": 0.010478759864345192,
      "p99.9": 0.010658301713876429
    },
    "prompt_len": {
      "mean": 0.0,
      "min": 0.0,
      "max": 0.0,
      "p0.1": 0.0,
      "p1": 0.0,
      "p5": 0.0,
      "p10": 0.0,
      "p25": 0.0,
      "median": 0.0,
      "p75": 0.0,
      "p90": 0.0,
      "p95": 0.0,
      "p99": 0.0,
      "p99.9": 0.0
    }
  }
}