{
  "load_summary": {
    "count": 600,
    "schedule_delay": {
      "mean": 0.000590129328581194,
      "min": -0.0007083932869136333,
      "max": 0.005279378965497017,
      "p0.1": -0.000702205200213939,
      "p1": -0.0005957053974270821,
      "p5": -0.00022643322590738533,
      "p10": -4.439889453351491e-05,
      "p25": 0.00019416434224694967,
      "median": 0.0005863308906555176,
      "p75": 0.0009311935864388943,
      "p90": 0.0012825907208025456,
      "p95": 0.0014633439248427744,
      "p99": 0.0016662453208118675,
      "p99.9": 0.003341498655732939
    },
    "send_duration": 29.587930955924094,
    "requested_rate": 20.0,
    "achieved_rate": 20.278538600546113
  },
  "successes": {
    "count": 600,
    "latency": {
      "request_latency": {
        "mean": 26.485750359483838,
        "min": 12.62372336909175,
        "max": 31.01155513431877,
        "p0.1": 12.625356918544508,
        "p1": 14.090537874582223,
        "p5": 19.887520502042026,
        "p10": 23.843344716122374,
        "p25": 25.72701215161942,
        "median": 27.199312765849754,
        "p75": 28.413195191533305,
        "p90": 29.038054913654925,
        "p95": 29.75103937180247,
        "p99": 30.477102052220143,
        "p99.9": 30.86050478788234
      },
      "normalized_time_per_output_token": {
        "mean": 0.02644842065653598,
        "min": 0.012585965472673728,
        "max": 0.030949655822673422,
        "p0.1": 0.012587594136136101,
        "p1": 0.014048529138192118,
        "p5": 0.01985503257240535,
        "p10": 0.023791064382881966,
        "p25": 0.025702555294169094,
        "median": 0.027146700359457633,
        "p75": 0.02838765584221167,
        "p90": 0.02895855601544558,
        "p95": 0.029715345008035732,
        "p99": 0.030359256239333464,
        "p99.9": 0.03081727669919825
      },
      "time_per_output_token": {
        "mean": 0.025688842363721612,
        "min": 0.012515552174056104,
        "max": 0.0300139311789535,
        "p0.1": 0.012574062771258714,
        "p1": 0.014077623874807611,
        "p5": 0.01988877004557511,
        "p10": 0.02281707986169495,
        "p25": 0.024919193948502654,
        "median": 0.026419900888577104,
        "p75": 0.027381437325500885,
        "p90": 0.028115318895922975,
        "p95": 0.028323314112843945,
        "p99": 0.029555902791321274,
        "p99.9": 0.02995983605636936
      },
      "time_to_first_token": {
        "mean": 0.7926894262533946,
        "min": 0.04664077563211322,
        "max": 3.8524367632344365,
        "p0.1": 0.050015892841853204,
        "p1": 0.05980025006458163,
        "p5": 0.07050458155572414,
        "p10": 0.13251929017715158,
        "p25": 0.28614101628772914,
        "median": 0.48225542553700507,
        "p75": 0.9038166026584804,
        "p90": 2.158593781525269,
        "p95": 2.9028240721905596,
        "p99": 3.6489802396437154,
        "p99.9": 3.8032729909559766
      },
      "inter_token_latency": {
        "mean": 0.025693310489997782,
        "min": 5.232635885477066e-06,
        "max": 3.0067828530445695,
        "p0.1": 5.5254818871617315e-06,
        "p1": 5.771871656179428e-06,
        "p5": 6.197020411491394e-06,
        "p10": 6.700865924358368e-06,
        "p25": 8.217059075832367e-06,
        "median": 1.4589866623282433e-05,
        "p75": 0.028355288435705006,
        "p90": 0.07582808039151133,
        "p95": 0.10963013065047561,
        "p99": 0.2059596010996025,
        "p99.9": 2.169599281523844
      }
    },
    "throughput": {
      "input_tokens_per_sec": 83509.17744846844,
      "output_tokens_per_sec": 11200.25259509962,
      "total_tokens_per_sec": 94709.43004356806,
      "requests_per_sec": 11.184556933536225
    },
    "prompt_len": {
      "mean": 7466.471666666666,
      "min": 7397.0,
      "max": 7538.0,
      "p0.1": 7398.198,
      "p1": 7411.99,
      "p5": 7424.95,
      "p10": 7433.0,
      "p25": 7450.0,
      "median": 7467.0,
      "p75": 7483.0,
      "p90": 7497.1,
      "p95": 7506.05,
      "p99": 7528.01,
      "p99.9": 7538.0
    },
    "output_len": {
      "mean": 1001.4033333333333,
      "min": 983.0,
      "max": 1021.0,
      "p0.1": 991.386,
      "p1": 998.0,
      "p5": 999.0,
      "p10": 1000.0,
      "p25": 1001.0,
      "median": 1001.0,
      "p75": 1002.0,
      "p90": 1003.0,
      "p95": 1004.0,
      "p99": 1007.0,
      "p99.9": 1015.6090000000006
    }
  },
  "failures": {
    "count": 0,
    "request_latency": null,
    "prompt_len": null
  }
}