{
  "load_summary": {
    "count": 750,
    "schedule_delay": {
      "mean": 0.0009931647032499313,
      "min": -0.000652015209197998,
      "max": 0.030404096469283104,
      "p0.1": -0.0005174498385749757,
      "p1": -0.00029199858661741016,
      "p5": 4.25748061388731e-05,
      "p10": 0.0001827225554734469,
      "p25": 0.0004931340226903558,
      "median": 0.0008290952537208796,
      "p75": 0.0011783012887462974,
      "p90": 0.0015589899849146607,
      "p95": 0.0018331957049667834,
      "p99": 0.005608490915037691,
      "p99.9": 0.028416573649738222
    },
    "send_duration": 26.978444553911686,
    "requested_rate": 25.0,
    "achieved_rate": 27.79997188130163
  },
  "successes": {
    "count": 750,
    "latency": {
      "request_latency": {
        "mean": 3.73897236512353,
        "min": 0.7799111637286842,
        "max": 12.043190247844905,
        "p0.1": 0.7855614775517024,
        "p1": 1.028611844498664,
        "p5": 1.4054479497252033,
        "p10": 1.6608000924810769,
        "p25": 2.2018087265314534,
        "median": 2.9919908640440553,
        "p75": 4.7860531359910965,
        "p90": 7.25388048128225,
        "p95": 8.698274709121325,
        "p99": 10.040000907136127,
        "p99.9": 12.035821549965535
      },
      "normalized_time_per_output_token": {
        "mean": 0.018565587031383772,
        "min": 0.0038801550434262896,
        "max": 0.060215951239224526,
        "p0.1": 0.0038937395864732795,
        "p1": 0.005127698694233695,
        "p5": 0.006976609705948785,
        "p10": 0.008196969016104715,
        "p25": 0.01087893475153918,
        "median": 0.014871404226597131,
        "p75": 0.023808004258117122,
        "p90": 0.036074030485686956,
        "p95": 0.043504806514182516,
        "p99": 0.049950253269333965,
        "p99.9": 0.059954904247395954
      },
      "time_per_output_token": {
        "mean": 0.016484210227798925,
        "min": 0.003471775580141129,
        "max": 0.059461515843774654,
        "p0.1": 0.0034844954044205333,
        "p1": 0.00421564507549942,
        "p5": 0.005904353705957888,
        "p10": 0.00703259349481574,
        "p25": 0.009498582911328412,
        "median": 0.01322839984527929,
        "p75": 0.02129679566132836,
        "p90": 0.03141819860017859,
        "p95": 0.03805693220393966,
        "p99": 0.0491630903342458,
        "p99.9": 0.059270548093713016
      },
      "time_to_first_token": {
        "mean": 0.4291279701652626,
        "min": 0.06154054822400212,
        "max": 2.468392333947122,
        "p0.1": 0.06256985156750307,
        "p1": 0.06942196381743998,
        "p5": 0.09269549171440303,
        "p10": 0.11023308783769607,
        "p25": 0.14206675835885108,
        "median": 0.3211004203185439,
        "p75": 0.4852296670433134,
        "p90": 0.8971485831309113,
        "p95": 1.5503532031318163,
        "p99": 2.1771534216031427,
        "p99.9": 2.3767686168472393
      },
      "inter_token_latency": {
        "mean": 0.01650630710055244,
        "min": 5.26895746588707e-06,
        "max": 1.754420354962349,
        "p0.1": 5.779741331934929e-06,
        "p1": 7.76653178036213e-06,
        "p5": 0.003006778424605727,
        "p10": 0.004386445274576545,
        "p25": 0.006325551308691502,
        "median": 0.00891847349703312,
        "p75": 0.011995971435680985,
        "p90": 0.017327266046777368,
        "p95": 0.03328573645558208,
        "p99": 0.19027042074594647,
        "p99.9": 0.632847141148523
      }
    },
    "throughput": {
      "input_tokens_per_sec": 278440.07196977123,
      "output_tokens_per_sec": 4825.754080507898,
      "total_tokens_per_sec": 283265.82605027914,
      "requests_per_sec": 23.958346696372626
    },
    "prompt_len": {
      "mean": 11621.84,
      "min": 11544.0,
      "max": 11716.0,
      "p0.1": 11544.749,
      "p1": 11552.98,
      "p5": 11564.0,
      "p10": 11576.0,
      "p25": 11598.0,
      "median": 11620.0,
      "p75": 11646.0,
      "p90": 11666.0,
      "p95": 11677.0,
      "p99": 11705.51,
      "p99.9": 11711.506000000001
    },
    "output_len": {
      "mean": 201.42266666666666,
      "min": 198.0,
      "max": 213.0,
      "p0.1": 198.0,
      "p1": 199.0,
      "p5": 200.0,
      "p10": 200.0,
      "p25": 201.0,
      "median": 201.0,
      "p75": 202.0,
      "p90": 203.0,
      "p95": 204.0,
      "p99": 206.51,
      "p99.9": 213.0
    }
  },
  "failures": {
    "count": 0,
    "request_latency": null,
    "prompt_len": null
  }
}