{
  "load_summary": {
    "count": 750,
    "schedule_delay": {
      "mean": 0.0012875465968002877,
      "min": -0.0003732452169060707,
      "max": 0.018011415377259254,
      "p0.1": -0.0003524401229806244,
      "p1": -0.00023673311807215214,
      "p5": 0.00012687616981565952,
      "p10": 0.0003333103377372027,
      "p25": 0.0006681653903797269,
      "median": 0.0011037038639187813,
      "p75": 0.0015731340972706676,
      "p90": 0.0020352211315184834,
      "p95": 0.002411708142608404,
      "p99": 0.006483659036457536,
      "p99.9": 0.016393871728796708
    },
    "send_duration": 48.044667831622064,
    "requested_rate": 15.0,
    "achieved_rate": 15.61047320856623
  },
  "successes": {
    "count": 750,
    "latency": {
      "request_latency": {
        "mean": 2.9487245538054654,
        "min": 0.8457427439279854,
        "max": 8.500605582259595,
        "p0.1": 0.9065791987623089,
        "p1": 1.0387904041213916,
        "p5": 1.187370187183842,
        "p10": 1.328327008523047,
        "p25": 1.7492111356696114,
        "median": 2.480147411581129,
        "p75": 3.612180134281516,
        "p90": 5.450569709483535,
        "p95": 6.256873405282385,
        "p99": 7.950171833503991,
        "p99.9": 8.391119206046232
      },
      "normalized_time_per_output_token": {
        "mean": 0.01464382635800624,
        "min": 0.004186845266970225,
        "max": 0.04229157006099301,
        "p0.1": 0.004505115923384573,
        "p1": 0.005122737517855018,
        "p5": 0.005888542006597991,
        "p10": 0.006608592082204214,
        "p25": 0.008683900508231528,
        "median": 0.012305666318404216,
        "p75": 0.017904069091972556,
        "p90": 0.026848010899033846,
        "p95": 0.030720039778465453,
        "p99": 0.03947309905746535,
        "p99.9": 0.041592744505601714
      },
      "time_per_output_token": {
        "mean": 0.012359211297519877,
        "min": 0.003474414256881132,
        "max": 0.040228592100167514,
        "p0.1": 0.0034747635286484814,
        "p1": 0.0034957404669625825,
        "p5": 0.0042319979317678395,
        "p10": 0.004776766500082418,
        "p25": 0.006792242055019977,
        "median": 0.0103614119742997,
        "p75": 0.015487552215927281,
        "p90": 0.023828092861336764,
        "p95": 0.02798901453524983,
        "p99": 0.03638610743510384,
        "p99.9": 0.040041368326642617
      },
      "time_to_first_token": {
        "mean": 0.45353074697280926,
        "min": 0.09955451311543584,
        "max": 2.053767487872392,
        "p0.1": 0.0999308610148728,
        "p1": 0.1076565991761163,
        "p5": 0.12408713041804731,
        "p10": 0.15051539051346483,
        "p25": 0.3231417473871261,
        "median": 0.36171676544472575,
        "p75": 0.5541344918310642,
        "p90": 0.7346713998354972,
        "p95": 0.9748769724974405,
        "p99": 1.6148788422439242,
        "p99.9": 1.97006167939446
      },
      "inter_token_latency": {
        "mean": 0.012375986097092246,
        "min": 5.2889809012413025e-06,
        "max": 0.8082462218590081,
        "p0.1": 5.8810776099562645e-06,
        "p1": 1.071212813258171e-05,
        "p5": 0.0031513174995779995,
        "p10": 0.003918742854148149,
        "p25": 0.0048936441307887435,
        "median": 0.006440445315092802,
        "p75": 0.008867344469763339,
        "p90": 0.01115303910337389,
        "p95": 0.015233995579183132,
        "p99": 0.17169767271261666,
        "p99.9": 0.4209267887705938
      }
    },
    "throughput": {
      "input_tokens_per_sec": 173427.822859886,
      "output_tokens_per_sec": 3004.691080627832,
      "total_tokens_per_sec": 176432.5139405138,
      "requests_per_sec": 14.922578770649569
    },
    "prompt_len": {
      "mean": 11621.84,
      "min": 11544.0,
      "max": 11716.0,
      "p0.1": 11544.749,
      "p1": 11552.98,
      "p5": 11564.0,
      "p10": 11576.0,
      "p25": 11598.0,
      "median": 11620.0,
      "p75": 11646.0,
      "p90": 11666.0,
      "p95": 11677.0,
      "p99": 11705.51,
      "p99.9": 11711.506000000001
    },
    "output_len": {
      "mean": 201.352,
      "min": 196.0,
      "max": 211.0,
      "p0.1": 197.498,
      "p1": 199.0,
      "p5": 200.0,
      "p10": 200.0,
      "p25": 201.0,
      "median": 201.0,
      "p75": 202.0,
      "p90": 203.0,
      "p95": 204.0,
      "p99": 205.0,
      "p99.9": 208.75300000000027
    }
  },
  "failures": {
    "count": 0,
    "request_latency": null,
    "prompt_len": null
  }
}