{
  "load_summary": {
    "count": 1350,
    "schedule_delay": {
      "mean": 0.0004818995728122967,
      "min": -0.0010421792976558208,
      "max": 0.028435950633138418,
      "p0.1": -0.0008010411234572529,
      "p1": -0.0006748570874333382,
      "p5": -0.00041786110959947105,
      "p10": -0.0002311996184289455,
      "p25": 4.96844295412302e-05,
      "median": 0.0004140343517065048,
      "p75": 0.0007717943517491221,
      "p90": 0.001114587346091867,
      "p95": 0.001314545725472271,
      "p99": 0.0017363104596734037,
      "p99.9": 0.028265014987438948
    },
    "send_duration": 31.532682607881725,
    "requested_rate": 45.0,
    "achieved_rate": 42.81272281168244
  },
  "successes": {
    "count": 1347,
    "latency": {
      "request_latency": {
        "mean": 42.89589004227843,
        "min": 9.7120635737665,
        "max": 61.973030380904675,
        "p0.1": 9.837429458466358,
        "p1": 12.459541249834,
        "p5": 17.303527436219156,
        "p10": 21.248759467061607,
        "p25": 41.488743369001895,
        "median": 46.939382266718894,
        "p75": 49.38346459250897,
        "p90": 54.08651349451393,
        "p95": 58.54312819042243,
        "p99": 60.00893098099157,
        "p99.9": 61.60890433820811
      },
      "normalized_time_per_output_token": {
        "mean": 0.042983649137683176,
        "min": 0.00973152662702054,
        "max": 0.06215950890762756,
        "p0.1": 0.009823390238591821,
        "p1": 0.012479694749521028,
        "p5": 0.017307059884379625,
        "p10": 0.021307368150601483,
        "p25": 0.04157185849860678,
        "median": 0.04701009423162167,
        "p75": 0.04947792475718449,
        "p90": 0.0544775873541851,
        "p95": 0.05866895423756939,
        "p99": 0.06025249574002507,
        "p99.9": 0.06148813117857629
      },
      "time_per_output_token": {
        "mean": 0.040714562531314835,
        "min": 0.008746478868810623,
        "max": 0.05806825967226177,
        "p0.1": 0.009583109160028398,
        "p1": 0.01164430793678388,
        "p5": 0.015193595791235566,
        "p10": 0.017795049582235514,
        "p25": 0.039745999904571803,
        "median": 0.04493226310517639,
        "p75": 0.04706474932315148,
        "p90": 0.05123585689896719,
        "p95": 0.05501958013796248,
        "p99": 0.057009182411655784,
        "p99.9": 0.057616559549272084
      },
      "time_to_first_token": {
        "mean": 2.5753699589998456,
        "min": 0.08555481908842921,
        "max": 16.093825061339885,
        "p0.1": 0.08835268201865255,
        "p1": 0.10404935111291706,
        "p5": 0.1809497735928744,
        "p10": 0.26889358293265103,
        "p25": 0.7434312435798347,
        "median": 2.2099013361148536,
        "p75": 3.8417622100096196,
        "p90": 5.256407935358586,
        "p95": 6.244868415780367,
        "p99": 9.675733923492947,
        "p99.9": 14.198996333139126
      },
      "inter_token_latency": {
        "mean": 0.04068990566747841,
        "min": 5.347654223442078e-06,
        "max": 14.381679669953883,
        "p0.1": 5.641020834445953e-06,
        "p1": 5.810987204313278e-06,
        "p5": 6.034970283508301e-06,
        "p10": 6.216112524271011e-06,
        "p25": 6.6962093114852905e-06,
        "median": 7.607974112033844e-06,
        "p75": 1.0808929800987244e-05,
        "p90": 0.043221830390393706,
        "p95": 0.2893124129157511,
        "p99": 0.8845520837698101,
        "p99.9": 1.5767054676237249
      }
    },
    "throughput": {
      "input_tokens_per_sec": 119328.19636880809,
      "output_tokens_per_sec": 15787.184659095,
      "total_tokens_per_sec": 135115.3810279031,
      "requests_per_sec": 15.81856342782488
    },
    "prompt_len": {
      "mean": 7543.554565701559,
      "min": 7486.0,
      "max": 7614.0,
      "p0.1": 7487.038,
      "p1": 7496.0,
      "p5": 7510.0,
      "p10": 7516.0,
      "p25": 7529.0,
      "median": 7543.0,
      "p75": 7557.0,
      "p90": 7572.0,
      "p95": 7579.0,
      "p99": 7596.16,
      "p99.9": 7612.962
    },
    "output_len": {
      "mean": 998.0163325909429,
      "min": 792.0,
      "max": 1008.0,
      "p0.1": 943.92,
      "p1": 985.0,
      "p5": 992.0,
      "p10": 994.0,
      "p25": 996.0,
      "median": 998.0,
      "p75": 1001.0,
      "p90": 1003.0,
      "p95": 1004.0,
      "p99": 1006.0,
      "p99.9": 1008.0
    }
  },
  "failures": {
    "count": 3,
    "request_latency": {
      "mean": 1.4543217397294939,
      "min": 0.7352427211590111,
      "max": 2.1974610090255737,
      "p0.1": 0.7366327586947009,
      "p1": 0.7491430965159088,
      "p5": 0.8047445979434997,
      "p10": 0.8742464747279882,
      "p25": 1.082752105081454,
      "median": 1.4302614890038967,
      "p75": 1.8138612490147352,
      "p90": 2.0440211050212382,
      "p95": 2.1207410570234058,
      "p99": 2.18211701862514,
      "p99.9": 2.1959266099855306
    },
    "prompt_len": {
      "mean": 7551.333333333333,
      "min": 7536.0,
      "max": 7566.0,
      "p0.1": 7536.032,
      "p1": 7536.32,
      "p5": 7537.6,
      "p10": 7539.2,
      "p25": 7544.0,
      "median": 7552.0,
      "p75": 7559.0,
      "p90": 7563.2,
      "p95": 7564.6,
      "p99": 7565.72,
      "p99.9": 7565.972
    }
  }
}