{
  "load_summary": {
    "count": 1950,
    "schedule_delay": {
      "mean": 0.00045205167232033534,
      "min": -0.0011470559984445572,
      "max": 0.03484124829992652,
      "p0.1": -0.0009338495107367635,
      "p1": -0.0007954809907823801,
      "p5": -0.00044646288733929396,
      "p10": -0.00029104105196893216,
      "p25": 2.8147478587925434e-05,
      "median": 0.00040389271453022957,
      "p75": 0.0007862265920266509,
      "p90": 0.0011031506583094597,
      "p95": 0.0012357496889308095,
      "p99": 0.001529498272575438,
      "p99.9": 0.02972298233676745
    },
    "send_duration": 30.70291727082804,
    "requested_rate": 65.0,
    "achieved_rate": 63.511880086156054
  },
  "successes": {
    "count": 1800,
    "latency": {
      "request_latency": {
        "mean": 55.66763640947123,
        "min": 10.832735974807292,
        "max": 82.84200795413926,
        "p0.1": 11.303421182823367,
        "p1": 14.637763003180735,
        "p5": 23.9853077365784,
        "p10": 29.32174441064708,
        "p25": 51.239162660203874,
        "median": 60.303115404443815,
        "p75": 64.04074215446599,
        "p90": 71.05803062152118,
        "p95": 76.41160689117386,
        "p99": 79.43881764470599,
        "p99.9": 81.31067347805164
      },
      "normalized_time_per_output_token": {
        "mean": 0.05576970359708762,
        "min": 0.010876240938561538,
        "max": 0.08317470678126432,
        "p0.1": 0.011314839528582843,
        "p1": 0.014595128415151383,
        "p5": 0.023968862519685864,
        "p10": 0.02937131518407624,
        "p25": 0.051208717927638286,
        "median": 0.060382173466877576,
        "p75": 0.06418254331586544,
        "p90": 0.07119374844920683,
        "p95": 0.07640500573006966,
        "p99": 0.07969946809278998,
        "p99.9": 0.08148295818159294
      },
      "time_per_output_token": {
        "mean": 0.05095818412332456,
        "min": 0.0106812450629659,
        "max": 0.07443882513092831,
        "p0.1": 0.01111967893649172,
        "p1": 0.014123681328319947,
        "p5": 0.019123609072295947,
        "p10": 0.02338855520375073,
        "p25": 0.04898659196632146,
        "median": 0.05480609644330899,
        "p75": 0.05871056258182196,
        "p90": 0.06652869856450706,
        "p95": 0.07031315585733391,
        "p99": 0.07310584227877202,
        "p99.9": 0.07407461399153303
      },
      "time_to_first_token": {
        "mean": 5.034744446979732,
        "min": 0.08852505404502153,
        "max": 25.535712331999093,
        "p0.1": 0.125755546358414,
        "p1": 0.20604275045450782,
        "p5": 0.380580590153113,
        "p10": 0.5419374963268638,
        "p25": 2.0975942189106718,
        "median": 4.691248239949346,
        "p75": 6.853378799627535,
        "p90": 9.583536938298499,
        "p95": 11.826470939721908,
        "p99": 17.831065701185725,
        "p99.9": 24.51832638340258
      },
      "inter_token_latency": {
        "mean": 0.05094509868784099,
        "min": 5.336944013834e-06,
        "max": 23.789313865825534,
        "p0.1": 5.667097866535187e-06,
        "p1": 5.842186510562897e-06,
        "p5": 6.068963557481766e-06,
        "p10": 6.250105798244476e-06,
        "p25": 6.724148988723755e-06,
        "median": 7.587019354104996e-06,
        "p75": 1.0161427780985832e-05,
        "p90": 0.03418285744264723,
        "p95": 0.36681701214983997,
        "p99": 1.1464727139379798,
        "p99.9": 2.29571605519767
      }
    },
    "throughput": {
      "input_tokens_per_sec": 131066.70807653203,
      "output_tokens_per_sec": 17343.418593490187,
      "total_tokens_per_sec": 148410.1266700222,
      "requests_per_sec": 17.375398980613948
    },
    "prompt_len": {
      "mean": 7543.234444444444,
      "min": 7486.0,
      "max": 7614.0,
      "p0.1": 7488.397,
      "p1": 7496.0,
      "p5": 7509.0,
      "p10": 7516.0,
      "p25": 7529.0,
      "median": 7543.0,
      "p75": 7556.0,
      "p90": 7572.0,
      "p95": 7579.0,
      "p99": 7598.0,
      "p99.9": 7611.603000000001
    },
    "output_len": {
      "mean": 998.1594444444445,
      "min": 924.0,
      "max": 1010.0,
      "p0.1": 944.387,
      "p1": 979.0,
      "p5": 992.0,
      "p10": 994.0,
      "p25": 996.0,
      "median": 998.0,
      "p75": 1001.0,
      "p90": 1003.0,
      "p95": 1004.0,
      "p99": 1006.0,
      "p99.9": 1008.4020000000005
    }
  },
  "failures": {
    "count": 150,
    "request_latency": {
      "mean": 0.11084872753048937,
      "min": 0.0013283370062708855,
      "max": 11.522281229030341,
      "p0.1": 0.0013312545837834478,
      "p1": 0.001350414059124887,
      "p5": 0.0014189151348546146,
      "p10": 0.0014477134216576814,
      "p25": 0.0015311609022319317,
      "median": 0.0016951558645814657,
      "p75": 0.0024826390435919166,
      "p90": 0.00279800035059452,
      "p95": 0.0037760394858196373,
      "p99": 2.4548857538308515,
      "p99.9": 10.517385337531753
    },
    "prompt_len": {
      "mean": 100.68,
      "min": 0.0,
      "max": 7565.0,
      "p0.1": 0.0,
      "p1": 0.0,
      "p5": 0.0,
      "p10": 0.0,
      "p25": 0.0,
      "median": 0.0,
      "p75": 0.0,
      "p90": 0.0,
      "p95": 0.0,
      "p99": 3843.8699999999317,
      "p99.9": 7560.828
    }
  }
}