{
  "load_summary": {
    "count": 1050,
    "schedule_delay": {
      "mean": 0.0004815308000182822,
      "min": -0.0010347822681069374,
      "max": 0.026206493377685547,
      "p0.1": -0.0009089193241670727,
      "p1": -0.0007008296530693769,
      "p5": -0.0004202876472845673,
      "p10": -0.00023023546673357485,
      "p25": 8.295150473713875e-05,
      "median": 0.0004481344949454069,
      "p75": 0.0008205835474655032,
      "p90": 0.0011061828583478928,
      "p95": 0.001293843681924045,
      "p99": 0.0017007967317476868,
      "p99.9": 0.010701090041082504
    },
    "send_duration": 31.088423650711775,
    "requested_rate": 35.0,
    "achieved_rate": 33.77462980423454
  },
  "successes": {
    "count": 1049,
    "latency": {
      "request_latency": {
        "mean": 34.952140670748264,
        "min": 9.229645640123636,
        "max": 50.38720965292305,
        "p0.1": 9.336366489794106,
        "p1": 11.609230866692961,
        "p5": 14.952115970849992,
        "p10": 17.736430682241917,
        "p25": 33.99150256393477,
        "median": 37.83945101918653,
        "p75": 39.636844363994896,
        "p90": 45.65864541297779,
        "p95": 48.23266935804858,
        "p99": 49.20533050863072,
        "p99.9": 50.13317355578025
      },
      "normalized_time_per_output_token": {
        "mean": 0.035023076297634646,
        "min": 0.009238884524648284,
        "max": 0.05043764730022327,
        "p0.1": 0.009341652105011294,
        "p1": 0.01158605874919457,
        "p5": 0.015036156114473152,
        "p10": 0.017808849335259887,
        "p25": 0.03405231890597106,
        "median": 0.03789388193414212,
        "p75": 0.039728709272592366,
        "p90": 0.045699321287367804,
        "p95": 0.04830617248389855,
        "p99": 0.04931205532923824,
        "p99.9": 0.05018412798447601
      },
      "time_per_output_token": {
        "mean": 0.03360749792881538,
        "min": 0.009107363156974316,
        "max": 0.048210743978864164,
        "p0.1": 0.009195159808225929,
        "p1": 0.010945497766123307,
        "p5": 0.013235129664838315,
        "p10": 0.015154666017647832,
        "p25": 0.03150003315231791,
        "median": 0.03681713586250492,
        "p75": 0.03843798732032907,
        "p90": 0.04432141290381551,
        "p95": 0.04655994960321113,
        "p99": 0.04769814328375984,
        "p99.9": 0.04815397777810246
      },
      "time_to_first_token": {
        "mean": 1.733885921685698,
        "min": 0.08170301513746381,
        "max": 10.10084526007995,
        "p0.1": 0.09091705832257867,
        "p1": 0.100343397539109,
        "p5": 0.1629188164137304,
        "p10": 0.2679430122487247,
        "p25": 0.5049374620430171,
        "median": 1.3609692440368235,
        "p75": 2.531660189386457,
        "p90": 3.857692123670131,
        "p95": 4.5973246541805475,
        "p99": 6.3625042893737485,
        "p99.9": 9.319930292662432
      },
      "inter_token_latency": {
        "mean": 0.03357503887746166,
        "min": 5.356967449188232e-06,
        "max": 6.049667694140226,
        "p0.1": 5.630291067063809e-06,
        "p1": 5.8002769947052e-06,
        "p5": 6.027985364198685e-06,
        "p10": 6.212852895259857e-06,
        "p25": 6.712041795253754e-06,
        "median": 7.700640708208084e-06,
        "p75": 1.1846888810396194e-05,
        "p90": 0.05715958941727892,
        "p95": 0.22933459845371534,
        "p99": 0.6959763928782209,
        "p99.9": 1.236582664957278
      }
    },
    "throughput": {
      "input_tokens_per_sec": 104048.05411284143,
      "output_tokens_per_sec": 13764.626939464632,
      "total_tokens_per_sec": 117812.68105230607,
      "requests_per_sec": 13.793094097444582
    },
    "prompt_len": {
      "mean": 7543.489037178265,
      "min": 7486.0,
      "max": 7614.0,
      "p0.1": 7489.048,
      "p1": 7496.0,
      "p5": 7510.0,
      "p10": 7516.0,
      "p25": 7529.0,
      "median": 7543.0,
      "p75": 7557.0,
      "p90": 7572.0,
      "p95": 7579.0,
      "p99": 7596.08,
      "p99.9": 7611.0
    },
    "output_len": {
      "mean": 997.9361296472831,
      "min": 943.0,
      "max": 1010.0,
      "p0.1": 946.288,
      "p1": 977.96,
      "p5": 992.0,
      "p10": 994.0,
      "p25": 996.0,
      "median": 998.0,
      "p75": 1001.0,
      "p90": 1003.0,
      "p95": 1004.0,
      "p99": 1006.0,
      "p99.9": 1008.0
    }
  },
  "failures": {
    "count": 1,
    "request_latency": {
      "mean": 2.369993377942592,
      "min": 2.369993377942592,
      "max": 2.369993377942592,
      "p0.1": 2.369993377942592,
      "p1": 2.369993377942592,
      "p5": 2.369993377942592,
      "p10": 2.369993377942592,
      "p25": 2.369993377942592,
      "median": 2.369993377942592,
      "p75": 2.369993377942592,
      "p90": 2.369993377942592,
      "p95": 2.369993377942592,
      "p99": 2.369993377942592,
      "p99.9": 2.369993377942592
    },
    "prompt_len": {
      "mean": 7553.0,
      "min": 7553.0,
      "max": 7553.0,
      "p0.1": 7553.0,
      "p1": 7553.0,
      "p5": 7553.0,
      "p10": 7553.0,
      "p25": 7553.0,
      "median": 7553.0,
      "p75": 7553.0,
      "p90": 7553.0,
      "p95": 7553.0,
      "p99": 7553.0,
      "p99.9": 7553.0
    }
  }
}