{
  "load_summary": {
    "count": 1650,
    "schedule_delay": {
      "mean": 0.000496193143454465,
      "min": -0.001651601865887642,
      "max": 0.0641821501776576,
      "p0.1": -0.0015272303712554275,
      "p1": -0.0009241644944995641,
      "p5": -0.0005113976076245308,
      "p10": -0.00028785979375243185,
      "p25": 3.727956209331751e-05,
      "median": 0.00040212576277554035,
      "p75": 0.0007703684968873858,
      "p90": 0.0011132021434605123,
      "p95": 0.0012965201633051036,
      "p99": 0.001670468347147107,
      "p99.9": 0.029308207117952585
    },
    "send_duration": 29.659825212787837,
    "requested_rate": 55.0,
    "achieved_rate": 55.63080659317582
  },
  "successes": {
    "count": 1274,
    "latency": {
      "request_latency": {
        "mean": 44.71348707542793,
        "min": 10.640118141192943,
        "max": 65.25543754315004,
        "p0.1": 10.685234244494234,
        "p1": 13.540658755511977,
        "p5": 18.539548053080217,
        "p10": 22.38623173655942,
        "p25": 43.87096801958978,
        "median": 48.684567308519036,
        "p75": 51.397447410505265,
        "p90": 54.66352054891176,
        "p95": 58.23747918310109,
        "p99": 60.03103970448952,
        "p99.9": 61.16658916393342
      },
      "normalized_time_per_output_token": {
        "mean": 0.04481062484133633,
        "min": 0.010647134874424603,
        "max": 0.06564933354441653,
        "p0.1": 0.010658823358549532,
        "p1": 0.013550633439276403,
        "p5": 0.01861342432563067,
        "p10": 0.022382670147154893,
        "p25": 0.04394649286992317,
        "median": 0.04875958697732488,
        "p75": 0.051464723963546365,
        "p90": 0.05496653998913222,
        "p95": 0.05844226820968548,
        "p99": 0.06035219286675015,
        "p99.9": 0.061228606057596564
      },
      "time_per_output_token": {
        "mean": 0.04229865735480423,
        "min": 0.01052676412789151,
        "max": 0.05754069975985869,
        "p0.1": 0.01055380361544527,
        "p1": 0.012568886290518567,
        "p5": 0.016527327884710397,
        "p10": 0.018928646928118544,
        "p25": 0.042080845137509995,
        "median": 0.046369220209019,
        "p75": 0.04851855481234996,
        "p90": 0.05297605279682562,
        "p95": 0.05536071520733766,
        "p99": 0.056846782401531536,
        "p99.9": 0.05744741098294243
      },
      "time_to_first_token": {
        "mean": 2.9264419724158883,
        "min": 0.08448656415566802,
        "max": 17.18978649098426,
        "p0.1": 0.08561877884343266,
        "p1": 0.10333083897829055,
        "p5": 0.2133957982296124,
        "p10": 0.5309837007895112,
        "p25": 0.855144539498724,
        "median": 2.3688923090230674,
        "p75": 4.373752569430508,
        "p90": 6.082459380058572,
        "p95": 7.199428514717145,
        "p99": 9.61139529040549,
        "p99.9": 16.53116486247118
      },
      "inter_token_latency": {
        "mean": 0.042246349482329366,
        "min": 5.360692739486694e-06,
        "max": 17.14800206106156,
        "p0.1": 5.645211786031723e-06,
        "p1": 5.81890344619751e-06,
        "p5": 6.044749170541763e-06,
        "p10": 6.224028766155243e-06,
        "p25": 6.6980719566345215e-06,
        "median": 7.587950676679611e-06,
        "p75": 1.0501127690076828e-05,
        "p90": 0.03900311114266513,
        "p95": 0.3215352469123894,
        "p99": 0.9007665411941712,
        "p99.9": 1.599009732883497
      }
    },
    "throughput": {
      "input_tokens_per_sec": 121894.63323159798,
      "output_tokens_per_sec": 16125.21884363421,
      "total_tokens_per_sec": 138019.8520752322,
      "requests_per_sec": 16.159198822948714
    },
    "prompt_len": {
      "mean": 7543.358712715855,
      "min": 7486.0,
      "max": 7614.0,
      "p0.1": 7486.819,
      "p1": 7496.0,
      "p5": 7510.0,
      "p10": 7516.0,
      "p25": 7529.0,
      "median": 7542.0,
      "p75": 7556.0,
      "p90": 7572.0,
      "p95": 7579.0,
      "p99": 7598.0,
      "p99.9": 7613.1810000000005
    },
    "output_len": {
      "mean": 997.8971742543171,
      "min": 938.0,
      "max": 1012.0,
      "p0.1": 941.184,
      "p1": 975.0,
      "p5": 992.0,
      "p10": 994.0,
      "p25": 996.0,
      "median": 998.0,
      "p75": 1001.0,
      "p90": 1003.0,
      "p95": 1004.0,
      "p99": 1007.0,
      "p99.9": 1009.7270000000001
    }
  },
  "failures": {
    "count": 376,
    "request_latency": {
      "mean": 0.00804435967670833,
      "min": 0.0013307500630617142,
      "max": 1.0324754482135177,
      "p0.1": 0.001338403089903295,
      "p1": 0.0013617952354252338,
      "p5": 0.0014260902535170317,
      "p10": 0.00145919737406075,
      "p25": 0.0015762107213959098,
      "median": 0.0025361129082739353,
      "p75": 0.00295824755448848,
      "p90": 0.003909040475264192,
      "p95": 0.004062514053657651,
      "p99": 0.01756509265396744,
      "p99.9": 1.0314634077949452
    },
    "prompt_len": {
      "mean": 0.0,
      "min": 0.0,
      "max": 0.0,
      "p0.1": 0.0,
      "p1": 0.0,
      "p5": 0.0,
      "p10": 0.0,
      "p25": 0.0,
      "median": 0.0,
      "p75": 0.0,
      "p90": 0.0,
      "p95": 0.0,
      "p99": 0.0,
      "p99.9": 0.0
    }
  }
}