{
  "load_summary": {
    "count": 100,
    "schedule_delay": {
      "mean": 0.0004874272458255291,
      "min": -0.0008576503023505211,
      "max": 0.0019470578990876675,
      "p0.1": -0.000832560169044882,
      "p1": -0.0006067489692941308,
      "p5": -0.000343788624741137,
      "p10": -6.88748899847269e-05,
      "p25": 0.00013929686974734068,
      "median": 0.00044942786917090416,
      "p75": 0.0008657706202939153,
      "p90": 0.0011442018672823907,
      "p95": 0.0012180854333564636,
      "p99": 0.0019405263848602773,
      "p99.9": 0.0019464047476649286
    },
    "send_duration": 20.429424609057605,
    "requested_rate": 5.0,
    "achieved_rate": 4.894900464091579
  },
  "successes": {
    "count": 100,
    "latency": {
      "request_latency": {
        "mean": 8.247890322152525,
        "min": 6.3532794252969325,
        "max": 10.477315599098802,
        "p0.1": 6.362857465680689,
        "p1": 6.4490598291344945,
        "p5": 6.6781205028062685,
        "p10": 7.133361966069788,
        "p25": 7.625518560409546,
        "median": 8.006635393248871,
        "p75": 8.923858691006899,
        "p90": 9.844035606412218,
        "p95": 10.283046170603484,
        "p99": 10.44621379657183,
        "p99.9": 10.474205418846104
      },
      "normalized_time_per_output_token": {
        "mean": 0.008258779468559551,
        "min": 0.006391629200499932,
        "max": 0.01058314706979677,
        "p0.1": 0.006398049805033975,
        "p1": 0.006455835245840359,
        "p5": 0.0066791149864642565,
        "p10": 0.007160578415429069,
        "p25": 0.0076324428243442,
        "median": 0.007973142227253687,
        "p75": 0.008948459192977085,
        "p90": 0.009838193841258376,
        "p95": 0.010273170773499086,
        "p99": 0.010520172498473234,
        "p99.9": 0.010576849612664417
      },
      "time_per_output_token": {
        "mean": 0.008086326346795833,
        "min": 0.006223169635981321,
        "max": 0.010167843773961066,
        "p0.1": 0.006233801603077445,
        "p1": 0.00632948930694256,
        "p5": 0.006481271013361402,
        "p10": 0.0069933522216212175,
        "p25": 0.007457493980182335,
        "median": 0.007865323909092694,
        "p75": 0.008818154680642499,
        "p90": 0.009696270000562073,
        "p95": 0.010140335057349875,
        "p99": 0.010165292304405011,
        "p99.9": 0.010167588627005461
      },
      "time_to_first_token": {
        "mean": 0.1341822608700022,
        "min": 0.06911965925246477,
        "max": 1.1209309021942317,
        "p0.1": 0.06961128275096416,
        "p1": 0.07403589423745871,
        "p5": 0.08586572725325822,
        "p10": 0.08861497663892806,
        "p25": 0.09445994324050844,
        "median": 0.10332490596920252,
        "p75": 0.11648185667581856,
        "p90": 0.13422338934615263,
        "p95": 0.26723531705792986,
        "p99": 0.7107276018196738,
        "p99.9": 1.07991057215678
      },
      "inter_token_latency": {
        "mean": 0.00808626282051619,
        "min": 5.5781565606594086e-06,
        "max": 0.5682293446734548,
        "p0.1": 5.80397853627801e-06,
        "p1": 6.408737972378731e-06,
        "p5": 8.752243593335153e-06,
        "p10": 0.004306146642193198,
        "p25": 0.006583437556400895,
        "median": 0.007755503291264176,
        "p75": 0.008892256882973015,
        "p90": 0.010543323680758476,
        "p95": 0.011739617376588284,
        "p99": 0.018541494272649287,
        "p99.9": 0.19650996987941433
      }
    },
    "throughput": {
      "input_tokens_per_sec": 25263.405177493452,
      "output_tokens_per_sec": 3344.802517842279,
      "total_tokens_per_sec": 28608.207695335732,
      "requests_per_sec": 3.349122886365691
    },
    "prompt_len": {
      "mean": 7543.29,
      "min": 7501.0,
      "max": 7586.0,
      "p0.1": 7501.297,
      "p1": 7503.97,
      "p5": 7512.0,
      "p10": 7519.9,
      "p25": 7530.5,
      "median": 7542.5,
      "p75": 7553.25,
      "p90": 7566.2,
      "p95": 7574.05,
      "p99": 7583.03,
      "p99.9": 7585.703
    },
    "output_len": {
      "mean": 998.71,
      "min": 989.0,
      "max": 1008.0,
      "p0.1": 989.099,
      "p1": 989.99,
      "p5": 992.95,
      "p10": 994.9,
      "p25": 997.0,
      "median": 999.0,
      "p75": 1000.25,
      "p90": 1003.0,
      "p95": 1004.0,
      "p99": 1006.02,
      "p99.9": 1007.802
    }
  },
  "failures": {
    "count": 0,
    "request_latency": null,
    "prompt_len": null
  }
}