{
  "load_summary": {
    "count": 8650,
    "schedule_delay": {
      "mean": 0.0005117726973607878,
      "min": -0.001651601865887642,
      "max": 0.0641821501776576,
      "p0.1": -0.00114585288381204,
      "p1": -0.0007425756007432937,
      "p5": -0.0004286231938749552,
      "p10": -0.00023878673091530796,
      "p25": 6.657314952462912e-05,
      "median": 0.0004426189698278904,
      "p75": 0.0008173586102202535,
      "p90": 0.0011484352406114342,
      "p95": 0.00133948994334787,
      "p99": 0.0018375162873417157,
      "p99.9": 0.029042836348526654
    }
  },
  "successes": {
    "count": 8055,
    "latency": {
      "request_latency": {
        "mean": 42.484868324329945,
        "min": 6.3532794252969325,
        "max": 82.84200795413926,
        "p0.1": 7.108093994208612,
        "p1": 8.350366235123948,
        "p5": 13.460336761921646,
        "p10": 17.699130538757892,
        "p25": 33.602881342871115,
        "median": 46.021201356779784,
        "p75": 51.62911449582316,
        "p90": 61.35519142597914,
        "p95": 64.42572110462933,
        "p99": 76.82323110292666,
        "p99.9": 80.49266095192576
      },
      "normalized_time_per_output_token": {
        "mean": 0.04257646673658091,
        "min": 0.006391629200499932,
        "max": 0.08317470678126432,
        "p0.1": 0.007115594572142411,
        "p1": 0.008355015386380255,
        "p5": 0.01348107993487153,
        "p10": 0.01771548581466975,
        "p25": 0.03365300767237463,
        "median": 0.046094108317868566,
        "p75": 0.0517810811369743,
        "p90": 0.061457553512163476,
        "p95": 0.06447950716028053,
        "p99": 0.07688258153529262,
        "p99.9": 0.08058628152822549
      },
      "time_per_output_token": {
        "mean": 0.04013510098033732,
        "min": 0.006223169635981321,
        "max": 0.07443882513092831,
        "p0.1": 0.006796519849454053,
        "p1": 0.008124808633209912,
        "p5": 0.012264114120043815,
        "p10": 0.01559675543634221,
        "p25": 0.03257743366875598,
        "median": 0.04396961448993909,
        "p75": 0.04935148183136326,
        "p90": 0.056826643575042045,
        "p95": 0.059398515568509946,
        "p99": 0.07067722582716494,
        "p99.9": 0.07373279565875607
      },
      "time_to_first_token": {
        "mean": 2.8057099576843503,
        "min": 0.0690690279006958,
        "max": 25.535712331999093,
        "p0.1": 0.08403393553663045,
        "p1": 0.09509110610932112,
        "p5": 0.16601084051653744,
        "p10": 0.27110540783032777,
        "p25": 0.6784107591956854,
        "median": 1.9549508728086948,
        "p75": 4.155007086228579,
        "p90": 6.302432858012617,
        "p95": 7.987475521862502,
        "p99": 13.162914696289228,
        "p99.9": 20.257859887921253
      },
      "inter_token_latency": {
        "mean": 0.04010447993418678,
        "min": 5.302019417285919e-06,
        "max": 23.789313865825534,
        "p0.1": 5.634967237710953e-06,
        "p1": 5.813781172037125e-06,
        "p5": 6.0498714447021484e-06,
        "p10": 6.241258233785629e-06,
        "p25": 6.757210940122604e-06,
        "median": 7.788650691509247e-06,
        "p75": 1.2736301869153976e-05,
        "p90": 0.04676092211157122,
        "p95": 0.2590527440421282,
        "p99": 0.8805580855160934,
        "p99.9": 1.667188547730488
      }
    },
    "throughput": {
      "input_tokens_per_sec": 100517.70430087291,
      "output_tokens_per_sec": 13297.52630599434,
      "total_tokens_per_sec": 113815.23060686725,
      "requests_per_sec": 13.325212308874704
    },
    "prompt_len": {
      "mean": 7543.422346368715,
      "min": 7486.0,
      "max": 7614.0,
      "p0.1": 7486.0,
      "p1": 7496.0,
      "p5": 7510.0,
      "p10": 7516.0,
      "p25": 7529.0,
      "median": 7543.0,
      "p75": 7557.0,
      "p90": 7572.0,
      "p95": 7579.0,
      "p99": 7598.0,
      "p99.9": 7614.0
    },
    "output_len": {
      "mean": 997.9222842954687,
      "min": 476.0,
      "max": 1017.0,
      "p0.1": 934.162,
      "p1": 980.0,
      "p5": 992.0,
      "p10": 994.0,
      "p25": 996.0,
      "median": 998.0,
      "p75": 1001.0,
      "p90": 1003.0,
      "p95": 1004.0,
      "p99": 1007.0,
      "p99.9": 1009.9460000000008
    }
  },
  "failures": {
    "count": 595,
    "request_latency": {
      "mean": 0.05564579042613882,
      "min": 0.0013283370062708855,
      "max": 11.522281229030341,
      "p0.1": 0.0013297703620046377,
      "p1": 0.0013580678589642048,
      "p5": 0.0014272399712353945,
      "p10": 0.001460304670035839,
      "p25": 0.0015710948500782251,
      "median": 0.002384120598435402,
      "p75": 0.0030262714717537165,
      "p90": 0.0040476260706782344,
      "p95": 0.004443145496770738,
      "p99": 1.4762934602051554,
      "p99.9": 7.516186198492026
    },
    "prompt_len": {
      "mean": 101.45378151260505,
      "min": 0.0,
      "max": 7566.0,
      "p0.1": 0.0,
      "p1": 0.0,
      "p5": 0.0,
      "p10": 0.0,
      "p25": 0.0,
      "median": 0.0,
      "p75": 0.0,
      "p90": 0.0,
      "p95": 0.0,
      "p99": 7536.0599999999995,
      "p99.9": 7565.406
    }
  }
}