{
  "load_summary": {
    "count": 2550,
    "schedule_delay": {
      "mean": 0.0005402068585595664,
      "min": -0.0010322825983166695,
      "max": 0.03483252041041851,
      "p0.1": -0.000942495962139219,
      "p1": -0.0006604688009247184,
      "p5": -0.0003779112594202161,
      "p10": -0.00018765125423669812,
      "p25": 0.0001126640709117055,
      "median": 0.00046825408935546875,
      "p75": 0.0008374478202313185,
      "p90": 0.0011614248622208831,
      "p95": 0.0013616663869470353,
      "p99": 0.0018090951489284615,
      "p99.9": 0.03018459757789971
    },
    "send_duration": 29.870268694125116,
    "requested_rate": 85.0,
    "achieved_rate": 85.36916845684532
  },
  "successes": {
    "count": 2135,
    "latency": {
      "request_latency": {
        "mean": 72.02988662448138,
        "min": 13.729730282910168,
        "max": 147.37791583221406,
        "p0.1": 13.971979937537574,
        "p1": 17.91423738937825,
        "p5": 26.836911406554282,
        "p10": 32.655087711010125,
        "p25": 38.83149190386757,
        "median": 50.764256957452744,
        "p75": 101.25157022895291,
        "p90": 137.9817899350077,
        "p95": 139.45822068918497,
        "p99": 141.66043817524798,
        "p99.9": 144.85909136327012
      },
      "normalized_time_per_output_token": {
        "mean": 0.07190361073087022,
        "min": 0.003768807261475858,
        "max": 0.1495093032852819,
        "p0.1": 0.004211243407665454,
        "p1": 0.014122237483959178,
        "p5": 0.02507386527660747,
        "p10": 0.03197495029172982,
        "p25": 0.03887459656743458,
        "median": 0.050607180843594946,
        "p75": 0.10118021118366,
        "p90": 0.13868900128626477,
        "p95": 0.1403580792258747,
        "p99": 0.14314307884771957,
        "p99.9": 0.14773536683628502
      },
      "time_per_output_token": {
        "mean": 0.06559212774214794,
        "min": 0.0034297722479416145,
        "max": 0.1361579939611256,
        "p0.1": 0.010072457834353671,
        "p1": 0.015896754300193862,
        "p5": 0.02051700684450118,
        "p10": 0.026264581920170445,
        "p25": 0.03339560706875654,
        "median": 0.04438448442481302,
        "p75": 0.09560970407095738,
        "p90": 0.1314146865297123,
        "p95": 0.1335183106443845,
        "p99": 0.1355242255383823,
        "p99.9": 0.13601343946966252
      },
      "time_to_first_token": {
        "mean": 6.797637587397052,
        "min": 0.04939957521855831,
        "max": 37.95785841299221,
        "p0.1": 0.056400382943451406,
        "p1": 0.09079408578574658,
        "p5": 0.23968943506479265,
        "p10": 0.4654953816905618,
        "p25": 2.268443158362061,
        "median": 5.588292858097702,
        "p75": 9.580038584535941,
        "p90": 15.167750965896994,
        "p95": 18.938872374175116,
        "p99": 26.217453540945396,
        "p99.9": 30.966794489473163
      },
      "inter_token_latency": {
        "mean": 0.06588399999308119,
        "min": 5.326699465513229e-06,
        "max": 37.789701633155346,
        "p0.1": 5.665235221385956e-06,
        "p1": 5.849171429872513e-06,
        "p5": 6.119720637798309e-06,
        "p10": 6.344635039567947e-06,
        "p25": 6.9336965680122375e-06,
        "median": 8.075032383203506e-06,
        "p75": 1.3730023056268692e-05,
        "p90": 0.12419367944821717,
        "p95": 0.2865938656963407,
        "p99": 1.5624441250413645,
        "p99.9": 3.3277335294485186
      }
    },
    "throughput": {
      "input_tokens_per_sec": 100172.79726467721,
      "output_tokens_per_sec": 14235.909317886952,
      "total_tokens_per_sec": 114408.70658256416,
      "requests_per_sec": 13.276772859455575
    },
    "prompt_len": {
      "mean": 7544.96580796253,
      "min": 7477.0,
      "max": 7605.0,
      "p0.1": 7477.67,
      "p1": 7497.0,
      "p5": 7511.0,
      "p10": 7517.0,
      "p25": 7528.0,
      "median": 7545.0,
      "p75": 7560.0,
      "p90": 7573.0,
      "p95": 7579.3,
      "p99": 7592.0,
      "p99.9": 7604.0620000000035
    },
    "output_len": {
      "mean": 1072.2416861826698,
      "min": 748.0,
      "max": 8589.0,
      "p0.1": 898.804,
      "p1": 967.0,
      "p5": 986.0,
      "p10": 990.0,
      "p25": 993.0,
      "median": 996.0,
      "p75": 998.0,
      "p90": 1000.0,
      "p95": 1001.0,
      "p99": 5958.1799999989125,
      "p99.9": 8580.990000000007
    }
  },
  "failures": {
    "count": 415,
    "request_latency": {
      "mean": 0.05373814321762647,
      "min": 0.001399543136358261,
      "max": 21.26039327075705,
      "p0.1": 0.001401813550852239,
      "p1": 0.0014345723669975997,
      "p5": 0.0014882946386933326,
      "p10": 0.0015318945981562138,
      "p25": 0.001641085371375084,
      "median": 0.001918033231049776,
      "p75": 0.0027349411975592375,
      "p90": 0.003306689765304327,
      "p95": 0.003931945888325571,
      "p99": 0.005640799244865778,
      "p99.9": 12.48209670432525
    },
    "prompt_len": {
      "mean": 18.202409638554215,
      "min": 0.0,
      "max": 7554.0,
      "p0.1": 0.0,
      "p1": 0.0,
      "p5": 0.0,
      "p10": 0.0,
      "p25": 0.0,
      "median": 0.0,
      "p75": 0.0,
      "p90": 0.0,
      "p95": 0.0,
      "p99": 0.0,
      "p99.9": 4426.644000000526
    }
  }
}