{
  "load_summary": {
    "count": 1200,
    "schedule_delay": {
      "mean": 0.0006027272099163383,
      "min": -0.0009422563016414642,
      "max": 0.03479305608198047,
      "p0.1": -0.0008629472167231143,
      "p1": -0.0006454577809199691,
      "p5": -0.00036999122239649295,
      "p10": -0.0002001106273382902,
      "p25": 0.00012058892752975225,
      "median": 0.00048520416021347046,
      "p75": 0.0008627176284790039,
      "p90": 0.0012088596820831298,
      "p95": 0.0013995765242725607,
      "p99": 0.0017710139276459812,
      "p99.9": 0.03063679026858903
    },
    "send_duration": 31.36634188098833,
    "requested_rate": 40.0,
    "achieved_rate": 38.25756935740537
  },
  "successes": {
    "count": 1161,
    "latency": {
      "request_latency": {
        "mean": 38.51573298541824,
        "min": 8.369230825919658,
        "max": 86.59222780307755,
        "p0.1": 8.4156716703251,
        "p1": 10.654242248646915,
        "p5": 13.434936174191535,
        "p10": 15.738275401294231,
        "p25": 20.055953204631805,
        "median": 24.803250323049724,
        "p75": 53.52556965406984,
        "p90": 81.44156119180843,
        "p95": 83.5951624866575,
        "p99": 84.76584488134831,
        "p99.9": 86.12652960892771
      },
      "normalized_time_per_output_token": {
        "mean": 0.038437266525865814,
        "min": 0.0016309316686036858,
        "max": 0.087717884594375,
        "p0.1": 0.0019392470213207885,
        "p1": 0.00847886421353294,
        "p5": 0.012954188856868859,
        "p10": 0.015491753210811544,
        "p25": 0.0200724124369953,
        "median": 0.024902861770130246,
        "p75": 0.05374053178119462,
        "p90": 0.08194155779605236,
        "p95": 0.08412393434197159,
        "p99": 0.08547307564383705,
        "p99.9": 0.08699035609880061
      },
      "time_per_output_token": {
        "mean": 0.03637934342306259,
        "min": 0.0026174105903533154,
        "max": 0.0827266188771464,
        "p0.1": 0.004192020926438272,
        "p1": 0.009275699813705178,
        "p5": 0.011777091913533074,
        "p10": 0.01337420246610418,
        "p25": 0.01812597125950753,
        "median": 0.02312805744388916,
        "p75": 0.05161367769399658,
        "p90": 0.07830769957590793,
        "p95": 0.08124597163312137,
        "p99": 0.08219452918758616,
        "p99.9": 0.08269569238955157
      },
      "time_to_first_token": {
        "mean": 2.3309319911434008,
        "min": 0.05666494509205222,
        "max": 15.141793596092612,
        "p0.1": 0.05796118685975671,
        "p1": 0.08264537099748849,
        "p5": 0.15712585905566812,
        "p10": 0.2522034952417016,
        "p25": 0.6048891632817686,
        "median": 1.995034541003406,
        "p75": 3.394240688998252,
        "p90": 4.965458470862359,
        "p95": 6.02589426888153,
        "p99": 8.079151303879947,
        "p99.9": 11.796377638038491
      },
      "inter_token_latency": {
        "mean": 0.036547230908722396,
        "min": 5.373265594244003e-06,
        "max": 3.8243623450398445,
        "p0.1": 5.6158751249313354e-06,
        "p1": 5.7960860431194305e-06,
        "p5": 6.062909960746765e-06,
        "p10": 6.295740604400635e-06,
        "p25": 6.945803761482239e-06,
        "median": 8.37491825222969e-06,
        "p75": 2.9840623028576374e-05,
        "p90": 0.08494714591652158,
        "p95": 0.1421576574910431,
        "p99": 0.7489833283051864,
        "p99.9": 1.596249845817221
      }
    },
    "throughput": {
      "input_tokens_per_sec": 82129.74798226247,
      "output_tokens_per_sec": 11681.946979001243,
      "total_tokens_per_sec": 93811.69496126371,
      "requests_per_sec": 10.885819464038258
    },
    "prompt_len": {
      "mean": 7544.654608096468,
      "min": 7477.0,
      "max": 7605.0,
      "p0.1": 7482.64,
      "p1": 7496.6,
      "p5": 7511.0,
      "p10": 7517.0,
      "p25": 7528.0,
      "median": 7544.0,
      "p75": 7560.0,
      "p90": 7573.0,
      "p95": 7579.0,
      "p99": 7592.0,
      "p99.9": 7598.0
    },
    "output_len": {
      "mean": 1073.1343669250646,
      "min": 943.0,
      "max": 8586.0,
      "p0.1": 952.32,
      "p1": 974.0,
      "p5": 986.0,
      "p10": 990.0,
      "p25": 994.0,
      "median": 996.0,
      "p75": 998.0,
      "p90": 1000.0,
      "p95": 1001.0,
      "p99": 4003.600000000681,
      "p99.9": 8581.800000000003
    }
  },
  "failures": {
    "count": 39,
    "request_latency": {
      "mean": 0.23945035681558344,
      "min": 0.0014297268353402615,
      "max": 4.904677867889404,
      "p0.1": 0.0014331888165324926,
      "p1": 0.0014643466472625732,
      "p5": 0.00156830963678658,
      "p10": 0.0016027484089136124,
      "p25": 0.0023152832873165607,
      "median": 0.0034919828176498413,
      "p75": 0.0040072668343782425,
      "p90": 0.00468110572546721,
      "p95": 2.0933638471644374,
      "p99": 3.893656457886093,
      "p99.9": 4.803575726889083
    },
    "prompt_len": {
      "mean": 579.4102564102565,
      "min": 0.0,
      "max": 7550.0,
      "p0.1": 0.0,
      "p1": 0.0,
      "p5": 0.0,
      "p10": 0.0,
      "p25": 0.0,
      "median": 0.0,
      "p75": 0.0,
      "p90": 0.0,
      "p95": 7503.9,
      "p99": 7549.24,
      "p99.9": 7549.924
    }
  }
}