{
  "load_summary": {
    "count": 750,
    "schedule_delay": {
      "mean": 0.0006203132458031177,
      "min": -0.0009612529538571835,
      "max": 0.03323766216635704,
      "p0.1": -0.0009269176255911588,
      "p1": -0.0006445947056636215,
      "p5": -0.00039237174205482,
      "p10": -0.00020626187324523926,
      "p25": 0.00012019835412502289,
      "median": 0.00046313926577568054,
      "p75": 0.0008358508348464966,
      "p90": 0.0011464231647551062,
      "p95": 0.0013463939540088177,
      "p99": 0.0016412121523171662,
      "p99.9": 0.03152077960921472
    },
    "send_duration": 28.288808287121356,
    "requested_rate": 25.0,
    "achieved_rate": 26.51225150199918
  },
  "successes": {
    "count": 750,
    "latency": {
      "request_latency": {
        "mean": 26.756324717766294,
        "min": 7.70710433088243,
        "max": 59.27541507035494,
        "p0.1": 7.957577355755493,
        "p1": 8.653383526382967,
        "p5": 10.595855690864846,
        "p10": 12.466777294734493,
        "p25": 15.318389778258279,
        "median": 18.28898535994813,
        "p75": 34.320464045973495,
        "p90": 56.087791598914194,
        "p95": 57.88690915578045,
        "p99": 58.82126839121338,
        "p99.9": 59.21962496567379
      },
      "normalized_time_per_output_token": {
        "mean": 0.026721997401557278,
        "min": 0.0012874287034019432,
        "max": 0.060362265005100314,
        "p0.1": 0.0016294619792446736,
        "p1": 0.007905232356275998,
        "p5": 0.010155194176819383,
        "p10": 0.012284245729205731,
        "p25": 0.01532727257461188,
        "median": 0.018360274054050725,
        "p75": 0.034299423247655475,
        "p90": 0.05650868174184052,
        "p95": 0.05831434796184885,
        "p99": 0.059256718910818615,
        "p99.9": 0.05989087621286794
      },
      "time_per_output_token": {
        "mean": 0.02608904148170768,
        "min": 0.007169934359379113,
        "max": 0.059289734679238225,
        "p0.1": 0.007345601157952565,
        "p1": 0.008216086533651686,
        "p5": 0.009805799475698247,
        "p10": 0.011408284076268623,
        "p25": 0.014575770197578487,
        "median": 0.018110810413392405,
        "p75": 0.03339179533848074,
        "p90": 0.05564492147647285,
        "p95": 0.05776401421191766,
        "p99": 0.05905400015968097,
        "p99.9": 0.059284112779018634
      },
      "time_to_first_token": {
        "mean": 0.979554469688485,
        "min": 0.04718449106439948,
        "max": 4.7279310817830265,
        "p0.1": 0.05167895986419171,
        "p1": 0.060834012809209526,
        "p5": 0.11439414087217302,
        "p10": 0.1882996667176485,
        "p25": 0.3258347628870979,
        "median": 0.7512034878600389,
        "p75": 1.4253918816102669,
        "p90": 2.1700612332671882,
        "p95": 2.5949979272903874,
        "p99": 3.5505667547974733,
        "p99.9": 4.6774064728957665
      },
      "inter_token_latency": {
        "mean": 0.026141127731610994,
        "min": 5.349051207304001e-06,
        "max": 1.7552680769003928,
        "p0.1": 5.607958883047104e-06,
        "p1": 5.787704139947891e-06,
        "p5": 6.043817847967148e-06,
        "p10": 6.273854523897171e-06,
        "p25": 6.966758519411087e-06,
        "median": 8.962582796812057e-06,
        "p75": 0.010944174602627754,
        "p90": 0.06727497391402723,
        "p95": 0.12259495472535481,
        "p99": 0.43217950499616575,
        "p99.9": 0.8937970939539412
      }
    },
    "throughput": {
      "input_tokens_per_sec": 72467.90882618297,
      "output_tokens_per_sec": 10231.058447883064,
      "total_tokens_per_sec": 82698.96727406603,
      "requests_per_sec": 9.604811905245203
    },
    "prompt_len": {
      "mean": 7544.958666666666,
      "min": 7477.0,
      "max": 7605.0,
      "p0.1": 7480.745,
      "p1": 7497.49,
      "p5": 7511.0,
      "p10": 7517.0,
      "p25": 7528.25,
      "median": 7545.0,
      "p75": 7560.0,
      "p90": 7573.0,
      "p95": 7579.0,
      "p99": 7591.51,
      "p99.9": 7599.7570000000005
    },
    "output_len": {
      "mean": 1065.2013333333334,
      "min": 927.0,
      "max": 8582.0,
      "p0.1": 950.968,
      "p1": 970.49,
      "p5": 985.0,
      "p10": 989.0,
      "p25": 993.0,
      "median": 996.0,
      "p75": 998.0,
      "p90": 1000.0,
      "p95": 1002.0,
      "p99": 1007.0,
      "p99.9": 8567.020000000002
    }
  },
  "failures": {
    "count": 0,
    "request_latency": null,
    "prompt_len": null
  }
}