{
  "load_summary": {
    "count": 10350,
    "schedule_delay": {
      "mean": 0.0006087227805927036,
      "min": -0.001752073410898447,
      "max": 0.06229767110198736,
      "p0.1": -0.0009484143992885948,
      "p1": -0.0006604688009247184,
      "p5": -0.00037522008642554283,
      "p10": -0.00019701668061316012,
      "p25": 0.00011794583406299353,
      "median": 0.0004858945030719042,
      "p75": 0.0008656032150611281,
      "p90": 0.0012032252270728354,
      "p95": 0.001400965545326471,
      "p99": 0.0018096260866150263,
      "p99.9": 0.03425022360543047
    }
  },
  "successes": {
    "count": 9428,
    "latency": {
      "request_latency": {
        "mean": 52.06993639305103,
        "min": 5.67145970184356,
        "max": 147.37791583221406,
        "p0.1": 6.331147895245347,
        "p1": 8.446356498580426,
        "p5": 12.563503497396596,
        "p10": 16.329555290425198,
        "p25": 23.817091690027155,
        "median": 38.281408921582624,
        "p75": 73.54759485437535,
        "p90": 123.86166117480032,
        "p95": 133.3193612555042,
        "p99": 141.3679489800334,
        "p99.9": 146.7567168688518
      },
      "normalized_time_per_output_token": {
        "mean": 0.05197762467686177,
        "min": 0.0007294142724927993,
        "max": 0.15199902200538085,
        "p0.1": 0.001801799479400976,
        "p1": 0.006455615422586503,
        "p5": 0.011655482857277398,
        "p10": 0.015836262397062043,
        "p25": 0.023608455480346836,
        "median": 0.03828006979886722,
        "p75": 0.07360149439928237,
        "p90": 0.1243611586471611,
        "p95": 0.13395767826810318,
        "p99": 0.1425433713865071,
        "p99.9": 0.14766284885664233
      },
      "time_per_output_token": {
        "mean": 0.0479465733787912,
        "min": 0.0026174105903533154,
        "max": 0.1427125923302956,
        "p0.1": 0.006041295915251132,
        "p1": 0.008073645126554533,
        "p5": 0.0113468754934198,
        "p10": 0.014488910703407602,
        "p25": 0.021129046152345836,
        "median": 0.03358202867695931,
        "p75": 0.0681241607835982,
        "p90": 0.11318181704725147,
        "p95": 0.12439124370517675,
        "p99": 0.13412085646569727,
        "p99.9": 0.13761098982233017
      },
      "time_to_first_token": {
        "mean": 4.39458918730853,
        "min": 0.04718449106439948,
        "max": 37.95785841299221,
        "p0.1": 0.05542560857906938,
        "p1": 0.06934277466032654,
        "p5": 0.15205147671513258,
        "p10": 0.26333387698978183,
        "p25": 0.7119063587160781,
        "median": 2.6788422444369644,
        "p75": 5.813986392458901,
        "p90": 10.958585025509826,
        "p95": 16.610341847850936,
        "p99": 23.2100751737738,
        "p99.9": 28.699032257609105
      },
      "inter_token_latency": {
        "mean": 0.048163528883191316,
        "min": 5.293171852827072e-06,
        "max": 37.789701633155346,
        "p0.1": 5.625654011964798e-06,
        "p1": 5.814246833324432e-06,
        "p5": 6.0908496379852295e-06,
        "p10": 6.3301995396614075e-06,
        "p25": 6.984919309616089e-06,
        "median": 8.492730557918549e-06,
        "p75": 2.8207781724631786e-05,
        "p90": 0.10370023408904672,
        "p95": 0.175442460575141,
        "p99": 1.0449610139010501,
        "p99.9": 2.5427718697792216
      }
    },
    "throughput": {
      "input_tokens_per_sec": 80039.37509413085,
      "output_tokens_per_sec": 11367.902618582359,
      "total_tokens_per_sec": 91407.27771271321,
      "requests_per_sec": 10.608554905870028
    },
    "prompt_len": {
      "mean": 7544.795290623674,
      "min": 7477.0,
      "max": 7605.0,
      "p0.1": 7477.0,
      "p1": 7497.0,
      "p5": 7511.0,
      "p10": 7517.0,
      "p25": 7528.0,
      "median": 7545.0,
      "p75": 7560.0,
      "p90": 7573.0,
      "p95": 7579.0,
      "p99": 7592.0,
      "p99.9": 7605.0
    },
    "output_len": {
      "mean": 1071.5788078065336,
      "min": 748.0,
      "max": 8591.0,
      "p0.1": 898.427,
      "p1": 970.0,
      "p5": 986.0,
      "p10": 990.0,
      "p25": 994.0,
      "median": 996.0,
      "p75": 998.0,
      "p90": 1000.0,
      "p95": 1001.0,
      "p99": 8488.78999999999,
      "p99.9": 8583.0
    }
  },
  "failures": {
    "count": 922,
    "request_latency": {
      "mean": 0.13566028211799142,
      "min": 0.0013931258581578732,
      "max": 21.26039327075705,
      "p0.1": 0.0013945793122984468,
      "p1": 0.0014368866104632616,
      "p5": 0.001500056032091379,
      "p10": 0.0015615968964993953,
      "p25": 0.0016793734394013882,
      "median": 0.0022868565283715725,
      "p75": 0.003142258385196328,
      "p90": 0.0040205327793955805,
      "p95": 0.00434989472851157,
      "p99": 4.2647488878946485,
      "p99.9": 17.48903196047273
    },
    "prompt_len": {
      "mean": 122.6062906724512,
      "min": 0.0,
      "max": 7571.0,
      "p0.1": 0.0,
      "p1": 0.0,
      "p5": 0.0,
      "p10": 0.0,
      "p25": 0.0,
      "median": 0.0,
      "p75": 0.0,
      "p90": 0.0,
      "p95": 0.0,
      "p99": 7527.79,
      "p99.9": 7559.027000000001
    }
  }
}