{
  "load_summary": {
    "count": 3000,
    "schedule_delay": {
      "mean": 0.005436218240763992,
      "min": -0.0007401085458695889,
      "max": 0.7615962489508092,
      "p0.1": -0.0006395121850073337,
      "p1": -0.00041829424910247323,
      "p5": -9.549946989864105e-05,
      "p10": 9.385617449879648e-05,
      "p25": 0.00041648175101727247,
      "median": 0.0008056610822677612,
      "p75": 0.0012851457577198744,
      "p90": 0.005515210563316941,
      "p95": 0.006806268659420306,
      "p99": 0.08203603266272436,
      "p99.9": 0.5300505035812996
    },
    "send_duration": 30.196394314989448,
    "requested_rate": 100.0,
    "achieved_rate": 99.34961004634928
  },
  "successes": {
    "count": 2988,
    "latency": {
      "request_latency": {
        "mean": 7.203524572048692,
        "min": 1.687133208848536,
        "max": 15.063075570389628,
        "p0.1": 1.9738653924516403,
        "p1": 2.890459832632914,
        "p5": 4.0602367125684395,
        "p10": 4.772265100292861,
        "p25": 5.484270744258538,
        "median": 6.620546356309205,
        "p75": 8.543558390345424,
        "p90": 10.845317420735956,
        "p95": 11.980377723299899,
        "p99": 13.69326426350046,
        "p99.9": 14.633853318104546
      },
      "normalized_time_per_output_token": {
        "mean": 0.03576863815496934,
        "min": 0.00036592248349098425,
        "max": 0.07494067447955038,
        "p0.1": 0.009767260469394315,
        "p1": 0.014260288562732216,
        "p5": 0.02000614240729862,
        "p10": 0.02362604244190977,
        "p25": 0.027265101081957524,
        "median": 0.032860786251449975,
        "p75": 0.04240331147431131,
        "p90": 0.053830595556661066,
        "p95": 0.05966432528663659,
        "p99": 0.06811670763239287,
        "p99.9": 0.07313409946307317
      },
      "time_per_output_token": {
        "mean": 0.031751088309498854,
        "min": 9.127866942435503e-06,
        "max": 0.07190998864141018,
        "p0.1": 0.006918048459166641,
        "p1": 0.010693283925950528,
        "p5": 0.014824113347085067,
        "p10": 0.0183691258120947,
        "p25": 0.02281616269447427,
        "median": 0.027170704522593965,
        "p75": 0.039136030563641386,
        "p90": 0.05311524739527978,
        "p95": 0.059208258847249486,
        "p99": 0.0670276915392457,
        "p99.9": 0.06983970763396534
      },
      "time_to_first_token": {
        "mean": 1.2670663711290753,
        "min": 0.08420265698805451,
        "max": 5.505517864134163,
        "p0.1": 0.0890224406295456,
        "p1": 0.11671590896323324,
        "p5": 0.2719670228892937,
        "p10": 0.43430013111792504,
        "p25": 0.7148656222270802,
        "median": 1.0359150618314743,
        "p75": 1.4782361711841077,
        "p90": 2.6753328362479816,
        "p95": 3.3737072580959655,
        "p99": 4.146889107218015,
        "p99.9": 5.423968610152604
      },
      "inter_token_latency": {
        "mean": 0.03143316073861224,
        "min": 5.251727998256683e-06,
        "max": 3.071561658754945,
        "p0.1": 5.548819899559021e-06,
        "p1": 5.757901817560196e-06,
        "p5": 6.052199751138687e-06,
        "p10": 6.3213519752025604e-06,
        "p25": 7.095281034708023e-06,
        "median": 9.292736649513245e-06,
        "p75": 8.151493966579437e-05,
        "p90": 0.10187574094161402,
        "p95": 0.16614071056246732,
        "p99": 0.33061842218041243,
        "p99.9": 2.156659117611139
      }
    },
    "throughput": {
      "input_tokens_per_sec": 915950.7561951492,
      "output_tokens_per_sec": 16182.331779939204,
      "total_tokens_per_sec": 932133.0879750884,
      "requests_per_sec": 78.84346910438097
    },
    "prompt_len": {
      "mean": 11617.331994645248,
      "min": 11521.0,
      "max": 11784.0,
      "p0.1": 11525.0,
      "p1": 11545.0,
      "p5": 11563.0,
      "p10": 11572.0,
      "p25": 11591.0,
      "median": 11617.0,
      "p75": 11640.0,
      "p90": 11661.0,
      "p95": 11674.0,
      "p99": 11718.26,
      "p99.9": 11772.0
    },
    "output_len": {
      "mean": 205.24631860776438,
      "min": 187.0,
      "max": 11773.0,
      "p0.1": 196.0,
      "p1": 199.0,
      "p5": 200.0,
      "p10": 200.0,
      "p25": 201.0,
      "median": 201.0,
      "p75": 202.0,
      "p90": 203.0,
      "p95": 204.0,
      "p99": 206.0,
      "p99.9": 211.0
    }
  },
  "failures": {
    "count": 12,
    "request_latency": {
      "mean": 0.8598558935724819,
      "min": 0.09149741381406784,
      "max": 3.6263921158388257,
      "p0.1": 0.09355211549485103,
      "p1": 0.11204443062189967,
      "p5": 0.19423249785322697,
      "p10": 0.2827887872233987,
      "p25": 0.36550715065095574,
      "median": 0.6178501474205405,
      "p75": 0.784149169921875,
      "p90": 1.4214891473762692,
      "p95": 2.444939423236063,
      "p99": 3.3901015773182746,
      "p99.9": 3.602763061986772
    },
    "prompt_len": {
      "mean": 11610.5,
      "min": 11578.0,
      "max": 11641.0,
      "p0.1": 11578.055,
      "p1": 11578.55,
      "p5": 11580.75,
      "p10": 11583.2,
      "p25": 11595.5,
      "median": 11610.5,
      "p75": 11626.75,
      "p90": 11637.7,
      "p95": 11639.35,
      "p99": 11640.67,
      "p99.9": 11640.967
    }
  }
}