{
  "load_summary": {
    "count": 6000,
    "schedule_delay": {
      "mean": 0.0052658880328914776,
      "min": -0.0007571084424853325,
      "max": 0.7971483706496656,
      "p0.1": -0.0006491488553583622,
      "p1": -0.0004297584248706698,
      "p5": -0.00012791347689926623,
      "p10": 6.587589159607886e-05,
      "p25": 0.00037358468398451805,
      "median": 0.0007515791803598404,
      "p75": 0.0011645209742709994,
      "p90": 0.0016898880247026692,
      "p95": 0.006630027154460557,
      "p99": 0.07867246503941769,
      "p99.9": 0.6252034099474674
    },
    "send_duration": 29.274904028046876,
    "requested_rate": 200.0,
    "achieved_rate": 204.95370349469596
  },
  "successes": {
    "count": 5900,
    "latency": {
      "request_latency": {
        "mean": 10.453698631876023,
        "min": 3.3465012130327523,
        "max": 21.86560281086713,
        "p0.1": 3.694488476611208,
        "p1": 4.8594432245241475,
        "p5": 5.673789679305628,
        "p10": 6.364145553065464,
        "p25": 8.371927979052998,
        "median": 10.45970999239944,
        "p75": 12.376852866727859,
        "p90": 14.338254988892006,
        "p95": 15.5821497279685,
        "p99": 17.18684937266168,
        "p99.9": 19.767194455275327
      },
      "normalized_time_per_output_token": {
        "mean": 0.051886665889356816,
        "min": 0.0004260711800541171,
        "max": 0.10878409358640363,
        "p0.1": 0.018014292578755694,
        "p1": 0.024029940912976475,
        "p5": 0.028157780882531767,
        "p10": 0.03158274471114112,
        "p25": 0.04152709148240917,
        "median": 0.0519176427158143,
        "p75": 0.06140740846216548,
        "p90": 0.07113655175095898,
        "p95": 0.0773786547458986,
        "p99": 0.08550605367387344,
        "p99.9": 0.0985020106122742
      },
      "time_per_output_token": {
        "mean": 0.04578849467951502,
        "min": 0.0016851822706711226,
        "max": 0.09811186274005608,
        "p0.1": 0.014100959504107445,
        "p1": 0.01983317660569927,
        "p5": 0.024808591707424575,
        "p10": 0.02736251125914206,
        "p25": 0.03466519741803213,
        "median": 0.048137339098973136,
        "p75": 0.05385980566540132,
        "p90": 0.060593771299404055,
        "p95": 0.06739969041003506,
        "p99": 0.07744765907975469,
        "p99.9": 0.09396308666502687
      },
      "time_to_first_token": {
        "mean": 4.848425219102952,
        "min": 0.0893903961405158,
        "max": 16.38675426505506,
        "p0.1": 0.10369359824759886,
        "p1": 0.20059932503849268,
        "p5": 0.7380059411982074,
        "p10": 1.4103108179289847,
        "p25": 2.751091533456929,
        "median": 4.6001292685978115,
        "p75": 6.691891628084704,
        "p90": 8.466248307423669,
        "p95": 9.583355757407844,
        "p99": 11.728989709420132,
        "p99.9": 14.352187657754937
      },
      "inter_token_latency": {
        "mean": 0.04373873904162968,
        "min": 5.33275306224823e-06,
        "max": 3.226508007850498,
        "p0.1": 5.640089511871338e-06,
        "p1": 5.866866558790207e-06,
        "p5": 6.182119250297546e-06,
        "p10": 6.444286555051804e-06,
        "p25": 7.146038115024567e-06,
        "median": 8.839182555675507e-06,
        "p75": 1.7772428691387177e-05,
        "p90": 0.16831575902178905,
        "p95": 0.2949486996978522,
        "p99": 0.5410854033939527,
        "p99.9": 2.0501452799905193
      }
    },
    "throughput": {
      "input_tokens_per_sec": 1616419.332225363,
      "output_tokens_per_sec": 28572.846336383107,
      "total_tokens_per_sec": 1644992.1785617461,
      "requests_per_sec": 139.13896282386935
    },
    "prompt_len": {
      "mean": 11617.30186440678,
      "min": 11521.0,
      "max": 11784.0,
      "p0.1": 11525.0,
      "p1": 11545.0,
      "p5": 11563.0,
      "p10": 11572.0,
      "p25": 11590.75,
      "median": 11617.0,
      "p75": 11640.0,
      "p90": 11661.0,
      "p95": 11674.0,
      "p99": 11720.0,
      "p99.9": 11772.0
    },
    "output_len": {
      "mean": 205.35474576271187,
      "min": 196.0,
      "max": 11774.0,
      "p0.1": 198.0,
      "p1": 199.0,
      "p5": 200.0,
      "p10": 200.0,
      "p25": 201.0,
      "median": 201.0,
      "p75": 202.0,
      "p90": 203.0,
      "p95": 204.0,
      "p99": 206.0,
      "p99.9": 211.10100000000057
    }
  },
  "failures": {
    "count": 100,
    "request_latency": {
      "mean": 1.8788291759928688,
      "min": 0.0016302228905260563,
      "max": 6.450409290380776,
      "p0.1": 0.0016563992891460656,
      "p1": 0.0018919868767261505,
      "p5": 0.0038071068236604335,
      "p10": 0.005542090767994523,
      "p25": 0.08591781137511134,
      "median": 1.445165132638067,
      "p75": 2.9757577220443636,
      "p90": 4.653786924760789,
      "p95": 5.543040992948226,
      "p99": 6.446496610017493,
      "p99.9": 6.450018022344448
    },
    "prompt_len": {
      "mean": 8482.44,
      "min": 0.0,
      "max": 11683.0,
      "p0.1": 0.0,
      "p1": 0.0,
      "p5": 0.0,
      "p10": 0.0,
      "p25": 0.0,
      "median": 11609.0,
      "p75": 11632.5,
      "p90": 11658.1,
      "p95": 11670.1,
      "p99": 11676.07,
      "p99.9": 11682.307
    }
  }
}