{
  "load_summary": {
    "count": 150,
    "schedule_delay": {
      "mean": 0.002161161545664072,
      "min": -0.0004864162765443325,
      "max": 0.07499814126640558,
      "p0.1": -0.00046406804909929634,
      "p1": -0.0002669062837958336,
      "p5": 4.480804782360792e-05,
      "p10": 0.0001724621281027794,
      "p25": 0.0005898785311728716,
      "median": 0.0009825921151787043,
      "p75": 0.0014060420216992497,
      "p90": 0.0018084147945046424,
      "p95": 0.005894536431878788,
      "p99": 0.038359078438952435,
      "p99.9": 0.07059404566092498
    },
    "send_duration": 26.439400866627693,
    "requested_rate": 5.0,
    "achieved_rate": 5.673350949087988
  },
  "successes": {
    "count": 150,
    "latency": {
      "request_latency": {
        "mean": 1.2471295088902117,
        "min": 0.9482129691168666,
        "max": 1.9856053860858083,
        "p0.1": 0.9487953481171281,
        "p1": 0.9524580542603508,
        "p5": 0.9579882531892508,
        "p10": 0.9716398015618324,
        "p25": 0.9949035873869434,
        "median": 1.1477447166107595,
        "p75": 1.41146528464742,
        "p90": 1.697620079293847,
        "p95": 1.7458610361209137,
        "p99": 1.9123072611400855,
        "p99.9": 1.9772617013151772
      },
      "normalized_time_per_output_token": {
        "mean": 0.006194748432644002,
        "min": 0.004711388719870764,
        "max": 0.009878633761620936,
        "p0.1": 0.004711699282781676,
        "p1": 0.004723877093897634,
        "p5": 0.0047630389576919134,
        "p10": 0.004811160036142748,
        "p25": 0.004931202248901254,
        "median": 0.005724444572590245,
        "p75": 0.006996100586879505,
        "p90": 0.00844587104126292,
        "p95": 0.008635388438242955,
        "p99": 0.009444231736237964,
        "p99.9": 0.009830041676466915
      },
      "time_per_output_token": {
        "mean": 0.005661997595084222,
        "min": 0.00419544348860103,
        "max": 0.008726838858958506,
        "p0.1": 0.004195600446064326,
        "p1": 0.004197069055758266,
        "p5": 0.004226713606880771,
        "p10": 0.004257782223483857,
        "p25": 0.004354822842651139,
        "median": 0.005145251396576624,
        "p75": 0.0065416776252024186,
        "p90": 0.00786690449449772,
        "p95": 0.008224650582997128,
        "p99": 0.008600698035276895,
        "p99.9": 0.00871159773299254
      },
      "time_to_first_token": {
        "mean": 0.10495857740752398,
        "min": 0.0682352427393198,
        "max": 0.4024486863054335,
        "p0.1": 0.06825335211865603,
        "p1": 0.07057653013151138,
        "p5": 0.08254396300762892,
        "p10": 0.08449446246959269,
        "p25": 0.08729602070525289,
        "median": 0.09263002220541239,
        "p75": 0.09954351687338203,
        "p90": 0.11201333771459757,
        "p95": 0.17921721476595845,
        "p99": 0.3494361982028927,
        "p99.9": 0.3982264252319008
      },
      "inter_token_latency": {
        "mean": 0.005647753067558587,
        "min": 5.3532421588897705e-06,
        "max": 0.3378677209839225,
        "p0.1": 5.767131224274635e-06,
        "p1": 6.622262299060822e-06,
        "p5": 1.2860400602221489e-05,
        "p10": 0.0027441666461527348,
        "p25": 0.004281082656234503,
        "median": 0.004840230103582144,
        "p75": 0.0063543489668518305,
        "p90": 0.008202536031603813,
        "p95": 0.008817927213385701,
        "p99": 0.02051181448623515,
        "p99.9": 0.06184737049511324
      }
    },
    "throughput": {
      "input_tokens_per_sec": 63426.34138645597,
      "output_tokens_per_sec": 1098.9825228394661,
      "total_tokens_per_sec": 64525.32390929544,
      "requests_per_sec": 5.459426342968038
    },
    "prompt_len": {
      "mean": 11617.766666666666,
      "min": 11530.0,
      "max": 11698.0,
      "p0.1": 11531.341,
      "p1": 11546.84,
      "p5": 11570.35,
      "p10": 11577.0,
      "p25": 11595.25,
      "median": 11622.0,
      "p75": 11639.75,
      "p90": 11656.0,
      "p95": 11670.65,
      "p99": 11679.0,
      "p99.9": 11695.169
    },
    "output_len": {
      "mean": 201.3,
      "min": 198.0,
      "max": 206.0,
      "p0.1": 198.149,
      "p1": 199.0,
      "p5": 200.0,
      "p10": 200.0,
      "p25": 201.0,
      "median": 201.0,
      "p75": 202.0,
      "p90": 203.0,
      "p95": 204.0,
      "p99": 204.51,
      "p99.9": 205.85100000000003
    }
  },
  "failures": {
    "count": 0,
    "request_latency": null,
    "prompt_len": null
  }
}