{
  "load_summary": {
    "count": 3750,
    "schedule_delay": {
      "mean": 0.003888274794444442,
      "min": -0.0007798117585480213,
      "max": 0.3819459853693843,
      "p0.1": -0.0006717046266421676,
      "p1": -0.0003978248871862888,
      "p5": -0.00012003099545836448,
      "p10": 7.680566050112249e-05,
      "p25": 0.00040942849591374397,
      "median": 0.0007820616010576487,
      "p75": 0.0012190142879262567,
      "p90": 0.003139000106602833,
      "p95": 0.006658581597730516,
      "p99": 0.05905845382250779,
      "p99.9": 0.3508324991576379
    },
    "send_duration": 30.676999126095325,
    "requested_rate": 125.0,
    "achieved_rate": 122.24142213473776
  },
  "successes": {
    "count": 3708,
    "latency": {
      "request_latency": {
        "mean": 6.565550870430368,
        "min": 2.3832444292493165,
        "max": 11.179546443279833,
        "p0.1": 2.943184061968699,
        "p1": 3.7021987837878987,
        "p5": 4.851680771377869,
        "p10": 5.188661932712421,
        "p25": 5.813391798525117,
        "median": 6.446059182053432,
        "p75": 7.145846767118201,
        "p90": 8.23647088194266,
        "p95": 8.927907442301512,
        "p99": 10.09427544742357,
        "p99.9": 10.60431655138271
      },
      "normalized_time_per_output_token": {
        "mean": 0.03258911499355454,
        "min": 0.0004600364314818594,
        "max": 0.05561963404616832,
        "p0.1": 0.012068003119227122,
        "p1": 0.018363762343346916,
        "p5": 0.024089743437008287,
        "p10": 0.025737469615553742,
        "p25": 0.028892825808218538,
        "median": 0.03196302109241689,
        "p75": 0.03550296643890489,
        "p90": 0.04093030949646783,
        "p95": 0.044370012980965295,
        "p99": 0.050092230844403625,
        "p99.9": 0.05294379056163734
      },
      "time_per_output_token": {
        "mean": 0.028606242233904927,
        "min": 0.006915603157288897,
        "max": 0.05991935187867328,
        "p0.1": 0.008501133523073055,
        "p1": 0.012003564541386864,
        "p5": 0.016829809848700087,
        "p10": 0.019733411910245198,
        "p25": 0.02416756143058994,
        "median": 0.02853339357515608,
        "p75": 0.03322453776768124,
        "p90": 0.036962259850788416,
        "p95": 0.039741222456095626,
        "p99": 0.04601615805909355,
        "p99.9": 0.05415844990476392
      },
      "time_to_first_token": {
        "mean": 1.7437253285075327,
        "min": 0.08254113188013434,
        "max": 6.378636182285845,
        "p0.1": 0.09477010029926897,
        "p1": 0.1277947328798473,
        "p5": 0.3377326897811145,
        "p10": 0.6258257269393653,
        "p25": 1.0986178381135687,
        "median": 1.588429739465937,
        "p75": 2.181710751610808,
        "p90": 3.0570049326866875,
        "p95": 3.775736210239119,
        "p99": 4.958410113966089,
        "p99.9": 5.6491746757142645
      },
      "inter_token_latency": {
        "mean": 0.027973848530680953,
        "min": 5.2354298532009125e-06,
        "max": 3.328449558932334,
        "p0.1": 5.566980689764023e-06,
        "p1": 5.775131285190582e-06,
        "p5": 6.050802767276764e-06,
        "p10": 6.290152668952942e-06,
        "p25": 6.970949470996857e-06,
        "median": 8.709728717803955e-06,
        "p75": 1.850910484790802e-05,
        "p90": 0.10275598894804726,
        "p95": 0.1749602501280605,
        "p99": 0.33164967203512785,
        "p99.9": 2.019297793794917
      }
    },
    "throughput": {
      "input_tokens_per_sec": 1184344.7078718601,
      "output_tokens_per_sec": 21166.476127018515,
      "total_tokens_per_sec": 1205511.1839988788,
      "requests_per_sec": 101.94709120841586
    },
    "prompt_len": {
      "mean": 11617.248651564185,
      "min": 11521.0,
      "max": 11784.0,
      "p0.1": 11525.0,
      "p1": 11545.0,
      "p5": 11563.0,
      "p10": 11572.0,
      "p25": 11591.0,
      "median": 11617.0,
      "p75": 11640.0,
      "p90": 11661.0,
      "p95": 11674.0,
      "p99": 11715.0,
      "p99.9": 11773.465000000004
    },
    "output_len": {
      "mean": 207.62216828478964,
      "min": 196.0,
      "max": 11773.0,
      "p0.1": 197.0,
      "p1": 199.0,
      "p5": 200.0,
      "p10": 200.0,
      "p25": 201.0,
      "median": 201.0,
      "p75": 202.0,
      "p90": 203.0,
      "p95": 204.0,
      "p99": 206.0,
      "p99.9": 213.29300000000057
    }
  },
  "failures": {
    "count": 42,
    "request_latency": {
      "mean": 1.365137025625223,
      "min": 0.0016681039705872536,
      "max": 4.471384711097926,
      "p0.1": 0.0017206649389117955,
      "p1": 0.002193713653832674,
      "p5": 0.003284885850735009,
      "p10": 0.04328005178831537,
      "p25": 0.5196992245037109,
      "median": 0.8912928691133857,
      "p75": 1.9112265603616834,
      "p90": 3.249154102243483,
      "p95": 3.5765451163984823,
      "p99": 4.28555628525093,
      "p99.9": 4.452801868513228
    },
    "prompt_len": {
      "mean": 10228.761904761905,
      "min": 0.0,
      "max": 11705.0,
      "p0.1": 0.0,
      "p1": 0.0,
      "p5": 0.0,
      "p10": 1154.5000000000061,
      "p25": 11570.5,
      "median": 11605.0,
      "p75": 11634.0,
      "p90": 11651.7,
      "p95": 11662.55,
      "p99": 11689.01,
      "p99.9": 11703.401
    }
  }
}