{
  "load_summary": {
    "count": 3000,
    "schedule_delay": {
      "mean": 0.003389762502008428,
      "min": -0.0006991522386670113,
      "max": 0.48903220146894455,
      "p0.1": -0.0006486443895846605,
      "p1": -0.0004504542425274849,
      "p5": -0.00014776217285543676,
      "p10": 2.9033329337835315e-05,
      "p25": 0.0003649479476734996,
      "median": 0.0007594085764139891,
      "p75": 0.0011853043688461185,
      "p90": 0.001659997645765543,
      "p95": 0.005186563590541459,
      "p99": 0.04204507251735751,
      "p99.9": 0.39166288196714943
    },
    "send_duration": 30.758620379958302,
    "requested_rate": 100.0,
    "achieved_rate": 97.53363326902463
  },
  "successes": {
    "count": 2987,
    "latency": {
      "request_latency": {
        "mean": 5.626559185554003,
        "min": 1.433155383914709,
        "max": 14.019355867989361,
        "p0.1": 1.8743546442072838,
        "p1": 2.309995942506939,
        "p5": 2.974880235828459,
        "p10": 3.3341264525428413,
        "p25": 3.9127215787302703,
        "median": 5.174335663206875,
        "p75": 6.920623651938513,
        "p90": 8.6688703160733,
        "p95": 9.82038611494936,
        "p99": 11.613559701722114,
        "p99.9": 13.150408829313719
      },
      "normalized_time_per_output_token": {
        "mean": 0.02790180185957713,
        "min": 0.0004375830947763795,
        "max": 0.06974803914422568,
        "p0.1": 0.007039836755720041,
        "p1": 0.011213194786172397,
        "p5": 0.01468303473515494,
        "p10": 0.016534151691191972,
        "p25": 0.019405821311653623,
        "median": 0.025688288509845735,
        "p75": 0.0344073362270089,
        "p90": 0.04297301802663735,
        "p95": 0.04869721253221735,
        "p99": 0.057702172600585425,
        "p99.9": 0.06542491954882447
      },
      "time_per_output_token": {
        "mean": 0.022919842690691816,
        "min": 8.072464261204005e-06,
        "max": 0.06306472276760773,
        "p0.1": 1.729531174525619e-05,
        "p1": 0.009238105959772827,
        "p5": 0.012062225504221556,
        "p10": 0.01354955529791246,
        "p25": 0.015766962628113106,
        "median": 0.020554192316902673,
        "p75": 0.02784933866090586,
        "p90": 0.03744228462431025,
        "p95": 0.042216562674515366,
        "p99": 0.05188118326716124,
        "p99.9": 0.05866226871299892
      },
      "time_to_first_token": {
        "mean": 0.9612807755551517,
        "min": 0.06996897188946605,
        "max": 5.4574927147477865,
        "p0.1": 0.07912023807503284,
        "p1": 0.13653544122353195,
        "p5": 0.29234469016082587,
        "p10": 0.3699371595866978,
        "p25": 0.5536528795491904,
        "median": 0.8045828621834517,
        "p75": 1.14331557857804,
        "p90": 1.6583365284837783,
        "p95": 2.4435413771774614,
        "p99": 3.4575213789474213,
        "p99.9": 4.676574792722271
      },
      "inter_token_latency": {
        "mean": 0.022918072131151233,
        "min": 5.162786692380905e-06,
        "max": 4.1107395477592945,
        "p0.1": 5.471985787153244e-06,
        "p1": 5.669891834259033e-06,
        "p5": 5.934387445449829e-06,
        "p10": 6.171874701976776e-06,
        "p25": 6.904825568199158e-06,
        "median": 8.9951790869236e-06,
        "p75": 1.9055325537919998e-05,
        "p90": 0.07709241705015295,
        "p95": 0.12409893590956837,
        "p99": 0.2479213325865564,
        "p99.9": 2.199532334081835
      }
    },
    "throughput": {
      "input_tokens_per_sec": 958579.603706813,
      "output_tokens_per_sec": 17581.629017003663,
      "total_tokens_per_sec": 976161.2327238166,
      "requests_per_sec": 82.50343794730838
    },
    "prompt_len": {
      "mean": 11618.662537663207,
      "min": 11527.0,
      "max": 11752.0,
      "p0.1": 11532.986,
      "p1": 11546.86,
      "p5": 11566.0,
      "p10": 11576.0,
      "p25": 11594.0,
      "median": 11616.0,
      "p75": 11641.0,
      "p90": 11664.0,
      "p95": 11678.0,
      "p99": 11707.0,
      "p99.9": 11739.056
    },
    "output_len": {
      "mean": 213.10177435554067,
      "min": 191.0,
      "max": 11854.0,
      "p0.1": 197.0,
      "p1": 199.0,
      "p5": 200.0,
      "p10": 200.0,
      "p25": 201.0,
      "median": 201.0,
      "p75": 202.0,
      "p90": 203.0,
      "p95": 204.0,
      "p99": 206.0,
      "p99.9": 378.0220000014315
    }
  },
  "failures": {
    "count": 13,
    "request_latency": {
      "mean": 0.8397418129114578,
      "min": 0.36685228487476707,
      "max": 2.8817804800346494,
      "p0.1": 0.36782312838733194,
      "p1": 0.376560720000416,
      "p5": 0.41539446050301193,
      "p10": 0.4534965520724654,
      "p25": 0.5153767010197043,
      "median": 0.6775017632171512,
      "p75": 0.8145587272010744,
      "p90": 1.1969341423362496,
      "p95": 1.9216333786956943,
      "p99": 2.689751059766857,
      "p99.9": 2.8625775380078724
    },
    "prompt_len": {
      "mean": 11618.153846153846,
      "min": 11566.0,
      "max": 11665.0,
      "p0.1": 11566.048,
      "p1": 11566.48,
      "p5": 11568.4,
      "p10": 11570.2,
      "p25": 11603.0,
      "median": 11624.0,
      "p75": 11639.0,
      "p90": 11654.2,
      "p95": 11659.6,
      "p99": 11663.92,
      "p99.9": 11664.892
    }
  }
}