{
  "load_summary": {
    "count": 750,
    "schedule_delay": {
      "mean": 0.0009579332210123539,
      "min": -0.0006781234405934811,
      "max": 0.028831070754677057,
      "p0.1": -0.0006171716409735382,
      "p1": -0.00035991264507174493,
      "p5": -8.575622923672194e-05,
      "p10": 8.495394140481951e-05,
      "p25": 0.00042440590914338827,
      "median": 0.0008607548661530018,
      "p75": 0.001265040715225041,
      "p90": 0.0016271349042654038,
      "p95": 0.0019141015131026505,
      "p99": 0.004975473498925565,
      "p99.9": 0.011344836621081697
    },
    "send_duration": 31.207904120907187,
    "requested_rate": 25.0,
    "achieved_rate": 24.032373244108715
  },
  "successes": {
    "count": 750,
    "latency": {
      "request_latency": {
        "mean": 1.5195337193254381,
        "min": 0.7813232922926545,
        "max": 3.7495628790929914,
        "p0.1": 0.7813963837395422,
        "p1": 0.8038234982360154,
        "p5": 0.9562650217674673,
        "p10": 1.0387117703910917,
        "p25": 1.2052252859575674,
        "median": 1.4089767872355878,
        "p75": 1.759229710442014,
        "p90": 2.0458367357961835,
        "p95": 2.4117270107846704,
        "p99": 3.1429722901666532,
        "p99.9": 3.7139479979639916
      },
      "normalized_time_per_output_token": {
        "mean": 0.0075452295928718485,
        "min": 0.0038684201864802306,
        "max": 0.018654541687029808,
        "p0.1": 0.0038953144751595207,
        "p1": 0.003999121881771221,
        "p5": 0.004744249244916741,
        "p10": 0.005167720250701949,
        "p25": 0.005971476350521752,
        "median": 0.006981675276754016,
        "p75": 0.008741115547608466,
        "p90": 0.010116016677135964,
        "p95": 0.011998641844699854,
        "p99": 0.015561666822377772,
        "p99.9": 0.01847735322370145
      },
      "time_per_output_token": {
        "mean": 0.006725554350079624,
        "min": 2.3495315108448267e-05,
        "max": 0.015741465050670398,
        "p0.1": 0.002207635332016224,
        "p1": 0.0035041602430495775,
        "p5": 0.004226135426213406,
        "p10": 0.004580090302438586,
        "p25": 0.0053810995384956746,
        "median": 0.006390519350600556,
        "p75": 0.007919727455979833,
        "p90": 0.009159260596558772,
        "p95": 0.010040649390895834,
        "p99": 0.012375942701183024,
        "p99.9": 0.015454335935526198
      },
      "time_to_first_token": {
        "mean": 0.16365381986337404,
        "min": 0.06410272931680083,
        "max": 1.6865913807414472,
        "p0.1": 0.06468040646146983,
        "p1": 0.07082160871010273,
        "p5": 0.07554727790411561,
        "p10": 0.08008999996818603,
        "p25": 0.08916145982220769,
        "median": 0.09944126335904002,
        "p75": 0.11987645307090133,
        "p90": 0.23166857138276103,
        "p95": 0.6200633434578774,
        "p99": 1.30176545842085,
        "p99.9": 1.647674509277572
      },
      "inter_token_latency": {
        "mean": 0.006727780814674574,
        "min": 5.283858627080917e-06,
        "max": 1.455038912128657,
        "p0.1": 5.626119673252106e-06,
        "p1": 6.100162863731384e-06,
        "p5": 7.438007742166519e-06,
        "p10": 9.809155017137527e-06,
        "p25": 0.0036084603052586317,
        "median": 0.00552777573466301,
        "p75": 0.0073571414686739445,
        "p90": 0.00925495708361268,
        "p95": 0.011357167037203908,
        "p99": 0.03603618373163042,
        "p99.9": 0.21185321385509187
      }
    },
    "throughput": {
      "input_tokens_per_sec": 269100.5342676443,
      "output_tokens_per_sec": 4664.527098983389,
      "total_tokens_per_sec": 273765.06136662763,
      "requests_per_sec": 23.16005193036578
    },
    "prompt_len": {
      "mean": 11619.168,
      "min": 11535.0,
      "max": 11713.0,
      "p0.1": 11537.247,
      "p1": 11547.98,
      "p5": 11566.0,
      "p10": 11576.0,
      "p25": 11596.0,
      "median": 11615.5,
      "p75": 11644.0,
      "p90": 11665.0,
      "p95": 11677.1,
      "p99": 11696.02,
      "p99.9": 11709.255000000001
    },
    "output_len": {
      "mean": 201.404,
      "min": 197.0,
      "max": 211.0,
      "p0.1": 197.749,
      "p1": 199.0,
      "p5": 200.0,
      "p10": 200.0,
      "p25": 201.0,
      "median": 201.0,
      "p75": 202.0,
      "p90": 203.0,
      "p95": 204.0,
      "p99": 206.0,
      "p99.9": 211.0
    }
  },
  "failures": {
    "count": 0,
    "request_latency": null,
    "prompt_len": null
  }
}