{
  "load_summary": {
    "count": 2250,
    "schedule_delay": {
      "mean": 0.0033850082897891602,
      "min": -0.0007145670242607594,
      "max": 0.2599737187847495,
      "p0.1": -0.000651511465664953,
      "p1": -0.0003928183810785413,
      "p5": -0.00011581196449697017,
      "p10": 6.283139809966087e-05,
      "p25": 0.000404955237172544,
      "median": 0.0007959394715726376,
      "p75": 0.0011944008292630315,
      "p90": 0.0017145250923931608,
      "p95": 0.01798377267550675,
      "p99": 0.05006535364780381,
      "p99.9": 0.21199696222832767
    },
    "send_duration": 30.639746762812138,
    "requested_rate": 75.0,
    "achieved_rate": 73.43402729198971
  },
  "successes": {
    "count": 2246,
    "latency": {
      "request_latency": {
        "mean": 4.239042625922373,
        "min": 0.9575375118292868,
        "max": 9.754145527724177,
        "p0.1": 1.419726513836067,
        "p1": 1.8995350268902258,
        "p5": 2.3407928314991295,
        "p10": 2.5429650363512337,
        "p25": 3.002272584475577,
        "median": 3.7326176525093615,
        "p75": 5.251720572239719,
        "p90": 6.629000979475677,
        "p95": 7.521216044435278,
        "p99": 8.778395193465986,
        "p99.9": 9.591707893752032
      },
      "normalized_time_per_output_token": {
        "mean": 0.021024905695341666,
        "min": 0.000456502079071691,
        "max": 0.04847378334961831,
        "p0.1": 0.005201510981631138,
        "p1": 0.009392745294751488,
        "p5": 0.011606679341783471,
        "p10": 0.012588581205757654,
        "p25": 0.014902960914270397,
        "median": 0.018529747308988015,
        "p75": 0.02609679330442051,
        "p90": 0.03293441468259408,
        "p95": 0.037443527545312855,
        "p99": 0.043628890451567426,
        "p99.9": 0.0475730069168486
      },
      "time_per_output_token": {
        "mean": 0.018122877331466447,
        "min": 8.887411095201969e-06,
        "max": 0.04524581431354763,
        "p0.1": 1.2671457052092775e-05,
        "p1": 0.007603221380832041,
        "p5": 0.009809604659428608,
        "p10": 0.010850137549193197,
        "p25": 0.012834751444752327,
        "median": 0.015698815620019936,
        "p75": 0.022440197977896113,
        "p90": 0.029059582729722026,
        "p95": 0.03384299612329885,
        "p99": 0.04080403621534512,
        "p99.9": 0.04498721955274357
      },
      "time_to_first_token": {
        "mean": 0.6203818444912309,
        "min": 0.06848987704142928,
        "max": 3.2576435720548034,
        "p0.1": 0.07102769957622514,
        "p1": 0.09986172921489923,
        "p5": 0.2094448421848938,
        "p10": 0.2516805224586278,
        "p25": 0.33016882452648133,
        "median": 0.4842892799060792,
        "p75": 0.7068376850802451,
        "p90": 1.0536736520007253,
        "p95": 1.6528917568502948,
        "p99": 2.7630884394748203,
        "p99.9": 3.1676619597873694
      },
      "inter_token_latency": {
        "mean": 0.01809935432680798,
        "min": 5.1907263696193695e-06,
        "max": 2.6615083813667297,
        "p0.1": 5.457084625959396e-06,
        "p1": 5.657784640789032e-06,
        "p5": 5.95487654209137e-06,
        "p10": 6.2338076531887054e-06,
        "p25": 7.0962123572826385e-06,
        "median": 1.0242685675621033e-05,
        "p75": 0.02089158457238227,
        "p90": 0.0588987428229302,
        "p95": 0.08683001140598208,
        "p99": 0.17505690039601168,
        "p99.9": 0.3808041169075301
      }
    },
    "throughput": {
      "input_tokens_per_sec": 748657.7742221658,
      "output_tokens_per_sec": 13642.887654971923,
      "total_tokens_per_sec": 762300.6618771377,
      "requests_per_sec": 64.43619907739836
    },
    "prompt_len": {
      "mean": 11618.589937666964,
      "min": 11527.0,
      "max": 11752.0,
      "p0.1": 11532.245,
      "p1": 11547.0,
      "p5": 11565.0,
      "p10": 11575.0,
      "p25": 11594.0,
      "median": 11616.0,
      "p75": 11641.0,
      "p90": 11664.0,
      "p95": 11679.0,
      "p99": 11709.1,
      "p99.9": 11742.02
    },
    "output_len": {
      "mean": 211.72707034728407,
      "min": 176.0,
      "max": 11840.0,
      "p0.1": 197.0,
      "p1": 199.0,
      "p5": 200.0,
      "p10": 200.0,
      "p25": 201.0,
      "median": 201.0,
      "p75": 202.0,
      "p90": 203.0,
      "p95": 204.0,
      "p99": 206.0,
      "p99.9": 212.7550000000001
    }
  },
  "failures": {
    "count": 4,
    "request_latency": {
      "mean": 0.5338161793770269,
      "min": 0.17754520988091826,
      "max": 1.0606063893064857,
      "p0.1": 0.1780425238632597,
      "p1": 0.18251834970433264,
      "p5": 0.2024109089979902,
      "p10": 0.22727660811506212,
      "p25": 0.3018737054662779,
      "median": 0.44855655916035175,
      "p75": 0.6804990330711007,
      "p90": 0.9085634468123318,
      "p95": 0.9845849180594085,
      "p99": 1.0454020950570702,
      "p99.9": 1.0590859598815443
    },
    "prompt_len": {
      "mean": 11620.75,
      "min": 11590.0,
      "max": 11660.0,
      "p0.1": 11590.009,
      "p1": 11590.09,
      "p5": 11590.45,
      "p10": 11590.9,
      "p25": 11592.25,
      "median": 11616.5,
      "p75": 11645.0,
      "p90": 11654.0,
      "p95": 11657.0,
      "p99": 11659.4,
      "p99.9": 11659.94
    }
  }
}