{
  "load_summary": {
    "count": 1200,
    "schedule_delay": {
      "mean": 0.0005851486325263978,
      "min": -0.0007737227715551853,
      "max": 0.023746347054839134,
      "p0.1": -0.0007359052901156247,
      "p1": -0.0005364921130239964,
      "p5": -0.00027408828027546405,
      "p10": -0.00010161781683564184,
      "p25": 0.00018381187692284584,
      "median": 0.000573623226955533,
      "p75": 0.000906065572053194,
      "p90": 0.0012259359005838634,
      "p95": 0.0014329802012071013,
      "p99": 0.0017450278904289007,
      "p99.9": 0.005823235154618198
    },
    "send_duration": 28.57226091902703,
    "requested_rate": 40.0,
    "achieved_rate": 41.99877648467392
  },
  "successes": {
    "count": 1198,
    "latency": {
      "request_latency": {
        "mean": 20.47288745091855,
        "min": 4.291450629942119,
        "max": 28.550557306036353,
        "p0.1": 6.409832207758911,
        "p1": 8.63663540339563,
        "p5": 13.243638562527485,
        "p10": 14.935559562733397,
        "p25": 18.780458067078143,
        "median": 21.569462687475607,
        "p75": 22.852218286017887,
        "p90": 23.735721986694262,
        "p95": 24.866509952326304,
        "p99": 27.540772137725725,
        "p99.9": 28.282421238652432
      },
      "normalized_time_per_output_token": {
        "mean": 0.02041530364292857,
        "min": 0.002401070045977216,
        "max": 0.028522035270765588,
        "p0.1": 0.002831067051333574,
        "p1": 0.008538225075746886,
        "p5": 0.013186493980963492,
        "p10": 0.01485319667877377,
        "p25": 0.018714121724440248,
        "median": 0.021546434072862733,
        "p75": 0.022821532399610468,
        "p90": 0.023713057728595967,
        "p95": 0.024855908555632338,
        "p99": 0.0274716985881697,
        "p99.9": 0.02826068401436597
      },
      "time_per_output_token": {
        "mean": 0.02009342203640916,
        "min": 0.004305802839417734,
        "max": 0.027423915930668168,
        "p0.1": 0.006368417446120914,
        "p1": 0.008537027431201775,
        "p5": 0.012668637920753099,
        "p10": 0.014106167102794638,
        "p25": 0.018164523975352738,
        "median": 0.02102773869192441,
        "p75": 0.022678619116291134,
        "p90": 0.024047808823764356,
        "p95": 0.0250999261790251,
        "p99": 0.02711315735212616,
        "p99.9": 0.027395598120513166
      },
      "time_to_first_token": {
        "mean": 1.020394673019038,
        "min": 0.04794583981856704,
        "max": 3.0238268519751728,
        "p0.1": 0.051799134958535435,
        "p1": 0.06663121689110994,
        "p5": 0.1241062886081636,
        "p10": 0.18974012010730804,
        "p25": 0.48785864713136107,
        "median": 0.9775044603738934,
        "p75": 1.4684692483861,
        "p90": 1.8900896043982356,
        "p95": 2.1694112208206193,
        "p99": 2.584040165096521,
        "p99.9": 2.915946555625658
      },
      "inter_token_latency": {
        "mean": 0.02001895019561748,
        "min": 5.2209943532943726e-06,
        "max": 3.8337466469965875,
        "p0.1": 5.475711077451706e-06,
        "p1": 5.6549906730651855e-06,
        "p5": 5.890149623155594e-06,
        "p10": 6.077811121940613e-06,
        "p25": 6.693881005048752e-06,
        "median": 8.054077625274658e-06,
        "p75": 1.2150965631008148e-05,
        "p90": 0.047398112341761625,
        "p95": 0.1375979452859608,
        "p99": 0.3098339526541526,
        "p99.9": 0.7407242871877668
      }
    },
    "throughput": {
      "input_tokens_per_sec": 189637.67838160798,
      "output_tokens_per_sec": 25726.375457854865,
      "total_tokens_per_sec": 215364.05383946284,
      "requests_per_sec": 25.375670140232305
    },
    "prompt_len": {
      "mean": 7473.208681135226,
      "min": 7407.0,
      "max": 7550.0,
      "p0.1": 7407.394,
      "p1": 7416.97,
      "p5": 7432.85,
      "p10": 7441.0,
      "p25": 7455.0,
      "median": 7473.0,
      "p75": 7491.0,
      "p90": 7507.0,
      "p95": 7514.0,
      "p99": 7530.09,
      "p99.9": 7548.818000000001
    },
    "output_len": {
      "mean": 1013.8205342237062,
      "min": 943.0,
      "max": 8480.0,
      "p0.1": 992.197,
      "p1": 997.0,
      "p5": 999.0,
      "p10": 1000.0,
      "p25": 1001.0,
      "median": 1001.0,
      "p75": 1002.0,
      "p90": 1003.0,
      "p95": 1005.0,
      "p99": 1008.0,
      "p99.9": 7004.577000000828
    }
  },
  "failures": {
    "count": 2,
    "request_latency": {
      "mean": 0.9068737605120987,
      "min": 0.8640754171647131,
      "max": 0.9496721038594842,
      "p0.1": 0.8641610138514079,
      "p1": 0.8649313840316608,
      "p5": 0.8683552514994517,
      "p10": 0.8726350858341902,
      "p25": 0.8854745888384059,
      "median": 0.9068737605120987,
      "p75": 0.9282729321857914,
      "p90": 0.9411124351900071,
      "p95": 0.9453922695247456,
      "p99": 0.9488161369925365,
      "p99.9": 0.9495865071727895
    },
    "prompt_len": {
      "mean": 7477.0,
      "min": 7464.0,
      "max": 7490.0,
      "p0.1": 7464.026,
      "p1": 7464.26,
      "p5": 7465.3,
      "p10": 7466.6,
      "p25": 7470.5,
      "median": 7477.0,
      "p75": 7483.5,
      "p90": 7487.4,
      "p95": 7488.7,
      "p99": 7489.74,
      "p99.9": 7489.974
    }
  }
}