{
  "load_summary": {
    "count": 1500,
    "schedule_delay": {
      "mean": 0.0006793046469489734,
      "min": -0.0008946242742240429,
      "max": 0.025297976564615965,
      "p0.1": -0.0007848646552301943,
      "p1": -0.0005878969933837652,
      "p5": -0.0002987509127706289,
      "p10": -0.00010881274938583372,
      "p25": 0.00023897970095276833,
      "median": 0.000590756768360734,
      "p75": 0.0009285970591008663,
      "p90": 0.0012668482027947904,
      "p95": 0.001462635165080428,
      "p99": 0.001933130323886871,
      "p99.9": 0.023950251522008338
    },
    "send_duration": 29.234852945897728,
    "requested_rate": 50.0,
    "achieved_rate": 51.30862134917911
  },
  "successes": {
    "count": 1494,
    "latency": {
      "request_latency": {
        "mean": 22.425547728952395,
        "min": 7.172677948139608,
        "max": 28.383791832253337,
        "p0.1": 7.336734552672598,
        "p1": 10.352009026780724,
        "p5": 15.252964366227388,
        "p10": 16.779436912434175,
        "p25": 20.530719852773473,
        "median": 23.790404107654467,
        "p75": 24.76513406180311,
        "p90": 25.655678303912282,
        "p95": 26.247126853186636,
        "p99": 27.585129663720725,
        "p99.9": 28.131266378290025
      },
      "normalized_time_per_output_token": {
        "mean": 0.022364664198625525,
        "min": 0.0029334186977924576,
        "max": 0.028383791832253338,
        "p0.1": 0.005053569333463269,
        "p1": 0.009916436796583843,
        "p5": 0.015208077966843467,
        "p10": 0.016671815669009615,
        "p25": 0.020500978254447955,
        "median": 0.023749652176306438,
        "p75": 0.024737728132886515,
        "p90": 0.025612196056386594,
        "p95": 0.026207319873607787,
        "p99": 0.02747746779151997,
        "p99.9": 0.02803687742023674
      },
      "time_per_output_token": {
        "mean": 0.02317495989909077,
        "min": 0.007167929799942897,
        "max": 0.03261366034722528,
        "p0.1": 0.007282459225543517,
        "p1": 0.00972642082142178,
        "p5": 0.014229196567250251,
        "p10": 0.015444807736485837,
        "p25": 0.020177064431721674,
        "median": 0.024372624239207243,
        "p75": 0.026912905876394014,
        "p90": 0.028454617069765046,
        "p95": 0.029315922777700586,
        "p99": 0.030326887761136595,
        "p99.9": 0.03181399775362571
      },
      "time_to_first_token": {
        "mean": 1.5760828171669066,
        "min": 0.04751212103292346,
        "max": 6.211262148804963,
        "p0.1": 0.052784566171467304,
        "p1": 0.0700266336882487,
        "p5": 0.13243862150702626,
        "p10": 0.22914283787831666,
        "p25": 0.6887517630821094,
        "median": 1.392478376859799,
        "p75": 2.129022599896416,
        "p90": 3.23866328932345,
        "p95": 3.999233088013716,
        "p99": 5.086480823503803,
        "p99.9": 6.027067501110498
      },
      "inter_token_latency": {
        "mean": 0.02289263414477261,
        "min": 5.238223820924759e-06,
        "max": 2.985763682052493,
        "p0.1": 5.500856786966324e-06,
        "p1": 5.68293035030365e-06,
        "p5": 5.9087760746479034e-06,
        "p10": 6.0889869928359985e-06,
        "p25": 6.64684921503067e-06,
        "median": 7.875729352235794e-06,
        "p75": 1.1417083442211151e-05,
        "p90": 0.04560654843226075,
        "p95": 0.1758310808800161,
        "p99": 0.36109847771003833,
        "p99.9": 2.217795835158354
      }
    },
    "throughput": {
      "input_tokens_per_sec": 217273.51384951323,
      "output_tokens_per_sec": 29406.64119070835,
      "total_tokens_per_sec": 246680.15504022158,
      "requests_per_sec": 29.074964735562304
    },
    "prompt_len": {
      "mean": 7472.872824631861,
      "min": 7407.0,
      "max": 7550.0,
      "p0.1": 7407.986,
      "p1": 7417.0,
      "p5": 7432.0,
      "p10": 7441.3,
      "p25": 7455.0,
      "median": 7472.5,
      "p75": 7490.0,
      "p90": 7506.0,
      "p95": 7514.0,
      "p99": 7533.0,
      "p99.9": 7547.042
    },
    "output_len": {
      "mean": 1011.4076305220883,
      "min": 980.0,
      "max": 8478.0,
      "p0.1": 990.479,
      "p1": 997.0,
      "p5": 999.0,
      "p10": 1000.0,
      "p25": 1001.0,
      "median": 1001.0,
      "p75": 1002.0,
      "p90": 1003.0,
      "p95": 1005.0,
      "p99": 1010.0699999999999,
      "p99.9": 4802.192000000461
    }
  },
  "failures": {
    "count": 6,
    "request_latency": {
      "mean": 0.750504525223126,
      "min": 0.002983793616294861,
      "max": 3.0236257258802652,
      "p0.1": 0.002985571769531816,
      "p1": 0.003001575148664415,
      "p5": 0.003072701278142631,
      "p10": 0.0031616089399904013,
      "p25": 0.0035580359399318695,
      "median": 0.03980311215855181,
      "p75": 1.0639520757831633,
      "p90": 2.208548854570836,
      "p95": 2.6160872902255505,
      "p99": 2.9421180387493227,
      "p99.9": 3.0154749571671724
    },
    "prompt_len": {
      "mean": 3741.3333333333335,
      "min": 0.0,
      "max": 7510.0,
      "p0.1": 0.0,
      "p1": 0.0,
      "p5": 0.0,
      "p10": 0.0,
      "p25": 0.0,
      "median": 3726.0,
      "p75": 7477.5,
      "p90": 7498.0,
      "p95": 7504.0,
      "p99": 7508.8,
      "p99.9": 7509.88
    }
  }
}