{
  "load_summary": {
    "count": 1800,
    "schedule_delay": {
      "mean": 0.0006806780964446565,
      "min": -0.0008203247562050819,
      "max": 0.06852736789733171,
      "p0.1": -0.0008044694256968796,
      "p1": -0.0005541092297062278,
      "p5": -0.00025699709076434376,
      "p10": -9.109368547797202e-05,
      "p25": 0.00022791605442762375,
      "median": 0.0005618000868707895,
      "p75": 0.0009164571529254317,
      "p90": 0.0012527804821729663,
      "p95": 0.001427914504893124,
      "p99": 0.001833300422877073,
      "p99.9": 0.02841262988606555
    },
    "send_duration": 30.149985161144286,
    "requested_rate": 60.0,
    "achieved_rate": 59.70152192047329
  },
  "successes": {
    "count": 1798,
    "latency": {
      "request_latency": {
        "mean": 24.61111439192161,
        "min": 5.053548431955278,
        "max": 34.02574183885008,
        "p0.1": 8.519770147431176,
        "p1": 11.957278471179306,
        "p5": 16.79608207012061,
        "p10": 18.59512526942417,
        "p25": 22.854293838958256,
        "median": 25.78951328410767,
        "p75": 26.968136951327324,
        "p90": 28.024087234400213,
        "p95": 28.737518768431617,
        "p99": 32.7617181462422,
        "p99.9": 33.5289452790851
      },
      "normalized_time_per_output_token": {
        "mean": 0.024542413153776636,
        "min": 0.0027082577378184348,
        "max": 0.03395782618647713,
        "p0.1": 0.00305987193361469,
        "p1": 0.011531535879348577,
        "p5": 0.016679522602007765,
        "p10": 0.018455308847140525,
        "p25": 0.02277575479275468,
        "median": 0.025762396553376844,
        "p75": 0.026912734061933914,
        "p90": 0.028002008861966327,
        "p95": 0.02873131958494578,
        "p99": 0.032728989157085116,
        "p99.9": 0.033509098713430614
      },
      "time_per_output_token": {
        "mean": 0.026200956608538044,
        "min": 0.00499247704556458,
        "max": 0.03849112205803283,
        "p0.1": 0.007673471108664407,
        "p1": 0.010422880515968314,
        "p5": 0.01548462210706599,
        "p10": 0.017043985024991496,
        "p25": 0.021550563054407747,
        "median": 0.02831008878557152,
        "p75": 0.030566272591348614,
        "p90": 0.033084021373366045,
        "p95": 0.03418708541912904,
        "p99": 0.037683913562026036,
        "p99.9": 0.03815744023656526
      },
      "time_to_first_token": {
        "mean": 2.1620180860125005,
        "min": 0.04754739115014672,
        "max": 17.405699693132192,
        "p0.1": 0.052749464406631884,
        "p1": 0.07357619841583073,
        "p5": 0.12924200231209398,
        "p10": 0.23015553657896817,
        "p25": 0.7935400969581679,
        "median": 1.6514571064617485,
        "p75": 2.615421270020306,
        "p90": 5.1978486073203385,
        "p95": 6.334162815194572,
        "p99": 9.24696422674693,
        "p99.9": 13.091127664776417
      },
      "inter_token_latency": {
        "mean": 0.02573942089494144,
        "min": 5.254056304693222e-06,
        "max": 3.3498962917365134,
        "p0.1": 5.51203265786171e-06,
        "p1": 5.692243576049805e-06,
        "p5": 5.9157609939575195e-06,
        "p10": 6.095040589570999e-06,
        "p25": 6.634276360273361e-06,
        "median": 7.804948836565018e-06,
        "p75": 1.1259224265813828e-05,
        "p90": 0.039583199098706244,
        "p95": 0.1993994591757653,
        "p99": 0.409779606112279,
        "p99.9": 2.4370006596525653
      }
    },
    "throughput": {
      "input_tokens_per_sec": 243493.0018004894,
      "output_tokens_per_sec": 33033.7959893203,
      "total_tokens_per_sec": 276526.7977898097,
      "requests_per_sec": 32.58324831435287
    },
    "prompt_len": {
      "mean": 7472.950500556173,
      "min": 7407.0,
      "max": 7550.0,
      "p0.1": 7408.594,
      "p1": 7417.0,
      "p5": 7432.0,
      "p10": 7441.0,
      "p25": 7455.0,
      "median": 7473.0,
      "p75": 7490.0,
      "p90": 7506.3,
      "p95": 7513.15,
      "p99": 7533.0,
      "p99.9": 7545.218000000001
    },
    "output_len": {
      "mean": 1013.8275862068965,
      "min": 990.0,
      "max": 8479.0,
      "p0.1": 991.797,
      "p1": 997.97,
      "p5": 999.0,
      "p10": 1000.0,
      "p25": 1001.0,
      "median": 1001.0,
      "p75": 1002.0,
      "p90": 1003.0,
      "p95": 1004.0,
      "p99": 1007.0,
      "p99.9": 8478.0
    }
  },
  "failures": {
    "count": 2,
    "request_latency": {
      "mean": 2.657735050888732,
      "min": 1.5237300107255578,
      "max": 3.7917400910519063,
      "p0.1": 1.525998020805884,
      "p1": 1.5464101115288214,
      "p5": 1.6371305147418753,
      "p10": 1.7505310187581926,
      "p25": 2.090732530807145,
      "median": 2.657735050888732,
      "p75": 3.224737570970319,
      "p90": 3.5649390830192713,
      "p95": 3.678339587035589,
      "p99": 3.769059990248643,
      "p99.9": 3.78947208097158
    },
    "prompt_len": {
      "mean": 7455.0,
      "min": 7453.0,
      "max": 7457.0,
      "p0.1": 7453.004,
      "p1": 7453.04,
      "p5": 7453.2,
      "p10": 7453.4,
      "p25": 7454.0,
      "median": 7455.0,
      "p75": 7456.0,
      "p90": 7456.6,
      "p95": 7456.8,
      "p99": 7456.96,
      "p99.9": 7456.996
    }
  }
}