{
  "load_summary": {
    "count": 300,
    "schedule_delay": {
      "mean": 0.0006588355312123895,
      "min": -0.0008586980402469635,
      "max": 0.0036839284002780914,
      "p0.1": -0.0007686182265169919,
      "p1": -0.0004288277495652437,
      "p5": -0.00017584613524377344,
      "p10": -1.8354412168264377e-05,
      "p25": 0.0002719244221225381,
      "median": 0.0006171301938593388,
      "p75": 0.0009797709062695503,
      "p90": 0.0013805762864649296,
      "p95": 0.0015918044839054349,
      "p99": 0.0020279191620647904,
      "p99.9": 0.003232047756202552
    },
    "send_duration": 21.466997632291168,
    "requested_rate": 15.0,
    "achieved_rate": 13.974939818725879
  },
  "successes": {
    "count": 300,
    "latency": {
      "request_latency": {
        "mean": 11.03734095014787,
        "min": 3.621920457109809,
        "max": 15.191291871946305,
        "p0.1": 3.632257259597536,
        "p1": 3.6968305001966657,
        "p5": 5.226095540006645,
        "p10": 5.873111634422093,
        "p25": 9.701597742387094,
        "median": 11.774605575483292,
        "p75": 12.88744881702587,
        "p90": 14.240387706272305,
        "p95": 14.552587607875466,
        "p99": 14.727295145001262,
        "p99.9": 15.103838612980681
      },
      "normalized_time_per_output_token": {
        "mean": 0.010988402546164122,
        "min": 0.0014226130861668222,
        "max": 0.015176115756190114,
        "p0.1": 0.0020791241177344436,
        "p1": 0.003652783869207246,
        "p5": 0.005141012641532245,
        "p10": 0.005856464734813199,
        "p25": 0.009670105270857359,
        "median": 0.011764442337859334,
        "p75": 0.01286013251099341,
        "p90": 0.01418233562271956,
        "p95": 0.014523584713813622,
        "p99": 0.01471272974093235,
        "p99.9": 0.015066631112033926
      },
      "time_per_output_token": {
        "mean": 0.010672162132458486,
        "min": 0.0035167867167582435,
        "max": 0.0150868622912094,
        "p0.1": 0.0035175384062576852,
        "p1": 0.0036135212271074624,
        "p5": 0.005064390115095585,
        "p10": 0.005780538765245394,
        "p25": 0.00956434125569649,
        "median": 0.011465434710029513,
        "p75": 0.012410051324460825,
        "p90": 0.013619835029123352,
        "p95": 0.014339873608970084,
        "p99": 0.014549820294091478,
        "p99.9": 0.014931136960775603
      },
      "time_to_first_token": {
        "mean": 0.346467812784637,
        "min": 0.05067360820248723,
        "max": 2.63465738017112,
        "p0.1": 0.051035878107883036,
        "p1": 0.0532545443251729,
        "p5": 0.06984488475136459,
        "p10": 0.07664033290930092,
        "p25": 0.10512166982516646,
        "median": 0.16586460755206645,
        "p75": 0.30105549131985754,
        "p90": 0.6842421263922009,
        "p95": 1.8489485549507678,
        "p99": 2.4852612613234664,
        "p99.9": 2.620622342230753
      },
      "inter_token_latency": {
        "mean": 0.010675462731412868,
        "min": 5.1567330956459045e-06,
        "max": 2.9127082312479615,
        "p0.1": 5.461741238832474e-06,
        "p1": 5.7211145758628845e-06,
        "p5": 6.1891041696071625e-06,
        "p10": 6.7930668592453e-06,
        "p25": 8.687842637300491e-06,
        "median": 0.004489878425374627,
        "p75": 0.01282749348320067,
        "p90": 0.026327323634177446,
        "p95": 0.035667115706019104,
        "p99": 0.06090222825296222,
        "p99.9": 0.2343224067078138
      }
    },
    "throughput": {
      "input_tokens_per_sec": 69520.71456177454,
      "output_tokens_per_sec": 9546.561366724309,
      "total_tokens_per_sec": 79067.27592849884,
      "requests_per_sec": 9.302948164132884
    },
    "prompt_len": {
      "mean": 7472.9766666666665,
      "min": 7413.0,
      "max": 7544.0,
      "p0.1": 7413.598,
      "p1": 7416.99,
      "p5": 7432.0,
      "p10": 7439.0,
      "p25": 7454.75,
      "median": 7474.0,
      "p75": 7490.25,
      "p90": 7506.1,
      "p95": 7512.05,
      "p99": 7530.05,
      "p99.9": 7543.103
    },
    "output_len": {
      "mean": 1026.1866666666667,
      "min": 993.0,
      "max": 8483.0,
      "p0.1": 993.598,
      "p1": 998.0,
      "p5": 999.0,
      "p10": 1000.0,
      "p25": 1001.0,
      "median": 1001.0,
      "p75": 1002.0,
      "p90": 1003.1,
      "p95": 1004.0,
      "p99": 1007.02,
      "p99.9": 6249.470000000163
    }
  },
  "failures": {
    "count": 0,
    "request_latency": null,
    "prompt_len": null
  }
}