{
  "load_summary": {
    "count": 60,
    "schedule_delay": {
      "mean": 0.0010718714678660036,
      "min": -0.00048067234456539154,
      "max": 0.0257709720171988,
      "p0.1": -0.00047710890974849465,
      "p1": -0.0004450379963964224,
      "p5": -0.0002661981154233217,
      "p10": -0.00012896242551505563,
      "p25": 0.00035576324444264174,
      "median": 0.0006784389261156321,
      "p75": 0.001098798238672316,
      "p90": 0.0014395097736269236,
      "p95": 0.0017019326798617838,
      "p99": 0.011643991265445866,
      "p99.9": 0.024358273942023747
    },
    "send_duration": 14.91054307622835,
    "requested_rate": 3.0,
    "achieved_rate": 4.023998300615695
  },
  "successes": {
    "count": 60,
    "latency": {
      "request_latency": {
        "mean": 6.738106762555739,
        "min": 3.5350608956068754,
        "max": 9.31019435543567,
        "p0.1": 3.5616156330448576,
        "p1": 3.8006082699866965,
        "p5": 4.697983305598609,
        "p10": 4.91222041840665,
        "p25": 5.4482882604934275,
        "median": 6.345187747152522,
        "p75": 8.30278460367117,
        "p90": 8.695266644796357,
        "p95": 9.258180549112149,
        "p99": 9.310016628773884,
        "p99.9": 9.310176582769492
      },
      "normalized_time_per_output_token": {
        "mean": 0.006729331234569712,
        "min": 0.003531529366240635,
        "max": 0.009300893461973696,
        "p0.1": 0.0035579376361154443,
        "p1": 0.0037956120649887287,
        "p5": 0.0046931929015028824,
        "p10": 0.004908334997461199,
        "p25": 0.005440071671443626,
        "median": 0.006335685212132719,
        "p75": 0.008295390312652941,
        "p90": 0.00867878208449518,
        "p95": 0.009222680630061153,
        "p99": 0.009300715912861022,
        "p99.9": 0.00930087570706243
      },
      "time_per_output_token": {
        "mean": 0.006590897365263585,
        "min": 0.0034915906178442004,
        "max": 0.00921581903519109,
        "p0.1": 0.0035171583053355882,
        "p1": 0.003747267492758079,
        "p5": 0.004615889645546617,
        "p10": 0.004811443248418867,
        "p25": 0.005356477040042695,
        "median": 0.006242303088540211,
        "p75": 0.008051855866913683,
        "p90": 0.008560940204374493,
        "p95": 0.009159561986988411,
        "p99": 0.009208728832104243,
        "p99.9": 0.009215110014882405
      },
      "time_to_first_token": {
        "mean": 0.12804086170314502,
        "min": 0.05252894200384617,
        "max": 1.2583740050904453,
        "p0.1": 0.052571565302088855,
        "p1": 0.05295517498627305,
        "p5": 0.05504210956860334,
        "p10": 0.05823698854073882,
        "p25": 0.06851864291820675,
        "median": 0.0753222107887268,
        "p75": 0.08483928313944489,
        "p90": 0.10855016969144345,
        "p95": 0.5644507080316543,
        "p99": 1.1104252969892687,
        "p99.9": 1.2435791342803302
      },
      "inter_token_latency": {
        "mean": 0.006592633202097085,
        "min": 5.30388206243515e-06,
        "max": 1.2446979093365371,
        "p0.1": 5.6438148021698e-06,
        "p1": 6.433110684156418e-06,
        "p5": 8.994247764348984e-06,
        "p10": 0.001673273369669916,
        "p25": 0.004372031893581152,
        "median": 0.005951810162514448,
        "p75": 0.007953066378831863,
        "p90": 0.009285563509911299,
        "p95": 0.010166476573795078,
        "p99": 0.015764115639030928,
        "p99.9": 0.10410260055214277
      }
    },
    "throughput": {
      "input_tokens_per_sec": 19750.729419623472,
      "output_tokens_per_sec": 2645.2518451359383,
      "total_tokens_per_sec": 22395.98126475941,
      "requests_per_sec": 2.6419494083754693
    },
    "prompt_len": {
      "mean": 7475.816666666667,
      "min": 7416.0,
      "max": 7518.0,
      "p0.1": 7416.059,
      "p1": 7416.59,
      "p5": 7431.5,
      "p10": 7439.9,
      "p25": 7463.0,
      "median": 7476.0,
      "p75": 7494.0,
      "p90": 7508.1,
      "p95": 7512.05,
      "p99": 7517.41,
      "p99.9": 7517.941
    },
    "output_len": {
      "mean": 1001.25,
      "min": 991.0,
      "max": 1012.0,
      "p0.1": 991.413,
      "p1": 995.13,
      "p5": 999.95,
      "p10": 1000.0,
      "p25": 1001.0,
      "median": 1001.0,
      "p75": 1002.0,
      "p90": 1003.0,
      "p95": 1003.05,
      "p99": 1007.28,
      "p99.9": 1011.528
    }
  },
  "failures": {
    "count": 0,
    "request_latency": null,
    "prompt_len": null
  }
}