{
  "load_summary": {
    "count": 15260,
    "schedule_delay": {
      "mean": 0.0006873442577185942,
      "min": -0.0013624480925500393,
      "max": 0.10060092527419329,
      "p0.1": -0.0008462655860930681,
      "p1": -0.0005830582696944476,
      "p5": -0.0002843150636181235,
      "p10": -0.00010117334313690663,
      "p25": 0.00020737794693559408,
      "median": 0.0005715845618396997,
      "p75": 0.00093313108664006,
      "p90": 0.0012682217173278331,
      "p95": 0.0014733783435076473,
      "p99": 0.0019328238163143397,
      "p99.9": 0.03841972777526843
    }
  },
  "successes": {
    "count": 15049,
    "latency": {
      "request_latency": {
        "mean": 25.612549815057754,
        "min": 3.5350608956068754,
        "max": 55.86866844119504,
        "p0.1": 3.9852345139123497,
        "p1": 6.279873169083149,
        "p5": 11.0995347940363,
        "p10": 14.259995478112252,
        "p25": 19.049323725979775,
        "median": 24.738557251170278,
        "p75": 31.63622977398336,
        "p90": 39.66033555008471,
        "p95": 43.2659650166519,
        "p99": 48.747493098564455,
        "p99.9": 52.14776519969479
      },
      "normalized_time_per_output_token": {
        "mean": 0.025546247351571582,
        "min": 0.0014226130861668222,
        "max": 0.055701563749945206,
        "p0.1": 0.00339926682324516,
        "p1": 0.006041301553134254,
        "p5": 0.010867052775143299,
        "p10": 0.014182155282376884,
        "p25": 0.01897758241979169,
        "median": 0.024697157338942653,
        "p75": 0.031585545434926324,
        "p90": 0.0396117667272002,
        "p95": 0.04319255533920654,
        "p99": 0.04874112197220131,
        "p99.9": 0.05200262256346636
      },
      "time_per_output_token": {
        "mean": 0.02584854110544944,
        "min": 0.0034856177595682008,
        "max": 0.05063404209792494,
        "p0.1": 0.003769071701846815,
        "p1": 0.006004510349030336,
        "p5": 0.010468594958458668,
        "p10": 0.013555393547938393,
        "p25": 0.018200918166097514,
        "median": 0.02469689368410036,
        "p75": 0.03349018354817587,
        "p90": 0.04055824752709133,
        "p95": 0.042877890313386,
        "p99": 0.04724846288191737,
        "p99.9": 0.049270492361829905
      },
      "time_to_first_token": {
        "mean": 2.528138880106274,
        "min": 0.04751212103292346,
        "max": 21.9275521771051,
        "p0.1": 0.05248739591985941,
        "p1": 0.07007422095164656,
        "p5": 0.1220670589245856,
        "p10": 0.19615651061758402,
        "p25": 0.4635703540407121,
        "median": 1.290916235651821,
        "p75": 3.0068101114593446,
        "p90": 7.039997379388662,
        "p95": 9.89826108505949,
        "p99": 16.109367463998506,
        "p99.9": 19.796665077894954
      },
      "inter_token_latency": {
        "mean": 0.025223737008482544,
        "min": 5.12879341840744e-06,
        "max": 3.8337466469965875,
        "p0.1": 5.493871867656708e-06,
        "p1": 5.683861672878265e-06,
        "p5": 5.921348929405212e-06,
        "p10": 6.109010428190231e-06,
        "p25": 6.677582859992981e-06,
        "median": 8.002854883670807e-06,
        "p75": 1.3386830687522888e-05,
        "p90": 0.04193477616645402,
        "p95": 0.1656739567639306,
        "p99": 0.443695442788303,
        "p99.9": 1.9594292482510236
      }
    },
    "throughput": {
      "input_tokens_per_sec": 171121.28060907702,
      "output_tokens_per_sec": 23179.12792830001,
      "total_tokens_per_sec": 194300.40853737702,
      "requests_per_sec": 22.898545051858868
    },
    "prompt_len": {
      "mean": 7473.019801980198,
      "min": 7407.0,
      "max": 7550.0,
      "p0.1": 7407.0,
      "p1": 7417.0,
      "p5": 7432.0,
      "p10": 7441.0,
      "p25": 7455.0,
      "median": 7473.0,
      "p75": 7490.0,
      "p90": 7507.0,
      "p95": 7513.5999999999985,
      "p99": 7533.0,
      "p99.9": 7550.0
    },
    "output_len": {
      "mean": 1012.2533058674995,
      "min": 729.0,
      "max": 8486.0,
      "p0.1": 988.048,
      "p1": 997.0,
      "p5": 999.0,
      "p10": 1000.0,
      "p25": 1001.0,
      "median": 1001.0,
      "p75": 1002.0,
      "p90": 1003.0,
      "p95": 1004.0,
      "p99": 1008.0,
      "p99.9": 8478.0
    }
  },
  "failures": {
    "count": 211,
    "request_latency": {
      "mean": 0.1659012872315237,
      "min": 0.0013568629510700703,
      "max": 4.593249300960451,
      "p0.1": 0.0013583409320563078,
      "p1": 0.0013854850549250841,
      "p5": 0.0014738403260707855,
      "p10": 0.0015221680514514446,
      "p25": 0.001775180920958519,
      "median": 0.00325199356302619,
      "p75": 0.0041203745640814304,
      "p90": 0.005395062733441591,
      "p95": 1.0010192380286753,
      "p99": 3.819588766526431,
      "p99.9": 4.449179978016778
    },
    "prompt_len": {
      "mean": 566.4360189573459,
      "min": 0.0,
      "max": 7510.0,
      "p0.1": 0.0,
      "p1": 0.0,
      "p5": 0.0,
      "p10": 0.0,
      "p25": 0.0,
      "median": 0.0,
      "p75": 0.0,
      "p90": 0.0,
      "p95": 7456.5,
      "p99": 7487.8,
      "p99.9": 7505.8
    }
  }
}