{
  "load_summary": {
    "count": 300,
    "schedule_delay": {
      "mean": 0.0005604933233310779,
      "min": -0.001077733002603054,
      "max": 0.0020849877037107944,
      "p0.1": -0.0009627550360746681,
      "p1": -0.0006699739675968885,
      "p5": -0.0002881537890061736,
      "p10": -0.00011495342478156085,
      "p25": 0.00023035367485135794,
      "median": 0.0005679717287421227,
      "p75": 0.0009418049594387412,
      "p90": 0.001200824696570635,
      "p95": 0.0014502085279673338,
      "p99": 0.0017576255043968557,
      "p99.9": 0.0020224517430178866
    },
    "send_duration": 29.68298042193055,
    "requested_rate": 10.0,
    "achieved_rate": 10.106801801423966
  },
  "successes": {
    "count": 300,
    "latency": {
      "request_latency": {
        "mean": 1.6110997776345661,
        "min": 1.4177186540327966,
        "max": 1.9883280820213258,
        "p0.1": 1.4275205058734863,
        "p1": 1.4577083334978669,
        "p5": 1.478759128600359,
        "p10": 1.493043878674507,
        "p25": 1.5366974329808727,
        "median": 1.5940667297691107,
        "p75": 1.6557790354127064,
        "p90": 1.7572349130176008,
        "p95": 1.820405023242347,
        "p99": 1.9218638578662648,
        "p99.9": 1.9722935504866776
      },
      "normalized_time_per_output_token": {
        "mean": 0.00804960318767492,
        "min": 0.007088593270163983,
        "max": 0.009843208326838247,
        "p0.1": 0.007115256489655749,
        "p1": 0.007252178253682927,
        "p5": 0.007359951076836297,
        "p10": 0.007454534034011885,
        "p25": 0.007690224671343239,
        "median": 0.00795514711730149,
        "p75": 0.008305828143493272,
        "p90": 0.008801604108702007,
        "p95": 0.009024245027276431,
        "p99": 0.0094529734750863,
        "p99.9": 0.009802115763771971
      },
      "time_per_output_token": {
        "mean": 0.007589306040068739,
        "min": 0.005505851658526808,
        "max": 0.008881661116611213,
        "p0.1": 0.005588436083879787,
        "p1": 0.006762364944815635,
        "p5": 0.007032209280994721,
        "p10": 0.007105598476948217,
        "p25": 0.007329524960368872,
        "median": 0.00753474272811556,
        "p75": 0.007848584626917728,
        "p90": 0.008188322936417537,
        "p95": 0.008423822249285878,
        "p99": 0.008667874396638945,
        "p99.9": 0.008831201277971271
      },
      "time_to_first_token": {
        "mean": 0.08004922524249802,
        "min": 0.04000466596335173,
        "max": 0.4758209069259465,
        "p0.1": 0.04002004588861018,
        "p1": 0.04361105003394187,
        "p5": 0.047582546318881216,
        "p10": 0.049519203556701544,
        "p25": 0.05345093260984868,
        "median": 0.06126067670993507,
        "p75": 0.0741247539408505,
        "p90": 0.11285814503207817,
        "p95": 0.24023304851725696,
        "p99": 0.3461245319712905,
        "p99.9": 0.4474061978883131
      },
      "inter_token_latency": {
        "mean": 0.007589309897177502,
        "min": 5.4319389164447784e-06,
        "max": 0.45688358414918184,
        "p0.1": 5.781602114439011e-06,
        "p1": 6.386525928974151e-06,
        "p5": 1.4764489606022835e-05,
        "p10": 0.004541191644966603,
        "p25": 0.006776595953851938,
        "median": 0.007390650920569897,
        "p75": 0.007999829715117812,
        "p90": 0.008969066478312016,
        "p95": 0.010246986895799635,
        "p99": 0.016961971623823124,
        "p99.9": 0.24062632718589413
      }
    },
    "throughput": {
      "input_tokens_per_sec": 25241.175175390734,
      "output_tokens_per_sec": 1926.5914965833742,
      "total_tokens_per_sec": 27167.766671974106,
      "requests_per_sec": 9.625096987044119
    },
    "prompt_len": {
      "mean": 2622.4333333333334,
      "min": 2592.0,
      "max": 2655.0,
      "p0.1": 2592.0,
      "p1": 2592.99,
      "p5": 2601.0,
      "p10": 2605.0,
      "p25": 2612.0,
      "median": 2622.0,
      "p75": 2632.0,
      "p90": 2640.1,
      "p95": 2646.0,
      "p99": 2651.0,
      "p99.9": 2655.0
    },
    "output_len": {
      "mean": 200.16333333333333,
      "min": 194.0,
      "max": 205.0,
      "p0.1": 194.598,
      "p1": 196.0,
      "p5": 198.0,
      "p10": 198.0,
      "p25": 199.0,
      "median": 200.0,
      "p75": 201.0,
      "p90": 202.0,
      "p95": 203.0,
      "p99": 205.0,
      "p99.9": 205.0
    }
  },
  "failures": {
    "count": 0,
    "request_latency": null,
    "prompt_len": null
  }
}