{
  "load_summary": {
    "count": 450,
    "schedule_delay": {
      "mean": 0.00041889683136509524,
      "min": -0.0009230831637978554,
      "max": 0.0018481863662600517,
      "p0.1": -0.0009093834892846644,
      "p1": -0.0007977128634229303,
      "p5": -0.00042469224426895376,
      "p10": -0.0002448878716677427,
      "p25": 6.640050560235977e-05,
      "median": 0.0004015183076262474,
      "p75": 0.0007968045538291335,
      "p90": 0.0010785235557705165,
      "p95": 0.0012848602142184963,
      "p99": 0.0015488227223977445,
      "p99.9": 0.0017643041643314148
    },
    "send_duration": 30.908014721237123,
    "requested_rate": 15.0,
    "achieved_rate": 14.559330453883915
  },
  "successes": {
    "count": 449,
    "latency": {
      "request_latency": {
        "mean": 1.6429789644035455,
        "min": 1.4526462717913091,
        "max": 2.0833580531179905,
        "p0.1": 1.4593817793391646,
        "p1": 1.4870977791398763,
        "p5": 1.5170263411477207,
        "p10": 1.53566502770409,
        "p25": 1.5810654540546238,
        "median": 1.6309411362744868,
        "p75": 1.685725046787411,
        "p90": 1.7761720509268344,
        "p95": 1.8182341833598912,
        "p99": 1.8993375957384704,
        "p99.9": 2.0660272809565075
      },
      "normalized_time_per_output_token": {
        "mean": 0.008213367756192996,
        "min": 0.007191318177184699,
        "max": 0.01052201036928278,
        "p0.1": 0.007225287183345744,
        "p1": 0.007363739672241885,
        "p5": 0.007583373753850327,
        "p10": 0.007670605399180203,
        "p25": 0.007899108768707544,
        "median": 0.00815659715798707,
        "p75": 0.00843074664343797,
        "p90": 0.008854159731883556,
        "p95": 0.00911141807034731,
        "p99": 0.009498746091846247,
        "p99.9": 0.010411233320001767
      },
      "time_per_output_token": {
        "mean": 0.00780991340712609,
        "min": 0.0058767473744228485,
        "max": 0.00936352545162663,
        "p0.1": 0.006033996248431504,
        "p1": 0.006940017003659159,
        "p5": 0.007228357464075089,
        "p10": 0.007331028517801315,
        "p25": 0.007544608634601735,
        "median": 0.007775646101217717,
        "p75": 0.00802781431004405,
        "p90": 0.008451485260747222,
        "p95": 0.008613193738274275,
        "p99": 0.008973470594827082,
        "p99.9": 0.009255574206467724
      },
      "time_to_first_token": {
        "mean": 0.06966814124761751,
        "min": 0.03752377862110734,
        "max": 0.38859138265252113,
        "p0.1": 0.03904966593161225,
        "p1": 0.04331972923129797,
        "p5": 0.04827201589941978,
        "p10": 0.050716306734830144,
        "p25": 0.053822297137230635,
        "median": 0.057444170117378235,
        "p75": 0.06299847736954689,
        "p90": 0.07759473603218793,
        "p95": 0.14635329674929382,
        "p99": 0.3543624164722858,
        "p99.9": 0.3870314735770226
      },
      "inter_token_latency": {
        "mean": 0.007809843511568452,
        "min": 5.521345883607864e-06,
        "max": 0.39862822694703937,
        "p0.1": 5.775961093604564e-06,
        "p1": 6.5259076654911044e-06,
        "p5": 1.4983490109443666e-05,
        "p10": 0.005038614664226771,
        "p25": 0.006952593801543117,
        "median": 0.007688638288527727,
        "p75": 0.008379793027415872,
        "p90": 0.009489441569894553,
        "p95": 0.010494182631373403,
        "p99": 0.01350694057531654,
        "p99.9": 0.24543424078822215
      }
    },
    "throughput": {
      "input_tokens_per_sec": 36161.04288023649,
      "output_tokens_per_sec": 2758.655968403826,
      "total_tokens_per_sec": 38919.69884864031,
      "requests_per_sec": 13.78944091080788
    },
    "prompt_len": {
      "mean": 2622.371937639198,
      "min": 2592.0,
      "max": 2655.0,
      "p0.1": 2592.0,
      "p1": 2593.0,
      "p5": 2601.0,
      "p10": 2605.0,
      "p25": 2612.0,
      "median": 2622.0,
      "p75": 2632.0,
      "p90": 2640.0,
      "p95": 2646.0,
      "p99": 2651.0,
      "p99.9": 2655.0
    },
    "output_len": {
      "mean": 200.0556792873051,
      "min": 194.0,
      "max": 206.0,
      "p0.1": 194.448,
      "p1": 196.0,
      "p5": 198.0,
      "p10": 198.0,
      "p25": 199.0,
      "median": 200.0,
      "p75": 201.0,
      "p90": 202.0,
      "p95": 203.0,
      "p99": 204.0,
      "p99.9": 205.55200000000002
    }
  },
  "failures": {
    "count": 1,
    "request_latency": {
      "mean": 0.09681355394423008,
      "min": 0.09681355394423008,
      "max": 0.09681355394423008,
      "p0.1": 0.09681355394423008,
      "p1": 0.09681355394423008,
      "p5": 0.09681355394423008,
      "p10": 0.09681355394423008,
      "p25": 0.09681355394423008,
      "median": 0.09681355394423008,
      "p75": 0.09681355394423008,
      "p90": 0.09681355394423008,
      "p95": 0.09681355394423008,
      "p99": 0.09681355394423008,
      "p99.9": 0.09681355394423008
    },
    "prompt_len": {
      "mean": 2629.0,
      "min": 2629.0,
      "max": 2629.0,
      "p0.1": 2629.0,
      "p1": 2629.0,
      "p5": 2629.0,
      "p10": 2629.0,
      "p25": 2629.0,
      "median": 2629.0,
      "p75": 2629.0,
      "p90": 2629.0,
      "p95": 2629.0,
      "p99": 2629.0,
      "p99.9": 2629.0
    }
  }
}