{
  "load_summary": {
    "count": 120,
    "schedule_delay": {
      "mean": 0.0010488184945036969,
      "min": -0.0005797846242785454,
      "max": 0.003369108773767948,
      "p0.1": -0.0005772565961815417,
      "p1": -0.0005414645373821259,
      "p5": -0.00015958230942487715,
      "p10": 0.00019025909714400768,
      "p25": 0.000483587384223938,
      "median": 0.000857434468343854,
      "p75": 0.0015974562847986817,
      "p90": 0.002152793528512121,
      "p95": 0.002564393263310194,
      "p99": 0.003261283272877336,
      "p99.9": 0.0033596703810617337
    },
    "send_duration": 59.30739664519206,
    "requested_rate": 2.0,
    "achieved_rate": 2.0233563903993783
  },
  "successes": {
    "count": 120,
    "latency": {
      "request_latency": {
        "mean": 29.742454803118015,
        "min": 10.613722984679043,
        "max": 36.13687399728224,
        "p0.1": 10.829564046274404,
        "p1": 13.699624363873154,
        "p5": 21.041849862900563,
        "p10": 23.381306616263466,
        "p25": 27.007254525087774,
        "median": 29.189707334153354,
        "p75": 34.43768096633721,
        "p90": 35.76226329850033,
        "p95": 35.95807756835129,
        "p99": 36.11937895402778,
        "p99.9": 36.13484963804064
      },
      "normalized_time_per_output_token": {
        "mean": 0.014865970326073962,
        "min": 0.005304209387645699,
        "max": 0.018059931287541985,
        "p0.1": 0.0054120759851446305,
        "p1": 0.006847296868126286,
        "p5": 0.010490748463804322,
        "p10": 0.01168481090268039,
        "p25": 0.01349687882313232,
        "median": 0.014587821887020569,
        "p75": 0.017243198889422363,
        "p90": 0.01786389174570165,
        "p95": 0.01795345932480018,
        "p99": 0.018058716639728415,
        "p99.9": 0.01805986893242873
      },
      "time_per_output_token": {
        "mean": 0.014789080724156137,
        "min": 0.005260382575655407,
        "max": 0.01797910379744384,
        "p0.1": 0.005367614842300288,
        "p1": 0.006796904023974391,
        "p5": 0.010466341884422583,
        "p10": 0.011604451854969375,
        "p25": 0.013421523984230589,
        "median": 0.01449446289241314,
        "p75": 0.01714944228119477,
        "p90": 0.017790639651669056,
        "p95": 0.017852748445935897,
        "p99": 0.017969612195401108,
        "p99.9": 0.017977986949925757
      },
      "time_to_first_token": {
        "mean": 0.15270285465133687,
        "min": 0.039711302146315575,
        "max": 0.262947014067322,
        "p0.1": 0.041867718092631546,
        "p1": 0.05802358061075211,
        "p5": 0.08927143677137792,
        "p10": 0.09649282083846629,
        "p25": 0.12654397124424577,
        "median": 0.15991718415170908,
        "p75": 0.1861666504992172,
        "p90": 0.19432799001224338,
        "p95": 0.20017034159973263,
        "p99": 0.24248222409281886,
        "p99.9": 0.26106128187663874
      },
      "inter_token_latency": {
        "mean": 0.014789528888270497,
        "min": 6.1909668147563934e-06,
        "max": 0.04114635521546006,
        "p0.1": 0.0007852183245122432,
        "p1": 0.004398558773100376,
        "p5": 0.008122286200523377,
        "p10": 0.01032585920765996,
        "p25": 0.013231854885816574,
        "median": 0.01470837602391839,
        "p75": 0.01745550101622939,
        "p90": 0.01860230593010783,
        "p95": 0.019339433778077363,
        "p99": 0.022780807577073573,
        "p99.9": 0.031627011833712894
      }
    },
    "throughput": {
      "input_tokens_per_sec": 4372.129138822328,
      "output_tokens_per_sec": 2809.265384227964,
      "total_tokens_per_sec": 7181.394523050292,
      "requests_per_sec": 1.4041061523068672
    },
    "prompt_len": {
      "mean": 3113.8166666666666,
      "min": 3073.0,
      "max": 3156.0,
      "p0.1": 3073.833,
      "p1": 3080.57,
      "p5": 3090.9,
      "p10": 3096.9,
      "p25": 3106.0,
      "median": 3112.5,
      "p75": 3120.0,
      "p90": 3131.5,
      "p95": 3139.2,
      "p99": 3155.81,
      "p99.9": 3156.0
    },
    "output_len": {
      "mean": 2000.75,
      "min": 1986.0,
      "max": 2010.0,
      "p0.1": 1986.833,
      "p1": 1993.19,
      "p5": 1997.95,
      "p10": 1999.0,
      "p25": 2000.0,
      "median": 2001.0,
      "p75": 2001.0,
      "p90": 2003.0,
      "p95": 2004.0,
      "p99": 2007.62,
      "p99.9": 2009.762
    }
  },
  "failures": {
    "count": 0,
    "request_latency": null,
    "prompt_len": null
  }
}