{
  "load_summary": {
    "count": 720,
    "schedule_delay": {
      "mean": 0.0005454773089796719,
      "min": -0.0009338706731796265,
      "max": 0.0584382931701839,
      "p0.1": -0.0009334002644754946,
      "p1": -0.0007618228299543262,
      "p5": -0.0004940759623423219,
      "p10": -0.0003194123040884733,
      "p25": 1.4216057024896145e-05,
      "median": 0.00039436621591448784,
      "p75": 0.0007863147184252739,
      "p90": 0.0011350135318934917,
      "p95": 0.0013714956352487203,
      "p99": 0.00188597107771784,
      "p99.9": 0.041717712542043595
    },
    "send_duration": 59.97333012986928,
    "requested_rate": 12.0,
    "achieved_rate": 12.0053363460204
  },
  "successes": {
    "count": 720,
    "latency": {
      "request_latency": {
        "mean": 67.74065055884033,
        "min": 41.901162441819906,
        "max": 74.21410487638786,
        "p0.1": 44.99718535303883,
        "p1": 49.32568811160046,
        "p5": 57.14113314137794,
        "p10": 60.8106648216024,
        "p25": 65.42495995608624,
        "median": 68.87394704925828,
        "p75": 71.54232758993749,
        "p90": 73.70689847860486,
        "p95": 74.05516239274293,
        "p99": 74.18210930508562,
        "p99.9": 74.20850262176944
      },
      "normalized_time_per_output_token": {
        "mean": 0.033851190695921775,
        "min": 0.02094011116532729,
        "max": 0.03716360415404378,
        "p0.1": 0.02253728337123513,
        "p1": 0.024655266408978384,
        "p5": 0.028556288426475732,
        "p10": 0.030406404470137992,
        "p25": 0.03271805706281957,
        "median": 0.03439998106859386,
        "p75": 0.03572594166827921,
        "p90": 0.03679912864804668,
        "p95": 0.03699892898488512,
        "p99": 0.0370932557504531,
        "p99.9": 0.03715656828773708
      },
      "time_per_output_token": {
        "mean": 0.03375094413521557,
        "min": 0.02092532052199829,
        "max": 0.03696767656388693,
        "p0.1": 0.022419875962346184,
        "p1": 0.024611770864280406,
        "p5": 0.028499743465625216,
        "p10": 0.030269345330967083,
        "p25": 0.032614968229958324,
        "median": 0.03432312118960544,
        "p75": 0.035662661387061236,
        "p90": 0.03671523838331923,
        "p95": 0.0369142607428832,
        "p99": 0.03696382494934136,
        "p99.9": 0.03696764719431289
      },
      "time_to_first_token": {
        "mean": 0.23077851047791126,
        "min": 0.07071991078555584,
        "max": 0.5831364411860704,
        "p0.1": 0.07230999733600765,
        "p1": 0.08076122422702611,
        "p5": 0.10283618345856667,
        "p10": 0.1271424652542919,
        "p25": 0.17632582073565573,
        "median": 0.2280849893577397,
        "p75": 0.2738893770147115,
        "p90": 0.329094243561849,
        "p95": 0.3574473512126133,
        "p99": 0.48481012747157215,
        "p99.9": 0.5506586709292633
      },
      "inter_token_latency": {
        "mean": 0.03375104247175743,
        "min": 6.151851266622543e-06,
        "max": 0.12342587392777205,
        "p0.1": 0.005120178780052811,
        "p1": 0.013043828974477947,
        "p5": 0.02119291920680553,
        "p10": 0.02483272161334753,
        "p25": 0.030050005298107862,
        "median": 0.03473875788040459,
        "p75": 0.03835780080407858,
        "p90": 0.04063181988894939,
        "p95": 0.042012127186171706,
        "p99": 0.04747239883523433,
        "p99.9": 0.08710371485538848
      }
    },
    "throughput": {
      "input_tokens_per_sec": 17996.1212206954,
      "output_tokens_per_sec": 11563.079393233635,
      "total_tokens_per_sec": 29559.200613929035,
      "requests_per_sec": 5.778289408824354
    },
    "prompt_len": {
      "mean": 3114.4375,
      "min": 3073.0,
      "max": 3156.0,
      "p0.1": 3076.595,
      "p1": 3082.19,
      "p5": 3091.0,
      "p10": 3096.0,
      "p25": 3105.0,
      "median": 3113.0,
      "p75": 3124.0,
      "p90": 3135.0,
      "p95": 3139.05,
      "p99": 3147.0,
      "p99.9": 3156.0
    },
    "output_len": {
      "mean": 2001.125,
      "min": 1969.0,
      "max": 2037.0,
      "p0.1": 1984.818,
      "p1": 1995.19,
      "p5": 1998.0,
      "p10": 1999.0,
      "p25": 2000.0,
      "median": 2001.0,
      "p75": 2002.0,
      "p90": 2003.0,
      "p95": 2004.0,
      "p99": 2009.0,
      "p99.9": 2019.0250000000015
    }
  },
  "failures": {
    "count": 0,
    "request_latency": null,
    "prompt_len": null
  }
}