{
  "load_summary": {
    "count": 60,
    "schedule_delay": {
      "mean": 0.00154849155806005,
      "min": -0.0008590058423578739,
      "max": 0.013090656604617834,
      "p0.1": -0.0008287393399514258,
      "p1": -0.0005563408182933927,
      "p5": 0.0001510229660198093,
      "p10": 0.00025796270929276946,
      "p25": 0.0006377195240929723,
      "median": 0.0012392529752105474,
      "p75": 0.0016093995654955506,
      "p90": 0.0024273845367133616,
      "p95": 0.003050830774009222,
      "p99": 0.012052411893382662,
      "p99.9": 0.012986832133494334
    },
    "send_duration": 59.592664576135576,
    "requested_rate": 1.0,
    "achieved_rate": 1.006835328253262
  },
  "successes": {
    "count": 60,
    "latency": {
      "request_latency": {
        "mean": 19.789621258922853,
        "min": 8.229997265152633,
        "max": 24.559836890082806,
        "p0.1": 8.345594891618472,
        "p1": 9.385973529811018,
        "p5": 11.324005805398338,
        "p10": 16.054752300120892,
        "p25": 16.686860304675065,
        "median": 21.023102214559913,
        "p75": 23.60079512419179,
        "p90": 24.51332559338771,
        "p95": 24.526250930991957,
        "p99": 24.54351117812097,
        "p99.9": 24.558204318886624
      },
      "normalized_time_per_output_token": {
        "mean": 0.009888905658089546,
        "min": 0.004114998632576317,
        "max": 0.012286061475779294,
        "p0.1": 0.004172647229051338,
        "p1": 0.004691484597326523,
        "p5": 0.005659173316041148,
        "p10": 0.00801714362685324,
        "p25": 0.008339260522076494,
        "median": 0.010501050057222735,
        "p75": 0.01179454762844735,
        "p90": 0.012240988639986067,
        "p95": 0.012253535672911552,
        "p99": 0.01226832226567028,
        "p99.9": 0.012284287554768392
      },
      "time_per_output_token": {
        "mean": 0.009807206486627734,
        "min": 0.004040693356210937,
        "max": 0.012188983424333855,
        "p0.1": 0.004098804326240758,
        "p1": 0.004621803056509144,
        "p5": 0.005436603565521135,
        "p10": 0.007977929943516454,
        "p25": 0.008255634729575832,
        "median": 0.010417189221930526,
        "p75": 0.011708950319932146,
        "p90": 0.012164253324759193,
        "p95": 0.012172514241817407,
        "p99": 0.012182784320486244,
        "p99.9": 0.012188363513949094
      },
      "time_to_first_token": {
        "mean": 0.16381296125085404,
        "min": 0.12765683932229877,
        "max": 0.24677837220951915,
        "p0.1": 0.12774666561745107,
        "p1": 0.12855510227382183,
        "p5": 0.13370019688736648,
        "p10": 0.14221314610913396,
        "p25": 0.15106982155703008,
        "median": 0.1599098457954824,
        "p75": 0.17096138221677393,
        "p90": 0.184822988929227,
        "p95": 0.1973203655565157,
        "p99": 0.23845700324513014,
        "p99.9": 0.24594623531308038
      },
      "inter_token_latency": {
        "mean": 0.009808811023058542,
        "min": 6.115064024925232e-06,
        "max": 0.03632174991071224,
        "p0.1": 0.00012287543900310992,
        "p1": 0.0031699519464746116,
        "p5": 0.004466318059712648,
        "p10": 0.005893308902159333,
        "p25": 0.008116776356473565,
        "median": 0.00990159623324871,
        "p75": 0.011762211681343615,
        "p90": 0.013083794247359037,
        "p95": 0.014014465082436799,
        "p99": 0.016186342174187317,
        "p99.9": 0.022899011428002318
      }
    },
    "throughput": {
      "input_tokens_per_sec": 2463.009643083377,
      "output_tokens_per_sec": 1583.22394880413,
      "total_tokens_per_sec": 4046.2335918875065,
      "requests_per_sec": 0.7911504699612543
    },
    "prompt_len": {
      "mean": 3113.2,
      "min": 3080.0,
      "max": 3156.0,
      "p0.1": 3080.177,
      "p1": 3081.77,
      "p5": 3088.75,
      "p10": 3091.9,
      "p25": 3104.75,
      "median": 3112.5,
      "p75": 3122.25,
      "p90": 3131.7,
      "p95": 3139.2,
      "p99": 3148.92,
      "p99.9": 3155.292
    },
    "output_len": {
      "mean": 2001.1666666666667,
      "min": 1997.0,
      "max": 2008.0,
      "p0.1": 1997.0,
      "p1": 1997.0,
      "p5": 1997.95,
      "p10": 1999.0,
      "p25": 2000.75,
      "median": 2001.0,
      "p75": 2002.0,
      "p90": 2003.0,
      "p95": 2004.05,
      "p99": 2006.82,
      "p99.9": 2007.882
    }
  },
  "failures": {
    "count": 0,
    "request_latency": null,
    "prompt_len": null
  }
}