{
  "load_summary": {
    "count": 600,
    "schedule_delay": {
      "mean": 0.00040795443501944346,
      "min": -0.0009551988914608955,
      "max": 0.0027470639906823635,
      "p0.1": -0.0009374114545062184,
      "p1": -0.0007975483825430274,
      "p5": -0.0004835958359763026,
      "p10": -0.0003168941941112279,
      "p25": -2.6623252779245377e-05,
      "median": 0.0003788569010794163,
      "p75": 0.0007459149928763509,
      "p90": 0.0011378638911992312,
      "p95": 0.0014598489971831418,
      "p99": 0.002093502036295831,
      "p99.9": 0.002604638697113858
    },
    "send_duration": 59.997863731812686,
    "requested_rate": 10.0,
    "achieved_rate": 10.00035605737512
  },
  "successes": {
    "count": 600,
    "latency": {
      "request_latency": {
        "mean": 61.78949613332748,
        "min": 36.4504775647074,
        "max": 68.3025696077384,
        "p0.1": 37.67211016292265,
        "p1": 44.691641712570565,
        "p5": 51.121898628445344,
        "p10": 54.15115986396559,
        "p25": 59.06038603489287,
        "median": 63.2100761285983,
        "p75": 65.90804894792382,
        "p90": 67.89767506690696,
        "p95": 68.17611661483534,
        "p99": 68.27452181365341,
        "p99.9": 68.29881803561747
      },
      "normalized_time_per_output_token": {
        "mean": 0.030903062844396062,
        "min": 0.0182252387823537,
        "max": 0.03845157628356404,
        "p0.1": 0.01883029409478979,
        "p1": 0.022356888788559157,
        "p5": 0.02554103139291729,
        "p10": 0.02707423375853055,
        "p25": 0.0295949606526109,
        "median": 0.031573276568144015,
        "p75": 0.03296532627576899,
        "p90": 0.033921689972196675,
        "p95": 0.03407618940964421,
        "p99": 0.03413424778186959,
        "p99.9": 0.035986551957166234
      },
      "time_per_output_token": {
        "mean": 0.030782878709612167,
        "min": 0.018189996704338057,
        "max": 0.034024103585630655,
        "p0.1": 0.01879198064932748,
        "p1": 0.022292841449929404,
        "p5": 0.02549168903584359,
        "p10": 0.026988763645128346,
        "p25": 0.029427654920955185,
        "median": 0.03147638070792891,
        "p75": 0.03281268212129362,
        "p90": 0.033827790190419184,
        "p95": 0.03397102435086854,
        "p99": 0.034020458179325794,
        "p99.9": 0.0340239217084602
      },
      "time_to_first_token": {
        "mean": 0.2213671028901202,
        "min": 0.041191344149410725,
        "max": 0.4115132289007306,
        "p0.1": 0.04392499316250906,
        "p1": 0.07080238828901202,
        "p5": 0.10050118220970035,
        "p10": 0.12350230892188847,
        "p25": 0.17340586881618947,
        "median": 0.22378333704546094,
        "p75": 0.28178202314302325,
        "p90": 0.3065720985643566,
        "p95": 0.3212535920087248,
        "p99": 0.3489842195389792,
        "p99.9": 0.4017235611011285
      },
      "inter_token_latency": {
        "mean": 0.030783016956828224,
        "min": 6.3320621848106384e-06,
        "max": 0.13956278283149004,
        "p0.1": 0.004229722160380334,
        "p1": 0.011795546975918114,
        "p5": 0.01969786058180034,
        "p10": 0.02251987881027162,
        "p25": 0.027732305461540818,
        "median": 0.03187458496540785,
        "p75": 0.03474046161863953,
        "p90": 0.036672506015747786,
        "p95": 0.03788188914768398,
        "p99": 0.04172892251517624,
        "p99.9": 0.07270621808711451
      }
    },
    "throughput": {
      "input_tokens_per_sec": 15723.6717571448,
      "output_tokens_per_sec": 10094.961705861968,
      "total_tokens_per_sec": 25818.63346300677,
      "requests_per_sec": 5.048313824712062
    },
    "prompt_len": {
      "mean": 3114.6383333333333,
      "min": 3073.0,
      "max": 3156.0,
      "p0.1": 3075.995,
      "p1": 3082.0,
      "p5": 3091.0,
      "p10": 3096.0,
      "p25": 3105.75,
      "median": 3113.0,
      "p75": 3124.0,
      "p90": 3135.0,
      "p95": 3139.0,
      "p99": 3147.02,
      "p99.9": 3156.0
    },
    "output_len": {
      "mean": 1999.67,
      "min": 1629.0,
      "max": 2017.0,
      "p0.1": 1678.717,
      "p1": 1977.98,
      "p5": 1998.0,
      "p10": 1999.0,
      "p25": 2000.0,
      "median": 2001.0,
      "p75": 2002.0,
      "p90": 2003.0,
      "p95": 2005.0,
      "p99": 2009.0,
      "p99.9": 2013.4060000000004
    }
  },
  "failures": {
    "count": 0,
    "request_latency": null,
    "prompt_len": null
  }
}