{
  "load_summary": {
    "count": 900,
    "schedule_delay": {
      "mean": 0.00039197725554307304,
      "min": -0.0016874033026397228,
      "max": 0.002909038681536913,
      "p0.1": -0.001276151731610298,
      "p1": -0.0007716223085299134,
      "p5": -0.0005367030855268239,
      "p10": -0.00035619721747934816,
      "p25": -1.4703720808029175e-05,
      "median": 0.0003786913584917784,
      "p75": 0.0007646884769201279,
      "p90": 0.0011280885431915522,
      "p95": 0.0013410538434982299,
      "p99": 0.0018388667609542605,
      "p99.9": 0.0028782024327665607
    },
    "send_duration": 59.970195391215384,
    "requested_rate": 15.0,
    "achieved_rate": 15.007454855346941
  },
  "successes": {
    "count": 900,
    "latency": {
      "request_latency": {
        "mean": 80.00511789349943,
        "min": 48.8656856152229,
        "max": 89.42763258889318,
        "p0.1": 50.38642976280255,
        "p1": 53.79449704233091,
        "p5": 63.4792148422217,
        "p10": 69.78254600442014,
        "p25": 78.83119140181225,
        "median": 82.26444767881185,
        "p75": 84.58438744500745,
        "p90": 85.80971099128946,
        "p95": 85.95832458948716,
        "p99": 88.49635821246542,
        "p99.9": 89.13244449245327
      },
      "normalized_time_per_output_token": {
        "mean": 0.03995825634017537,
        "min": 0.019950013249481115,
        "max": 0.04471381629444659,
        "p0.1": 0.023991065079110745,
        "p1": 0.026624637127888637,
        "p5": 0.031534887404718166,
        "p10": 0.03482651899377541,
        "p25": 0.03935962166676575,
        "median": 0.04110704313534061,
        "p75": 0.04225097738883457,
        "p90": 0.04288159794231679,
        "p95": 0.04297388887942822,
        "p99": 0.04424682225845637,
        "p99.9": 0.04460631246324414
      },
      "time_per_output_token": {
        "mean": 0.03902511502751442,
        "min": 0.024387897641165182,
        "max": 0.044367731682024895,
        "p0.1": 0.025143755783373724,
        "p1": 0.026666978949782483,
        "p5": 0.028488162348303012,
        "p10": 0.031171098824458374,
        "p25": 0.038261151966114994,
        "median": 0.040683732511242854,
        "p75": 0.041735338712460365,
        "p90": 0.042697084358334546,
        "p95": 0.042820142430788834,
        "p99": 0.04351231868441682,
        "p99.9": 0.044062422333761155
      },
      "time_to_first_token": {
        "mean": 1.9459597733885878,
        "min": 0.07392778201028705,
        "max": 31.307420673780143,
        "p0.1": 0.0750317343682982,
        "p1": 0.09898439947515726,
        "p5": 0.13893681606277825,
        "p10": 0.15996012412942945,
        "p25": 0.20887871412560344,
        "median": 0.25585471699014306,
        "p75": 0.3077493974706158,
        "p90": 0.3865563703235239,
        "p95": 25.40443118007388,
        "p99": 29.462965176398864,
        "p99.9": 31.179130022470854
      },
      "inter_token_latency": {
        "mean": 0.039025276677529495,
        "min": 6.529968231916428e-06,
        "max": 24.658339655026793,
        "p0.1": 0.00500885933637619,
        "p1": 0.014244810994714498,
        "p5": 0.02038818544242531,
        "p10": 0.02506916909478605,
        "p25": 0.03266705316491425,
        "median": 0.038966218242421746,
        "p75": 0.0423790595959872,
        "p90": 0.044791850028559566,
        "p95": 0.04762746777851134,
        "p99": 0.10919146051630366,
        "p99.9": 0.15998597652837893
      }
    },
    "throughput": {
      "input_tokens_per_sec": 19077.41488691834,
      "output_tokens_per_sec": 12271.382946206155,
      "total_tokens_per_sec": 31348.797833124496,
      "requests_per_sec": 6.1249693739379225
    },
    "prompt_len": {
      "mean": 3114.6955555555555,
      "min": 3073.0,
      "max": 3165.0,
      "p0.1": 3077.495,
      "p1": 3082.99,
      "p5": 3091.0,
      "p10": 3096.0,
      "p25": 3105.0,
      "median": 3114.0,
      "p75": 3124.0,
      "p90": 3135.0,
      "p95": 3139.0,
      "p99": 3149.01,
      "p99.9": 3164.101
    },
    "output_len": {
      "mean": 2003.5011111111112,
      "min": 1973.0,
      "max": 4301.0,
      "p0.1": 1985.586,
      "p1": 1994.0,
      "p5": 1998.0,
      "p10": 1999.0,
      "p25": 2000.0,
      "median": 2001.0,
      "p75": 2002.0,
      "p90": 2003.0,
      "p95": 2004.0,
      "p99": 2008.0,
      "p99.9": 2248.5830000002575
    }
  },
  "failures": {
    "count": 0,
    "request_latency": null,
    "prompt_len": null
  }
}