{
  "load_summary": {
    "count": 420,
    "schedule_delay": {
      "mean": 0.00047034083621665123,
      "min": -0.0010101939551532269,
      "max": 0.003081252332776785,
      "p0.1": -0.0009301022025756538,
      "p1": -0.0006943426048383116,
      "p5": -0.0004308186005800962,
      "p10": -0.000246985163539648,
      "p25": 1.991365570574999e-05,
      "median": 0.0004216558299958706,
      "p75": 0.0008258984889835119,
      "p90": 0.0012802775949239732,
      "p95": 0.0015847417991608367,
      "p99": 0.002357937088236213,
      "p99.9": 0.002871217886451669
    },
    "send_duration": 59.8767469888553,
    "requested_rate": 7.0,
    "achieved_rate": 7.014409117418711
  },
  "successes": {
    "count": 420,
    "latency": {
      "request_latency": {
        "mean": 53.114325913626125,
        "min": 27.972642965149134,
        "max": 58.28298666095361,
        "p0.1": 28.92552332927892,
        "p1": 35.027805658928116,
        "p5": 41.33128533475101,
        "p10": 46.27614228264429,
        "p25": 51.46993170201313,
        "median": 54.79284959263168,
        "p75": 56.248122974531725,
        "p90": 57.817899266816674,
        "p95": 58.16933021694422,
        "p99": 58.268932228260674,
        "p99.9": 58.282645492849404
      },
      "normalized_time_per_output_token": {
        "mean": 0.026543890240253096,
        "min": 0.013986321482574567,
        "max": 0.029435088033493186,
        "p0.1": 0.014459594893583356,
        "p1": 0.017503458620840743,
        "p5": 0.02067494820233936,
        "p10": 0.02313691847789388,
        "p25": 0.025735410226640765,
        "median": 0.02738273342960104,
        "p75": 0.02811506360155069,
        "p90": 0.02889212377188756,
        "p95": 0.029065802658175505,
        "p99": 0.029125949572897453,
        "p99.9": 0.029314803769455902
      },
      "time_per_output_token": {
        "mean": 0.026457308730322874,
        "min": 0.01394986786956044,
        "max": 0.029028790889540686,
        "p0.1": 0.014420624618959982,
        "p1": 0.017460577633187643,
        "p5": 0.02063119211511201,
        "p10": 0.023068742785267875,
        "p25": 0.025639821811510765,
        "median": 0.027311699530524616,
        "p75": 0.028016339449561202,
        "p90": 0.028819924087123944,
        "p95": 0.02897794543443015,
        "p99": 0.029027434997158125,
        "p99.9": 0.02902875329017476
      },
      "time_to_first_token": {
        "mean": 0.1978216350023147,
        "min": 0.04325920809060335,
        "max": 0.3284876421093941,
        "p0.1": 0.047963399932254104,
        "p1": 0.06900402291677893,
        "p5": 0.08985892988275737,
        "p10": 0.11562672285363078,
        "p25": 0.1617738545173779,
        "median": 0.1998321171849966,
        "p75": 0.24790156085509807,
        "p90": 0.26951719434000554,
        "p95": 0.27907907869666815,
        "p99": 0.30111191333737225,
        "p99.9": 0.3220700064240966
      },
      "inter_token_latency": {
        "mean": 0.026457577965948897,
        "min": 6.102025508880615e-06,
        "max": 0.09914424689486623,
        "p0.1": 0.003829009607434273,
        "p1": 0.010830554855056107,
        "p5": 0.015975026064552367,
        "p10": 0.019744284451007843,
        "p25": 0.024039092706516385,
        "median": 0.027406812645494938,
        "p75": 0.029787436360493302,
        "p90": 0.03138446342200041,
        "p95": 0.032499413820914924,
        "p99": 0.036141481529921346,
        "p99.9": 0.057241132766939984
      }
    },
    "throughput": {
      "input_tokens_per_sec": 11906.685417659573,
      "output_tokens_per_sec": 7649.782345251658,
      "total_tokens_per_sec": 19556.46776291123,
      "requests_per_sec": 3.82299332950868
    },
    "prompt_len": {
      "mean": 3114.4928571428572,
      "min": 3073.0,
      "max": 3156.0,
      "p0.1": 3075.933,
      "p1": 3082.19,
      "p5": 3092.0,
      "p10": 3096.0,
      "p25": 3106.0,
      "median": 3113.0,
      "p75": 3123.0,
      "p90": 3135.0,
      "p95": 3138.05,
      "p99": 3148.62,
      "p99.9": 3156.0
    },
    "output_len": {
      "mean": 2000.9928571428572,
      "min": 1973.0,
      "max": 2015.0,
      "p0.1": 1973.838,
      "p1": 1995.0,
      "p5": 1998.0,
      "p10": 1999.0,
      "p25": 2000.0,
      "median": 2001.0,
      "p75": 2002.0,
      "p90": 2003.0,
      "p95": 2005.0,
      "p99": 2006.81,
      "p99.9": 2014.5810000000001
    }
  },
  "failures": {
    "count": 0,
    "request_latency": null,
    "prompt_len": null
  }
}