{
  "load_summary": {
    "count": 180,
    "schedule_delay": {
      "mean": 0.0011263106742666828,
      "min": -0.0009798835963010788,
      "max": 0.05385677609592676,
      "p0.1": -0.0009716961281374097,
      "p1": -0.0006290787272155285,
      "p5": -0.00034160483628511426,
      "p10": -0.00014304718933999538,
      "p25": 0.0003035273402929306,
      "median": 0.0008276391308754683,
      "p75": 0.0013456119922921062,
      "p90": 0.0018118248786777257,
      "p95": 0.0021665683947503555,
      "p99": 0.0028753690700978065,
      "p99.9": 0.04477413574420049
    },
    "send_duration": 59.76914910506457,
    "requested_rate": 3.0,
    "achieved_rate": 3.0115871263883798
  },
  "successes": {
    "count": 180,
    "latency": {
      "request_latency": {
        "mean": 36.4659799379219,
        "min": 14.626912552397698,
        "max": 41.17125403601676,
        "p0.1": 15.696505951439962,
        "p1": 22.067894062190316,
        "p5": 27.290816693077794,
        "p10": 30.64694576533511,
        "p25": 34.31978803011589,
        "median": 38.10484067653306,
        "p75": 39.37471401609946,
        "p90": 40.79324611099437,
        "p95": 40.934475536225364,
        "p99": 41.115598516762255,
        "p99.9": 41.16355123227695
      },
      "normalized_time_per_output_token": {
        "mean": 0.018225775587936185,
        "min": 0.007295218230622293,
        "max": 0.02056411080644466,
        "p0.1": 0.007833279540301628,
        "p1": 0.011029513894618021,
        "p5": 0.013660431821116484,
        "p10": 0.015330373242047134,
        "p25": 0.017132032804429726,
        "median": 0.01904765356271529,
        "p75": 0.01968660003837431,
        "p90": 0.02039154504914931,
        "p95": 0.02046672602325415,
        "p99": 0.020548680818940367,
        "p99.9": 0.020563256013892327
      },
      "time_per_output_token": {
        "mean": 0.01814471647403236,
        "min": 0.007309618588477164,
        "max": 0.020469791552983223,
        "p0.1": 0.00783477235255276,
        "p1": 0.010981330383482856,
        "p5": 0.013585746382933576,
        "p10": 0.015269838753551873,
        "p25": 0.01705689877923578,
        "median": 0.0189464157843031,
        "p75": 0.019591068177833224,
        "p90": 0.020305652543413454,
        "p95": 0.02037136243339628,
        "p99": 0.02045821451133117,
        "p99.9": 0.02046978886983823
      },
      "time_to_first_token": {
        "mean": 0.15996113098485187,
        "min": 0.04160663625225425,
        "max": 0.2628979329019785,
        "p0.1": 0.041915217014495285,
        "p1": 0.04864393918775022,
        "p5": 0.0822056946111843,
        "p10": 0.09698693337850273,
        "p25": 0.1371855998877436,
        "median": 0.1626505246385932,
        "p75": 0.19475515244994313,
        "p90": 0.20958837354555726,
        "p95": 0.2166507216868922,
        "p99": 0.23047147740144294,
        "p99.9": 0.25914653753070216
      },
      "inter_token_latency": {
        "mean": 0.01814510163811525,
        "min": 6.148125976324081e-06,
        "max": 0.042796504218131304,
        "p0.1": 0.0027068274011835453,
        "p1": 0.006373994997702539,
        "p5": 0.011331449216231703,
        "p10": 0.013406775845214724,
        "p25": 0.01619302574545145,
        "median": 0.019131978508085012,
        "p75": 0.02050176786724478,
        "p90": 0.021325773559510708,
        "p95": 0.022137962328270075,
        "p99": 0.025301605691201986,
        "p99.9": 0.03148841177718821
      }
    },
    "throughput": {
      "input_tokens_per_sec": 5999.2071991289495,
      "output_tokens_per_sec": 3854.7814931732914,
      "total_tokens_per_sec": 9853.98869230224,
      "requests_per_sec": 1.926630797771969
    },
    "prompt_len": {
      "mean": 3113.8333333333335,
      "min": 3073.0,
      "max": 3156.0,
      "p0.1": 3074.253,
      "p1": 3081.58,
      "p5": 3089.0,
      "p10": 3096.0,
      "p25": 3106.0,
      "median": 3113.0,
      "p75": 3121.0,
      "p90": 3135.1,
      "p95": 3139.2,
      "p99": 3155.21,
      "p99.9": 3156.0
    },
    "output_len": {
      "mean": 2000.7888888888888,
      "min": 1979.0,
      "max": 2011.0,
      "p0.1": 1981.506,
      "p1": 1993.79,
      "p5": 1997.0,
      "p10": 1998.0,
      "p25": 2000.0,
      "median": 2001.0,
      "p75": 2002.0,
      "p90": 2003.0,
      "p95": 2005.0,
      "p99": 2010.0,
      "p99.9": 2010.821
    }
  },
  "failures": {
    "count": 0,
    "request_latency": null,
    "prompt_len": null
  }
}