{
  "load_summary": {
    "count": 300,
    "schedule_delay": {
      "mean": 0.0008875686613221964,
      "min": -0.000928887166082859,
      "max": 0.05297887697815895,
      "p0.1": -0.0008622452323324978,
      "p1": -0.0006817679014056921,
      "p5": -0.0003204778768122196,
      "p10": -0.00017150864005088803,
      "p25": 0.00020270096138119698,
      "median": 0.0006070435047149658,
      "p75": 0.001115425257012248,
      "p90": 0.001669642422348261,
      "p95": 0.002088676718994975,
      "p99": 0.003797419061884284,
      "p99.9": 0.038529098305386617
    },
    "send_duration": 59.98298121988773,
    "requested_rate": 5.0,
    "achieved_rate": 5.001418634066376
  },
  "successes": {
    "count": 300,
    "latency": {
      "request_latency": {
        "mean": 46.409341728389265,
        "min": 18.495704095810652,
        "max": 50.91932271514088,
        "p0.1": 19.49584816624224,
        "p1": 28.828806809545494,
        "p5": 35.622962409444156,
        "p10": 40.32989213010296,
        "p25": 44.63635910011362,
        "median": 48.08650963404216,
        "p75": 49.93321223347448,
        "p90": 50.55890706125647,
        "p95": 50.848670315369965,
        "p99": 50.90122060382739,
        "p99.9": 50.91686987241497
      },
      "normalized_time_per_output_token": {
        "mean": 0.023191316164741006,
        "min": 0.009247852047905326,
        "max": 0.025455559613881632,
        "p0.1": 0.009744662165241462,
        "p1": 0.014428641367573073,
        "p5": 0.017787013772373704,
        "p10": 0.020147816873351137,
        "p25": 0.02229031301859228,
        "median": 0.024019179627552165,
        "p75": 0.02494494430324395,
        "p90": 0.025265734199295762,
        "p95": 0.02539893622146352,
        "p99": 0.025434368265743214,
        "p99.9": 0.025453455594068225
      },
      "time_per_output_token": {
        "mean": 0.02310904800284894,
        "min": 0.009233841580154004,
        "max": 0.025349469034466894,
        "p0.1": 0.009728653914192753,
        "p1": 0.014361702865131068,
        "p5": 0.017749785563570913,
        "p10": 0.02010384141662323,
        "p25": 0.02220054880087881,
        "median": 0.023944492825458366,
        "p75": 0.02486708878814147,
        "p90": 0.025179196366062386,
        "p95": 0.025321064111881425,
        "p99": 0.02534624513184186,
        "p99.9": 0.02534946525123529
      },
      "time_to_first_token": {
        "mean": 0.18815842078998685,
        "min": 0.04458146309480071,
        "max": 0.43015411403030157,
        "p0.1": 0.045490894635673615,
        "p1": 0.058657403443939986,
        "p5": 0.08215636420063674,
        "p10": 0.10900244563817978,
        "p25": 0.15265875740442425,
        "median": 0.19035144546069205,
        "p75": 0.23278345225844532,
        "p90": 0.24730103337205947,
        "p95": 0.25337959837634116,
        "p99": 0.29505445521790535,
        "p99.9": 0.3941120072845396
      },
      "inter_token_latency": {
        "mean": 0.023109176908931134,
        "min": 6.072688847780228e-06,
        "max": 0.07691556308418512,
        "p0.1": 0.0026234588003717363,
        "p1": 0.00817739504855126,
        "p5": 0.013904876890592277,
        "p10": 0.01721109328791499,
        "p25": 0.02096352295484394,
        "median": 0.024097681511193514,
        "p75": 0.026077932794578373,
        "p90": 0.027266058046370747,
        "p95": 0.02839089180342853,
        "p99": 0.03151272140443324,
        "p99.9": 0.04130448896903545
      }
    },
    "throughput": {
      "input_tokens_per_sec": 9252.27567790568,
      "output_tokens_per_sec": 5944.114162911552,
      "total_tokens_per_sec": 15196.389840817232,
      "requests_per_sec": 2.970388713128569
    },
    "prompt_len": {
      "mean": 3114.8366666666666,
      "min": 3073.0,
      "max": 3156.0,
      "p0.1": 3075.093,
      "p1": 3081.98,
      "p5": 3091.0,
      "p10": 3096.9,
      "p25": 3106.0,
      "median": 3113.0,
      "p75": 3123.25,
      "p90": 3135.0,
      "p95": 3140.05,
      "p99": 3150.05,
      "p99.9": 3156.0
    },
    "output_len": {
      "mean": 2001.1233333333332,
      "min": 1993.0,
      "max": 2014.0,
      "p0.1": 1993.0,
      "p1": 1994.99,
      "p5": 1998.0,
      "p10": 1999.0,
      "p25": 2000.0,
      "median": 2001.0,
      "p75": 2002.0,
      "p90": 2003.0,
      "p95": 2005.0,
      "p99": 2009.02,
      "p99.9": 2014.0
    }
  },
  "failures": {
    "count": 0,
    "request_latency": null,
    "prompt_len": null
  }
}