{
  "load_summary": {
    "count": 3300,
    "schedule_delay": {
      "mean": 0.0005683676476562114,
      "min": -0.0016874033026397228,
      "max": 0.0584382931701839,
      "p0.1": -0.0010223720255307853,
      "p1": -0.0007570742024108767,
      "p5": -0.0004753030836582184,
      "p10": -0.00028208591975271703,
      "p25": 4.354782868176699e-05,
      "median": 0.0004625848960131407,
      "p75": 0.0008825759869068861,
      "p90": 0.001341037545353174,
      "p95": 0.0016773344483226535,
      "p99": 0.0025208728387951748,
      "p99.9": 0.02857736510784487
    }
  },
  "successes": {
    "count": 3300,
    "latency": {
      "request_latency": {
        "mean": 62.24325449378371,
        "min": 8.229997265152633,
        "max": 89.42763258889318,
        "p0.1": 11.071614035851788,
        "p1": 19.481157918325625,
        "p5": 31.62963732071221,
        "p10": 38.827437062235546,
        "p25": 51.60614481731318,
        "median": 64.15844929590821,
        "p75": 73.85458072810434,
        "p90": 82.9171123440843,
        "p95": 85.24070228622296,
        "p99": 86.79975796541191,
        "p99.9": 88.97468671828048
      },
      "normalized_time_per_output_token": {
        "mean": 0.03110328631776682,
        "min": 0.004114998632576317,
        "max": 0.04471381629444659,
        "p0.1": 0.005533040497677055,
        "p1": 0.009745403854004353,
        "p5": 0.015810395207615565,
        "p10": 0.01941274841898661,
        "p25": 0.025765575819056467,
        "median": 0.03207857150206066,
        "p75": 0.036906645202132035,
        "p90": 0.041444034455813406,
        "p95": 0.04259835938895455,
        "p99": 0.043441886815030126,
        "p99.9": 0.04445719547771869
      },
      "time_per_output_token": {
        "mean": 0.030777868374817576,
        "min": 0.004040693356210937,
        "max": 0.044367731682024895,
        "p0.1": 0.005417890433985356,
        "p1": 0.009690822500812026,
        "p5": 0.01573709274129942,
        "p10": 0.01933884870533366,
        "p25": 0.025741074383560113,
        "median": 0.03176519992445058,
        "p75": 0.03647138876316603,
        "p90": 0.04120144954384304,
        "p95": 0.04230051852798788,
        "p99": 0.04283258511442459,
        "p99.9": 0.043946081342233816
      },
      "time_to_first_token": {
        "mean": 0.6808555521443487,
        "min": 0.039711302146315575,
        "max": 31.307420673780143,
        "p0.1": 0.0432805396579206,
        "p1": 0.07392446383833885,
        "p5": 0.10087142537813634,
        "p10": 0.12616567676886917,
        "p25": 0.16794573469087481,
        "median": 0.218109380453825,
        "p75": 0.2686778421048075,
        "p90": 0.3195540692657232,
        "p95": 0.3586885089753194,
        "p99": 28.301235309340967,
        "p99.9": 30.384634133405072
      },
      "inter_token_latency": {
        "mean": 0.030778826016498135,
        "min": 6.072688847780228e-06,
        "max": 24.658339655026793,
        "p0.1": 0.003176013790071011,
        "p1": 0.008049504049122334,
        "p5": 0.013807489443570376,
        "p10": 0.01773528242483735,
        "p25": 0.023972863797098398,
        "median": 0.030760124791413546,
        "p75": 0.03713878709822893,
        "p90": 0.04160148892551661,
        "p95": 0.04362664381042122,
        "p99": 0.06235005520284143,
        "p99.9": 0.12118623827956646
      }
    },
    "throughput": {
      "input_tokens_per_sec": 11755.31111587394,
      "output_tokens_per_sec": 7554.251178310414,
      "total_tokens_per_sec": 19309.562294184354,
      "requests_per_sec": 3.7743697273800185
    },
    "prompt_len": {
      "mean": 3114.509696969697,
      "min": 3073.0,
      "max": 3165.0,
      "p0.1": 3073.0,
      "p1": 3082.0,
      "p5": 3091.0,
      "p10": 3096.0,
      "p25": 3106.0,
      "median": 3113.0,
      "p75": 3123.25,
      "p90": 3135.0,
      "p95": 3139.0,
      "p99": 3150.0,
      "p99.9": 3156.0
    },
    "output_len": {
      "mean": 2001.460303030303,
      "min": 1629.0,
      "max": 4301.0,
      "p0.1": 1970.196,
      "p1": 1993.0,
      "p5": 1998.0,
      "p10": 1999.0,
      "p25": 2000.0,
      "median": 2001.0,
      "p75": 2002.0,
      "p90": 2003.0,
      "p95": 2005.0,
      "p99": 2009.0,
      "p99.9": 2017.7010000000005
    }
  },
  "failures": {
    "count": 0,
    "request_latency": null,
    "prompt_len": null
  }
}