{
  "load_summary": {
    "count": 750,
    "schedule_delay": {
      "mean": 0.000697005782276392,
      "min": -0.0008097933605313301,
      "max": 0.01225745351985097,
      "p0.1": -0.0007920177723281086,
      "p1": -0.0006514957407489419,
      "p5": -0.00027667446993291374,
      "p10": -0.00012883120216429224,
      "p25": 0.0002190805971622467,
      "median": 0.0006627512630075216,
      "p75": 0.0011127087054774165,
      "p90": 0.0015307745896279811,
      "p95": 0.0017844229005277157,
      "p99": 0.0021478303149342535,
      "p99.9": 0.005460696046707106
    },
    "send_duration": 30.31319120200351,
    "requested_rate": 25.0,
    "achieved_rate": 24.74170386753704
  },
  "successes": {
    "count": 750,
    "latency": {
      "request_latency": {
        "mean": 45.96136328465057,
        "min": 23.27305133920163,
        "max": 61.17479811096564,
        "p0.1": 24.129372145133093,
        "p1": 27.755750593086706,
        "p5": 34.22924907382112,
        "p10": 36.686677172454075,
        "p25": 41.36562016920652,
        "median": 46.41384533024393,
        "p75": 51.102517526829615,
        "p90": 54.68236169209704,
        "p95": 55.79521894371137,
        "p99": 59.73007438182365,
        "p99.9": 61.16321880227607
      },
      "normalized_time_per_output_token": {
        "mean": 0.045833522518335355,
        "min": 0.00495495073382409,
        "max": 0.06092388796061652,
        "p0.1": 0.005075164368096635,
        "p1": 0.02518427486626013,
        "p5": 0.03411272207455793,
        "p10": 0.03654644405889871,
        "p25": 0.04129972393795313,
        "median": 0.04657207481440055,
        "p75": 0.05111065285827256,
        "p90": 0.0548134818845869,
        "p95": 0.055938693834286346,
        "p99": 0.059703096878239714,
        "p99.9": 0.06091773699009053
      },
      "time_per_output_token": {
        "mean": 0.044253367360504246,
        "min": 0.017702818534802645,
        "max": 0.06091335222889935,
        "p0.1": 0.017775790322841146,
        "p1": 0.018714631136892763,
        "p5": 0.03162876096968539,
        "p10": 0.03455101987016387,
        "p25": 0.039583283715730395,
        "median": 0.045204805243061856,
        "p75": 0.04966365526220762,
        "p90": 0.05380550977564417,
        "p95": 0.05519359943988727,
        "p99": 0.058480599353166136,
        "p99.9": 0.06065929352774018
      },
      "time_to_first_token": {
        "mean": 1.6932014884768676,
        "min": 0.13227077992632985,
        "max": 35.297607354819775,
        "p0.1": 0.13719934452930466,
        "p1": 0.161021501198411,
        "p5": 0.34812914167996495,
        "p10": 0.425882181385532,
        "p25": 0.5064681970980018,
        "median": 0.8086873609572649,
        "p75": 1.3474879482528195,
        "p90": 2.2097830034792425,
        "p95": 2.8648170307511434,
        "p99": 30.51381948553491,
        "p99.9": 35.15885941009132
      },
      "inter_token_latency": {
        "mean": 0.044251998532592145,
        "min": 5.423091351985931e-06,
        "max": 30.292802473064512,
        "p0.1": 6.201857700943946e-06,
        "p1": 1.794898882508278e-05,
        "p5": 0.011728988168761138,
        "p10": 0.02035127393901348,
        "p25": 0.032224614871665835,
        "median": 0.03647832805290818,
        "p75": 0.03914417792111635,
        "p90": 0.040539051219820973,
        "p95": 0.04198168274015188,
        "p99": 0.43491378922015417,
        "p99.9": 0.48635777652263834
      }
    },
    "throughput": {
      "input_tokens_per_sec": 71945.2874888231,
      "output_tokens_per_sec": 9897.429055123303,
      "total_tokens_per_sec": 81842.7165439464,
      "requests_per_sec": 9.532291453564048
    },
    "prompt_len": {
      "mean": 7547.533333333334,
      "min": 7465.0,
      "max": 7619.0,
      "p0.1": 7476.235,
      "p1": 7492.49,
      "p5": 7510.0,
      "p10": 7518.0,
      "p25": 7531.0,
      "median": 7546.5,
      "p75": 7565.0,
      "p90": 7577.1,
      "p95": 7584.0,
      "p99": 7596.0,
      "p99.9": 7609.263000000001
    },
    "output_len": {
      "mean": 1038.3053333333332,
      "min": 924.0,
      "max": 8592.0,
      "p0.1": 961.45,
      "p1": 979.49,
      "p5": 992.0,
      "p10": 994.0,
      "p25": 996.0,
      "median": 998.0,
      "p75": 1001.0,
      "p90": 1003.0,
      "p95": 1004.0,
      "p99": 1007.0,
      "p99.9": 8565.036000000004
    }
  },
  "failures": {
    "count": 0,
    "request_latency": null,
    "prompt_len": null
  }
}