{
  "load_summary": {
    "count": 4350,
    "schedule_delay": {
      "mean": 0.0004543656184627064,
      "min": -0.0010350896045565605,
      "max": 0.07103034481406212,
      "p0.1": -0.0009581931070424617,
      "p1": -0.0006942645926028491,
      "p5": -0.0004249457269906997,
      "p10": -0.0002377538476139307,
      "p25": 4.323176108300686e-05,
      "median": 0.0004239114932715893,
      "p75": 0.0007919765776023269,
      "p90": 0.0011315650772303343,
      "p95": 0.0013470249716192484,
      "p99": 0.0017441093456000106,
      "p99.9": 0.0024245370705612275
    }
  },
  "successes": {
    "count": 4350,
    "latency": {
      "request_latency": {
        "mean": 78.13711414603827,
        "min": 23.27305133920163,
        "max": 154.48775675939396,
        "p0.1": 25.655080789754166,
        "p1": 34.713011135808195,
        "p5": 42.392618998279794,
        "p10": 47.97167463768274,
        "p25": 61.611477737315,
        "median": 77.96658445289358,
        "p75": 90.40492608991917,
        "p90": 108.48430640511214,
        "p95": 115.5287784225773,
        "p99": 148.93314762762284,
        "p99.9": 153.50465179120098
      },
      "normalized_time_per_output_token": {
        "mean": 0.07807961981276297,
        "min": 0.00495495073382409,
        "max": 0.15734771377802323,
        "p0.1": 0.006742751960127943,
        "p1": 0.033917719743967074,
        "p5": 0.04211393638461373,
        "p10": 0.047703200472024324,
        "p25": 0.061581900632788,
        "median": 0.07809023374808952,
        "p75": 0.09046906260524534,
        "p90": 0.10802791861282655,
        "p95": 0.11662630331305891,
        "p99": 0.148969641586638,
        "p99.9": 0.1545458730437965
      },
      "time_per_output_token": {
        "mean": 0.0660874356382086,
        "min": 0.017702818534802645,
        "max": 0.1059396702828817,
        "p0.1": 0.018358058582849657,
        "p1": 0.025407683938313278,
        "p5": 0.03701640190321487,
        "p10": 0.04186918015587143,
        "p25": 0.0542998799495399,
        "median": 0.06758792250510305,
        "p75": 0.07992227490246297,
        "p90": 0.08828870113291779,
        "p95": 0.09265056895615999,
        "p99": 0.09894066478508524,
        "p99.9": 0.10479072572601332
      },
      "time_to_first_token": {
        "mean": 12.051670659070234,
        "min": 0.04822919284924865,
        "max": 108.08417212218046,
        "p0.1": 0.06988911204272881,
        "p1": 0.14064668501261623,
        "p5": 0.25097868414595725,
        "p10": 0.3850424258038402,
        "p25": 0.6652333572274074,
        "median": 1.5740143531002104,
        "p75": 5.841042832820676,
        "p90": 50.75065029398538,
        "p95": 57.61796048381366,
        "p99": 104.64520903315396,
        "p99.9": 107.67838914385113
      },
      "inter_token_latency": {
        "mean": 0.066084777731952,
        "min": 5.377922207117081e-06,
        "max": 42.2505288971588,
        "p0.1": 6.60773366689682e-06,
        "p1": 0.007514512985944748,
        "p5": 0.027117713820189238,
        "p10": 0.03322570831514895,
        "p25": 0.03958478616550565,
        "median": 0.06045837397687137,
        "p75": 0.07196566939819604,
        "p90": 0.07794439014978707,
        "p95": 0.08238142337650059,
        "p99": 0.45926732971332973,
        "p99.9": 0.5584813859900468
      }
    },
    "throughput": {
      "input_tokens_per_sec": 78809.89995331962,
      "output_tokens_per_sec": 10674.82619355375,
      "total_tokens_per_sec": 89484.72614687336,
      "requests_per_sec": 10.442033655655326
    },
    "prompt_len": {
      "mean": 7547.370804597701,
      "min": 7465.0,
      "max": 7619.0,
      "p0.1": 7465.0,
      "p1": 7491.0,
      "p5": 7509.0,
      "p10": 7518.0,
      "p25": 7531.0,
      "median": 7546.0,
      "p75": 7565.0,
      "p90": 7577.0,
      "p95": 7584.0,
      "p99": 7596.0,
      "p99.9": 7619.0
    },
    "output_len": {
      "mean": 1022.2937931034483,
      "min": 822.0,
      "max": 8597.0,
      "p0.1": 927.141,
      "p1": 980.0,
      "p5": 992.0,
      "p10": 994.0,
      "p25": 996.0,
      "median": 998.0,
      "p75": 1001.0,
      "p90": 1003.0,
      "p95": 1004.0,
      "p99": 1007.0,
      "p99.9": 8579.0
    }
  },
  "failures": {
    "count": 0,
    "request_latency": null,
    "prompt_len": null
  }
}