{
  "load_summary": {
    "count": 750,
    "schedule_delay": {
      "mean": 0.0004584774182488521,
      "min": -0.0008198893629014492,
      "max": 0.0018655108287930489,
      "p0.1": -0.000816821142565459,
      "p1": -0.000758114387281239,
      "p5": -0.0004062432562932372,
      "p10": -0.00020851027220487593,
      "p25": 0.0001150438329204917,
      "median": 0.0004535219632089138,
      "p75": 0.0008148342603817582,
      "p90": 0.001115743210539222,
      "p95": 0.0013109769206494093,
      "p99": 0.0016032819636166095,
      "p99.9": 0.0018407784686423868
    },
    "send_duration": 31.228447078261524,
    "requested_rate": 25.0,
    "achieved_rate": 24.016564068025126
  },
  "successes": {
    "count": 750,
    "latency": {
      "request_latency": {
        "mean": 77.1319471986033,
        "min": 10.59822898497805,
        "max": 244.6860577450134,
        "p0.1": 11.50057139146002,
        "p1": 12.522813679743559,
        "p5": 15.04565761203412,
        "p10": 17.99152827668004,
        "p25": 23.698555680341087,
        "median": 35.49638206954114,
        "p75": 148.75578018964734,
        "p90": 162.23684512497857,
        "p95": 240.41018954375758,
        "p99": 244.24014280544128,
        "p99.9": 244.64674656834734
      },
      "normalized_time_per_output_token": {
        "mean": 0.07737155760413231,
        "min": 0.01061946792081969,
        "max": 0.2464050290593407,
        "p0.1": 0.011514751629537683,
        "p1": 0.01251659025981975,
        "p5": 0.01503667136177443,
        "p10": 0.018051093564858896,
        "p25": 0.023703193584094014,
        "median": 0.035525818063200244,
        "p75": 0.14924114468938254,
        "p90": 0.16267320570575153,
        "p95": 0.24032316213197405,
        "p99": 0.2450877475284431,
        "p99.9": 0.2463929813159518
      },
      "time_per_output_token": {
        "mean": 0.07636881159365108,
        "min": 0.010417852269019931,
        "max": 0.243540555910673,
        "p0.1": 0.011065718981240877,
        "p1": 0.012271290354239755,
        "p5": 0.014587991723627784,
        "p10": 0.017576273564016445,
        "p25": 0.023312004589592105,
        "median": 0.035022501002997156,
        "p75": 0.14787137166678438,
        "p90": 0.16093843680750577,
        "p95": 0.23391633489534722,
        "p99": 0.2433406422814587,
        "p99.9": 0.24350093427175332
      },
      "time_to_first_token": {
        "mean": 0.7371733766036729,
        "min": 0.0464117219671607,
        "max": 10.166452593170106,
        "p0.1": 0.05165127234300598,
        "p1": 0.0692230555228889,
        "p5": 0.12601223746314644,
        "p10": 0.16122990353032948,
        "p25": 0.31932744092773646,
        "median": 0.49506597546860576,
        "p75": 0.7728720962768421,
        "p90": 1.246424280991778,
        "p95": 2.090147727122529,
        "p99": 6.458924073860978,
        "p99.9": 9.270041892275321
      },
      "inter_token_latency": {
        "mean": 0.07637740091563588,
        "min": 5.424953997135162e-06,
        "max": 0.9895840692333877,
        "p0.1": 6.239333190023899e-06,
        "p1": 1.6392311081290246e-05,
        "p5": 0.008960438286885619,
        "p10": 0.010585263837128878,
        "p25": 0.018417539540678263,
        "median": 0.031668520998209715,
        "p75": 0.15890697087161243,
        "p90": 0.16902114572003485,
        "p95": 0.257273120759055,
        "p99": 0.2659563740901647,
        "p99.9": 0.431732918681577
      }
    },
    "throughput": {
      "input_tokens_per_sec": 20908.35584650262,
      "output_tokens_per_sec": 2764.201477928417,
      "total_tokens_per_sec": 23672.55732443104,
      "requests_per_sec": 2.7707033952292215
    },
    "prompt_len": {
      "mean": 7546.2266666666665,
      "min": 7485.0,
      "max": 7612.0,
      "p0.1": 7487.996,
      "p1": 7496.0,
      "p5": 7510.0,
      "p10": 7516.0,
      "p25": 7529.0,
      "median": 7546.5,
      "p75": 7564.0,
      "p90": 7577.0,
      "p95": 7583.55,
      "p99": 7594.51,
      "p99.9": 7606.7570000000005
    },
    "output_len": {
      "mean": 997.6533333333333,
      "min": 935.0,
      "max": 1009.0,
      "p0.1": 939.494,
      "p1": 985.0,
      "p5": 992.0,
      "p10": 994.0,
      "p25": 996.0,
      "median": 998.0,
      "p75": 1000.0,
      "p90": 1002.0,
      "p95": 1003.0,
      "p99": 1006.0,
      "p99.9": 1008.2510000000001
    }
  },
  "failures": {
    "count": 0,
    "request_latency": null,
    "prompt_len": null
  }
}