{
  "load_summary": {
    "count": 900,
    "schedule_delay": {
      "mean": 0.0004201571601960394,
      "min": -0.0009700348600745201,
      "max": 0.004893450997769833,
      "p0.1": -0.0009477960052900016,
      "p1": -0.000785429421812296,
      "p5": -0.00047879267949610946,
      "p10": -0.0002666859421879053,
      "p25": 7.177109364420176e-05,
      "median": 0.0004400736652314663,
      "p75": 0.0007842612685635686,
      "p90": 0.0010630708187818528,
      "p95": 0.0012514351634308695,
      "p99": 0.0015501222200691698,
      "p99.9": 0.002178034625482155
    },
    "send_duration": 31.961564811877906,
    "requested_rate": 30.0,
    "achieved_rate": 28.158821550111718
  },
  "successes": {
    "count": 900,
    "latency": {
      "request_latency": {
        "mean": 87.74368057810806,
        "min": 9.52315947599709,
        "max": 245.61068011634052,
        "p0.1": 9.92923398455279,
        "p1": 12.153683982817457,
        "p5": 18.8643567844294,
        "p10": 22.893263242440298,
        "p25": 30.544216727255844,
        "median": 37.28620786359534,
        "p75": 158.25263951334637,
        "p90": 197.3305080648046,
        "p95": 230.7659496012375,
        "p99": 243.43332236658316,
        "p99.9": 245.56251402176872
      },
      "normalized_time_per_output_token": {
        "mean": 0.08798975114378998,
        "min": 0.0032126247198836755,
        "max": 0.24846394899050672,
        "p0.1": 0.008885795465629636,
        "p1": 0.012045666220496075,
        "p5": 0.01874175843118963,
        "p10": 0.022881739530177775,
        "p25": 0.030702252250788816,
        "median": 0.03733701597899565,
        "p75": 0.15851309297270172,
        "p90": 0.19841739532509492,
        "p95": 0.23121120623788444,
        "p99": 0.24408005329972568,
        "p99.9": 0.24737747313469619
      },
      "time_per_output_token": {
        "mean": 0.08694376585529574,
        "min": 0.009143199685029685,
        "max": 0.24378291993401946,
        "p0.1": 0.00953593042566441,
        "p1": 0.011858813160210847,
        "p5": 0.018610213100584222,
        "p10": 0.022542151592455588,
        "p25": 0.030082619970082304,
        "median": 0.03687951896595769,
        "p75": 0.1574087954269489,
        "p90": 0.19634836988998577,
        "p95": 0.2300198706369148,
        "p99": 0.2425524908231711,
        "p99.9": 0.24366833286519582
      },
      "time_to_first_token": {
        "mean": 0.769278312577452,
        "min": 0.0486587886698544,
        "max": 6.083879836834967,
        "p0.1": 0.053141608962789175,
        "p1": 0.06682558269239962,
        "p5": 0.11337270990479738,
        "p10": 0.13943431698717176,
        "p25": 0.21721003390848637,
        "median": 0.49465274484828115,
        "p75": 0.8912451207870618,
        "p90": 1.8793966874945913,
        "p95": 2.606366371992044,
        "p99": 4.455249322978778,
        "p99.9": 5.5489525957029056
      },
      "inter_token_latency": {
        "mean": 0.08694646019159763,
        "min": 5.443114787340164e-06,
        "max": 1.2045148648321629,
        "p0.1": 6.703141145408154e-06,
        "p1": 0.006511955289170146,
        "p5": 0.010150713752955199,
        "p10": 0.012928424775600437,
        "p25": 0.02858581650070846,
        "median": 0.032821415923535824,
        "p75": 0.15564263914711773,
        "p90": 0.20796017879620202,
        "p95": 0.25868311645463105,
        "p99": 0.27987787838093936,
        "p99.9": 0.4328991922177375
      }
    },
    "throughput": {
      "input_tokens_per_sec": 25427.848546509103,
      "output_tokens_per_sec": 3389.18844045442,
      "total_tokens_per_sec": 28817.03698696352,
      "requests_per_sec": 3.369670559756629
    },
    "prompt_len": {
      "mean": 7546.093333333333,
      "min": 7485.0,
      "max": 7612.0,
      "p0.1": 7488.596,
      "p1": 7496.0,
      "p5": 7508.95,
      "p10": 7516.0,
      "p25": 7529.0,
      "median": 7546.0,
      "p75": 7564.0,
      "p90": 7576.1,
      "p95": 7583.0,
      "p99": 7595.0,
      "p99.9": 7605.707
    },
    "output_len": {
      "mean": 1005.7922222222222,
      "min": 867.0,
      "max": 8567.0,
      "p0.1": 938.021,
      "p1": 978.95,
      "p5": 991.0,
      "p10": 993.0,
      "p25": 996.0,
      "median": 998.0,
      "p75": 1000.0,
      "p90": 1002.0,
      "p95": 1003.0,
      "p99": 1006.0,
      "p99.9": 1771.4590000008525
    }
  },
  "failures": {
    "count": 0,
    "request_latency": null,
    "prompt_len": null
  }
}