{
  "load_summary": {
    "count": 300,
    "schedule_delay": {
      "mean": 0.0005348113303383191,
      "min": -0.0009759343229234219,
      "max": 0.0018170611001551151,
      "p0.1": -0.0009155946192331612,
      "p1": -0.0007194425165653229,
      "p5": -0.0004052231088280677,
      "p10": -0.00015281885862350458,
      "p25": 0.00016038795001804829,
      "median": 0.0005439496599137783,
      "p75": 0.0009625904494896531,
      "p90": 0.001247216993942857,
      "p95": 0.0013658922631293537,
      "p99": 0.00162815879099071,
      "p99.9": 0.0017941680378280598
    },
    "send_duration": 17.487818548921496,
    "requested_rate": 15.0,
    "achieved_rate": 17.15479830493218
  },
  "successes": {
    "count": 300,
    "latency": {
      "request_latency": {
        "mean": 35.29575319295749,
        "min": 7.199336603283882,
        "max": 98.44594140583649,
        "p0.1": 7.350308330778964,
        "p1": 7.92171094157733,
        "p5": 9.158599534980022,
        "p10": 9.595989193022252,
        "p25": 11.679755995282903,
        "median": 18.637548424769193,
        "p75": 55.14883608429227,
        "p90": 92.42030570125208,
        "p95": 95.28257712803315,
        "p99": 98.34908519519959,
        "p99.9": 98.4247372094514
      },
      "normalized_time_per_output_token": {
        "mean": 0.03538587579018211,
        "min": 0.007199336603283882,
        "max": 0.09935728551895179,
        "p0.1": 0.007350308330778964,
        "p1": 0.007929095309255103,
        "p5": 0.009204772606513263,
        "p10": 0.009632598719959352,
        "p25": 0.011780943073507688,
        "median": 0.018632566972445124,
        "p75": 0.05524737639326632,
        "p90": 0.09249397914028518,
        "p95": 0.09533504017665351,
        "p99": 0.09832626627878603,
        "p99.9": 0.0992035599582873
      },
      "time_per_output_token": {
        "mean": 0.03478705859431416,
        "min": 0.00701667901314795,
        "max": 0.09776289012609049,
        "p0.1": 0.007167608278838918,
        "p1": 0.007675529412891207,
        "p5": 0.008771070693596266,
        "p10": 0.00918913192297332,
        "p25": 0.011316478203632869,
        "median": 0.018378350709564985,
        "p75": 0.0544844623003155,
        "p90": 0.09107005548286251,
        "p95": 0.09450599769677501,
        "p99": 0.09755113499864004,
        "p99.9": 0.09773780793018545
      },
      "time_to_first_token": {
        "mean": 0.47829895162334046,
        "min": 0.04761097393929958,
        "max": 1.8744222992099822,
        "p0.1": 0.04764894910808653,
        "p1": 0.05160205138847232,
        "p5": 0.09398157820105553,
        "p10": 0.14029775923117996,
        "p25": 0.17843326192814857,
        "median": 0.45459138602018356,
        "p75": 0.6092841173522174,
        "p90": 0.8515442495699976,
        "p95": 1.1604791273130106,
        "p99": 1.4870332511141893,
        "p99.9": 1.8396721238684866
      },
      "inter_token_latency": {
        "mean": 0.034787325468002506,
        "min": 5.521345883607864e-06,
        "max": 0.4273231797851622,
        "p0.1": 6.463373079895973e-06,
        "p1": 0.005447078961879015,
        "p5": 0.007481782138347626,
        "p10": 0.007788604125380516,
        "p25": 0.009407598059624434,
        "median": 0.012679862789809704,
        "p75": 0.057074320036917925,
        "p90": 0.09827230162918568,
        "p95": 0.10131636708974838,
        "p99": 0.10520405210554598,
        "p99.9": 0.40341470941901275
      }
    },
    "throughput": {
      "input_tokens_per_sec": 20910.97483647815,
      "output_tokens_per_sec": 2764.81295016152,
      "total_tokens_per_sec": 23675.78778663967,
      "requests_per_sec": 2.7715107678504918
    },
    "prompt_len": {
      "mean": 7544.973333333333,
      "min": 7491.0,
      "max": 7599.0,
      "p0.1": 7491.897,
      "p1": 7500.95,
      "p5": 7507.95,
      "p10": 7516.0,
      "p25": 7529.0,
      "median": 7545.0,
      "p75": 7563.0,
      "p90": 7573.1,
      "p95": 7580.0,
      "p99": 7594.03,
      "p99.9": 7598.701
    },
    "output_len": {
      "mean": 997.5833333333334,
      "min": 939.0,
      "max": 1007.0,
      "p0.1": 939.0,
      "p1": 959.96,
      "p5": 991.0,
      "p10": 994.0,
      "p25": 997.0,
      "median": 998.0,
      "p75": 1000.0,
      "p90": 1003.0,
      "p95": 1004.0,
      "p99": 1006.0,
      "p99.9": 1007.0
    }
  },
  "failures": {
    "count": 0,
    "request_latency": null,
    "prompt_len": null
  }
}