{
  "load_summary": {
    "count": 100,
    "schedule_delay": {
      "mean": 0.0006638107914477587,
      "min": -0.0004978110082447529,
      "max": 0.0018703597597777843,
      "p0.1": -0.00049751983769238,
      "p1": -0.0004948993027210235,
      "p5": -0.000255338242277503,
      "p10": -8.35712999105451e-06,
      "p25": 0.0003382009454071522,
      "median": 0.000737249618396163,
      "p75": 0.0009629386477172375,
      "p90": 0.0012512804940342911,
      "p95": 0.001442485023289919,
      "p99": 0.0016259184852242482,
      "p99.9": 0.0018459156323224332
    },
    "send_duration": 22.27039752714336,
    "requested_rate": 5.0,
    "achieved_rate": 4.490265603841113
  },
  "successes": {
    "count": 100,
    "latency": {
      "request_latency": {
        "mean": 16.05370213751681,
        "min": 6.575241829734296,
        "max": 35.913030203897506,
        "p0.1": 6.576424463558011,
        "p1": 6.587068167971447,
        "p5": 6.761547460104339,
        "p10": 6.929789222637192,
        "p25": 7.664931229199283,
        "median": 8.855667500989512,
        "p75": 24.50267405156046,
        "p90": 33.56993716373109,
        "p95": 35.207845663139594,
        "p99": 35.82335584062617,
        "p99.9": 35.90406276757037
      },
      "normalized_time_per_output_token": {
        "mean": 0.016100026993951584,
        "min": 0.006593781407340779,
        "max": 0.03616619355880917,
        "p0.1": 0.0065939047121501455,
        "p1": 0.006595014455434443,
        "p5": 0.0067872003973842,
        "p10": 0.00692211226696167,
        "p25": 0.007667612463274613,
        "median": 0.008882943615194153,
        "p75": 0.024564095282546446,
        "p90": 0.03365051264712523,
        "p95": 0.035326835268186134,
        "p99": 0.035968314082764,
        "p99.9": 0.036146405611204656
      },
      "time_per_output_token": {
        "mean": 0.015634633360311945,
        "min": 0.0062481100200675425,
        "max": 0.03526641743211076,
        "p0.1": 0.006251687562664039,
        "p1": 0.006283885446032509,
        "p5": 0.006408752647368237,
        "p10": 0.006493793951999396,
        "p25": 0.007281141882995144,
        "median": 0.008525489429029491,
        "p75": 0.023804855902330016,
        "p90": 0.033324802087619905,
        "p95": 0.034662022847589104,
        "p99": 0.035236550423689186,
        "p99.9": 0.0352634307312686
      },
      "time_to_first_token": {
        "mean": 0.38891765661071986,
        "min": 0.04866138333454728,
        "max": 0.9310106891207397,
        "p0.1": 0.04908939265972003,
        "p1": 0.0529414765862748,
        "p5": 0.06645237198099493,
        "p10": 0.10448777424171567,
        "p25": 0.1797095062211156,
        "median": 0.45306841819547117,
        "p75": 0.5137239320902154,
        "p90": 0.5604928340762854,
        "p95": 0.6056054893415419,
        "p99": 0.9083493584813551,
        "p99.9": 0.9287445560568015
      },
      "inter_token_latency": {
        "mean": 0.01563625177924178,
        "min": 5.517154932022095e-06,
        "max": 0.623205556999892,
        "p0.1": 6.273854523897171e-06,
        "p1": 0.0038889129646122456,
        "p5": 0.006193360430188477,
        "p10": 0.006319492449983954,
        "p25": 0.006619984284043312,
        "median": 0.008002251852303743,
        "p75": 0.023718400625512004,
        "p90": 0.0359839404001832,
        "p95": 0.03651899646501988,
        "p99": 0.038074589949101206,
        "p99.9": 0.1539789966307581
      }
    },
    "throughput": {
      "input_tokens_per_sec": 13396.506482911425,
      "output_tokens_per_sec": 1770.52518985784,
      "total_tokens_per_sec": 15167.031672769264,
      "requests_per_sec": 1.775140555301624
    },
    "prompt_len": {
      "mean": 7546.73,
      "min": 7491.0,
      "max": 7599.0,
      "p0.1": 7492.188,
      "p1": 7502.88,
      "p5": 7511.75,
      "p10": 7517.9,
      "p25": 7529.0,
      "median": 7547.5,
      "p75": 7564.25,
      "p90": 7574.5,
      "p95": 7582.0,
      "p99": 7598.01,
      "p99.9": 7598.901
    },
    "output_len": {
      "mean": 997.4,
      "min": 957.0,
      "max": 1005.0,
      "p0.1": 960.168,
      "p1": 988.68,
      "p5": 991.0,
      "p10": 993.0,
      "p25": 996.0,
      "median": 998.0,
      "p75": 1000.0,
      "p90": 1002.0,
      "p95": 1003.0,
      "p99": 1005.0,
      "p99.9": 1005.0
    }
  },
  "failures": {
    "count": 0,
    "request_latency": null,
    "prompt_len": null
  }
}