{
  "load_summary": {
    "count": 1950,
    "schedule_delay": {
      "mean": 0.0004078667821028294,
      "min": -0.001015006098896265,
      "max": 0.07103034481406212,
      "p0.1": -0.0009867396224290132,
      "p1": -0.0007319221971556544,
      "p5": -0.0004376433324068785,
      "p10": -0.00025920639745891094,
      "p25": -1.8301652744412422e-06,
      "median": 0.00037274090573191643,
      "p75": 0.0007222947897389531,
      "p90": 0.00101741305552423,
      "p95": 0.001189494994468987,
      "p99": 0.0014992468897253274,
      "p99.9": 0.0016920330761931955
    },
    "send_duration": 29.171496318187565,
    "requested_rate": 65.0,
    "achieved_rate": 66.8460739459646
  },
  "successes": {
    "count": 1950,
    "latency": {
      "request_latency": {
        "mean": 85.41580057990213,
        "min": 51.61149694677442,
        "max": 154.48775675939396,
        "p0.1": 52.49083061516937,
        "p1": 56.648440965847115,
        "p5": 59.726467711641455,
        "p10": 61.99824418243952,
        "p25": 70.20626045053359,
        "median": 79.86003088345751,
        "p75": 92.38990883051883,
        "p90": 113.49382385821082,
        "p95": 141.41550857175608,
        "p99": 152.70318275843746,
        "p99.9": 154.4588500174158
      },
      "normalized_time_per_output_token": {
        "mean": 0.08531076201792742,
        "min": 0.006464816070886146,
        "max": 0.15734771377802323,
        "p0.1": 0.011048163395626058,
        "p1": 0.05619272086421233,
        "p5": 0.05976347429203127,
        "p10": 0.06200801127653632,
        "p25": 0.07039870613809673,
        "median": 0.07989438078086823,
        "p75": 0.09248858740863489,
        "p90": 0.11364945304098346,
        "p95": 0.1419204347876582,
        "p99": 0.1525184768383448,
        "p99.9": 0.15480430392681274
      },
      "time_per_output_token": {
        "mean": 0.07022189248766134,
        "min": 0.028898729875683784,
        "max": 0.10089240803429857,
        "p0.1": 0.029414940774693154,
        "p1": 0.0342232093331404,
        "p5": 0.043047833752282896,
        "p10": 0.05357513936823234,
        "p25": 0.05857400821568444,
        "median": 0.07175120085314848,
        "p75": 0.08091364957252517,
        "p90": 0.08851109738140367,
        "p95": 0.0919155935365474,
        "p99": 0.0964599009292107,
        "p99.9": 0.09814140930054374
      },
      "time_to_first_token": {
        "mean": 15.166055215466768,
        "min": 0.04822919284924865,
        "max": 108.08417212218046,
        "p0.1": 0.061004222790710626,
        "p1": 0.11159339649137111,
        "p5": 0.20377778715919703,
        "p10": 0.27120471773669125,
        "p25": 0.5092648472636938,
        "median": 1.142666618572548,
        "p75": 4.0543272057548165,
        "p90": 55.270412981649876,
        "p95": 101.73493501979392,
        "p99": 106.07891492356546,
        "p99.9": 107.95002629011358
      },
      "inter_token_latency": {
        "mean": 0.07022165086657213,
        "min": 5.377922207117081e-06,
        "max": 42.225072304252535,
        "p0.1": 6.817226763814688e-06,
        "p1": 0.007989767412655056,
        "p5": 0.032802585721947254,
        "p10": 0.03851795587688685,
        "p25": 0.04151665582321584,
        "median": 0.06833072262816131,
        "p75": 0.07491020881570876,
        "p90": 0.08044941890984775,
        "p95": 0.08431751050520687,
        "p99": 0.4378585369512437,
        "p99.9": 0.5374214350897832
      }
    },
    "throughput": {
      "input_tokens_per_sec": 82980.52801244333,
      "output_tokens_per_sec": 11230.49776281983,
      "total_tokens_per_sec": 94211.02577526316,
      "requests_per_sec": 10.994571180021461
    },
    "prompt_len": {
      "mean": 7547.409230769231,
      "min": 7465.0,
      "max": 7619.0,
      "p0.1": 7465.0,
      "p1": 7491.0,
      "p5": 7509.0,
      "p10": 7518.0,
      "p25": 7531.0,
      "median": 7546.0,
      "p75": 7565.0,
      "p90": 7577.0,
      "p95": 7584.0,
      "p99": 7596.0,
      "p99.9": 7619.0
    },
    "output_len": {
      "mean": 1021.4584615384615,
      "min": 933.0,
      "max": 8597.0,
      "p0.1": 965.184,
      "p1": 985.0,
      "p5": 992.45,
      "p10": 994.0,
      "p25": 996.0,
      "median": 998.0,
      "p75": 1001.0,
      "p90": 1003.0,
      "p95": 1004.0,
      "p99": 1007.0,
      "p99.9": 8579.663000000002
    }
  },
  "failures": {
    "count": 0,
    "request_latency": null,
    "prompt_len": null
  }
}