{
  "load_summary": {
    "count": 1650,
    "schedule_delay": {
      "mean": 0.00039902780515452225,
      "min": -0.0010350896045565605,
      "max": 0.0018116156570613384,
      "p0.1": -0.0008842308297753334,
      "p1": -0.0006802517268806696,
      "p5": -0.0004545022267848253,
      "p10": -0.00027314238250255587,
      "p25": 2.6486231945455074e-05,
      "median": 0.00040128501132130623,
      "p75": 0.0007490688003599644,
      "p90": 0.0011002558749169118,
      "p95": 0.001259987149387598,
      "p99": 0.0015606686146929858,
      "p99.9": 0.0017549563092179644
    },
    "send_duration": 29.946504378225654,
    "requested_rate": 55.0,
    "achieved_rate": 55.098250505649276
  },
  "successes": {
    "count": 1650,
    "latency": {
      "request_latency": {
        "mean": 84.1603714793754,
        "min": 51.1096451501362,
        "max": 129.7763088461943,
        "p0.1": 51.54586504264595,
        "p1": 54.70201286804863,
        "p5": 57.57221153848805,
        "p10": 61.389913734560835,
        "p25": 73.18745680013672,
        "median": 84.62398298736662,
        "p75": 93.96201670309529,
        "p90": 104.79098998582921,
        "p95": 113.62556919497437,
        "p99": 127.51979746823665,
        "p99.9": 129.63789265722366
      },
      "normalized_time_per_output_token": {
        "mean": 0.0841910414313994,
        "min": 0.0072611939770231,
        "max": 0.13817876666923737,
        "p0.1": 0.009487050668519213,
        "p1": 0.05421777073143165,
        "p5": 0.05725870270751823,
        "p10": 0.06134168734050685,
        "p25": 0.07319159871778237,
        "median": 0.08485810774343899,
        "p75": 0.094037298660915,
        "p90": 0.10505137856427794,
        "p95": 0.11379813541318726,
        "p99": 0.12791940272954502,
        "p99.9": 0.1324233445606944
      },
      "time_per_output_token": {
        "mean": 0.07112583585144824,
        "min": 0.022322408503852784,
        "max": 0.1059396702828817,
        "p0.1": 0.02279028222062485,
        "p1": 0.025113243180904538,
        "p5": 0.041666704750503415,
        "p10": 0.05278945493567735,
        "p25": 0.05910773207317106,
        "median": 0.07282264151765794,
        "p75": 0.08337811741989046,
        "p90": 0.09174422194510701,
        "p95": 0.09593882752410136,
        "p99": 0.10259779172788375,
        "p99.9": 0.10543535685209049
      },
      "time_to_first_token": {
        "mean": 13.0794294426895,
        "min": 0.09451521188020706,
        "max": 102.83770634094253,
        "p0.1": 0.11503186548873783,
        "p1": 0.17350334187969568,
        "p5": 0.45643478247802705,
        "p10": 0.7071698121260852,
        "p25": 1.7228689267067239,
        "median": 4.1723679944407195,
        "p75": 7.836533343303017,
        "p90": 45.96509074447677,
        "p95": 55.24150577767286,
        "p99": 101.03126652395818,
        "p99.9": 102.6687825006512
      },
      "inter_token_latency": {
        "mean": 0.0711207067017983,
        "min": 5.469191819429398e-06,
        "max": 42.2505288971588,
        "p0.1": 6.755995564162731e-06,
        "p1": 0.012581963650882249,
        "p5": 0.027021926129236817,
        "p10": 0.03839793615043163,
        "p25": 0.04198929946869612,
        "median": 0.06415088567882776,
        "p75": 0.07099449425004423,
        "p90": 0.07558717718347907,
        "p95": 0.07929470972158015,
        "p99": 0.4878845487721265,
        "p99.9": 0.617938263039105
      }
    },
    "throughput": {
      "input_tokens_per_sec": 80095.49705257878,
      "output_tokens_per_sec": 10782.371245436596,
      "total_tokens_per_sec": 90877.86829801538,
      "requests_per_sec": 10.612538470697942
    },
    "prompt_len": {
      "mean": 7547.251515151515,
      "min": 7465.0,
      "max": 7619.0,
      "p0.1": 7465.0,
      "p1": 7491.0,
      "p5": 7509.0,
      "p10": 7518.0,
      "p25": 7531.0,
      "median": 7546.0,
      "p75": 7565.0,
      "p90": 7577.0,
      "p95": 7584.0,
      "p99": 7596.0,
      "p99.9": 7619.0
    },
    "output_len": {
      "mean": 1016.0030303030303,
      "min": 822.0,
      "max": 8589.0,
      "p0.1": 887.761,
      "p1": 971.96,
      "p5": 992.0,
      "p10": 994.0,
      "p25": 996.0,
      "median": 998.0,
      "p75": 1001.0,
      "p90": 1003.0,
      "p95": 1004.0,
      "p99": 1006.51,
      "p99.9": 8578.351
    }
  },
  "failures": {
    "count": 0,
    "request_latency": null,
    "prompt_len": null
  }
}