{
  "load_summary": {
    "count": 1650,
    "schedule_delay": {
      "mean": 0.00039507750083099714,
      "min": -0.0009318315424025059,
      "max": 0.0030451063066720963,
      "p0.1": -0.0008950902703218162,
      "p1": -0.0007430806010961532,
      "p5": -0.0004760876996442676,
      "p10": -0.0002867263741791248,
      "p25": 3.426591865718365e-05,
      "median": 0.00038454262539744377,
      "p75": 0.0007670714985579252,
      "p90": 0.0010912049096077681,
      "p95": 0.0012891371734440325,
      "p99": 0.0015843647252768277,
      "p99.9": 0.0018749509393237932
    },
    "send_duration": 31.25823659589514,
    "requested_rate": 55.0,
    "achieved_rate": 52.78608711460964
  },
  "successes": {
    "count": 1650,
    "latency": {
      "request_latency": {
        "mean": 78.8659265020868,
        "min": 31.781835719943047,
        "max": 160.1510001756251,
        "p0.1": 31.91054705806682,
        "p1": 36.02400307277683,
        "p5": 44.26177384147886,
        "p10": 49.17563585126773,
        "p25": 55.458370229345746,
        "median": 69.60522363614291,
        "p75": 102.35457830282394,
        "p90": 118.51906616105698,
        "p95": 121.49073525536805,
        "p99": 157.80387102793438,
        "p99.9": 160.11860445018206
      },
      "normalized_time_per_output_token": {
        "mean": 0.08261103471342987,
        "min": 0.0,
        "max": 5.633674415811482,
        "p0.1": 0.0,
        "p1": 0.0,
        "p5": 0.04149260251519934,
        "p10": 0.04798256011400465,
        "p25": 0.05531614592660912,
        "median": 0.06918166205071426,
        "p75": 0.10272961819601169,
        "p90": 0.12007287099562186,
        "p95": 0.12846767081330646,
        "p99": 0.15993931640760972,
        "p99.9": 0.7363458732716042
      },
      "time_per_output_token": {
        "mean": 0.07382207435260221,
        "min": 8.659902960062027e-06,
        "max": 5.163194147845436,
        "p0.1": 1.1202118825167417e-05,
        "p1": 3.101826179772616e-05,
        "p5": 0.03642333080703393,
        "p10": 0.0402637241831515,
        "p25": 0.049310071444788287,
        "median": 0.059204972974257544,
        "p75": 0.098883861299837,
        "p90": 0.11681310401298106,
        "p95": 0.12000069405089599,
        "p99": 0.13792695841031613,
        "p99.9": 0.7038807695875519
      },
      "time_to_first_token": {
        "mean": 9.545598105343736,
        "min": 0.05094275204464793,
        "max": 102.09364192886278,
        "p0.1": 0.06660076031787321,
        "p1": 0.10296005814801902,
        "p5": 0.20923813635017724,
        "p10": 0.33921141377650205,
        "p25": 0.5800080287735909,
        "median": 1.583947236649692,
        "p75": 4.238377599744126,
        "p90": 37.885454250872144,
        "p95": 43.43878978360444,
        "p99": 98.38618112966418,
        "p99.9": 101.83124912298612
      },
      "inter_token_latency": {
        "mean": 0.07055316946278095,
        "min": 5.379319190979004e-06,
        "max": 96.30528408521786,
        "p0.1": 6.270749494433403e-06,
        "p1": 0.0012156069092452502,
        "p5": 0.021357342880219222,
        "p10": 0.030383319593966007,
        "p25": 0.035608168225735426,
        "median": 0.0442584129050374,
        "p75": 0.10342921828851104,
        "p90": 0.1061892838217318,
        "p95": 0.1076424184255302,
        "p99": 0.4379834393225609,
        "p99.9": 1.4121442683227365
      }
    },
    "throughput": {
      "input_tokens_per_sec": 66671.51960879672,
      "output_tokens_per_sec": 9112.570623627085,
      "total_tokens_per_sec": 75784.0902324238,
      "requests_per_sec": 8.833247284055638
    },
    "prompt_len": {
      "mean": 7547.7927272727275,
      "min": 7474.0,
      "max": 7621.0,
      "p0.1": 7474.0,
      "p1": 7488.49,
      "p5": 7505.0,
      "p10": 7514.0,
      "p25": 7530.0,
      "median": 7547.0,
      "p75": 7566.0,
      "p90": 7581.0,
      "p95": 7590.0,
      "p99": 7609.0,
      "p99.9": 7619.053
    },
    "output_len": {
      "mean": 1031.621818181818,
      "min": 0.0,
      "max": 8580.0,
      "p0.1": 0.0,
      "p1": 0.0,
      "p5": 938.0,
      "p10": 984.0,
      "p25": 993.0,
      "median": 996.0,
      "p75": 997.0,
      "p90": 999.0,
      "p95": 1001.0,
      "p99": 1004.0,
      "p99.9": 8562.722000000002
    }
  },
  "failures": {
    "count": 0,
    "request_latency": null,
    "prompt_len": null
  }
}