{
  "load_summary": {
    "count": 150,
    "schedule_delay": {
      "mean": 0.0005582067929208278,
      "min": -0.0008606938645243645,
      "max": 0.0019605373963713646,
      "p0.1": -0.0008481901194900274,
      "p1": -0.0006574935745447874,
      "p5": -0.00023215680848807097,
      "p10": -0.0001420998014509678,
      "p25": 0.0001749142538756132,
      "median": 0.0005222430918365717,
      "p75": 0.0009070959640666842,
      "p90": 0.0013438533525913952,
      "p95": 0.0014232344925403594,
      "p99": 0.001932029821909964,
      "p99.9": 0.0019576665139757103
    },
    "send_duration": 30.387824786826968,
    "requested_rate": 5.0,
    "achieved_rate": 4.936187471537106
  },
  "successes": {
    "count": 150,
    "latency": {
      "request_latency": {
        "mean": 10.943032575038572,
        "min": 5.709923193790019,
        "max": 18.31824547285214,
        "p0.1": 5.7181001624227505,
        "p1": 5.773247689404525,
        "p5": 6.489456716645509,
        "p10": 6.75356980143115,
        "p25": 7.750373415416107,
        "median": 9.830918569583446,
        "p75": 13.920108770951629,
        "p90": 15.937148140277714,
        "p95": 17.113573238742536,
        "p99": 18.252205998850986,
        "p99.9": 18.31541490194155
      },
      "normalized_time_per_output_token": {
        "mean": 0.010898780759034166,
        "min": 0.0007515801773414194,
        "max": 0.018335920193032894,
        "p0.1": 0.0007747680353031958,
        "p1": 0.0032577410240801235,
        "p5": 0.006304650553032096,
        "p10": 0.006774355524283971,
        "p25": 0.007731280822535625,
        "median": 0.0099051951488768,
        "p75": 0.013939797579503439,
        "p90": 0.015981896432954744,
        "p95": 0.017089764298834076,
        "p99": 0.01831573510966677,
        "p99.9": 0.018333286659725962
      },
      "time_per_output_token": {
        "mean": 0.010552914315690278,
        "min": 0.005566215963102877,
        "max": 0.017946218363940714,
        "p0.1": 0.005568046655490764,
        "p1": 0.0055809035033996665,
        "p5": 0.0060776218575658274,
        "p10": 0.006457883150689304,
        "p25": 0.007240172142977826,
        "median": 0.009447461360902807,
        "p75": 0.013614040897693485,
        "p90": 0.015619053996261208,
        "p95": 0.016708679413096977,
        "p99": 0.017884063116395846,
        "p99.9": 0.017945531993804963
      },
      "time_to_first_token": {
        "mean": 0.3693830596127858,
        "min": 0.05157337570562959,
        "max": 0.9930666591972113,
        "p0.1": 0.05216027407161891,
        "p1": 0.06129989462904632,
        "p5": 0.08662950687576085,
        "p10": 0.12082002176903188,
        "p25": 0.18546968896407634,
        "median": 0.34981069434434175,
        "p75": 0.5028311194619164,
        "p90": 0.5443574558012186,
        "p95": 0.731951728113926,
        "p99": 0.7703107708506286,
        "p99.9": 0.9601219942141385
      },
      "inter_token_latency": {
        "mean": 0.01055477872922965,
        "min": 5.477108061313629e-06,
        "max": 0.5182060715742409,
        "p0.1": 6.13825861364603e-06,
        "p1": 0.0017657448537647725,
        "p5": 0.005434552440419793,
        "p10": 0.005672022700309753,
        "p25": 0.006812123581767082,
        "median": 0.008788242004811764,
        "p75": 0.01272505708038807,
        "p90": 0.01663689035922289,
        "p95": 0.017033093376085162,
        "p99": 0.019669622369110584,
        "p99.9": 0.2879245276842267
      }
    },
    "throughput": {
      "input_tokens_per_sec": 25703.33743385583,
      "output_tokens_per_sec": 3735.43697149921,
      "total_tokens_per_sec": 29438.77440535504,
      "requests_per_sec": 3.405738755082217
    },
    "prompt_len": {
      "mean": 7547.066666666667,
      "min": 7474.0,
      "max": 7617.0,
      "p0.1": 7475.192,
      "p1": 7484.94,
      "p5": 7501.45,
      "p10": 7511.9,
      "p25": 7532.0,
      "median": 7547.5,
      "p75": 7565.0,
      "p90": 7578.1,
      "p95": 7588.55,
      "p99": 7609.08,
      "p99.9": 7616.404
    },
    "output_len": {
      "mean": 1096.8066666666666,
      "min": 975.0,
      "max": 8584.0,
      "p0.1": 976.192,
      "p1": 983.49,
      "p5": 989.0,
      "p10": 990.0,
      "p25": 994.0,
      "median": 996.0,
      "p75": 998.0,
      "p90": 1002.0,
      "p95": 1004.0,
      "p99": 4852.869999999932,
      "p99.9": 8578.338000000002
    }
  },
  "failures": {
    "count": 0,
    "request_latency": null,
    "prompt_len": null
  }
}