{
  "load_summary": {
    "count": 1000,
    "schedule_delay": {
      "mean": 0.0006891632089391351,
      "min": -0.000873267650604248,
      "max": 0.0543640349060297,
      "p0.1": -0.0008169915401376784,
      "p1": -0.000679548573680222,
      "p5": -0.00037203009705990555,
      "p10": -0.00016023581847548484,
      "p25": 0.00015800795517861843,
      "median": 0.0005741068162024021,
      "p75": 0.0009881471050903201,
      "p90": 0.0013830612879246475,
      "p95": 0.0016256596194580196,
      "p99": 0.002153179580345749,
      "p99.9": 0.04132132141431911
    },
    "send_duration": 49.09235689975321,
    "requested_rate": 20.0,
    "achieved_rate": 20.369769616928433
  },
  "successes": {
    "count": 1000,
    "latency": {
      "request_latency": {
        "mean": 47.76633454977441,
        "min": 10.975944485049695,
        "max": 99.07764643803239,
        "p0.1": 11.016210442854558,
        "p1": 16.90612265203148,
        "p5": 23.732726603141053,
        "p10": 26.65943480092101,
        "p25": 34.5947131048888,
        "median": 46.14415137236938,
        "p75": 58.458800712949596,
        "p90": 68.46877969470806,
        "p95": 83.71405436613131,
        "p99": 97.83382188086398,
        "p99.9": 98.93288873926133
      },
      "normalized_time_per_output_token": {
        "mean": 0.047777586162793845,
        "min": 0.0030632880861525768,
        "max": 0.10064368650728377,
        "p0.1": 0.0035041083684899136,
        "p1": 0.01441819616778288,
        "p5": 0.023445665430208224,
        "p10": 0.02641901268389492,
        "p25": 0.03461744617302304,
        "median": 0.04627097355490756,
        "p75": 0.05850633784672104,
        "p90": 0.06872022506167762,
        "p95": 0.08391667902062656,
        "p99": 0.09794798631025296,
        "p99.9": 0.09909192516911426
      },
      "time_per_output_token": {
        "mean": 0.046144775002534326,
        "min": 0.010280117106158287,
        "max": 0.09865075241122395,
        "p0.1": 0.01033208956442494,
        "p1": 0.01613774989913218,
        "p5": 0.021760432621312213,
        "p10": 0.02502552105543068,
        "p25": 0.03173476854409091,
        "median": 0.0438570635097567,
        "p75": 0.057422991396044384,
        "p90": 0.06787277714386583,
        "p95": 0.08317070386721752,
        "p99": 0.09698561542681418,
        "p99.9": 0.09844792638466555
      },
      "time_to_first_token": {
        "mean": 1.607814111508429,
        "min": 0.10581924067810178,
        "max": 27.79133628308773,
        "p0.1": 0.13077456792723388,
        "p1": 0.19483919341117142,
        "p5": 0.3223796190228313,
        "p10": 0.3526212419383228,
        "p25": 0.4559897710569203,
        "median": 0.6431300349067897,
        "p75": 1.354243322974071,
        "p90": 2.4905959885101767,
        "p95": 5.370577939366917,
        "p99": 24.338909761994145,
        "p99.9": 27.29599643453215
      },
      "inter_token_latency": {
        "mean": 0.04615516286673453,
        "min": 5.424953997135162e-06,
        "max": 9.10494907386601,
        "p0.1": 5.964342039078474e-06,
        "p1": 9.816642850637437e-06,
        "p5": 0.011322750779800118,
        "p10": 0.014445769740268588,
        "p25": 0.019981433637440205,
        "median": 0.028127891942858696,
        "p75": 0.055203380645252764,
        "p90": 0.07634629998356107,
        "p95": 0.10418205659370867,
        "p99": 0.40937624605372547,
        "p99.9": 1.0248268442796549
      }
    },
    "throughput": {
      "input_tokens_per_sec": 59253.35432311047,
      "output_tokens_per_sec": 8168.32534833198,
      "total_tokens_per_sec": 67421.67967144246,
      "requests_per_sec": 7.8504753042149265
    },
    "prompt_len": {
      "mean": 7547.741,
      "min": 7474.0,
      "max": 7621.0,
      "p0.1": 7474.0,
      "p1": 7488.0,
      "p5": 7505.0,
      "p10": 7514.0,
      "p25": 7530.75,
      "median": 7547.0,
      "p75": 7565.25,
      "p90": 7581.0,
      "p95": 7590.0,
      "p99": 7609.01,
      "p99.9": 7618.003000000001
    },
    "output_len": {
      "mean": 1040.488,
      "min": 930.0,
      "max": 8580.0,
      "p0.1": 945.984,
      "p1": 973.0,
      "p5": 987.0,
      "p10": 990.0,
      "p25": 994.0,
      "median": 996.0,
      "p75": 998.0,
      "p90": 1000.0,
      "p95": 1002.0,
      "p99": 1005.0,
      "p99.9": 8547.033000000003
    }
  },
  "failures": {
    "count": 0,
    "request_latency": null,
    "prompt_len": null
  }
}