{
  "load_summary": {
    "count": 450,
    "schedule_delay": {
      "mean": 0.0004741478090484937,
      "min": -0.0009171329438686371,
      "max": 0.0020231171511113644,
      "p0.1": -0.0008557598739862443,
      "p1": -0.0006264532124623656,
      "p5": -0.00040179649367928506,
      "p10": -0.00020952550694346424,
      "p25": 0.00012948003131896257,
      "median": 0.00048077572137117386,
      "p75": 0.0008187959901988506,
      "p90": 0.0011350876651704312,
      "p95": 0.0013387739425525069,
      "p99": 0.001630117003805935,
      "p99.9": 0.0019483730834908859
    },
    "send_duration": 32.294628008734435,
    "requested_rate": 15.0,
    "achieved_rate": 13.934206019598449
  },
  "successes": {
    "count": 450,
    "latency": {
      "request_latency": {
        "mean": 21.1594882471073,
        "min": 6.375380732119083,
        "max": 37.288004965055734,
        "p0.1": 6.395875458781142,
        "p1": 7.497251698682085,
        "p5": 10.266784269502386,
        "p10": 12.045492006419227,
        "p25": 16.016768258763477,
        "median": 20.235823803814128,
        "p75": 25.92551508010365,
        "p90": 31.947050747647882,
        "p95": 33.77945506616961,
        "p99": 36.69704446808435,
        "p99.9": 37.2828778618169
      },
      "normalized_time_per_output_token": {
        "mean": 0.021180238476438167,
        "min": 0.0015387078640267684,
        "max": 0.03743775598901178,
        "p0.1": 0.0022482147228591112,
        "p1": 0.006958496451584913,
        "p5": 0.00988916725956574,
        "p10": 0.012007492090631162,
        "p25": 0.016143053015699127,
        "median": 0.02035950296680111,
        "p75": 0.025941538525779104,
        "p90": 0.032049862742086335,
        "p95": 0.0339778579159786,
        "p99": 0.0368548214617153,
        "p99.9": 0.0372821210883248
      },
      "time_per_output_token": {
        "mean": 0.02059294345130034,
        "min": 0.006075190860312432,
        "max": 0.036880589890293775,
        "p0.1": 0.006104639674624428,
        "p1": 0.007142569551371492,
        "p5": 0.009317553301714361,
        "p10": 0.011653081556052847,
        "p25": 0.015572752508418802,
        "median": 0.019603925367118788,
        "p75": 0.025378378150402565,
        "p90": 0.0315841712305788,
        "p95": 0.03337389308968558,
        "p99": 0.036457506755236534,
        "p99.9": 0.03687707654276816
      },
      "time_to_first_token": {
        "mean": 0.5433968019640694,
        "min": 0.06399112800136209,
        "max": 4.7726504490710795,
        "p0.1": 0.06636994351493194,
        "p1": 0.07986779538914561,
        "p5": 0.11247127489186824,
        "p10": 0.15028037587180734,
        "p25": 0.20681940158829093,
        "median": 0.39353403728455305,
        "p75": 0.5921842296374962,
        "p90": 1.011833883263171,
        "p95": 1.5214592646574578,
        "p99": 3.1945307558169582,
        "p99.9": 4.426384839522687
      },
      "inter_token_latency": {
        "mean": 0.02059948543940171,
        "min": 5.419831722974777e-06,
        "max": 3.3023630608804524,
        "p0.1": 6.1200270429253576e-06,
        "p1": 1.9085314124822614e-05,
        "p5": 0.006976803485304117,
        "p10": 0.008564556390047074,
        "p25": 0.011469979071989655,
        "median": 0.01515984907746315,
        "p75": 0.022666906006634235,
        "p90": 0.03365940451622009,
        "p95": 0.03436066685244441,
        "p99": 0.11349202364683075,
        "p99.9": 0.5323693989692483
      }
    },
    "throughput": {
      "input_tokens_per_sec": 56330.09272942774,
      "output_tokens_per_sec": 7676.117628528589,
      "total_tokens_per_sec": 64006.21035795633,
      "requests_per_sec": 7.463894235758522
    },
    "prompt_len": {
      "mean": 7547.011111111111,
      "min": 7474.0,
      "max": 7618.0,
      "p0.1": 7474.898,
      "p1": 7487.49,
      "p5": 7502.45,
      "p10": 7513.0,
      "p25": 7530.0,
      "median": 7546.0,
      "p75": 7565.0,
      "p90": 7580.1,
      "p95": 7589.55,
      "p99": 7609.53,
      "p99.9": 7617.551
    },
    "output_len": {
      "mean": 1028.4333333333334,
      "min": 874.0,
      "max": 8539.0,
      "p0.1": 881.633,
      "p1": 964.96,
      "p5": 987.0,
      "p10": 990.0,
      "p25": 994.0,
      "median": 996.0,
      "p75": 998.0,
      "p90": 1000.0,
      "p95": 1002.0,
      "p99": 1005.0,
      "p99.9": 8532.714
    }
  },
  "failures": {
    "count": 0,
    "request_latency": null,
    "prompt_len": null
  }
}