{
  "load_summary": {
    "count": 1200,
    "schedule_delay": {
      "mean": 0.0004072162800002843,
      "min": -0.0010965587571263313,
      "max": 0.0031499830074608326,
      "p0.1": -0.0010095367589965463,
      "p1": -0.0007567386841401458,
      "p5": -0.00040871186647564175,
      "p10": -0.00023453878238797186,
      "p25": 3.5874079912900925e-05,
      "median": 0.0004073195159435272,
      "p75": 0.0007557611679658294,
      "p90": 0.0010461012832820415,
      "p95": 0.0012159080244600771,
      "p99": 0.0015958495391532779,
      "p99.9": 0.0021020702249370904
    },
    "send_duration": 31.007100755814463,
    "requested_rate": 40.0,
    "achieved_rate": 38.700812741254936
  },
  "successes": {
    "count": 1200,
    "latency": {
      "request_latency": {
        "mean": 59.69512262754259,
        "min": 14.965400334913284,
        "max": 122.84709475701675,
        "p0.1": 20.632378792480566,
        "p1": 24.289924070779236,
        "p5": 28.75311275308486,
        "p10": 32.10192734282464,
        "p25": 38.62856704683509,
        "median": 51.402254855725914,
        "p75": 79.20188010204583,
        "p90": 98.63327269037255,
        "p95": 106.07367569396736,
        "p99": 121.1477575465897,
        "p99.9": 122.82398710620544
      },
      "normalized_time_per_output_token": {
        "mean": 0.06262165501245526,
        "min": 0.0,
        "max": 1.0859912420689528,
        "p0.1": 0.0038450285392300195,
        "p1": 0.022762664203614696,
        "p5": 0.028529638695963897,
        "p10": 0.031939861351943634,
        "p25": 0.03876321959985533,
        "median": 0.05179176056134151,
        "p75": 0.07991817792558648,
        "p90": 0.10728845395180985,
        "p95": 0.11634387636095651,
        "p99": 0.12230367724388842,
        "p99.9": 0.4462208122359196
      },
      "time_per_output_token": {
        "mean": 0.06052435035619084,
        "min": 2.772687003016472e-05,
        "max": 1.058801134431761,
        "p0.1": 0.014468136957083362,
        "p1": 0.020158210077313703,
        "p5": 0.026261389114800842,
        "p10": 0.029517121531628072,
        "p25": 0.0363207116300473,
        "median": 0.047459497576579454,
        "p75": 0.07918454331369139,
        "p90": 0.10646667366512123,
        "p95": 0.11485312434430511,
        "p99": 0.12015436847691423,
        "p99.9": 0.43960651796805356
      },
      "time_to_first_token": {
        "mean": 2.0047418387641667,
        "min": 0.06721853604540229,
        "max": 74.87778490316123,
        "p0.1": 0.07063875350635498,
        "p1": 0.10326534204185009,
        "p5": 0.15126204879488797,
        "p10": 0.20186707861721517,
        "p25": 0.3912876732647419,
        "median": 0.6243292486760765,
        "p75": 1.2926521477056667,
        "p90": 2.472053271112966,
        "p95": 4.50465393674094,
        "p99": 33.56934449195862,
        "p99.9": 35.041996921283705
      },
      "inter_token_latency": {
        "mean": 0.058568749252210325,
        "min": 5.388166755437851e-06,
        "max": 67.80270271189511,
        "p0.1": 5.9730373322963715e-06,
        "p1": 9.612180292606354e-06,
        "p5": 0.012113422784022988,
        "p10": 0.01788923153653741,
        "p25": 0.026106989942491055,
        "median": 0.034628326538950205,
        "p75": 0.07800190593115985,
        "p90": 0.10548480432480574,
        "p95": 0.10670930368360132,
        "p99": 0.387993270214647,
        "p99.9": 0.9360757368979991
      }
    },
    "throughput": {
      "input_tokens_per_sec": 64620.83327489633,
      "output_tokens_per_sec": 8762.088959324094,
      "total_tokens_per_sec": 73382.92223422043,
      "requests_per_sec": 8.561834778712328
    },
    "prompt_len": {
      "mean": 7547.545,
      "min": 7474.0,
      "max": 7621.0,
      "p0.1": 7474.199,
      "p1": 7488.0,
      "p5": 7504.0,
      "p10": 7514.0,
      "p25": 7530.0,
      "median": 7547.0,
      "p75": 7566.0,
      "p90": 7581.0,
      "p95": 7590.0,
      "p99": 7609.01,
      "p99.9": 7618.0
    },
    "output_len": {
      "mean": 1023.3891666666667,
      "min": 0.0,
      "max": 8576.0,
      "p0.1": 88.706,
      "p1": 691.99,
      "p5": 877.8,
      "p10": 985.0,
      "p25": 993.0,
      "median": 996.0,
      "p75": 998.0,
      "p90": 1000.0,
      "p95": 1001.0,
      "p99": 1004.0,
      "p99.9": 8551.801
    }
  },
  "failures": {
    "count": 0,
    "request_latency": null,
    "prompt_len": null
  }
}