{
  "load_summary": {
    "count": 750,
    "schedule_delay": {
      "mean": 0.0005606628519793351,
      "min": -0.0008585667237639427,
      "max": 0.060243900399655104,
      "p0.1": -0.0008315198575146496,
      "p1": -0.0006320851156488061,
      "p5": -0.000419569737277925,
      "p10": -0.00024597682058811186,
      "p25": 7.416249718517065e-05,
      "median": 0.00043978914618492126,
      "p75": 0.0008485810831189156,
      "p90": 0.0011659043841063977,
      "p95": 0.0013439625268802042,
      "p99": 0.0016475186077877877,
      "p99.9": 0.02585365214059543
    },
    "send_duration": 28.756858445238322,
    "requested_rate": 25.0,
    "achieved_rate": 26.0807348420282
  },
  "successes": {
    "count": 750,
    "latency": {
      "request_latency": {
        "mean": 38.116841879346715,
        "min": 12.713659040629864,
        "max": 64.2758995979093,
        "p0.1": 12.799926482095849,
        "p1": 16.240785512048753,
        "p5": 19.95973561273422,
        "p10": 23.21354802586138,
        "p25": 29.52313420700375,
        "median": 38.11219009547494,
        "p75": 47.343604823574424,
        "p90": 51.62955676666461,
        "p95": 54.01067728891502,
        "p99": 63.09985411989503,
        "p99.9": 64.26438362179371
      },
      "normalized_time_per_output_token": {
        "mean": 0.03812149579498765,
        "min": 0.002117238205447889,
        "max": 0.064663882895281,
        "p0.1": 0.003036647020039061,
        "p1": 0.014259870930817521,
        "p5": 0.01955129010314423,
        "p10": 0.023084499869690984,
        "p25": 0.029661825985584436,
        "median": 0.03832834364051391,
        "p75": 0.04758407604567998,
        "p90": 0.05171908342562582,
        "p95": 0.054275073455615185,
        "p99": 0.06306800943590628,
        "p99.9": 0.0646005089997068
      },
      "time_per_output_token": {
        "mean": 0.03708418145342428,
        "min": 0.012374714820261824,
        "max": 0.06404935015412047,
        "p0.1": 0.012539408738933529,
        "p1": 0.015856529099069806,
        "p5": 0.019272247664403247,
        "p10": 0.02172934892573394,
        "p25": 0.02815828226588201,
        "median": 0.0374436867069453,
        "p75": 0.04670768219477031,
        "p90": 0.050816841022251175,
        "p95": 0.053709784848010166,
        "p99": 0.06214156765052117,
        "p99.9": 0.06388397247915484
      },
      "time_to_first_token": {
        "mean": 1.043620611038059,
        "min": 0.04750666907057166,
        "max": 5.80786571605131,
        "p0.1": 0.059403411434497684,
        "p1": 0.0841685474012047,
        "p5": 0.15836043595336377,
        "p10": 0.19502534633502364,
        "p25": 0.3550029880134389,
        "median": 0.5446687794756144,
        "p75": 1.268152276519686,
        "p90": 2.76255615525879,
        "p95": 3.8736370523460195,
        "p99": 4.879618788002989,
        "p99.9": 5.567826408636785
      },
      "inter_token_latency": {
        "mean": 0.037087466171484715,
        "min": 5.448702722787857e-06,
        "max": 3.0835104533471167,
        "p0.1": 6.091813556849956e-06,
        "p1": 1.8320186063647268e-05,
        "p5": 0.011075006797909737,
        "p10": 0.014063844922930002,
        "p25": 0.019647194305434823,
        "median": 0.02508541801944375,
        "p75": 0.03951590904034674,
        "p90": 0.0559390471316874,
        "p95": 0.05734407599084079,
        "p99": 0.3226190662477166,
        "p99.9": 0.9044518323568633
      }
    },
    "throughput": {
      "input_tokens_per_sec": 69240.056194978,
      "output_tokens_per_sec": 9588.224847644375,
      "total_tokens_per_sec": 78828.28104262236,
      "requests_per_sec": 9.173462050150249
    },
    "prompt_len": {
      "mean": 7547.865333333333,
      "min": 7474.0,
      "max": 7621.0,
      "p0.1": 7474.749,
      "p1": 7489.98,
      "p5": 7505.0,
      "p10": 7514.0,
      "p25": 7530.0,
      "median": 7547.0,
      "p75": 7566.0,
      "p90": 7581.0,
      "p95": 7590.55,
      "p99": 7608.51,
      "p99.9": 7618.753000000001
    },
    "output_len": {
      "mean": 1045.2133333333334,
      "min": 906.0,
      "max": 8579.0,
      "p0.1": 921.729,
      "p1": 963.98,
      "p5": 986.45,
      "p10": 990.9,
      "p25": 994.0,
      "median": 996.0,
      "p75": 998.0,
      "p90": 1000.0,
      "p95": 1001.0,
      "p99": 1005.51,
      "p99.9": 8559.526000000002
    }
  },
  "failures": {
    "count": 0,
    "request_latency": null,
    "prompt_len": null
  }
}