{
  "load_summary": {
    "count": 9850,
    "schedule_delay": {
      "mean": 0.00047941063403099924,
      "min": -0.0010965587571263313,
      "max": 0.09849578700959682,
      "p0.1": -0.0009401349783875048,
      "p1": -0.0007120659528300166,
      "p5": -0.00041338950395584104,
      "p10": -0.00023385407403111457,
      "p25": 7.49597093090415e-05,
      "median": 0.0004389712121337652,
      "p75": 0.0007982654497027397,
      "p90": 0.0011284075677394868,
      "p95": 0.0013189491815865028,
      "p99": 0.0016691287327557807,
      "p99.9": 0.00498906226316534
    }
  },
  "successes": {
    "count": 9801,
    "latency": {
      "request_latency": {
        "mean": 80.50000000403317,
        "min": 5.709923193790019,
        "max": 289.94554401934147,
        "p0.1": 6.517658549640328,
        "p1": 9.938224378041923,
        "p5": 21.267190041951835,
        "p10": 29.936957102268934,
        "p25": 47.94036420900375,
        "median": 78.73932057106867,
        "p75": 105.93991069775075,
        "p90": 126.05382740218192,
        "p95": 144.6288765380159,
        "p99": 240.14920085901394,
        "p99.9": 268.87275843760017
      },
      "normalized_time_per_output_token": {
        "mean": 0.08533749171355322,
        "min": 0.0,
        "max": 32.3179666280436,
        "p0.1": 0.0,
        "p1": 0.0,
        "p5": 0.013953640519964223,
        "p10": 0.025412679058121314,
        "p25": 0.044751789340041315,
        "median": 0.07442632171445887,
        "p75": 0.10988014637354727,
        "p90": 0.1284322591353452,
        "p95": 0.14849441331769128,
        "p99": 0.267213023060018,
        "p99.9": 0.800620717976256
      },
      "time_per_output_token": {
        "mean": 0.07062037477994096,
        "min": 6.968621164560318e-06,
        "max": 24.039350593462586,
        "p0.1": 8.661765605211258e-06,
        "p1": 1.4930032193660736e-05,
        "p5": 0.015044155279174447,
        "p10": 0.02355538681196049,
        "p25": 0.04050149188097566,
        "median": 0.05646212949091568,
        "p75": 0.0938453257959336,
        "p90": 0.1181603674897924,
        "p95": 0.12272065567178651,
        "p99": 0.14308210261305795,
        "p99.9": 0.7857764307338772
      },
      "time_to_first_token": {
        "mean": 15.785483362884994,
        "min": 0.04750666907057166,
        "max": 233.12589810229838,
        "p0.1": 0.06613817596808076,
        "p1": 0.10835229512304068,
        "p5": 0.19663279503583908,
        "p10": 0.33624254120513797,
        "p25": 0.5465985769405961,
        "median": 1.8862234130501747,
        "p75": 12.183718146756291,
        "p90": 49.758541928138584,
        "p95": 99.0062235048972,
        "p99": 124.04229657771066,
        "p99.9": 231.15497303288458
      },
      "inter_token_latency": {
        "mean": 0.06701049172185546,
        "min": 5.330890417098999e-06,
        "max": 105.51757223205641,
        "p0.1": 6.185844540596008e-06,
        "p1": 1.661200076341629e-05,
        "p5": 0.011632102634757757,
        "p10": 0.01660366514697671,
        "p25": 0.029769630171358585,
        "median": 0.045015901792794466,
        "p75": 0.07314010709524155,
        "p90": 0.10568948723375797,
        "p95": 0.10698359152302145,
        "p99": 0.48031090050935754,
        "p99.9": 1.6301727349758175
      }
    },
    "throughput": {
      "input_tokens_per_sec": 61216.02834911191,
      "output_tokens_per_sec": 8218.799293043165,
      "total_tokens_per_sec": 69434.82764215507,
      "requests_per_sec": 8.110501220879335
    },
    "prompt_len": {
      "mean": 7547.749107233955,
      "min": 7474.0,
      "max": 7621.0,
      "p0.1": 7474.0,
      "p1": 7488.0,
      "p5": 7505.0,
      "p10": 7514.0,
      "p25": 7530.0,
      "median": 7547.0,
      "p75": 7566.0,
      "p90": 7581.0,
      "p95": 7590.0,
      "p99": 7609.0,
      "p99.9": 7618.0
    },
    "output_len": {
      "mean": 1013.3528211406999,
      "min": 0.0,
      "max": 8585.0,
      "p0.1": 0.0,
      "p1": 0.0,
      "p5": 815.0,
      "p10": 980.0,
      "p25": 992.0,
      "median": 996.0,
      "p75": 998.0,
      "p90": 1000.0,
      "p95": 1001.0,
      "p99": 1005.0,
      "p99.9": 8562.400000000012
    }
  },
  "failures": {
    "count": 49,
    "request_latency": {
      "mean": 300.5161997162433,
      "min": 300.0742866192013,
      "max": 300.9815140911378,
      "p0.1": 300.07436325073985,
      "p1": 300.075052934587,
      "p5": 300.09169588042425,
      "p10": 300.12795299384743,
      "p25": 300.27376284310594,
      "median": 300.44584526633844,
      "p75": 300.80557687580585,
      "p90": 300.89971115738155,
      "p95": 300.93357461933044,
      "p99": 300.96374693678695,
      "p99.9": 300.9797373757027
    },
    "prompt_len": {
      "mean": 0.0,
      "min": 0.0,
      "max": 0.0,
      "p0.1": 0.0,
      "p1": 0.0,
      "p5": 0.0,
      "p10": 0.0,
      "p25": 0.0,
      "median": 0.0,
      "p75": 0.0,
      "p90": 0.0,
      "p95": 0.0,
      "p99": 0.0,
      "p99.9": 0.0
    }
  }
}