{
  "load_summary": {
    "count": 1350,
    "schedule_delay": {
      "mean": 0.00048615373774535126,
      "min": -0.001088558230549097,
      "max": 0.034208145923912525,
      "p0.1": -0.0009714437588118017,
      "p1": -0.000670349239371717,
      "p5": -0.0003881464712321758,
      "p10": -0.00022111665457487105,
      "p25": 9.878678247332573e-05,
      "median": 0.0004589094314724207,
      "p75": 0.0008278365712612867,
      "p90": 0.0011456441134214401,
      "p95": 0.001330810412764549,
      "p99": 0.001594017962925136,
      "p99.9": 0.0022509959926829046
    },
    "send_duration": 29.689172160811722,
    "requested_rate": 45.0,
    "achieved_rate": 45.471123030568535
  },
  "successes": {
    "count": 1321,
    "latency": {
      "request_latency": {
        "mean": 43.44884272123018,
        "min": 9.378683694638312,
        "max": 57.517800592817366,
        "p0.1": 9.782968111541122,
        "p1": 12.957086762972176,
        "p5": 17.210965195670724,
        "p10": 20.63870368991047,
        "p25": 43.56638768874109,
        "median": 48.17654222389683,
        "p75": 50.62624727515504,
        "p90": 51.87597211403772,
        "p95": 52.494618280790746,
        "p99": 54.19891101298853,
        "p99.9": 56.695168366953745
      },
      "normalized_time_per_output_token": {
        "mean": 0.04353395909776218,
        "min": 0.009406904407861898,
        "max": 0.05769087321245473,
        "p0.1": 0.009772845858543657,
        "p1": 0.013019545039092348,
        "p5": 0.01726275345603884,
        "p10": 0.02068006381754556,
        "p25": 0.04364906803785053,
        "median": 0.048279865048243664,
        "p75": 0.050744816596893484,
        "p90": 0.0519835124644053,
        "p95": 0.05267102851708545,
        "p99": 0.05417697529681591,
        "p99.9": 0.057071318609102376
      },
      "time_per_output_token": {
        "mean": 0.04154940849898033,
        "min": 0.009261931729037314,
        "max": 0.05377650601953706,
        "p0.1": 0.00960924586193636,
        "p1": 0.012440509491206125,
        "p5": 0.014841117098927497,
        "p10": 0.01766919711226219,
        "p25": 0.042073084820270994,
        "median": 0.046383963803465364,
        "p75": 0.04885026098649406,
        "p90": 0.04973489855924113,
        "p95": 0.0502785229479915,
        "p99": 0.051409206252894725,
        "p99.9": 0.05281089329214893
      },
      "time_to_first_token": {
        "mean": 2.5474732197697056,
        "min": 0.08109162701293826,
        "max": 16.11035510385409,
        "p0.1": 0.08352332260459662,
        "p1": 0.10229493957012892,
        "p5": 0.22342723095789552,
        "p10": 0.3282132181338966,
        "p25": 0.8119284780696034,
        "median": 2.228273849003017,
        "p75": 3.664362904150039,
        "p90": 5.06671318365261,
        "p95": 5.9713793457485735,
        "p99": 12.124481691233806,
        "p99.9": 13.924316365327702
      },
      "inter_token_latency": {
        "mean": 0.04147232108703335,
        "min": 5.2908435463905334e-06,
        "max": 13.346356416121125,
        "p0.1": 5.6140124797821045e-06,
        "p1": 5.79003244638443e-06,
        "p5": 6.023794412612915e-06,
        "p10": 6.213784217834473e-06,
        "p25": 6.711110472679138e-06,
        "median": 7.67689198255539e-06,
        "p75": 1.0964926332235336e-05,
        "p90": 0.035575895290821696,
        "p95": 0.3153222431428727,
        "p99": 0.8992241172119987,
        "p99.9": 1.5371571753937994
      }
    },
    "throughput": {
      "input_tokens_per_sec": 127565.9190085576,
      "output_tokens_per_sec": 16875.684642360506,
      "total_tokens_per_sec": 144441.6036509181,
      "requests_per_sec": 16.90727218797741
    },
    "prompt_len": {
      "mean": 7545.032551097654,
      "min": 7481.0,
      "max": 7624.0,
      "p0.1": 7488.32,
      "p1": 7495.0,
      "p5": 7504.0,
      "p10": 7513.0,
      "p25": 7528.0,
      "median": 7545.0,
      "p75": 7562.0,
      "p90": 7576.0,
      "p95": 7587.0,
      "p99": 7612.0,
      "p99.9": 7623.360000000001
    },
    "output_len": {
      "mean": 998.1317183951552,
      "min": 947.0,
      "max": 1009.0,
      "p0.1": 952.76,
      "p1": 983.0,
      "p5": 992.0,
      "p10": 994.0,
      "p25": 996.0,
      "median": 998.0,
      "p75": 1001.0,
      "p90": 1003.0,
      "p95": 1004.0,
      "p99": 1006.0,
      "p99.9": 1008.0
    }
  },
  "failures": {
    "count": 29,
    "request_latency": {
      "mean": 0.14428511571845618,
      "min": 0.0016882652416825294,
      "max": 4.095600873697549,
      "p0.1": 0.0016882731299847364,
      "p1": 0.0016883441247045993,
      "p5": 0.0016995250247418881,
      "p10": 0.0018312429077923299,
      "p25": 0.002888520248234272,
      "median": 0.0031430600211024284,
      "p75": 0.0038715763948857784,
      "p90": 0.004588962811976671,
      "p95": 0.0049835898913443075,
      "p99": 2.9502925460971845,
      "p99.9": 3.9810700409375186
    },
    "prompt_len": {
      "mean": 260.2413793103448,
      "min": 0.0,
      "max": 7547.0,
      "p0.1": 0.0,
      "p1": 0.0,
      "p5": 0.0,
      "p10": 0.0,
      "p25": 0.0,
      "median": 0.0,
      "p75": 0.0,
      "p90": 0.0,
      "p95": 0.0,
      "p99": 5433.839999999991,
      "p99.9": 7335.68400000001
    }
  }
}