{
  "load_summary": {
    "count": 1950,
    "schedule_delay": {
      "mean": 0.0005930177291902976,
      "min": -0.0009602615609765053,
      "max": 0.02933727204799652,
      "p0.1": -0.0009221013728529215,
      "p1": -0.0006977445585653186,
      "p5": -0.00041125696152448653,
      "p10": -0.0002250934951007366,
      "p25": 0.00010183255653828382,
      "median": 0.0004983446560800076,
      "p75": 0.0009258901700377464,
      "p90": 0.0013678906019777063,
      "p95": 0.0016364532290026545,
      "p99": 0.002330828886479139,
      "p99.9": 0.02870072660036393
    },
    "send_duration": 30.32879190798849,
    "requested_rate": 65.0,
    "achieved_rate": 64.29534041170884
  },
  "successes": {
    "count": 1780,
    "latency": {
      "request_latency": {
        "mean": 54.47624794429043,
        "min": 10.316290246788412,
        "max": 73.09913828782737,
        "p0.1": 11.29887265998777,
        "p1": 15.79380815263372,
        "p5": 23.008709686715157,
        "p10": 27.248731408827005,
        "p25": 51.36451646510977,
        "median": 60.42538751801476,
        "p75": 63.98148477997165,
        "p90": 65.89343477655203,
        "p95": 66.87782035891432,
        "p99": 68.63603596813046,
        "p99.9": 71.703086781293
      },
      "normalized_time_per_output_token": {
        "mean": 0.054572738999639984,
        "min": 0.01034733224351897,
        "max": 0.07339270912432468,
        "p0.1": 0.011269093201701464,
        "p1": 0.01584750482763524,
        "p5": 0.023126249748715855,
        "p10": 0.027314601814706706,
        "p25": 0.051420047365666965,
        "median": 0.06054301658790938,
        "p75": 0.06405320895671865,
        "p90": 0.06605284263797936,
        "p95": 0.06704965511808447,
        "p99": 0.06889878872855355,
        "p99.9": 0.07186293285827093
      },
      "time_per_output_token": {
        "mean": 0.049661161047881965,
        "min": 0.01019800706487149,
        "max": 0.0661360396379605,
        "p0.1": 0.010820117123498582,
        "p1": 0.0148347378677316,
        "p5": 0.01797969496694859,
        "p10": 0.02225060702865012,
        "p25": 0.049506386262750356,
        "median": 0.05450780496680911,
        "p75": 0.058222888298778516,
        "p90": 0.06047055616513826,
        "p95": 0.061438652576413004,
        "p99": 0.06324196131037459,
        "p99.9": 0.06587445281523095
      },
      "time_to_first_token": {
        "mean": 5.033434352753003,
        "min": 0.07625797903165221,
        "max": 27.211214448790997,
        "p0.1": 0.07894423854304478,
        "p1": 0.31179320289287715,
        "p5": 0.5763397869188339,
        "p10": 0.7818317203782499,
        "p25": 2.150765888975002,
        "median": 4.500656126532704,
        "p75": 7.171680710511282,
        "p90": 9.472514401655644,
        "p95": 11.099910108861511,
        "p99": 17.912782685221174,
        "p99.9": 24.412716446552647
      },
      "inter_token_latency": {
        "mean": 0.04964604951347053,
        "min": 5.315989255905151e-06,
        "max": 26.95294679189101,
        "p0.1": 5.653593689203262e-06,
        "p1": 5.82914799451828e-06,
        "p5": 6.06803223490715e-06,
        "p10": 6.258953362703323e-06,
        "p25": 6.753019988536835e-06,
        "median": 7.670838385820389e-06,
        "p75": 1.0380987077951431e-05,
        "p90": 0.0005036164075136263,
        "p95": 0.36257114950567476,
        "p99": 1.1392997055314473,
        "p99.9": 2.175446268303842
      }
    },
    "throughput": {
      "input_tokens_per_sec": 146797.09567096946,
      "output_tokens_per_sec": 19421.12362496716,
      "total_tokens_per_sec": 166218.21929593664,
      "requests_per_sec": 19.45517017276951
    },
    "prompt_len": {
      "mean": 7545.402808988764,
      "min": 7481.0,
      "max": 7624.0,
      "p0.1": 7486.453,
      "p1": 7494.58,
      "p5": 7504.0,
      "p10": 7513.0,
      "p25": 7528.0,
      "median": 7545.0,
      "p75": 7562.0,
      "p90": 7576.0,
      "p95": 7587.0,
      "p99": 7612.42,
      "p99.9": 7622.442000000001
    },
    "output_len": {
      "mean": 998.25,
      "min": 942.0,
      "max": 1012.0,
      "p0.1": 953.337,
      "p1": 983.0,
      "p5": 993.0,
      "p10": 994.0,
      "p25": 996.0,
      "median": 998.0,
      "p75": 1001.0,
      "p90": 1003.0,
      "p95": 1004.0,
      "p99": 1006.0,
      "p99.9": 1009.0
    }
  },
  "failures": {
    "count": 170,
    "request_latency": {
      "mean": 0.05982513797250302,
      "min": 0.0013596275821328163,
      "max": 9.791867312043905,
      "p0.1": 0.0013596788137219846,
      "p1": 0.0013812844222411513,
      "p5": 0.0014240377116948367,
      "p10": 0.001484728418290615,
      "p25": 0.0015982028562575579,
      "median": 0.0018996635917574167,
      "p75": 0.002795987413264811,
      "p90": 0.003416406828910112,
      "p95": 0.00396201165858656,
      "p99": 0.005386159336194398,
      "p99.9": 8.138040312539955
    },
    "prompt_len": {
      "mean": 44.51176470588236,
      "min": 0.0,
      "max": 7567.0,
      "p0.1": 0.0,
      "p1": 0.0,
      "p5": 0.0,
      "p10": 0.0,
      "p25": 0.0,
      "median": 0.0,
      "p75": 0.0,
      "p90": 0.0,
      "p95": 0.0,
      "p99": 0.0,
      "p99.9": 6288.177000000131
    }
  }
}