{
  "load_summary": {
    "count": 8650,
    "schedule_delay": {
      "mean": 0.0005572358126391392,
      "min": -0.0013125818222761154,
      "max": 0.052711295429617167,
      "p0.1": -0.0009833526751026511,
      "p1": -0.0006780684925615788,
      "p5": -0.0004021297674626112,
      "p10": -0.0002170953433960676,
      "p25": 0.00010743516031652689,
      "median": 0.0004858837928622961,
      "p75": 0.0008725482039153576,
      "p90": 0.001223428500816226,
      "p95": 0.0014403361128643155,
      "p99": 0.0019604032719507825,
      "p99.9": 0.02922291254252202
    }
  },
  "successes": {
    "count": 8080,
    "latency": {
      "request_latency": {
        "mean": 42.84220316948007,
        "min": 6.28960492182523,
        "max": 73.09913828782737,
        "p0.1": 6.824472010953352,
        "p1": 8.653887794758193,
        "p5": 14.146807210473346,
        "p10": 18.05724439076148,
        "p25": 34.14241788350046,
        "median": 46.94050926505588,
        "p75": 52.7383023618022,
        "p90": 61.628804405545814,
        "p95": 64.1937485411996,
        "p99": 66.93418609532993,
        "p99.9": 69.70656047442651
      },
      "normalized_time_per_output_token": {
        "mean": 0.04292558704966813,
        "min": 0.006296856667507778,
        "max": 0.07339270912432468,
        "p0.1": 0.0068450070320495,
        "p1": 0.008681324200674773,
        "p5": 0.014143902822304063,
        "p10": 0.018110015364849238,
        "p25": 0.034194901365870646,
        "median": 0.04705226299587645,
        "p75": 0.052854820547592746,
        "p90": 0.06168119408590954,
        "p95": 0.06429615470714077,
        "p99": 0.06710869791965655,
        "p99.9": 0.07018680266021377
      },
      "time_per_output_token": {
        "mean": 0.04055303853845977,
        "min": 0.006167675203178078,
        "max": 0.0661360396379605,
        "p0.1": 0.006700823327724822,
        "p1": 0.008286996426559053,
        "p5": 0.012518806888605469,
        "p10": 0.015981593144498766,
        "p25": 0.03361579758301377,
        "median": 0.044890967041917,
        "p75": 0.050950635369087525,
        "p90": 0.056108226776420106,
        "p95": 0.058756059527420426,
        "p99": 0.0616195930839004,
        "p99.9": 0.0639536086723592
      },
      "time_to_first_token": {
        "mean": 2.8167080400357745,
        "min": 0.0726753561757505,
        "max": 27.211214448790997,
        "p0.1": 0.07861250094510615,
        "p1": 0.09139508395921439,
        "p5": 0.1644322850042954,
        "p10": 0.27079046289436526,
        "p25": 0.7619870832422748,
        "median": 2.1078555684071034,
        "p75": 3.9675172028364614,
        "p90": 6.2101395697798605,
        "p95": 8.094211473362519,
        "p99": 12.461080924202689,
        "p99.9": 19.588846141307123
      },
      "inter_token_latency": {
        "mean": 0.04050614863429541,
        "min": 5.2908435463905334e-06,
        "max": 26.95294679189101,
        "p0.1": 5.617737770080566e-06,
        "p1": 5.8002769947052e-06,
        "p5": 6.045214831829071e-06,
        "p10": 6.245914846658707e-06,
        "p25": 6.7837536334991455e-06,
        "median": 7.89295881986618e-06,
        "p75": 1.3183802366256714e-05,
        "p90": 0.043367796670645435,
        "p95": 0.2657023179344826,
        "p99": 0.903479711040855,
        "p99.9": 1.6319449133761983
      }
    },
    "throughput": {
      "input_tokens_per_sec": 105174.6647058681,
      "output_tokens_per_sec": 13912.205588618428,
      "total_tokens_per_sec": 119086.87029448652,
      "requests_per_sec": 13.939031323405429
    },
    "prompt_len": {
      "mean": 7545.335272277228,
      "min": 7481.0,
      "max": 7624.0,
      "p0.1": 7481.553,
      "p1": 7493.0,
      "p5": 7504.0,
      "p10": 7513.0,
      "p25": 7528.0,
      "median": 7545.0,
      "p75": 7562.0,
      "p90": 7575.1,
      "p95": 7587.0,
      "p99": 7612.0,
      "p99.9": 7624.0
    },
    "output_len": {
      "mean": 998.075495049505,
      "min": 868.0,
      "max": 1012.0,
      "p0.1": 946.079,
      "p1": 980.0,
      "p5": 992.0,
      "p10": 994.0,
      "p25": 996.0,
      "median": 998.0,
      "p75": 1001.0,
      "p90": 1003.0,
      "p95": 1004.0,
      "p99": 1006.0,
      "p99.9": 1009.0
    }
  },
  "failures": {
    "count": 570,
    "request_latency": {
      "mean": 0.051317676939397004,
      "min": 0.0013596275821328163,
      "max": 9.791867312043905,
      "p0.1": 0.0013598000719211997,
      "p1": 0.0013932487182319164,
      "p5": 0.0014816868118941785,
      "p10": 0.001544428849592805,
      "p25": 0.001680387300439179,
      "median": 0.002580706961452961,
      "p75": 0.0031889615347608924,
      "p90": 0.0040970469359308485,
      "p95": 0.004512275592423975,
      "p99": 0.012530629513785162,
      "p99.9": 8.558352887104352
    },
    "prompt_len": {
      "mean": 52.99298245614035,
      "min": 0.0,
      "max": 7567.0,
      "p0.1": 0.0,
      "p1": 0.0,
      "p5": 0.0,
      "p10": 0.0,
      "p25": 0.0,
      "median": 0.0,
      "p75": 0.0,
      "p90": 0.0,
      "p95": 0.0,
      "p99": 0.0,
      "p99.9": 7564.155000000001
    }
  }
}