{
  "load_summary": {
    "count": 300,
    "schedule_delay": {
      "mean": 0.0005340910733987888,
      "min": -0.0006132558919489384,
      "max": 0.00239074369892478,
      "p0.1": -0.0006070353914983571,
      "p1": -0.0005631062388420105,
      "p5": -0.00030215438455343245,
      "p10": -0.00013632019981741904,
      "p25": 0.00012886279728263617,
      "median": 0.0004971739836037159,
      "p75": 0.0009276446653530002,
      "p90": 0.0012560261879116298,
      "p95": 0.0014819797826930883,
      "p99": 0.0019597831228747964,
      "p99.9": 0.0023389832372777202
    },
    "send_duration": 19.84268821729347,
    "requested_rate": 15.0,
    "achieved_rate": 15.118919206649702
  },
  "successes": {
    "count": 300,
    "latency": {
      "request_latency": {
        "mean": 16.838772925947172,
        "min": 7.8952767620794475,
        "max": 31.31699730316177,
        "p0.1": 7.898770303149242,
        "p1": 7.95174410729669,
        "p5": 8.402113967388868,
        "p10": 8.924733169330285,
        "p25": 10.814715433982201,
        "median": 13.864196512615308,
        "p75": 23.814127897145227,
        "p90": 29.159091008547698,
        "p95": 30.79672726886347,
        "p99": 31.256286433772182,
        "p99.9": 31.313637998729014
      },
      "normalized_time_per_output_token": {
        "mean": 0.016865334466989054,
        "min": 0.007879517726626196,
        "max": 0.03150603350418689,
        "p0.1": 0.007890089767137285,
        "p1": 0.007964186507880501,
        "p5": 0.00844201439936851,
        "p10": 0.008934299720908506,
        "p25": 0.010836215066461036,
        "median": 0.013912876216965964,
        "p75": 0.023901451614158475,
        "p90": 0.029320329250237167,
        "p95": 0.030880457139435248,
        "p99": 0.031400100058720286,
        "p99.9": 0.031481933502215856
      },
      "time_per_output_token": {
        "mean": 0.016580683413665084,
        "min": 0.007742476765997708,
        "max": 0.031230914597253866,
        "p0.1": 0.007751381620754488,
        "p1": 0.007785871795122512,
        "p5": 0.008210684637650512,
        "p10": 0.008656657551554963,
        "p25": 0.010516462236642838,
        "median": 0.01363268433068879,
        "p75": 0.02356045889307279,
        "p90": 0.029008415770385317,
        "p95": 0.030823224753575584,
        "p99": 0.03120620848277845,
        "p99.9": 0.031228124131370095
      },
      "time_to_first_token": {
        "mean": 0.27277962568836905,
        "min": 0.0690690279006958,
        "max": 1.097483656834811,
        "p0.1": 0.0729289062814787,
        "p1": 0.08447631475050002,
        "p5": 0.09398935935460032,
        "p10": 0.10920207756571472,
        "p25": 0.170217594364658,
        "median": 0.22686812723986804,
        "p75": 0.32298856461420655,
        "p90": 0.48397990264929835,
        "p95": 0.6515350491041322,
        "p99": 0.8193853032728656,
        "p99.9": 1.0390517860767474
      },
      "inter_token_latency": {
        "mean": 0.016567696165493122,
        "min": 5.341134965419769e-06,
        "max": 0.702195628080517,
        "p0.1": 5.65825030207634e-06,
        "p1": 5.870126187801361e-06,
        "p5": 6.207264959812164e-06,
        "p10": 6.567221134901047e-06,
        "p25": 7.868744432926178e-06,
        "median": 0.007159617263823748,
        "p75": 0.028776078252121806,
        "p90": 0.0376008409075439,
        "p95": 0.053054091753438115,
        "p99": 0.10018089506775141,
        "p99.9": 0.49951725087594634
      }
    },
    "throughput": {
      "input_tokens_per_sec": 47853.797024264684,
      "output_tokens_per_sec": 6334.499414940591,
      "total_tokens_per_sec": 54188.296439205275,
      "requests_per_sec": 6.343634248258082
    },
    "prompt_len": {
      "mean": 7543.593333333333,
      "min": 7494.0,
      "max": 7611.0,
      "p0.1": 7494.299,
      "p1": 7500.0,
      "p5": 7510.0,
      "p10": 7516.0,
      "p25": 7529.0,
      "median": 7544.0,
      "p75": 7557.0,
      "p90": 7571.0,
      "p95": 7576.0,
      "p99": 7593.01,
      "p99.9": 7609.505
    },
    "output_len": {
      "mean": 998.56,
      "min": 979.0,
      "max": 1010.0,
      "p0.1": 981.392,
      "p1": 990.0,
      "p5": 993.0,
      "p10": 994.0,
      "p25": 996.75,
      "median": 999.0,
      "p75": 1001.0,
      "p90": 1003.0,
      "p95": 1004.0,
      "p99": 1008.0,
      "p99.9": 1009.402
    }
  },
  "failures": {
    "count": 0,
    "request_latency": null,
    "prompt_len": null
  }
}