{
  "load_summary": {
    "count": 750,
    "schedule_delay": {
      "mean": 0.00041889238481720287,
      "min": -0.0009584720246493816,
      "max": 0.003683114890009165,
      "p0.1": -0.0009542165561579167,
      "p1": -0.0007745793741196394,
      "p5": -0.0003892512060701847,
      "p10": -0.0002189353108406067,
      "p25": 3.616698086261749e-05,
      "median": 0.0003930535167455673,
      "p75": 0.000745734665542841,
      "p90": 0.001068403758108616,
      "p95": 0.001297203358262777,
      "p99": 0.0016370019502937793,
      "p99.9": 0.003637393628712749
    },
    "send_duration": 28.860871403943747,
    "requested_rate": 25.0,
    "achieved_rate": 25.986741339262363
  },
  "successes": {
    "count": 750,
    "latency": {
      "request_latency": {
        "mean": 29.311951498311632,
        "min": 8.353471495676786,
        "max": 39.19470170838758,
        "p0.1": 8.390646546442992,
        "p1": 9.80710511971265,
        "p5": 11.911266863555648,
        "p10": 13.819656942225993,
        "p25": 25.358546179370023,
        "median": 33.31602830905467,
        "p75": 34.79149845824577,
        "p90": 36.22130449549295,
        "p95": 38.033412359841165,
        "p99": 38.69319950466044,
        "p99.9": 39.17402610612568
      },
      "normalized_time_per_output_token": {
        "mean": 0.029431884517130857,
        "min": 0.008387019573972676,
        "max": 0.06876455465069495,
        "p0.1": 0.008392779476531798,
        "p1": 0.009812771055602142,
        "p5": 0.011953637167006356,
        "p10": 0.013834107403476043,
        "p25": 0.025396666091204917,
        "median": 0.033404243632835846,
        "p75": 0.034885734799896664,
        "p90": 0.03704173013952583,
        "p95": 0.03818149948282201,
        "p99": 0.03902396352848789,
        "p99.9": 0.047561838230385414
      },
      "time_per_output_token": {
        "mean": 0.02903048863062847,
        "min": 0.008234972949605434,
        "max": 0.03936730195623478,
        "p0.1": 0.00824727898321487,
        "p1": 0.00857573667064309,
        "p5": 0.010734214023803361,
        "p10": 0.012741593027068301,
        "p25": 0.025232489465781424,
        "median": 0.03330716488633337,
        "p75": 0.03494257469865004,
        "p90": 0.03619955023660826,
        "p95": 0.0381618986912682,
        "p99": 0.03894306835260015,
        "p99.9": 0.03925790535466314
      },
      "time_to_first_token": {
        "mean": 0.9818161612674594,
        "min": 0.0707024373114109,
        "max": 5.42810556711629,
        "p0.1": 0.07742861595097929,
        "p1": 0.08763922596815973,
        "p5": 0.11813309625722468,
        "p10": 0.17980679064057767,
        "p25": 0.33966990443877876,
        "median": 0.6949859205633402,
        "p75": 1.3898032355355099,
        "p90": 2.1796795187518003,
        "p95": 2.828404167620463,
        "p99": 3.9651872961455954,
        "p99.9": 4.8715306970724574
      },
      "inter_token_latency": {
        "mean": 0.028927882098770265,
        "min": 5.302019417285919e-06,
        "max": 2.361296335235238,
        "p0.1": 5.620066076517105e-06,
        "p1": 5.798414349555969e-06,
        "p5": 6.0391612350940704e-06,
        "p10": 6.2389299273490906e-06,
        "p25": 6.805639714002609e-06,
        "median": 8.13417136669159e-06,
        "p75": 1.900619827210903e-05,
        "p90": 0.08282914021983731,
        "p95": 0.18340550577267997,
        "p99": 0.4707180820032949,
        "p99.9": 1.0160894937878948
      }
    },
    "throughput": {
      "input_tokens_per_sec": 90448.47909910836,
      "output_tokens_per_sec": 11954.074588621772,
      "total_tokens_per_sec": 102402.55368773013,
      "requests_per_sec": 11.99031732111105
    },
    "prompt_len": {
      "mean": 7543.46,
      "min": 7486.0,
      "max": 7614.0,
      "p0.1": 7488.247,
      "p1": 7495.49,
      "p5": 7510.0,
      "p10": 7516.0,
      "p25": 7529.0,
      "median": 7543.0,
      "p75": 7557.0,
      "p90": 7572.0,
      "p95": 7579.0,
      "p99": 7598.0,
      "p99.9": 7611.753000000001
    },
    "output_len": {
      "mean": 996.9773333333334,
      "min": 476.0,
      "max": 1011.0,
      "p0.1": 757.624,
      "p1": 975.9,
      "p5": 992.0,
      "p10": 994.0,
      "p25": 996.0,
      "median": 998.0,
      "p75": 1000.0,
      "p90": 1002.1,
      "p95": 1004.0,
      "p99": 1007.0,
      "p99.9": 1009.5020000000002
    }
  },
  "failures": {
    "count": 0,
    "request_latency": null,
    "prompt_len": null
  }
}