{
  "load_summary": {
    "count": 750,
    "schedule_delay": {
      "mean": 0.001975257512181997,
      "min": -0.0008094999939203262,
      "max": 0.03986846515908837,
      "p0.1": -0.0006850297204218804,
      "p1": -0.00029358225408941506,
      "p5": 0.00018496618140488862,
      "p10": 0.00045720576308667666,
      "p25": 0.0009701601229608059,
      "median": 0.0015317988581955433,
      "p75": 0.0021089650690555573,
      "p90": 0.0025945105589926243,
      "p95": 0.00291272085160017,
      "p99": 0.02645005426369607,
      "p99.9": 0.03798176391329639
    },
    "send_duration": 52.67610180191696,
    "requested_rate": 15.0,
    "achieved_rate": 14.237955625879408
  },
  "successes": {
    "count": 750,
    "latency": {
      "request_latency": {
        "mean": 15.69316745661137,
        "min": 5.230556035879999,
        "max": 24.83109850110486,
        "p0.1": 5.352419934155419,
        "p1": 7.546501520471647,
        "p5": 9.928111834242008,
        "p10": 11.209445067448542,
        "p25": 13.334582264069468,
        "median": 15.705622817156836,
        "p75": 18.08720535726752,
        "p90": 19.637048415234315,
        "p95": 20.930808469466864,
        "p99": 24.56046972076874,
        "p99.9": 24.713185498920282
      },
      "normalized_time_per_output_token": {
        "mean": 0.015669436381225893,
        "min": 0.005225330705174824,
        "max": 0.024806292208895967,
        "p0.1": 0.005347072861294125,
        "p1": 0.007538962557913733,
        "p5": 0.009909278705742245,
        "p10": 0.011187063950772097,
        "p25": 0.013321261003066402,
        "median": 0.01568993288427256,
        "p75": 0.018091612295215054,
        "p90": 0.019601911883829135,
        "p95": 0.020909487267766806,
        "p99": 0.02453319450939325,
        "p99.9": 0.024700683187929312
      },
      "time_per_output_token": {
        "mean": 0.015384272488422302,
        "min": 0.005003481183279857,
        "max": 0.024503122908063234,
        "p0.1": 0.00507707666594981,
        "p1": 0.007264322995813563,
        "p5": 0.009709067415759002,
        "p10": 0.010927187510253863,
        "p25": 0.01298617312463466,
        "median": 0.015409599994309246,
        "p75": 0.017789017092436552,
        "p90": 0.01934111804692075,
        "p95": 0.020662097773421553,
        "p99": 0.024211808307981118,
        "p99.9": 0.024485540878977627
      },
      "time_to_first_token": {
        "mean": 0.28552498097593587,
        "min": 0.09465941786766052,
        "max": 1.3970176819711924,
        "p0.1": 0.0959979571532458,
        "p1": 0.10268407264724373,
        "p5": 0.12428610485512763,
        "p10": 0.1871245436836034,
        "p25": 0.2053466512588784,
        "median": 0.2243709124159068,
        "p75": 0.3163756139110774,
        "p90": 0.4797128835693002,
        "p95": 0.6327299442840739,
        "p99": 0.7862127475487065,
        "p99.9": 1.3028641995908805
      },
      "inter_token_latency": {
        "mean": 0.015384497787781596,
        "min": 5.134381353855133e-06,
        "max": 1.0326638291589916,
        "p0.1": 5.661044269800186e-06,
        "p1": 6.88992440700531e-06,
        "p5": 0.004191839252598584,
        "p10": 0.007830547261983158,
        "p25": 0.010597899905405939,
        "median": 0.012411659117788076,
        "p75": 0.014926025178283453,
        "p90": 0.017214244324713943,
        "p95": 0.019330324046313758,
        "p99": 0.15563456849195065,
        "p99.9": 0.34405521539319445
      }
    },
    "throughput": {
      "input_tokens_per_sec": 87228.1954005184,
      "output_tokens_per_sec": 11692.259386562568,
      "total_tokens_per_sec": 98920.45478708096,
      "requests_per_sec": 11.674498582718725
    },
    "prompt_len": {
      "mean": 7471.6866666666665,
      "min": 7397.0,
      "max": 7551.0,
      "p0.1": 7397.0,
      "p1": 7418.98,
      "p5": 7431.0,
      "p10": 7437.0,
      "p25": 7456.0,
      "median": 7471.0,
      "p75": 7487.0,
      "p90": 7505.0,
      "p95": 7518.0,
      "p99": 7534.0,
      "p99.9": 7547.255
    },
    "output_len": {
      "mean": 1001.5213333333334,
      "min": 989.0,
      "max": 1015.0,
      "p0.1": 994.243,
      "p1": 998.0,
      "p5": 999.0,
      "p10": 1000.0,
      "p25": 1001.0,
      "median": 1001.0,
      "p75": 1002.0,
      "p90": 1004.0,
      "p95": 1005.0,
      "p99": 1010.0,
      "p99.9": 1013.5020000000002
    }
  },
  "failures": {
    "count": 0,
    "request_latency": null,
    "prompt_len": null
  }
}