{
  "load_summary": {
    "count": 2700,
    "schedule_delay": {
      "mean": 0.0006114181717512784,
      "min": -0.0009532948024570942,
      "max": 0.1003372143022716,
      "p0.1": -0.0008812481095083058,
      "p1": -0.0006326549919322133,
      "p5": -0.00037760064005851743,
      "p10": -0.00020027123391628263,
      "p25": 0.00013622746337205172,
      "median": 0.0004905203823000193,
      "p75": 0.0008484760764986277,
      "p90": 0.0011495273094624281,
      "p95": 0.0013415739405900238,
      "p99": 0.0017122598690912122,
      "p99.9": 0.05257009255561321
    },
    "send_duration": 29.893237926065922,
    "requested_rate": 90.0,
    "achieved_rate": 90.3214301066292
  },
  "successes": {
    "count": 2700,
    "latency": {
      "request_latency": {
        "mean": 39.29116347763618,
        "min": 17.880224589258432,
        "max": 67.24832219211385,
        "p0.1": 18.67986711623147,
        "p1": 23.77889573990833,
        "p5": 25.94919113838114,
        "p10": 27.234935944294556,
        "p25": 32.012521124095656,
        "median": 38.621397195383906,
        "p75": 44.43036217754707,
        "p90": 52.29577089776285,
        "p95": 56.56762640108354,
        "p99": 65.0705497778859,
        "p99.9": 67.08647221796592
      },
      "normalized_time_per_output_token": {
        "mean": 0.039239626635268844,
        "min": 0.017844535518221988,
        "max": 0.06731207730651709,
        "p0.1": 0.01862209587623775,
        "p1": 0.02378252478439673,
        "p5": 0.025910937267039972,
        "p10": 0.02722965194056742,
        "p25": 0.03193597109435028,
        "median": 0.03856733934640558,
        "p75": 0.04440095640168238,
        "p90": 0.052137983114304384,
        "p95": 0.05651188165088196,
        "p99": 0.06500554423365225,
        "p99.9": 0.06705909065479077
      },
      "time_per_output_token": {
        "mean": 0.03921977079487671,
        "min": 0.018265420300091588,
        "max": 0.06641100352210924,
        "p0.1": 0.0192126390727377,
        "p1": 0.02350280138700735,
        "p5": 0.0265336565021376,
        "p10": 0.028914852228050715,
        "p25": 0.034888495879701345,
        "median": 0.03926161661940186,
        "p75": 0.04326696610906049,
        "p90": 0.048547831392534845,
        "p95": 0.05237058338599491,
        "p99": 0.05353424134694357,
        "p99.9": 0.06419776595443312
      },
      "time_to_first_token": {
        "mean": 4.229200733143112,
        "min": 0.04898202884942293,
        "max": 30.611560204066336,
        "p0.1": 0.05587113786675036,
        "p1": 0.0674581063585356,
        "p5": 0.09324908640701324,
        "p10": 0.1161697811447084,
        "p25": 0.20335427299141884,
        "median": 0.509631700348109,
        "p75": 4.068984415847808,
        "p90": 18.69355465467088,
        "p95": 25.585382379707877,
        "p99": 29.01868566811548,
        "p99.9": 30.36977345618048
      },
      "inter_token_latency": {
        "mean": 0.039193359213870446,
        "min": 5.055684596300125e-06,
        "max": 27.593771175015718,
        "p0.1": 5.579087883234024e-06,
        "p1": 5.988869816064835e-06,
        "p5": 9.194016456604004e-06,
        "p10": 0.013975981203839184,
        "p25": 0.02600826439447701,
        "median": 0.03298938018269837,
        "p75": 0.04736046155449003,
        "p90": 0.060286635719239715,
        "p95": 0.07010389561764896,
        "p99": 0.18772242262493818,
        "p99.9": 0.3373929940825329
      }
    },
    "throughput": {
      "input_tokens_per_sec": 234050.692574702,
      "output_tokens_per_sec": 31366.8934019413,
      "total_tokens_per_sec": 265417.5859766433,
      "requests_per_sec": 31.325647965453452
    },
    "prompt_len": {
      "mean": 7471.535555555555,
      "min": 7397.0,
      "max": 7551.0,
      "p0.1": 7397.0,
      "p1": 7418.0,
      "p5": 7431.0,
      "p10": 7437.0,
      "p25": 7455.0,
      "median": 7471.0,
      "p75": 7487.0,
      "p90": 7505.0,
      "p95": 7518.0,
      "p99": 7534.0,
      "p99.9": 7547.505000000002
    },
    "output_len": {
      "mean": 1001.3166666666667,
      "min": 919.0,
      "max": 1016.0,
      "p0.1": 975.485,
      "p1": 997.0,
      "p5": 999.0,
      "p10": 1000.0,
      "p25": 1001.0,
      "median": 1001.0,
      "p75": 1002.0,
      "p90": 1003.0,
      "p95": 1005.0,
      "p99": 1007.0099999999998,
      "p99.9": 1012.3010000000004
    }
  },
  "failures": {
    "count": 0,
    "request_latency": null,
    "prompt_len": null
  }
}