{
  "load_summary": {
    "count": 300,
    "schedule_delay": {
      "mean": 0.0006610410629461209,
      "min": -0.0007025115191936493,
      "max": 0.0021276320330798626,
      "p0.1": -0.0006854229299351573,
      "p1": -0.0005759629607200623,
      "p5": -0.00021062768064439294,
      "p10": 1.4396198093891157e-05,
      "p25": 0.00028802186716347933,
      "median": 0.000628605717793107,
      "p75": 0.0010319700231775641,
      "p90": 0.001385086448863149,
      "p95": 0.001547379861585796,
      "p99": 0.0017936851317062966,
      "p99.9": 0.002069890412036334
    },
    "send_duration": 19.638620189391077,
    "requested_rate": 15.0,
    "achieved_rate": 15.27602230232357
  },
  "successes": {
    "count": 300,
    "latency": {
      "request_latency": {
        "mean": 12.33172125868344,
        "min": 4.7446186151355505,
        "max": 16.759468656033278,
        "p0.1": 5.157823299121577,
        "p1": 6.475823932997883,
        "p5": 8.542789375432767,
        "p10": 9.228112981794402,
        "p25": 10.749067892204039,
        "median": 12.595927995629609,
        "p75": 14.162164934095927,
        "p90": 15.266924518439918,
        "p95": 15.679057874158026,
        "p99": 16.664732387615366,
        "p99.9": 16.754550012191757
      },
      "normalized_time_per_output_token": {
        "mean": 0.012316453281372486,
        "min": 0.004735148318498554,
        "max": 0.016749582442644243,
        "p0.1": 0.0051493546055447655,
        "p1": 0.006456643997218812,
        "p5": 0.008542789375432768,
        "p10": 0.009209144799233883,
        "p25": 0.010750769286555831,
        "median": 0.01257702259989054,
        "p75": 0.014178658782161091,
        "p90": 0.015226757198250427,
        "p95": 0.015713659377016895,
        "p99": 0.016631735275023637,
        "p99.9": 0.016742618615283054
      },
      "time_per_output_token": {
        "mean": 0.012120562459133906,
        "min": 0.0045203845225483385,
        "max": 0.016536390962079168,
        "p0.1": 0.0049367037483515385,
        "p1": 0.006300485816649162,
        "p5": 0.008341730466601627,
        "p10": 0.009055904962215573,
        "p25": 0.01055420992069412,
        "median": 0.012442441960487285,
        "p75": 0.013951749227938938,
        "p90": 0.015038626223942265,
        "p95": 0.015473888772237116,
        "p99": 0.016395492960945703,
        "p99.9": 0.01652728285065666
      },
      "time_to_first_token": {
        "mean": 0.18824132286633055,
        "min": 0.04770949995145202,
        "max": 1.2356560728512704,
        "p0.1": 0.04792693217936903,
        "p1": 0.05412982019130141,
        "p5": 0.06924979339819401,
        "p10": 0.08046817476861179,
        "p25": 0.10251244204118848,
        "median": 0.184789652004838,
        "p75": 0.22071910905651748,
        "p90": 0.2981442505959422,
        "p95": 0.360114772222005,
        "p99": 0.7146978826122357,
        "p99.9": 1.2332179159754888
      },
      "inter_token_latency": {
        "mean": 0.012120953940073707,
        "min": 5.2656978368759155e-06,
        "max": 1.0267236977815628,
        "p0.1": 5.720153916627169e-06,
        "p1": 7.671010680496692e-06,
        "p5": 0.00479355757124722,
        "p10": 0.006459562992677093,
        "p25": 0.008816289715468884,
        "median": 0.011147315613925457,
        "p75": 0.012784448801539838,
        "p90": 0.014856233214959502,
        "p95": 0.015694119059480722,
        "p99": 0.03697445216123017,
        "p99.9": 0.23895413707899002
      }
    },
    "throughput": {
      "input_tokens_per_sec": 71365.43412020142,
      "output_tokens_per_sec": 9562.987592702155,
      "total_tokens_per_sec": 80928.42171290358,
      "requests_per_sec": 9.551112376314272
    },
    "prompt_len": {
      "mean": 7471.95,
      "min": 7410.0,
      "max": 7538.0,
      "p0.1": 7412.093,
      "p1": 7418.0,
      "p5": 7430.95,
      "p10": 7437.8,
      "p25": 7453.75,
      "median": 7471.0,
      "p75": 7487.0,
      "p90": 7507.0,
      "p95": 7520.05,
      "p99": 7534.02,
      "p99.9": 7538.0
    },
    "output_len": {
      "mean": 1001.2433333333333,
      "min": 992.0,
      "max": 1011.0,
      "p0.1": 993.495,
      "p1": 997.0,
      "p5": 999.0,
      "p10": 1000.0,
      "p25": 1001.0,
      "median": 1001.0,
      "p75": 1002.0,
      "p90": 1003.0,
      "p95": 1004.0,
      "p99": 1006.02,
      "p99.9": 1010.402
    }
  },
  "failures": {
    "count": 0,
    "request_latency": null,
    "prompt_len": null
  }
}