{
  "load_summary": {
    "count": 900,
    "schedule_delay": {
      "mean": 0.0005190414283424616,
      "min": -0.0010755360126495361,
      "max": 0.009321941528469324,
      "p0.1": -0.0010201718430034815,
      "p1": -0.0007495723152533174,
      "p5": -0.00045335348695516584,
      "p10": -0.00020386688411235806,
      "p25": 0.00012944277841597795,
      "median": 0.0005232158582657576,
      "p75": 0.0008995301323011518,
      "p90": 0.001212429441511631,
      "p95": 0.001397140580229461,
      "p99": 0.0016770171560347076,
      "p99.9": 0.00424361575208668
    },
    "send_duration": 30.44310605386272,
    "requested_rate": 30.0,
    "achieved_rate": 29.563343451474296
  },
  "successes": {
    "count": 900,
    "latency": {
      "request_latency": {
        "mean": 20.49887115755791,
        "min": 8.847539950627834,
        "max": 26.110999637749046,
        "p0.1": 11.212212858272716,
        "p1": 13.557300531677901,
        "p5": 15.274654818116687,
        "p10": 16.281526576541363,
        "p25": 18.79124772909563,
        "median": 20.881896155886352,
        "p75": 22.45389079884626,
        "p90": 23.75173206422478,
        "p95": 24.85866630184464,
        "p99": 25.897689593886025,
        "p99.9": 26.09999779919628
      },
      "normalized_time_per_output_token": {
        "mean": 0.020488545822961283,
        "min": 0.008909909315838705,
        "max": 0.032014631454578855,
        "p0.1": 0.011208203861138775,
        "p1": 0.013562979588008763,
        "p5": 0.015255901378100997,
        "p10": 0.016266881486167107,
        "p25": 0.018805276936772475,
        "median": 0.020867000882360924,
        "p75": 0.022457555161743702,
        "p90": 0.023730221810291958,
        "p95": 0.02490288781133563,
        "p99": 0.02591922570305046,
        "p99.9": 0.027003921625738878
      },
      "time_per_output_token": {
        "mean": 0.020305397986987054,
        "min": 0.008769697451323211,
        "max": 0.025857187155168503,
        "p0.1": 0.011092366949536569,
        "p1": 0.013135999963022768,
        "p5": 0.015122185004805215,
        "p10": 0.015983989656995982,
        "p25": 0.018616069011623042,
        "median": 0.020776117669418455,
        "p75": 0.022281944185931206,
        "p90": 0.023511531885885343,
        "p95": 0.024679371555056423,
        "p99": 0.025716155991535632,
        "p99.9": 0.025842819612066727
      },
      "time_to_first_token": {
        "mean": 0.20342189671575195,
        "min": 0.05269708298146725,
        "max": 0.9682579459622502,
        "p0.1": 0.05650130569655448,
        "p1": 0.06593742401804775,
        "p5": 0.08479858210776,
        "p10": 0.10003497153520584,
        "p25": 0.12142623600084335,
        "median": 0.1702135947998613,
        "p75": 0.23917116480879486,
        "p90": 0.3211031298618764,
        "p95": 0.4187398597598075,
        "p99": 0.7565527965128421,
        "p99.9": 0.8580755171170596
      },
      "inter_token_latency": {
        "mean": 0.02030504213375147,
        "min": 5.208887159824371e-06,
        "max": 0.8344173468649387,
        "p0.1": 5.739741027355194e-06,
        "p1": 7.706694304943085e-06,
        "p5": 0.008370752981863917,
        "p10": 0.011300514638423919,
        "p25": 0.01493666460737586,
        "median": 0.018639212707057595,
        "p75": 0.020687488024123013,
        "p90": 0.022769342921674263,
        "p95": 0.02633803372737019,
        "p99": 0.13871131593361505,
        "p99.9": 0.32520784938945657
      }
    },
    "throughput": {
      "input_tokens_per_sec": 133849.9607960479,
      "output_tokens_per_sec": 17926.749694433805,
      "total_tokens_per_sec": 151776.71049048172,
      "requests_per_sec": 17.912976605754714
    },
    "prompt_len": {
      "mean": 7472.234444444444,
      "min": 7397.0,
      "max": 7551.0,
      "p0.1": 7397.0,
      "p1": 7418.0,
      "p5": 7431.0,
      "p10": 7437.0,
      "p25": 7456.0,
      "median": 7471.0,
      "p75": 7487.0,
      "p90": 7506.0,
      "p95": 7519.0,
      "p99": 7534.0,
      "p99.9": 7546.505000000001
    },
    "output_len": {
      "mean": 1000.7688888888889,
      "min": 660.0,
      "max": 1013.0,
      "p0.1": 794.85,
      "p1": 997.99,
      "p5": 999.0,
      "p10": 1000.0,
      "p25": 1001.0,
      "median": 1001.0,
      "p75": 1002.0,
      "p90": 1003.0,
      "p95": 1004.0,
      "p99": 1007.0,
      "p99.9": 1012.1010000000001
    }
  },
  "failures": {
    "count": 0,
    "request_latency": null,
    "prompt_len": null
  }
}