{
  "load_summary": {
    "count": 120,
    "schedule_delay": {
      "mean": 0.0015553261269815265,
      "min": -2.8873328119516373e-05,
      "max": 0.019308111630380154,
      "p0.1": -1.1756647843867538e-05,
      "p1": 0.00014508160762488842,
      "p5": 0.0004546292359009385,
      "p10": 0.0006994628347456455,
      "p25": 0.0010338734136894345,
      "median": 0.0014009247533977032,
      "p75": 0.0018159899627789855,
      "p90": 0.0022255354095250374,
      "p95": 0.0025788640370592473,
      "p99": 0.002942413683049381,
      "p99.9": 0.017364757289178905
    },
    "send_duration": 59.631677000783384,
    "requested_rate": 2.0,
    "achieved_rate": 2.0123532665100723
  },
  "successes": {
    "count": 120,
    "latency": {
      "request_latency": {
        "mean": 3.2934912278239303,
        "min": 1.9197172317653894,
        "max": 4.8678522277623415,
        "p0.1": 1.9205926424395292,
        "p1": 1.9422591775190086,
        "p5": 2.0841341434977947,
        "p10": 2.275175694702193,
        "p25": 2.747843070770614,
        "median": 3.2640819663647562,
        "p75": 3.877994483569637,
        "p90": 4.378003034926952,
        "p95": 4.603641685703769,
        "p99": 4.837182830190287,
        "p99.9": 4.866263490192127
      },
      "normalized_time_per_output_token": {
        "mean": 0.006567680445924088,
        "min": 0.003816535252018667,
        "max": 0.00971627191170128,
        "p0.1": 0.003820095623404137,
        "p1": 0.003875248616601264,
        "p5": 0.004140177078719274,
        "p10": 0.00454857226657863,
        "p25": 0.005484716708124978,
        "median": 0.006508637798258555,
        "p75": 0.0077405079512368,
        "p90": 0.00873203328029883,
        "p95": 0.00917574374689117,
        "p99": 0.00965452684920482,
        "p99.9": 0.009713100778826601
      },
      "time_per_output_token": {
        "mean": 0.006204179862045226,
        "min": 0.0034784585592652433,
        "max": 0.00934660944889039,
        "p0.1": 0.003482458875750299,
        "p1": 0.003512542802414887,
        "p5": 0.0037765665451495374,
        "p10": 0.004229513808200598,
        "p25": 0.005098423244909404,
        "median": 0.006255628762545155,
        "p75": 0.007363857395695486,
        "p90": 0.008483213686112377,
        "p95": 0.008918983473998844,
        "p99": 0.009323364467295644,
        "p99.9": 0.009343863265211116
      },
      "time_to_first_token": {
        "mean": 0.16226101748955746,
        "min": 0.056967653799802065,
        "max": 0.3150448761880398,
        "p0.1": 0.05774832262983546,
        "p1": 0.06359810503199696,
        "p5": 0.06910463909152895,
        "p10": 0.11078819665126503,
        "p25": 0.13760083250235766,
        "median": 0.16678097494877875,
        "p75": 0.18641397356987,
        "p90": 0.20117968083359303,
        "p95": 0.23937605491373676,
        "p99": 0.30465550428256394,
        "p99.9": 0.3139604951017538
      },
      "inter_token_latency": {
        "mean": 0.006209838527812043,
        "min": 5.73229044675827e-06,
        "max": 0.04794821282848716,
        "p0.1": 6.426592823117972e-06,
        "p1": 0.00020897026639431682,
        "p5": 0.0031074332306161526,
        "p10": 0.003513083606958389,
        "p25": 0.004402150632813573,
        "median": 0.005919400602579117,
        "p75": 0.008213478839024901,
        "p90": 0.00892527112737298,
        "p95": 0.009534707386046642,
        "p99": 0.01337879545986653,
        "p99.9": 0.022260557181667782
      }
    },
    "throughput": {
      "input_tokens_per_sec": 15917.700297993739,
      "output_tokens_per_sec": 961.0411551904712,
      "total_tokens_per_sec": 16878.74145318421,
      "requests_per_sec": 1.9164925404712345
    },
    "prompt_len": {
      "mean": 8305.641666666666,
      "min": 8245.0,
      "max": 8375.0,
      "p0.1": 8245.238,
      "p1": 8247.19,
      "p5": 8257.9,
      "p10": 8265.0,
      "p25": 8281.5,
      "median": 8306.0,
      "p75": 8330.0,
      "p90": 8344.2,
      "p95": 8355.05,
      "p99": 8371.43,
      "p99.9": 8374.643
    },
    "output_len": {
      "mean": 501.4583333333333,
      "min": 498.0,
      "max": 511.0,
      "p0.1": 498.119,
      "p1": 499.0,
      "p5": 500.0,
      "p10": 500.0,
      "p25": 501.0,
      "median": 501.0,
      "p75": 501.0,
      "p90": 503.1,
      "p95": 505.0,
      "p99": 509.43,
      "p99.9": 510.88100000000003
    }
  },
  "failures": {
    "count": 0,
    "request_latency": null,
    "prompt_len": null
  }
}