{
  "load_summary": {
    "count": 300,
    "schedule_delay": {
      "mean": 0.0008744737925007939,
      "min": -0.0008318554610013962,
      "max": 0.004093023482710123,
      "p0.1": -0.0007782046366482973,
      "p1": -0.000438278061337769,
      "p5": -0.00011809151619672774,
      "p10": 8.28117597848177e-05,
      "p25": 0.00036500149872154,
      "median": 0.0008048180025070906,
      "p75": 0.0012796212686225772,
      "p90": 0.001577633759006858,
      "p95": 0.0018648611614480617,
      "p99": 0.003633533110842107,
      "p99.9": 0.004012012592516845
    },
    "send_duration": 59.878679451067,
    "requested_rate": 5.0,
    "achieved_rate": 5.010130529768291
  },
  "successes": {
    "count": 300,
    "latency": {
      "request_latency": {
        "mean": 6.7899377528950575,
        "min": 3.734095406718552,
        "max": 8.394882201682776,
        "p0.1": 3.7406422296911477,
        "p1": 4.003839008640498,
        "p5": 5.456015851325356,
        "p10": 5.753766398364678,
        "p25": 6.26499975763727,
        "median": 6.8336207824759185,
        "p75": 7.528595856740139,
        "p90": 7.7736877770163115,
        "p95": 8.087093002698385,
        "p99": 8.231067632199265,
        "p99.9": 8.364656567777974
      },
      "normalized_time_per_output_token": {
        "mean": 0.013539383853597915,
        "min": 0.0074681908134371046,
        "max": 0.01675625189956642,
        "p0.1": 0.007472335922732245,
        "p1": 0.008007375422620672,
        "p5": 0.010868557472759673,
        "p10": 0.011485369791442383,
        "p25": 0.012466439065547147,
        "median": 0.01362819484331307,
        "p75": 0.01501309884259392,
        "p90": 0.01550753027390317,
        "p95": 0.016079321761115945,
        "p99": 0.01647845554210339,
        "p99.9": 0.016695921292970012
      },
      "time_per_output_token": {
        "mean": 0.013138304841370371,
        "min": 0.007167311581886477,
        "max": 0.015968909199128908,
        "p0.1": 0.007183920099834685,
        "p1": 0.007843192916248156,
        "p5": 0.010513369661476464,
        "p10": 0.011237000756897033,
        "p25": 0.012197785491303901,
        "median": 0.01317988480809126,
        "p75": 0.014581891538808123,
        "p90": 0.015075119898375124,
        "p95": 0.01562525111832656,
        "p99": 0.01590118075641654,
        "p99.9": 0.01596470656920408
      },
      "time_to_first_token": {
        "mean": 0.19607990483908602,
        "min": 0.06988961575552821,
        "max": 0.42024172469973564,
        "p0.1": 0.07018849341897294,
        "p1": 0.07194282493088394,
        "p5": 0.08806816241703928,
        "p10": 0.14472941313870252,
        "p25": 0.17209219362121075,
        "median": 0.19275579997338355,
        "p75": 0.22433526115491986,
        "p90": 0.24586507715284833,
        "p95": 0.2635200664633885,
        "p99": 0.34571706074755637,
        "p99.9": 0.40691028234828364
      },
      "inter_token_latency": {
        "mean": 0.013138719151489073,
        "min": 5.957204848527908e-06,
        "max": 0.05987718375399709,
        "p0.1": 9.793385863304138e-06,
        "p1": 0.0013473084010183812,
        "p5": 0.007027528528124094,
        "p10": 0.008706939499825239,
        "p25": 0.011667561251670122,
        "median": 0.01279919221997261,
        "p75": 0.014986264985054731,
        "p90": 0.016379831079393625,
        "p95": 0.017996025644242762,
        "p99": 0.02580372182652354,
        "p99.9": 0.03091779318079358
      }
    },
    "throughput": {
      "input_tokens_per_sec": 37766.188050866556,
      "output_tokens_per_sec": 2281.2220876341107,
      "total_tokens_per_sec": 40047.410138500665,
      "requests_per_sec": 4.548767547508712
    },
    "prompt_len": {
      "mean": 8302.51,
      "min": 8241.0,
      "max": 8377.0,
      "p0.1": 8241.299,
      "p1": 8245.0,
      "p5": 8254.95,
      "p10": 8261.0,
      "p25": 8274.0,
      "median": 8301.5,
      "p75": 8329.25,
      "p90": 8345.1,
      "p95": 8355.0,
      "p99": 8369.03,
      "p99.9": 8376.402
    },
    "output_len": {
      "mean": 501.50333333333333,
      "min": 495.0,
      "max": 510.0,
      "p0.1": 495.598,
      "p1": 498.99,
      "p5": 500.0,
      "p10": 500.0,
      "p25": 501.0,
      "median": 501.0,
      "p75": 502.0,
      "p90": 503.0,
      "p95": 504.0,
      "p99": 506.01,
      "p99.9": 509.10300000000007
    }
  },
  "failures": {
    "count": 0,
    "request_latency": null,
    "prompt_len": null
  }
}