{
  "load_summary": {
    "count": 180,
    "schedule_delay": {
      "mean": 0.0009944351364134087,
      "min": -0.0007236911915242672,
      "max": 0.004306294023990631,
      "p0.1": -0.0007091316082514823,
      "p1": -0.00038270728196948767,
      "p5": 4.77268360555173e-05,
      "p10": 0.00022619790397584438,
      "p25": 0.0005026651779189706,
      "median": 0.0009258084464818239,
      "p75": 0.0013749918434768915,
      "p90": 0.0018091706559062004,
      "p95": 0.0020210131304338563,
      "p99": 0.002914524031803023,
      "p99.9": 0.004254501990508296
    },
    "send_duration": 58.7544944640249,
    "requested_rate": 3.0,
    "achieved_rate": 3.063595417542281
  },
  "successes": {
    "count": 180,
    "latency": {
      "request_latency": {
        "mean": 4.657389626561457,
        "min": 1.9597217831760645,
        "max": 6.288837370928377,
        "p0.1": 2.0238058392549867,
        "p1": 2.355826549292542,
        "p5": 3.1191152228275314,
        "p10": 3.344345777062699,
        "p25": 3.969608251005411,
        "median": 4.473584337159991,
        "p75": 5.484466205816716,
        "p90": 5.999841791391373,
        "p95": 6.136677060695364,
        "p99": 6.27693678391166,
        "p99.9": 6.288433219775557
      },
      "normalized_time_per_output_token": {
        "mean": 0.009289617115397504,
        "min": 0.003911620325700728,
        "max": 0.012551573992619115,
        "p0.1": 0.004039532613283407,
        "p1": 0.004702248601382319,
        "p5": 0.006225778887879304,
        "p10": 0.006687481753327719,
        "p25": 0.007902034663929521,
        "median": 0.00892040851210215,
        "p75": 0.010948265340356733,
        "p90": 0.011960130948164942,
        "p95": 0.012248856408573582,
        "p99": 0.0124995724489572,
        "p99.9": 0.012542818171193137
      },
      "time_per_output_token": {
        "mean": 0.008926601951641423,
        "min": 0.0034645531127499717,
        "max": 0.012153550183400513,
        "p0.1": 0.0036252431535714067,
        "p1": 0.004454938246983955,
        "p5": 0.005838370734639466,
        "p10": 0.006316293350034551,
        "p25": 0.007618701053253246,
        "median": 0.008533763386774808,
        "p75": 0.010598336597460626,
        "p90": 0.011492836818119592,
        "p95": 0.011833764422062154,
        "p99": 0.012147621221393347,
        "p99.9": 0.012152576611866243
      },
      "time_to_first_token": {
        "mean": 0.1701774542918429,
        "min": 0.058331410866230726,
        "max": 0.4812055150978267,
        "p0.1": 0.05847139493329451,
        "p1": 0.06749458418227733,
        "p5": 0.07765407003462314,
        "p10": 0.12404204891063272,
        "p25": 0.14370563998818398,
        "median": 0.16766904457472265,
        "p75": 0.19860750657971948,
        "p90": 0.21547266175039112,
        "p95": 0.23191247859504072,
        "p99": 0.3518240985786543,
        "p99.9": 0.459623080537192
      },
      "inter_token_latency": {
        "mean": 0.008926651639232322,
        "min": 5.659181624650955e-06,
        "max": 0.10657131113111973,
        "p0.1": 6.940132472664118e-06,
        "p1": 0.000328146992251277,
        "p5": 0.004232665104791522,
        "p10": 0.005554169416427612,
        "p25": 0.0075620467541739345,
        "median": 0.008522623917087913,
        "p75": 0.011559869279153645,
        "p90": 0.012321509374305605,
        "p95": 0.012813849747180937,
        "p99": 0.01874542764388015,
        "p99.9": 0.02776893352763732
      }
    },
    "throughput": {
      "input_tokens_per_sec": 23915.37496618941,
      "output_tokens_per_sec": 1444.1631835292983,
      "total_tokens_per_sec": 25359.538149718708,
      "requests_per_sec": 2.88061272631369
    },
    "prompt_len": {
      "mean": 8302.183333333332,
      "min": 8245.0,
      "max": 8377.0,
      "p0.1": 8245.358,
      "p1": 8247.79,
      "p5": 8255.9,
      "p10": 8258.9,
      "p25": 8274.75,
      "median": 8301.5,
      "p75": 8328.0,
      "p90": 8341.1,
      "p95": 8354.05,
      "p99": 8372.63,
      "p99.9": 8376.642
    },
    "output_len": {
      "mean": 501.3388888888889,
      "min": 496.0,
      "max": 506.0,
      "p0.1": 496.179,
      "p1": 498.58,
      "p5": 500.0,
      "p10": 500.0,
      "p25": 501.0,
      "median": 501.0,
      "p75": 502.0,
      "p90": 503.0,
      "p95": 504.0,
      "p99": 506.0,
      "p99.9": 506.0
    }
  },
  "failures": {
    "count": 0,
    "request_latency": null,
    "prompt_len": null
  }
}