{
  "load_summary": {
    "count": 420,
    "schedule_delay": {
      "mean": 0.0009692486530790726,
      "min": -0.0008135768584907055,
      "max": 0.04412641888484359,
      "p0.1": -0.0007348670847713947,
      "p1": -0.0004301282251253724,
      "p5": -0.00015308326110243794,
      "p10": -1.5941914170979858e-06,
      "p25": 0.00031608680728822947,
      "median": 0.0007155828643590212,
      "p75": 0.0011731106787919998,
      "p90": 0.0016274202149361375,
      "p95": 0.0031965769827365874,
      "p99": 0.0043060532305389644,
      "p99.9": 0.027652317964940453
    },
    "send_duration": 59.844849017914385,
    "requested_rate": 7.0,
    "achieved_rate": 7.018147875588661
  },
  "successes": {
    "count": 420,
    "latency": {
      "request_latency": {
        "mean": 8.503277921972662,
        "min": 3.905614582821727,
        "max": 10.038759345188737,
        "p0.1": 3.9102221032618547,
        "p1": 5.35127423140686,
        "p5": 6.929958612425253,
        "p10": 7.379781856248155,
        "p25": 7.88720011501573,
        "median": 8.665194489527494,
        "p75": 8.955210114247166,
        "p90": 9.877821902185678,
        "p95": 9.950810604006984,
        "p99": 9.985060612065718,
        "p99.9": 10.024024474320004
      },
      "normalized_time_per_output_token": {
        "mean": 0.01695262438976742,
        "min": 0.007786503084796383,
        "max": 0.020077518690377473,
        "p0.1": 0.0077903305681196,
        "p1": 0.010681186090632455,
        "p5": 0.013813195373721925,
        "p10": 0.01472426385851042,
        "p25": 0.01572625381066213,
        "median": 0.01729586795985535,
        "p75": 0.017839903181696082,
        "p90": 0.019695010502455163,
        "p95": 0.019834396273444237,
        "p99": 0.019935772071774684,
        "p99.9": 0.020031316392573082
      },
      "time_per_output_token": {
        "mean": 0.01654219222067258,
        "min": 0.007626692887003485,
        "max": 0.019557892449200153,
        "p0.1": 0.007704310049491561,
        "p1": 0.010490866026058759,
        "p5": 0.013433052515461442,
        "p10": 0.014344699767925673,
        "p25": 0.015238070743624122,
        "median": 0.016862448791507632,
        "p75": 0.017445280477404596,
        "p90": 0.019294880412705245,
        "p95": 0.019423046253994106,
        "p99": 0.019480426700683312,
        "p99.9": 0.019537130473325965
      },
      "time_to_first_token": {
        "mean": 0.20866071981865736,
        "min": 0.06843125820159912,
        "max": 0.43554550781846046,
        "p0.1": 0.06858651220006869,
        "p1": 0.082488081199117,
        "p5": 0.10353560724761338,
        "p10": 0.15921558891423052,
        "p25": 0.1893139254534617,
        "median": 0.20774434437043965,
        "p75": 0.2401594821130857,
        "p90": 0.2548279440961778,
        "p95": 0.276504263281822,
        "p99": 0.3232542356010527,
        "p99.9": 0.43438129296666034
      },
      "inter_token_latency": {
        "mean": 0.01654582579962278,
        "min": 5.620066076517105e-06,
        "max": 0.09291352098807693,
        "p0.1": 1.0304851457476616e-05,
        "p1": 0.001987993950024247,
        "p5": 0.007702923379838467,
        "p10": 0.011806761845946312,
        "p25": 0.01485237549059093,
        "median": 0.01663059601560235,
        "p75": 0.01838695304468274,
        "p90": 0.020253842696547508,
        "p95": 0.025301187299191952,
        "p99": 0.03179069189354777,
        "p99.9": 0.043321248027499704
      }
    },
    "throughput": {
      "input_tokens_per_sec": 52517.20966348392,
      "output_tokens_per_sec": 3172.860093363214,
      "total_tokens_per_sec": 55690.06975684713,
      "requests_per_sec": 6.32541860510813
    },
    "prompt_len": {
      "mean": 8302.566666666668,
      "min": 8232.0,
      "max": 8393.0,
      "p0.1": 8235.771,
      "p1": 8245.19,
      "p5": 8256.0,
      "p10": 8262.9,
      "p25": 8277.0,
      "median": 8302.0,
      "p75": 8327.0,
      "p90": 8345.0,
      "p95": 8354.05,
      "p99": 8371.43,
      "p99.9": 8386.715000000002
    },
    "output_len": {
      "mean": 501.6047619047619,
      "min": 498.0,
      "max": 596.0,
      "p0.1": 498.0,
      "p1": 499.0,
      "p5": 500.0,
      "p10": 500.0,
      "p25": 501.0,
      "median": 501.0,
      "p75": 502.0,
      "p90": 503.0,
      "p95": 504.0,
      "p99": 506.0,
      "p99.9": 560.8040000000062
    }
  },
  "failures": {
    "count": 0,
    "request_latency": null,
    "prompt_len": null
  }
}