{
  "load_summary": {
    "count": 60,
    "schedule_delay": {
      "mean": 0.0014473748005305728,
      "min": 0.0004033888690173626,
      "max": 0.0028725871816277504,
      "p0.1": 0.00040868618898093703,
      "p1": 0.00045636206865310667,
      "p5": 0.0006807430181652308,
      "p10": 0.0007454035803675652,
      "p25": 0.0010525694815441966,
      "median": 0.0014462247490882874,
      "p75": 0.001753724762238562,
      "p90": 0.0021378332283347847,
      "p95": 0.002248370065353811,
      "p99": 0.002805383540689945,
      "p99.9": 0.002865866817533971
    },
    "send_duration": 59.506846881937236,
    "requested_rate": 1.0,
    "achieved_rate": 1.0082873340447898
  },
  "successes": {
    "count": 60,
    "latency": {
      "request_latency": {
        "mean": 2.8014802736463027,
        "min": 1.924085394013673,
        "max": 6.166306286118925,
        "p0.1": 1.9242601972478441,
        "p1": 1.9258334263553842,
        "p5": 1.94599234983325,
        "p10": 2.0688758508767933,
        "p25": 2.233136437484063,
        "median": 2.440101098967716,
        "p75": 2.9427425641333684,
        "p90": 3.8103410111740237,
        "p95": 5.925755902635865,
        "p99": 6.1227909170184285,
        "p99.9": 6.161954749208876
      },
      "normalized_time_per_output_token": {
        "mean": 0.005589493531987266,
        "min": 0.003840489808410525,
        "max": 0.01230799657907969,
        "p0.1": 0.0038412925926762597,
        "p1": 0.003848517651067872,
        "p5": 0.003891599117425603,
        "p10": 0.004129492716320945,
        "p25": 0.00445269570945601,
        "median": 0.0048704612753846625,
        "p75": 0.005853643040306792,
        "p90": 0.0076054710801876715,
        "p95": 0.011827856093085558,
        "p99": 0.012221139554927003,
        "p99.9": 0.012299310876664422
      },
      "time_per_output_token": {
        "mean": 0.005049932565321425,
        "min": 0.0034777639152836584,
        "max": 0.011676522427155906,
        "p0.1": 0.0034779219089948353,
        "p1": 0.003479343852395427,
        "p5": 0.0035130864860613738,
        "p10": 0.003535150757806931,
        "p25": 0.003973596969857424,
        "median": 0.004269809392117946,
        "p75": 0.005478215868342622,
        "p90": 0.006850198152682486,
        "p95": 0.011040886723389848,
        "p99": 0.01160163402810858,
        "p99.9": 0.011669033587251175
      },
      "time_to_first_token": {
        "mean": 0.250659746529224,
        "min": 0.1632495536468923,
        "max": 0.440454488620162,
        "p0.1": 0.16334423613920807,
        "p1": 0.16419637857005,
        "p5": 0.17130893436260522,
        "p10": 0.17310113641433417,
        "p25": 0.1794196468545124,
        "median": 0.23548228293657303,
        "p75": 0.30448682233691216,
        "p90": 0.3468950549606234,
        "p95": 0.3559697608696296,
        "p99": 0.41289811875671134,
        "p99.9": 0.4376988516338174
      },
      "inter_token_latency": {
        "mean": 0.0050550873800961505,
        "min": 6.023328751325607e-06,
        "max": 0.08875117590650916,
        "p0.1": 7.259547710418701e-06,
        "p1": 0.0002971773548051715,
        "p5": 0.0026711621787399056,
        "p10": 0.003213229728862643,
        "p25": 0.003578441101126373,
        "median": 0.004355869954451919,
        "p75": 0.005780054721981287,
        "p90": 0.007755688810721041,
        "p95": 0.01206129800993949,
        "p99": 0.014033428351394834,
        "p99.9": 0.02083939326647687
      }
    },
    "throughput": {
      "input_tokens_per_sec": 7968.141960189104,
      "output_tokens_per_sec": 480.6316844653007,
      "total_tokens_per_sec": 8448.773644654404,
      "requests_per_sec": 0.9589618604654843
    },
    "prompt_len": {
      "mean": 8309.133333333333,
      "min": 8245.0,
      "max": 8375.0,
      "p0.1": 8245.118,
      "p1": 8246.18,
      "p5": 8263.85,
      "p10": 8265.0,
      "p25": 8281.0,
      "median": 8315.0,
      "p75": 8334.5,
      "p90": 8351.3,
      "p95": 8356.35,
      "p99": 8373.23,
      "p99.9": 8374.823
    },
    "output_len": {
      "mean": 501.2,
      "min": 499.0,
      "max": 507.0,
      "p0.1": 499.0,
      "p1": 499.0,
      "p5": 499.95,
      "p10": 500.0,
      "p25": 501.0,
      "median": 501.0,
      "p75": 501.0,
      "p90": 502.0,
      "p95": 503.05,
      "p99": 505.23,
      "p99.9": 506.82300000000004
    }
  },
  "failures": {
    "count": 0,
    "request_latency": null,
    "prompt_len": null
  }
}