{
  "load_summary": {
    "count": 1080,
    "schedule_delay": {
      "mean": 0.0010388023332106294,
      "min": -0.0008318554610013962,
      "max": 0.04412641888484359,
      "p0.1": -0.0008064758908003568,
      "p1": -0.0004199707694351673,
      "p5": -8.528002072125671e-05,
      "p10": 0.00010180976241827013,
      "p25": 0.000439933268353343,
      "median": 0.000919209560379386,
      "p75": 0.001390742021612823,
      "p90": 0.0018158053513616325,
      "p95": 0.0022483700653538104,
      "p99": 0.004023347566835584,
      "p99.9": 0.01816266250331026
    }
  },
  "successes": {
    "count": 1080,
    "latency": {
      "request_latency": {
        "mean": 6.49073699040347,
        "min": 1.9197172317653894,
        "max": 10.038759345188737,
        "p0.1": 1.9243194525814615,
        "p1": 2.059414086220786,
        "p5": 2.4235784154152498,
        "p10": 3.065067714592442,
        "p25": 4.482282266370021,
        "median": 6.903229178627953,
        "p75": 8.45307381323073,
        "p90": 8.93743386794813,
        "p95": 9.766371940961108,
        "p99": 9.972944195983,
        "p99.9": 10.003355975165963
      },
      "normalized_time_per_output_token": {
        "mean": 0.012942166431466081,
        "min": 0.003816535252018667,
        "max": 0.020077518690377473,
        "p0.1": 0.003840961006350124,
        "p1": 0.00411139171591238,
        "p5": 0.004840394519752787,
        "p10": 0.006117899629925034,
        "p25": 0.008955930320398712,
        "median": 0.01379590567540349,
        "p75": 0.016852232112880134,
        "p90": 0.017829854683132616,
        "p95": 0.019439581055150573,
        "p99": 0.01989887475066757,
        "p99.9": 0.019966778393544837
      },
      "time_per_output_token": {
        "mean": 0.012540275994216445,
        "min": 0.0034645531127499717,
        "max": 0.019557892449200153,
        "p0.1": 0.0034778187921582038,
        "p1": 0.0035421627713055556,
        "p5": 0.004362256994435904,
        "p10": 0.00571365469579759,
        "p25": 0.008586023508647126,
        "median": 0.013313981710467488,
        "p75": 0.01640153337828815,
        "p90": 0.01742555864499882,
        "p95": 0.019145856315782292,
        "p99": 0.019469681223519147,
        "p99.9": 0.019507282701728867
      },
      "time_to_first_token": {
        "mean": 0.1959299281838833,
        "min": 0.056967653799802065,
        "max": 0.4812055150978267,
        "p0.1": 0.0583931915438734,
        "p1": 0.06959337507374584,
        "p5": 0.09491683572996408,
        "p10": 0.1319569861982018,
        "p25": 0.16924162639770657,
        "median": 0.19461426511406898,
        "p75": 0.22571963374502957,
        "p90": 0.25382510432973504,
        "p95": 0.28888240619562566,
        "p99": 0.35414902288932354,
        "p99.9": 0.44006667913682784
      },
      "inter_token_latency": {
        "mean": 0.012551183348119256,
        "min": 5.620066076517105e-06,
        "max": 0.10657131113111973,
        "p0.1": 8.41512857005e-06,
        "p1": 0.0010728396289050577,
        "p5": 0.0037859527394175528,
        "p10": 0.0047685295343399044,
        "p25": 0.00833348324522376,
        "median": 0.012611874379217625,
        "p75": 0.016312990919686854,
        "p90": 0.018770877085626126,
        "p95": 0.020243384200148283,
        "p99": 0.02904752954840659,
        "p99.9": 0.03833973231166614
      }
    },
    "throughput": {
      "input_tokens_per_sec": 26984.90246517982,
      "output_tokens_per_sec": 1629.8251575083882,
      "total_tokens_per_sec": 28614.727622688206,
      "requests_per_sec": 3.2499426160543767
    },
    "prompt_len": {
      "mean": 8303.19351851852,
      "min": 8232.0,
      "max": 8393.0,
      "p0.1": 8241.0,
      "p1": 8245.0,
      "p5": 8256.0,
      "p10": 8262.0,
      "p25": 8275.0,
      "median": 8302.0,
      "p75": 8329.0,
      "p90": 8345.0,
      "p95": 8355.0,
      "p99": 8372.0,
      "p99.9": 8377.921
    },
    "output_len": {
      "mean": 501.4935185185185,
      "min": 495.0,
      "max": 596.0,
      "p0.1": 496.079,
      "p1": 499.0,
      "p5": 500.0,
      "p10": 500.0,
      "p25": 501.0,
      "median": 501.0,
      "p75": 502.0,
      "p90": 503.0,
      "p95": 504.0,
      "p99": 506.21000000000004,
      "p99.9": 511.92100000000005
    }
  },
  "failures": {
    "count": 0,
    "request_latency": null,
    "prompt_len": null
  }
}