{
  "load_summary": {
    "count": 900,
    "schedule_delay": {
      "mean": 0.0005366795085784462,
      "min": -0.0009727822616696358,
      "max": 0.059497642796486616,
      "p0.1": -0.0009575696843676269,
      "p1": -0.0007338814996182919,
      "p5": -0.0004148355452343821,
      "p10": -0.0002254385035485029,
      "p25": 6.831740029156208e-05,
      "median": 0.00044744438491761684,
      "p75": 0.0008162406738847494,
      "p90": 0.0011130637489259244,
      "p95": 0.001221801061183213,
      "p99": 0.0015237324219197032,
      "p99.9": 0.0331364788832176
    },
    "send_duration": 28.21812641294673,
    "requested_rate": 30.0,
    "achieved_rate": 31.894392520230255
  },
  "successes": {
    "count": 897,
    "latency": {
      "request_latency": {
        "mean": 31.203274004869453,
        "min": 9.08564734691754,
        "max": 39.45646457886323,
        "p0.1": 9.157345890466123,
        "p1": 12.422426914107055,
        "p5": 15.363072234299034,
        "p10": 19.006152194738387,
        "p25": 25.494636897929013,
        "median": 34.83795493002981,
        "p75": 36.455662893131375,
        "p90": 37.74143446953967,
        "p95": 38.26549486061558,
        "p99": 38.94875583505258,
        "p99.9": 39.31935538225994
      },
      "normalized_time_per_output_token": {
        "mean": 0.03122244462048677,
        "min": 0.0014786877148549283,
        "max": 0.039970740005354534,
        "p0.1": 0.0024123343893099553,
        "p1": 0.012377731552624756,
        "p5": 0.01534093237768713,
        "p10": 0.018985941271338572,
        "p25": 0.025568949167586744,
        "median": 0.034932909025768705,
        "p75": 0.036526536829414286,
        "p90": 0.0377855645106088,
        "p95": 0.03826986833476127,
        "p99": 0.039010466463147535,
        "p99.9": 0.039480878508033924
      },
      "time_per_output_token": {
        "mean": 0.030599026404121935,
        "min": 0.008987599774357306,
        "max": 0.04039333007885767,
        "p0.1": 0.009031398295398696,
        "p1": 0.01138484651230896,
        "p5": 0.013736462870759757,
        "p10": 0.017168959631863982,
        "p25": 0.024841338099436037,
        "median": 0.03416312895983243,
        "p75": 0.03616296844776399,
        "p90": 0.03792644098226759,
        "p95": 0.03888788681706619,
        "p99": 0.039713402533623834,
        "p99.9": 0.04016432718279698
      },
      "time_to_first_token": {
        "mean": 1.464177761166673,
        "min": 0.08347781794145703,
        "max": 6.837109113112092,
        "p0.1": 0.08452697413042187,
        "p1": 0.09469475811347365,
        "p5": 0.13991645155474544,
        "p10": 0.20468779420480135,
        "p25": 0.4141645561903715,
        "median": 1.1198918968439102,
        "p75": 2.2234589848667383,
        "p90": 3.185595731437206,
        "p95": 3.879270708933472,
        "p99": 5.092457944918424,
        "p99.9": 6.467574998632091
      },
      "inter_token_latency": {
        "mean": 0.03047320583522583,
        "min": 5.3318217396736145e-06,
        "max": 2.37808710988611,
        "p0.1": 5.599111318588257e-06,
        "p1": 5.772802978754044e-06,
        "p5": 6.009824573993683e-06,
        "p10": 6.2067992985248566e-06,
        "p25": 6.741844117641449e-06,
        "median": 7.872935384511948e-06,
        "p75": 1.3740267604589462e-05,
        "p90": 0.06383032649755495,
        "p95": 0.20614271275699095,
        "p99": 0.6029522975347935,
        "p99.9": 1.0548846054580105
      }
    },
    "throughput": {
      "input_tokens_per_sec": 108851.65336670112,
      "output_tokens_per_sec": 14645.442836164992,
      "total_tokens_per_sec": 123497.09620286612,
      "requests_per_sec": 14.426789323508252
    },
    "prompt_len": {
      "mean": 7545.10590858417,
      "min": 7486.0,
      "max": 7630.0,
      "p0.1": 7486.0,
      "p1": 7492.0,
      "p5": 7504.0,
      "p10": 7512.0,
      "p25": 7526.0,
      "median": 7546.0,
      "p75": 7562.0,
      "p90": 7576.0,
      "p95": 7585.0,
      "p99": 7604.0,
      "p99.9": 7621.936000000001
    },
    "output_len": {
      "mean": 1015.1560758082497,
      "min": 957.0,
      "max": 8565.0,
      "p0.1": 958.792,
      "p1": 985.96,
      "p5": 992.0,
      "p10": 994.0,
      "p25": 996.0,
      "median": 999.0,
      "p75": 1001.0,
      "p90": 1003.0,
      "p95": 1004.0,
      "p99": 1007.0,
      "p99.9": 8564.104
    }
  },
  "failures": {
    "count": 3,
    "request_latency": {
      "mean": 2.3088188155864677,
      "min": 1.6404249877668917,
      "max": 2.649564553052187,
      "p0.1": 1.6424170716032387,
      "p1": 1.6603458261303603,
      "p5": 1.7400291795842349,
      "p10": 1.8396333714015782,
      "p25": 2.138445946853608,
      "median": 2.636466905940324,
      "p75": 2.6430157294962555,
      "p90": 2.646945023629814,
      "p95": 2.6482547883410006,
      "p99": 2.64930260010995,
      "p99.9": 2.6495383577579634
    },
    "prompt_len": {
      "mean": 7520.666666666667,
      "min": 7508.0,
      "max": 7537.0,
      "p0.1": 7508.018,
      "p1": 7508.18,
      "p5": 7508.9,
      "p10": 7509.8,
      "p25": 7512.5,
      "median": 7517.0,
      "p75": 7527.0,
      "p90": 7533.0,
      "p95": 7535.0,
      "p99": 7536.6,
      "p99.9": 7536.96
    }
  }
}