{
  "load_summary": {
    "count": 200,
    "schedule_delay": {
      "mean": 0.0005805435008369386,
      "min": -0.0006867800839245319,
      "max": 0.001819866243749857,
      "p0.1": -0.0006420738259330391,
      "p1": -0.0004394680634140968,
      "p5": -0.0002497847890481353,
      "p10": -0.00012181578204035752,
      "p25": 0.00023938296362757683,
      "median": 0.0005263630300760269,
      "p75": 0.0009646170074120164,
      "p90": 0.0012390920892357826,
      "p95": 0.0014682985609397283,
      "p99": 0.0016630426980555058,
      "p99.9": 0.0017900161091238284
    },
    "send_duration": 17.29680714569986,
    "requested_rate": 10.0,
    "achieved_rate": 11.562827654566398
  },
  "successes": {
    "count": 200,
    "latency": {
      "request_latency": {
        "mean": 10.37519660834456,
        "min": 7.306888624094427,
        "max": 14.767069168854505,
        "p0.1": 7.349043657454662,
        "p1": 7.596256824461744,
        "p5": 7.7931927114725115,
        "p10": 8.248279905784875,
        "p25": 8.875774048850872,
        "median": 9.980568090453744,
        "p75": 11.194025063305162,
        "p90": 14.098697188450023,
        "p95": 14.457892764243297,
        "p99": 14.65334967141971,
        "p99.9": 14.762866924421862
      },
      "normalized_time_per_output_token": {
        "mean": 0.01035411900913718,
        "min": 0.0010479530440254202,
        "max": 0.014760713075736055,
        "p0.1": 0.0023451981959953937,
        "p1": 0.007586803685603043,
        "p5": 0.007748007300190295,
        "p10": 0.0082467303420809,
        "p25": 0.008836378713345899,
        "median": 0.01001609245715551,
        "p75": 0.011228010067076251,
        "p90": 0.014140642130791902,
        "p95": 0.014458729585632681,
        "p99": 0.014682336007737891,
        "p99.9": 0.014756112375862232
      },
      "time_per_output_token": {
        "mean": 0.010158259507970837,
        "min": 0.0071920723747462036,
        "max": 0.014523241377901286,
        "p0.1": 0.00722511616204679,
        "p1": 0.007401107360851019,
        "p5": 0.007608587446273305,
        "p10": 0.008053792325848597,
        "p25": 0.008631438124924899,
        "median": 0.009701928468188271,
        "p75": 0.010981225656694732,
        "p90": 0.013852538725873456,
        "p95": 0.014215930857183413,
        "p99": 0.014371187050659208,
        "p99.9": 0.014509049289371355
      },
      "time_to_first_token": {
        "mean": 0.18740664126118645,
        "min": 0.07460372010245919,
        "max": 0.4873144100420177,
        "p0.1": 0.07629102258291096,
        "p1": 0.08373472322244196,
        "p5": 0.08821290056221187,
        "p10": 0.09531533075496554,
        "p25": 0.14069796563126147,
        "median": 0.18364759534597397,
        "p75": 0.21168889722321182,
        "p90": 0.2756766699720174,
        "p95": 0.3267936301883308,
        "p99": 0.4153910071635615,
        "p99.9": 0.48218856663396625
      },
      "inter_token_latency": {
        "mean": 0.01015830347070093,
        "min": 5.346722900867462e-06,
        "max": 0.7689429619349539,
        "p0.1": 5.617272108793259e-06,
        "p1": 5.837948992848396e-06,
        "p5": 6.209593266248703e-06,
        "p10": 6.583984941244125e-06,
        "p25": 7.922761142253876e-06,
        "median": 0.0052275750786066055,
        "p75": 0.015740251052193344,
        "p90": 0.028017054311931133,
        "p95": 0.034429584513418376,
        "p99": 0.05494059168267992,
        "p99.9": 0.30422965368257343
      }
    },
    "throughput": {
      "input_tokens_per_sec": 48828.93115718618,
      "output_tokens_per_sec": 6704.19329966575,
      "total_tokens_per_sec": 55533.12445685193,
      "requests_per_sec": 6.471385216502087
    },
    "prompt_len": {
      "mean": 7545.36,
      "min": 7490.0,
      "max": 7621.0,
      "p0.1": 7490.398,
      "p1": 7492.0,
      "p5": 7504.0,
      "p10": 7512.0,
      "p25": 7524.75,
      "median": 7549.5,
      "p75": 7562.0,
      "p90": 7575.0,
      "p95": 7585.0,
      "p99": 7604.12,
      "p99.9": 7620.005
    },
    "output_len": {
      "mean": 1035.975,
      "min": 943.0,
      "max": 8566.0,
      "p0.1": 948.174,
      "p1": 987.81,
      "p5": 993.0,
      "p10": 994.9,
      "p25": 996.0,
      "median": 998.0,
      "p75": 1001.0,
      "p90": 1003.0,
      "p95": 1004.0,
      "p99": 1009.02,
      "p99.9": 7062.555000000122
    }
  },
  "failures": {
    "count": 0,
    "request_latency": null,
    "prompt_len": null
  }
}