{
  "load_summary": {
    "count": 660,
    "schedule_delay": {
      "mean": 0.0008287754650651054,
      "min": -0.0010201041586697102,
      "max": 0.08873230591416359,
      "p0.1": -0.0009795119045302272,
      "p1": -0.0006964642647653819,
      "p5": -0.00040766678284853697,
      "p10": -0.00021748482249677175,
      "p25": 0.00010766915511339903,
      "median": 0.0004617248196154833,
      "p75": 0.0008639913285151124,
      "p90": 0.001151558617129922,
      "p95": 0.0013623872539028515,
      "p99": 0.0017187023721635332,
      "p99.9": 0.07980247736768963
    },
    "send_duration": 28.782953637186438,
    "requested_rate": 22.0,
    "achieved_rate": 22.930238790618976
  },
  "successes": {
    "count": 660,
    "latency": {
      "request_latency": {
        "mean": 26.48236180006202,
        "min": 8.45262290770188,
        "max": 35.63299567298964,
        "p0.1": 8.793343202013988,
        "p1": 10.065736008882523,
        "p5": 11.744010199070908,
        "p10": 14.539259563433006,
        "p25": 18.91332831303589,
        "median": 30.01499492698349,
        "p75": 32.36541176517494,
        "p90": 33.022871259739624,
        "p95": 34.15265858478379,
        "p99": 34.666468442035836,
        "p99.9": 35.0919972729181
      },
      "normalized_time_per_output_token": {
        "mean": 0.026515939795698374,
        "min": 0.0011862016526378411,
        "max": 0.03566866433732696,
        "p0.1": 0.006008396671170771,
        "p1": 0.009981946642685063,
        "p5": 0.011731687060698824,
        "p10": 0.01472220375672379,
        "p25": 0.018948491111397743,
        "median": 0.030063928419837103,
        "p75": 0.03247705784709847,
        "p90": 0.03313321660065884,
        "p95": 0.03410810360175233,
        "p99": 0.03472196790187991,
        "p99.9": 0.035213588310443474
      },
      "time_per_output_token": {
        "mean": 0.026279952250600543,
        "min": 0.008193568479269744,
        "max": 0.035504098626944224,
        "p0.1": 0.008499993210661225,
        "p1": 0.00976339718119707,
        "p5": 0.011187771973828786,
        "p10": 0.01389222949789837,
        "p25": 0.018284838162767214,
        "median": 0.02985839137770121,
        "p75": 0.03245832503303217,
        "p90": 0.033350594309835606,
        "p95": 0.03435942602396779,
        "p99": 0.03528563056594736,
        "p99.9": 0.03544162155817375
      },
      "time_to_first_token": {
        "mean": 0.6762698126519381,
        "min": 0.0805333461612463,
        "max": 2.7874558116309345,
        "p0.1": 0.0833674059100449,
        "p1": 0.09293721809517592,
        "p5": 0.14250302310101687,
        "p10": 0.175848869048059,
        "p25": 0.30699614074546844,
        "median": 0.5437086438760161,
        "p75": 0.9278366063954309,
        "p90": 1.3536493410822004,
        "p95": 1.732313485699705,
        "p99": 2.2192922036675724,
        "p99.9": 2.753313701902988
      },
      "inter_token_latency": {
        "mean": 0.026192505060086024,
        "min": 5.36162406206131e-06,
        "max": 1.543940322007984,
        "p0.1": 5.598179996013641e-06,
        "p1": 5.784910172224045e-06,
        "p5": 6.0480087995529175e-06,
        "p10": 6.280839443206787e-06,
        "p25": 6.983056664466858e-06,
        "median": 9.255018085241318e-06,
        "p75": 0.018575672060251236,
        "p90": 0.08675267957150937,
        "p95": 0.15023811180144503,
        "p99": 0.32429654312320044,
        "p99.9": 0.7209129412053155
      }
    },
    "throughput": {
      "input_tokens_per_sec": 85355.17486586496,
      "output_tokens_per_sec": 11420.836219856077,
      "total_tokens_per_sec": 96776.01108572104,
      "requests_per_sec": 11.312018034250837
    },
    "prompt_len": {
      "mean": 7545.530303030303,
      "min": 7486.0,
      "max": 7630.0,
      "p0.1": 7486.0,
      "p1": 7491.59,
      "p5": 7504.0,
      "p10": 7512.0,
      "p25": 7526.0,
      "median": 7547.0,
      "p75": 7563.0,
      "p90": 7576.0,
      "p95": 7585.0,
      "p99": 7604.41,
      "p99.9": 7624.069000000001
    },
    "output_len": {
      "mean": 1009.619696969697,
      "min": 912.0,
      "max": 8567.0,
      "p0.1": 928.475,
      "p1": 977.54,
      "p5": 992.0,
      "p10": 994.0,
      "p25": 996.0,
      "median": 999.0,
      "p75": 1001.0,
      "p90": 1003.0,
      "p95": 1004.0,
      "p99": 1007.0,
      "p99.9": 3587.596000000921
    }
  },
  "failures": {
    "count": 0,
    "request_latency": null,
    "prompt_len": null
  }
}