{
  "load_summary": {
    "count": 600,
    "schedule_delay": {
      "mean": 0.0006923494658743342,
      "min": -0.000999972689896822,
      "max": 0.02978269662708044,
      "p0.1": -0.0009473241637460888,
      "p1": -0.0007367440778762102,
      "p5": -0.00038614554796367884,
      "p10": -0.0002205940894782543,
      "p25": 0.0001144171692430973,
      "median": 0.0004604062996804714,
      "p75": 0.0008170556975528598,
      "p90": 0.0011298105586320163,
      "p95": 0.0013280350482091298,
      "p99": 0.0018803972937166684,
      "p99.9": 0.02966345580853523
    },
    "send_duration": 28.53376965271309,
    "requested_rate": 20.0,
    "achieved_rate": 21.027715836451
  },
  "successes": {
    "count": 600,
    "latency": {
      "request_latency": {
        "mean": 25.367967337852654,
        "min": 8.031490284018219,
        "max": 32.97250865120441,
        "p0.1": 8.055037084139418,
        "p1": 9.543193955132738,
        "p5": 11.130785505496897,
        "p10": 13.159827463142575,
        "p25": 17.43415612820536,
        "median": 28.93842276604846,
        "p75": 31.92932639713399,
        "p90": 32.34754963759333,
        "p95": 32.50532577908598,
        "p99": 32.772470210692845,
        "p99.9": 32.96807480354421
      },
      "normalized_time_per_output_token": {
        "mean": 0.02540953997232615,
        "min": 0.0011144370423446116,
        "max": 0.03410994806464754,
        "p0.1": 0.005257751934107102,
        "p1": 0.00931460013030185,
        "p5": 0.011125951768858172,
        "p10": 0.013096950148998672,
        "p25": 0.017466418163275984,
        "median": 0.028980770211620648,
        "p75": 0.0320163631822314,
        "p90": 0.032425473151753446,
        "p95": 0.03259148533125786,
        "p99": 0.03283976826147684,
        "p99.9": 0.033785923085918566
      },
      "time_per_output_token": {
        "mean": 0.02543491594550403,
        "min": 0.007894902484025806,
        "max": 0.03402394501492381,
        "p0.1": 0.007926403818700928,
        "p1": 0.009307812044229358,
        "p5": 0.01066380646501624,
        "p10": 0.01282755188974552,
        "p25": 0.017290276621934025,
        "median": 0.028897317461850047,
        "p75": 0.03231142531919659,
        "p90": 0.033075973591044396,
        "p95": 0.03330025712421506,
        "p99": 0.03381957916563528,
        "p99.9": 0.033992985877360445
      },
      "time_to_first_token": {
        "mean": 0.566918641916321,
        "min": 0.0726144933141768,
        "max": 1.9705018643289804,
        "p0.1": 0.07887475901748985,
        "p1": 0.09068589224480092,
        "p5": 0.1092099578352645,
        "p10": 0.1509484353940934,
        "p25": 0.2806914657121524,
        "median": 0.5168032986111939,
        "p75": 0.7655884401174262,
        "p90": 1.1185817701276393,
        "p95": 1.301267040590755,
        "p99": 1.739797555929981,
        "p99.9": 1.8947563217259098
      },
      "inter_token_latency": {
        "mean": 0.02531171247090083,
        "min": 5.329027771949768e-06,
        "max": 1.3600441771559417,
        "p0.1": 5.59026375412941e-06,
        "p1": 5.783047527074814e-06,
        "p5": 6.061047315597534e-06,
        "p10": 6.3050538301467896e-06,
        "p25": 7.082242518663406e-06,
        "median": 9.897630661725998e-06,
        "p75": 0.026951914187520742,
        "p90": 0.08352443296462297,
        "p95": 0.13606588309630752,
        "p99": 0.2801487077958882,
        "p99.9": 0.6998218557797523
      }
    },
    "throughput": {
      "input_tokens_per_sec": 79406.95443595393,
      "output_tokens_per_sec": 10632.875181736461,
      "total_tokens_per_sec": 90039.82961769038,
      "requests_per_sec": 10.523726597377328
    },
    "prompt_len": {
      "mean": 7545.516666666666,
      "min": 7486.0,
      "max": 7630.0,
      "p0.1": 7486.0,
      "p1": 7491.99,
      "p5": 7504.0,
      "p10": 7512.0,
      "p25": 7526.0,
      "median": 7547.0,
      "p75": 7563.0,
      "p90": 7578.0,
      "p95": 7585.05,
      "p99": 7605.09,
      "p99.9": 7624.609
    },
    "output_len": {
      "mean": 1010.3716666666667,
      "min": 888.0,
      "max": 8565.0,
      "p0.1": 918.549,
      "p1": 978.93,
      "p5": 992.0,
      "p10": 994.0,
      "p25": 996.0,
      "median": 998.0,
      "p75": 1001.0,
      "p90": 1003.0,
      "p95": 1004.0,
      "p99": 1006.0,
      "p99.9": 4040.1540000005084
    }
  },
  "failures": {
    "count": 0,
    "request_latency": null,
    "prompt_len": null
  }
}