{
  "load_summary": {
    "count": 450,
    "schedule_delay": {
      "mean": 0.0006060030735615227,
      "min": -0.0008016522042453289,
      "max": 0.0303756189532578,
      "p0.1": -0.0007611705996096134,
      "p1": -0.0005761466035619378,
      "p5": -0.0002761531854048371,
      "p10": -0.0001615705899894237,
      "p25": 0.0001321516465395689,
      "median": 0.0005268719978630543,
      "p75": 0.0009282574756070971,
      "p90": 0.0012539205607026817,
      "p95": 0.0014303009025752544,
      "p99": 0.001817534039728343,
      "p99.9": 0.018056582596154246
    },
    "send_duration": 31.446063266601413,
    "requested_rate": 15.0,
    "achieved_rate": 14.310217345327962
  },
  "successes": {
    "count": 450,
    "latency": {
      "request_latency": {
        "mean": 16.828849094616665,
        "min": 6.765851191710681,
        "max": 35.25630157114938,
        "p0.1": 6.80139117260417,
        "p1": 7.158125505307689,
        "p5": 8.227526751509867,
        "p10": 8.663037820532917,
        "p25": 10.099650949123316,
        "median": 13.12470384594053,
        "p75": 21.902562636183575,
        "p90": 32.6493538685143,
        "p95": 33.55307570341974,
        "p99": 34.51018922016024,
        "p99.9": 35.24195646012807
      },
      "normalized_time_per_output_token": {
        "mean": 0.01674317273523002,
        "min": 0.0008197777526404638,
        "max": 0.035401278802362574,
        "p0.1": 0.0009313503788511753,
        "p1": 0.0026948466322831866,
        "p5": 0.007995860431693149,
        "p10": 0.008626752250369138,
        "p25": 0.010094686906492923,
        "median": 0.012852268137528077,
        "p75": 0.021701901634131403,
        "p90": 0.03284506720313526,
        "p95": 0.033745382818670185,
        "p99": 0.034883100257181596,
        "p99.9": 0.03538381716317708
      },
      "time_per_output_token": {
        "mean": 0.016474275609368837,
        "min": 0.0066502441288903355,
        "max": 0.034420164313257465,
        "p0.1": 0.006678755886552855,
        "p1": 0.00703632137991129,
        "p5": 0.007938429073453882,
        "p10": 0.008316638075653464,
        "p25": 0.009706520815307318,
        "median": 0.012501083886018022,
        "p75": 0.021257691383128986,
        "p90": 0.03262258862659726,
        "p95": 0.03341513696098944,
        "p99": 0.034271844258980694,
        "p99.9": 0.03440875389584436
      },
      "time_to_first_token": {
        "mean": 0.3915137125675877,
        "min": 0.05000108480453491,
        "max": 1.5117614748887718,
        "p0.1": 0.05243430761480704,
        "p1": 0.05760999612044543,
        "p5": 0.0870392301119864,
        "p10": 0.12053729756735265,
        "p25": 0.2202218126039952,
        "median": 0.31231854506768286,
        "p75": 0.5002821001689881,
        "p90": 0.7376593993976714,
        "p95": 0.9388389218598603,
        "p99": 1.3057783678034318,
        "p99.9": 1.5025597882498996
      },
      "inter_token_latency": {
        "mean": 0.016464573847586293,
        "min": 5.3979456424713135e-06,
        "max": 1.2644249298609793,
        "p0.1": 5.607027560472488e-06,
        "p1": 5.790963768959045e-06,
        "p5": 6.06197863817215e-06,
        "p10": 6.314367055892944e-06,
        "p25": 7.221009582281113e-06,
        "median": 1.2056902050971985e-05,
        "p75": 0.023825120646506548,
        "p90": 0.049074208829551935,
        "p95": 0.07351749558001756,
        "p99": 0.1318142074160272,
        "p99.9": 0.5890813822373931
      }
    },
    "throughput": {
      "input_tokens_per_sec": 59602.820964010214,
      "output_tokens_per_sec": 8660.643780470007,
      "total_tokens_per_sec": 68263.46474448022,
      "requests_per_sec": 7.900173116295411
    },
    "prompt_len": {
      "mean": 7544.495555555555,
      "min": 7486.0,
      "max": 7598.0,
      "p0.1": 7489.592,
      "p1": 7496.49,
      "p5": 7512.0,
      "p10": 7517.9,
      "p25": 7528.25,
      "median": 7543.0,
      "p75": 7559.0,
      "p90": 7573.0,
      "p95": 7580.55,
      "p99": 7592.51,
      "p99.9": 7598.0
    },
    "output_len": {
      "mean": 1096.26,
      "min": 921.0,
      "max": 8574.0,
      "p0.1": 922.796,
      "p1": 977.96,
      "p5": 989.0,
      "p10": 992.0,
      "p25": 994.0,
      "median": 996.0,
      "p75": 998.0,
      "p90": 1000.0,
      "p95": 1002.0,
      "p99": 8530.08,
      "p99.9": 8570.408
    }
  },
  "failures": {
    "count": 0,
    "request_latency": null,
    "prompt_len": null
  }
}