{
  "load_summary": {
    "count": 1500,
    "schedule_delay": {
      "mean": 0.0008467358468721311,
      "min": -0.000847159419208765,
      "max": 0.044611283112317324,
      "p0.1": -0.00081327362684533,
      "p1": -0.0006450221501290798,
      "p5": -0.0003142100991681218,
      "p10": -0.0001351896207779646,
      "p25": 0.00021717743948101997,
      "median": 0.0006018464919179678,
      "p75": 0.0009908063802868128,
      "p90": 0.0013745179399847986,
      "p95": 0.0015575777273625134,
      "p99": 0.00215715784113854,
      "p99.9": 0.04223507680092044
    },
    "send_duration": 50.40441878000274,
    "requested_rate": 30.0,
    "achieved_rate": 29.759295639276456
  },
  "successes": {
    "count": 1481,
    "latency": {
      "request_latency": {
        "mean": 52.0391716086966,
        "min": 8.908413900993764,
        "max": 147.27169615076855,
        "p0.1": 9.358223868105561,
        "p1": 12.320307641476393,
        "p5": 16.239406109787524,
        "p10": 19.147223147097975,
        "p25": 25.43845192110166,
        "median": 31.439835260622203,
        "p75": 61.62754965480417,
        "p90": 128.06433582305908,
        "p95": 138.78488630382344,
        "p99": 146.54161831540986,
        "p99.9": 147.0315822896734
      },
      "normalized_time_per_output_token": {
        "mean": 0.051956460010850886,
        "min": 0.00255466830002784,
        "max": 0.15199902200538085,
        "p0.1": 0.0028663914164027277,
        "p1": 0.009784650782315024,
        "p5": 0.015197650712093794,
        "p10": 0.01883656028020388,
        "p25": 0.025375742925765738,
        "median": 0.031520172232961816,
        "p75": 0.06165216898803183,
        "p90": 0.12913787203711613,
        "p95": 0.13925452595287355,
        "p99": 0.1473519843081341,
        "p99.9": 0.1481964204156611
      },
      "time_per_output_token": {
        "mean": 0.0469538665896351,
        "min": 0.008031648673582822,
        "max": 0.1427125923302956,
        "p0.1": 0.008147410945775797,
        "p1": 0.01006012513382041,
        "p5": 0.013288446484104346,
        "p10": 0.01563607955398038,
        "p25": 0.022806557701975722,
        "median": 0.029859728575021605,
        "p75": 0.059207102094311265,
        "p90": 0.10747824281873182,
        "p95": 0.11618003201810644,
        "p99": 0.13204477869281547,
        "p99.9": 0.1421206132772007
      },
      "time_to_first_token": {
        "mean": 5.289301918391616,
        "min": 0.13692475017160177,
        "max": 27.435390053782612,
        "p0.1": 0.1428928923048079,
        "p1": 0.2152555299922824,
        "p5": 0.37907235603779554,
        "p10": 0.5424153110943735,
        "p25": 1.127120217308402,
        "median": 2.627547251060605,
        "p75": 5.33290632115677,
        "p90": 18.642689644359052,
        "p95": 21.92384830629453,
        "p99": 25.253021456394347,
        "p99.9": 26.601580050438713
      },
      "inter_token_latency": {
        "mean": 0.04718551710202478,
        "min": 5.293171852827072e-06,
        "max": 6.626322295051068,
        "p0.1": 5.5781565606594086e-06,
        "p1": 5.766749382019043e-06,
        "p5": 6.05778768658638e-06,
        "p10": 6.322283297777176e-06,
        "p25": 7.081311196088791e-06,
        "median": 9.56980511546135e-06,
        "p75": 0.013166919350624084,
        "p90": 0.11420921115204692,
        "p95": 0.17357409498654322,
        "p99": 0.8298301352746785,
        "p99.9": 1.6823957904065276
      }
    },
    "throughput": {
      "input_tokens_per_sec": 72173.6438676502,
      "output_tokens_per_sec": 10198.04233774791,
      "total_tokens_per_sec": 82371.68620539812,
      "requests_per_sec": 9.565801627227223
    },
    "prompt_len": {
      "mean": 7544.965563808238,
      "min": 7477.0,
      "max": 7605.0,
      "p0.1": 7479.4,
      "p1": 7497.0,
      "p5": 7511.0,
      "p10": 7517.0,
      "p25": 7528.0,
      "median": 7545.0,
      "p75": 7560.0,
      "p90": 7573.0,
      "p95": 7579.0,
      "p99": 7592.0,
      "p99.9": 7601.640000000001
    },
    "output_len": {
      "mean": 1066.0938555030384,
      "min": 875.0,
      "max": 8591.0,
      "p0.1": 921.56,
      "p1": 971.8,
      "p5": 985.0,
      "p10": 990.0,
      "p25": 993.0,
      "median": 996.0,
      "p75": 998.0,
      "p90": 1000.0,
      "p95": 1001.0,
      "p99": 1006.2,
      "p99.9": 8573.960000000005
    }
  },
  "failures": {
    "count": 19,
    "request_latency": {
      "mean": 0.6324692106756725,
      "min": 0.0017388560809195042,
      "max": 9.482290131039917,
      "p0.1": 0.0017430307297036053,
      "p1": 0.0017806025687605142,
      "p5": 0.0019475885201245546,
      "p10": 0.002982284501194954,
      "p25": 0.0035758845042437315,
      "median": 0.00425812229514122,
      "p75": 0.0045985819306224585,
      "p90": 0.5088344865478558,
      "p95": 3.151530817477018,
      "p99": 8.216138268327342,
      "p99.9": 9.35567494476868
    },
    "prompt_len": {
      "mean": 794.7894736842105,
      "min": 0.0,
      "max": 7571.0,
      "p0.1": 0.0,
      "p1": 0.0,
      "p5": 0.0,
      "p10": 0.0,
      "p25": 0.0,
      "median": 0.0,
      "p75": 0.0,
      "p90": 1505.9999999999945,
      "p95": 7534.1,
      "p99": 7563.62,
      "p99.9": 7570.262
    }
  }
}