{
  "load_summary": {
    "count": 1050,
    "schedule_delay": {
      "mean": 0.00043821555207527817,
      "min": -0.0011769975535571575,
      "max": 0.03118647262454033,
      "p0.1": -0.0009424523920752108,
      "p1": -0.0007793278899043798,
      "p5": -0.00046375363599509,
      "p10": -0.00025593973696231843,
      "p25": 2.3661297746002674e-05,
      "median": 0.00038683810271322727,
      "p75": 0.0007340082665905356,
      "p90": 0.0010793152265250684,
      "p95": 0.0012638413812965153,
      "p99": 0.00194386372808367,
      "p99.9": 0.011493223722092995
    },
    "send_duration": 28.620517591014504,
    "requested_rate": 35.0,
    "achieved_rate": 36.68696754560619
  },
  "successes": {
    "count": 1050,
    "latency": {
      "request_latency": {
        "mean": 49.677062467983255,
        "min": 28.672702733892947,
        "max": 91.00966314505786,
        "p0.1": 29.075804228479974,
        "p1": 33.98188048735261,
        "p5": 37.22574138045311,
        "p10": 39.184098434681076,
        "p25": 42.28284035611432,
        "median": 45.42665411042981,
        "p75": 54.011433812673204,
        "p90": 61.44179773661309,
        "p95": 82.63477312307803,
        "p99": 89.28597913665232,
        "p99.9": 90.87142055044697
      },
      "normalized_time_per_output_token": {
        "mean": 0.04974174447235307,
        "min": 0.006386037625273689,
        "max": 0.09163361309601309,
        "p0.1": 0.02876716557900238,
        "p1": 0.033698919221100555,
        "p5": 0.03728848056655019,
        "p10": 0.039235895294971186,
        "p25": 0.0423037284959933,
        "median": 0.045517689489408625,
        "p75": 0.05422074998367171,
        "p90": 0.0615548994473405,
        "p95": 0.08330137355342593,
        "p99": 0.08942006869854996,
        "p99.9": 0.0910817808688783
      },
      "time_per_output_token": {
        "mean": 0.04439373775325627,
        "min": 0.019674334704875947,
        "max": 0.08563265826366842,
        "p0.1": 0.019981198673030828,
        "p1": 0.022419325095266104,
        "p5": 0.03375183667645324,
        "p10": 0.03660016381829046,
        "p25": 0.04037911632517353,
        "median": 0.04372664299560711,
        "p75": 0.04729034377611242,
        "p90": 0.056301833926094697,
        "p95": 0.05688314665746875,
        "p99": 0.06469850923594087,
        "p99.9": 0.08414699645132807
      },
      "time_to_first_token": {
        "mean": 5.254445399367472,
        "min": 0.04044660087674856,
        "max": 47.7846140190959,
        "p0.1": 0.05252994067547843,
        "p1": 0.06734037446323782,
        "p5": 0.11209915752988309,
        "p10": 0.1514313467312604,
        "p25": 0.22883617610204965,
        "median": 0.4604793223552406,
        "p75": 0.942672683740966,
        "p90": 34.79820803082549,
        "p95": 44.06535744427237,
        "p99": 46.95279509804677,
        "p99.9": 47.51020850195643
      },
      "inter_token_latency": {
        "mean": 0.044393737753256265,
        "min": 5.380716174840927e-06,
        "max": 38.53195893485099,
        "p0.1": 6.299000233411789e-06,
        "p1": 0.006608199723996222,
        "p5": 0.017287622555159036,
        "p10": 0.02899889387190342,
        "p25": 0.03360511816572398,
        "median": 0.03959168493747711,
        "p75": 0.04172256123274565,
        "p90": 0.043665593536570665,
        "p95": 0.04524469503667204,
        "p99": 0.4114303433895111,
        "p99.9": 0.4536883594221441
      }
    },
    "throughput": {
      "input_tokens_per_sec": 73542.15991273767,
      "output_tokens_per_sec": 9795.026110567258,
      "total_tokens_per_sec": 83337.18602330494,
      "requests_per_sec": 9.745638925119106
    },
    "prompt_len": {
      "mean": 7546.160952380952,
      "min": 7469.0,
      "max": 7635.0,
      "p0.1": 7486.0,
      "p1": 7491.98,
      "p5": 7509.0,
      "p10": 7516.0,
      "p25": 7529.0,
      "median": 7546.0,
      "p75": 7562.0,
      "p90": 7577.0,
      "p95": 7585.0,
      "p99": 7610.0,
      "p99.9": 7634.657
    },
    "output_len": {
      "mean": 1005.067619047619,
      "min": 904.0,
      "max": 8566.0,
      "p0.1": 908.225,
      "p1": 981.0,
      "p5": 992.0,
      "p10": 994.0,
      "p25": 996.0,
      "median": 998.0,
      "p75": 1001.0,
      "p90": 1003.0,
      "p95": 1004.0,
      "p99": 1007.0,
      "p99.9": 1008.951
    }
  },
  "failures": {
    "count": 0,
    "request_latency": null,
    "prompt_len": null
  }
}