{
  "load_summary": {
    "count": 5050,
    "schedule_delay": {
      "mean": 0.0005288146931382984,
      "min": -0.0011769975535571575,
      "max": 0.07672003610059619,
      "p0.1": -0.0009981611361727118,
      "p1": -0.00073083755094558,
      "p5": -0.00042420316021889447,
      "p10": -0.00025107520632445813,
      "p25": 5.807052366435528e-05,
      "median": 0.000436245696619153,
      "p75": 0.0008151701185852289,
      "p90": 0.0011889419518411161,
      "p95": 0.0014434088021516801,
      "p99": 0.0022142082639038585,
      "p99.9": 0.026868973149466235
    }
  },
  "successes": {
    "count": 5050,
    "latency": {
      "request_latency": {
        "mean": 56.50426463065669,
        "min": 6.630947553087026,
        "max": 126.67746938299388,
        "p0.1": 7.51683909551194,
        "p1": 8.579022681908683,
        "p5": 18.976483386638577,
        "p10": 32.670947515685114,
        "p25": 42.045698811649345,
        "median": 51.327363583492115,
        "p75": 72.26013491745107,
        "p90": 89.70193244679831,
        "p95": 99.6945243341383,
        "p99": 111.47106147738175,
        "p99.9": 125.78640970555833
      },
      "normalized_time_per_output_token": {
        "mean": 0.05658939127736396,
        "min": 0.0008703597883463136,
        "max": 0.19404076295093112,
        "p0.1": 0.006724104233983803,
        "p1": 0.008370036718098361,
        "p5": 0.018181290949476177,
        "p10": 0.03247055681622989,
        "p25": 0.042102389665731044,
        "median": 0.05144777149360274,
        "p75": 0.07232639995735085,
        "p90": 0.08983596708740504,
        "p95": 0.10023190881820054,
        "p99": 0.11188549063693073,
        "p99.9": 0.1263678002277657
      },
      "time_per_output_token": {
        "mean": 0.04980407609818605,
        "min": 0.006456786165945232,
        "max": 0.11273704289691523,
        "p0.1": 0.007176671562235799,
        "p1": 0.008184156363862567,
        "p5": 0.01736811425227206,
        "p10": 0.026212378926109524,
        "p25": 0.03947312463214621,
        "median": 0.047048889383208004,
        "p75": 0.058786806846736,
        "p90": 0.07627915710485543,
        "p95": 0.08339155458218885,
        "p99": 0.09786462685294453,
        "p99.9": 0.11096550100251042
      },
      "time_to_first_token": {
        "mean": 6.684063017269375,
        "min": 0.04044660087674856,
        "max": 100.46817198395729,
        "p0.1": 0.05363836743403226,
        "p1": 0.06756774618756026,
        "p5": 0.12132426940370351,
        "p10": 0.15641999528743328,
        "p25": 0.2697214529616758,
        "median": 0.5789629523642361,
        "p75": 1.5363328472012654,
        "p90": 37.007492843829105,
        "p95": 44.48495310305153,
        "p99": 82.04390092816205,
        "p99.9": 99.44517425678725
      },
      "inter_token_latency": {
        "mean": 0.0498066398514044,
        "min": 5.373731255531311e-06,
        "max": 38.53195893485099,
        "p0.1": 6.2338076531887054e-06,
        "p1": 0.0013829620834440001,
        "p5": 0.009228571644052863,
        "p10": 0.01540238810703159,
        "p25": 0.0324180256575346,
        "median": 0.04023964703083038,
        "p75": 0.045416831970214844,
        "p90": 0.06759313587099315,
        "p95": 0.07395627121441066,
        "p99": 0.43711464012041684,
        "p99.9": 0.499703829847277
      }
    },
    "throughput": {
      "input_tokens_per_sec": 67500.43110982873,
      "output_tokens_per_sec": 9007.264408080804,
      "total_tokens_per_sec": 76507.69551790954,
      "requests_per_sec": 8.945332593532747
    },
    "prompt_len": {
      "mean": 7545.882772277228,
      "min": 7469.0,
      "max": 7635.0,
      "p0.1": 7469.833,
      "p1": 7493.0,
      "p5": 7508.0,
      "p10": 7516.0,
      "p25": 7529.0,
      "median": 7546.0,
      "p75": 7561.0,
      "p90": 7576.0,
      "p95": 7585.0,
      "p99": 7605.0,
      "p99.9": 7635.0
    },
    "output_len": {
      "mean": 1006.9233663366336,
      "min": 545.0,
      "max": 8577.0,
      "p0.1": 933.294,
      "p1": 981.0,
      "p5": 992.0,
      "p10": 994.0,
      "p25": 996.0,
      "median": 998.0,
      "p75": 1001.0,
      "p90": 1003.0,
      "p95": 1004.0,
      "p99": 1007.0,
      "p99.9": 8184.393000007025
    }
  },
  "failures": {
    "count": 0,
    "request_latency": null,
    "prompt_len": null
  }
}