{
  "load_summary": {
    "count": 240,
    "schedule_delay": {
      "mean": 0.0006234357793194552,
      "min": -0.0009134211577475071,
      "max": 0.0024965801276266575,
      "p0.1": -0.0008037844845093787,
      "p1": -0.00038998770993202924,
      "p5": -0.00021308814175426957,
      "p10": -4.231454804539679e-05,
      "p25": 0.00028361950535327196,
      "median": 0.0005767119582742453,
      "p75": 0.000952369999140501,
      "p90": 0.0013586807064712048,
      "p95": 0.0015224177855998275,
      "p99": 0.0018706633988767854,
      "p99.9": 0.002395744174718867
    },
    "send_duration": 27.687082167714834,
    "requested_rate": 8.0,
    "achieved_rate": 8.668302370982868
  },
  "successes": {
    "count": 240,
    "latency": {
      "request_latency": {
        "mean": 103.61111556043033,
        "min": 57.51942565385252,
        "max": 140.55289958324283,
        "p0.1": 59.76671578958677,
        "p1": 70.90024832312949,
        "p5": 81.4704185590148,
        "p10": 87.76460795602762,
        "p25": 94.1404616846703,
        "median": 98.259701163508,
        "p75": 111.78932428348344,
        "p90": 133.7916294443421,
        "p95": 139.71420664044564,
        "p99": 140.28960858414416,
        "p99.9": 140.49711705696816
      },
      "normalized_time_per_output_token": {
        "mean": 0.10389296622331375,
        "min": 0.05786662540629026,
        "max": 0.14140130742780968,
        "p0.1": 0.060111308835699456,
        "p1": 0.07110448073733526,
        "p5": 0.08154793069107316,
        "p10": 0.08817038285113879,
        "p25": 0.09470131300586933,
        "median": 0.09840910469329175,
        "p75": 0.11229600368242967,
        "p90": 0.1337419056368476,
        "p95": 0.13985010426889638,
        "p99": 0.1409159780093626,
        "p99.9": 0.14135840998084456
      },
      "time_per_output_token": {
        "mean": 0.10331497054019127,
        "min": 0.05739967646729201,
        "max": 0.13967996105225758,
        "p0.1": 0.05965650218545179,
        "p1": 0.07081333538142964,
        "p5": 0.08134250623062253,
        "p10": 0.0876303785723634,
        "p25": 0.0939062736183405,
        "median": 0.0980219902570825,
        "p75": 0.11162897549464834,
        "p90": 0.13358626097184606,
        "p95": 0.13938034881099592,
        "p99": 0.13964814331125003,
        "p99.9": 0.13967631426087954
      },
      "time_to_first_token": {
        "mean": 0.26527215373547125,
        "min": 0.045581407845020294,
        "max": 1.3326566251926124,
        "p0.1": 0.04570975310215727,
        "p1": 0.04981959378346801,
        "p5": 0.07121583262924105,
        "p10": 0.09092196947894991,
        "p25": 0.14206422853749245,
        "median": 0.2276068872306496,
        "p75": 0.33247047511395067,
        "p90": 0.4078244377393275,
        "p95": 0.6162652601255096,
        "p99": 1.1410357672628002,
        "p99.9": 1.3071935794223126
      },
      "inter_token_latency": {
        "mean": 0.10331497054019129,
        "min": 5.470123142004013e-06,
        "max": 1.3189940517768264,
        "p0.1": 5.880835931748152e-06,
        "p1": 6.649177521467209e-06,
        "p5": 1.3284850865602493e-05,
        "p10": 0.03173199342563749,
        "p25": 0.0736362790921703,
        "median": 0.1032594011630863,
        "p75": 0.12202683952637017,
        "p90": 0.1483260392677039,
        "p95": 0.1662138486746698,
        "p99": 0.2533143886923824,
        "p99.9": 1.0609387991186272
      }
    },
    "throughput": {
      "input_tokens_per_sec": 11313.041465362994,
      "output_tokens_per_sec": 1495.5046546887395,
      "total_tokens_per_sec": 12808.546120051733,
      "requests_per_sec": 1.4994720077091366
    },
    "prompt_len": {
      "mean": 7544.683333333333,
      "min": 7478.0,
      "max": 7608.0,
      "p0.1": 7479.912,
      "p1": 7486.39,
      "p5": 7505.9,
      "p10": 7513.0,
      "p25": 7528.0,
      "median": 7543.0,
      "p75": 7560.0,
      "p90": 7577.1,
      "p95": 7589.0,
      "p99": 7603.22,
      "p99.9": 7607.761
    },
    "output_len": {
      "mean": 997.3541666666666,
      "min": 948.0,
      "max": 1007.0,
      "p0.1": 952.302,
      "p1": 976.29,
      "p5": 991.0,
      "p10": 994.0,
      "p25": 996.0,
      "median": 998.0,
      "p75": 1000.0,
      "p90": 1002.0,
      "p95": 1003.0,
      "p99": 1005.0,
      "p99.9": 1006.761
    }
  },
  "failures": {
    "count": 0,
    "request_latency": null,
    "prompt_len": null
  }
}