{
  "load_summary": {
    "count": 1050,
    "schedule_delay": {
      "mean": 0.0005519593551400162,
      "min": -0.000817508902400732,
      "max": 0.04143868573009968,
      "p0.1": -0.0007175852749496699,
      "p1": -0.0006042858678847551,
      "p5": -0.00036387769505381585,
      "p10": -0.0001832099165767431,
      "p25": 0.00013306818436831236,
      "median": 0.0004914212040603161,
      "p75": 0.0008471219334751368,
      "p90": 0.0011973910499364143,
      "p95": 0.0013924079248681664,
      "p99": 0.0016122623439878225,
      "p99.9": 0.011509148340206641
    },
    "send_duration": 31.21843508677557,
    "requested_rate": 35.0,
    "achieved_rate": 33.633972909961464
  },
  "successes": {
    "count": 512,
    "latency": {
      "request_latency": {
        "mean": 238.37054623814583,
        "min": 202.2099491590634,
        "max": 246.5789454546757,
        "p0.1": 203.76794854733814,
        "p1": 210.83724989512936,
        "p5": 219.2618566983612,
        "p10": 227.50494757653215,
        "p25": 235.98569317662623,
        "median": 241.9067105425056,
        "p75": 244.19211312616244,
        "p90": 244.78927730903962,
        "p95": 245.1341210695682,
        "p99": 245.65441085321362,
        "p99.9": 246.25259793852783
      },
      "normalized_time_per_output_token": {
        "mean": 0.23894932223689422,
        "min": 0.2022099491590634,
        "max": 0.26554027216114495,
        "p0.1": 0.20387294082302237,
        "p1": 0.2120822240081774,
        "p5": 0.2194450867713983,
        "p10": 0.2284231170955467,
        "p25": 0.23641977261794161,
        "median": 0.24216642644337197,
        "p75": 0.24445907217183616,
        "p90": 0.24561795376139697,
        "p95": 0.2461396892950797,
        "p99": 0.24840059407699047,
        "p99.9": 0.2642364567733829
      },
      "time_per_output_token": {
        "mean": 0.2378556851987496,
        "min": 0.2020235584829934,
        "max": 0.24560821169102565,
        "p0.1": 0.2036302913555447,
        "p1": 0.2106494273734279,
        "p5": 0.21913127729594709,
        "p10": 0.22735151956435293,
        "p25": 0.23572051200037825,
        "median": 0.2412450211890973,
        "p75": 0.2434502459458308,
        "p90": 0.2439923222951591,
        "p95": 0.24448210445230362,
        "p99": 0.24486432925422674,
        "p99.9": 0.2452410964484029
      },
      "time_to_first_token": {
        "mean": 0.48280968529252277,
        "min": 0.043478287290781736,
        "max": 1.7966519808396697,
        "p0.1": 0.04760122492210939,
        "p1": 0.05639672976918519,
        "p5": 0.09517172477208077,
        "p10": 0.12416834491305054,
        "p25": 0.23481118364725262,
        "median": 0.4587571593001485,
        "p75": 0.6996585346059874,
        "p90": 0.8652805266901851,
        "p95": 0.9763666141778231,
        "p99": 1.209318250445649,
        "p99.9": 1.7154511004001884
      },
      "inter_token_latency": {
        "mean": 0.2378556851987496,
        "min": 5.519948899745941e-06,
        "max": 1.9909704742021859,
        "p0.1": 6.220303475856781e-06,
        "p1": 7.471069693565369e-06,
        "p5": 2.122377045452595e-05,
        "p10": 0.0999076290987432,
        "p25": 0.2164133695187047,
        "median": 0.23919752426445484,
        "p75": 0.25205400842241943,
        "p90": 0.2760609819088131,
        "p95": 0.3053680717013776,
        "p99": 1.1478590196929872,
        "p99.9": 1.4422027650801637
      }
    },
    "throughput": {
      "input_tokens_per_sec": 11659.68296591581,
      "output_tokens_per_sec": 1541.8395501085154,
      "total_tokens_per_sec": 13201.522516024326,
      "requests_per_sec": 1.5455071109283942
    },
    "prompt_len": {
      "mean": 7544.244140625,
      "min": 7478.0,
      "max": 7608.0,
      "p0.1": 7478.511,
      "p1": 7487.0,
      "p5": 7503.55,
      "p10": 7512.0,
      "p25": 7528.0,
      "median": 7544.0,
      "p75": 7561.0,
      "p90": 7576.0,
      "p95": 7585.45,
      "p99": 7601.0,
      "p99.9": 7607.489
    },
    "output_len": {
      "mean": 997.626953125,
      "min": 916.0,
      "max": 1008.0,
      "p0.1": 923.154,
      "p1": 981.33,
      "p5": 992.0,
      "p10": 994.0,
      "p25": 996.0,
      "median": 998.0,
      "p75": 1000.0,
      "p90": 1002.0,
      "p95": 1004.0,
      "p99": 1006.0,
      "p99.9": 1007.489
    }
  },
  "failures": {
    "count": 538,
    "request_latency": {
      "mean": 300.4685075324813,
      "min": 300.0021068411879,
      "max": 300.9967287527397,
      "p0.1": 300.0024301924175,
      "p1": 300.01040570330804,
      "p5": 300.0363636940718,
      "p10": 300.0880347784143,
      "p25": 300.2201515904162,
      "median": 300.45121093210764,
      "p75": 300.7071414628299,
      "p90": 300.8674362517428,
      "p95": 300.93525803100783,
      "p99": 300.98988610583825,
      "p99.9": 300.99669008519453
    },
    "prompt_len": {
      "mean": 0.0,
      "min": 0.0,
      "max": 0.0,
      "p0.1": 0.0,
      "p1": 0.0,
      "p5": 0.0,
      "p10": 0.0,
      "p25": 0.0,
      "median": 0.0,
      "p75": 0.0,
      "p90": 0.0,
      "p95": 0.0,
      "p99": 0.0,
      "p99.9": 0.0
    }
  }
}