{
  "load_summary": {
    "count": 90,
    "schedule_delay": {
      "mean": 0.0006448588592724668,
      "min": -0.0005050287581980228,
      "max": 0.002385823056101799,
      "p0.1": -0.0005031225066632032,
      "p1": -0.00048596624284982684,
      "p5": -0.000260252901352942,
      "p10": 2.37696804106236e-06,
      "p25": 0.00017787632532417774,
      "median": 0.0006306776776909828,
      "p75": 0.0010294105159118772,
      "p90": 0.0014040568377822638,
      "p95": 0.0014999082311987874,
      "p99": 0.0018094927957281466,
      "p99.9": 0.002328190030064444
    },
    "send_duration": 34.522777596954256,
    "requested_rate": 3.0,
    "achieved_rate": 2.60697447496056
  },
  "successes": {
    "count": 90,
    "latency": {
      "request_latency": {
        "mean": 35.991946106388546,
        "min": 13.024363500997424,
        "max": 48.78371100407094,
        "p0.1": 13.085575294970536,
        "p1": 13.63648144072853,
        "p5": 20.1065756524913,
        "p10": 24.606984310690315,
        "p25": 32.60172847378999,
        "median": 36.608790170634165,
        "p75": 41.58428314421326,
        "p90": 45.06886014034972,
        "p95": 48.492235053447075,
        "p99": 48.76097396302037,
        "p99.9": 48.78143729996588
      },
      "normalized_time_per_output_token": {
        "mean": 0.036030741803513115,
        "min": 0.013209293611559253,
        "max": 0.04905891475011665,
        "p0.1": 0.013254046625692361,
        "p1": 0.013656823752890332,
        "p5": 0.02022671969268325,
        "p10": 0.0246514825671356,
        "p25": 0.032772303361796366,
        "median": 0.03658732902571898,
        "p75": 0.04171942394607246,
        "p90": 0.04500606883636481,
        "p95": 0.04849417335397409,
        "p99": 0.048813880088048094,
        "p99.9": 0.0490344112839098
      },
      "time_per_output_token": {
        "mean": 0.03581002307020439,
        "min": 0.012517685997765511,
        "max": 0.04860973387490958,
        "p0.1": 0.0125545561281899,
        "p1": 0.012886387302009389,
        "p5": 0.020017426722915843,
        "p10": 0.02448812334164977,
        "p25": 0.0324522849972127,
        "median": 0.036452782489825045,
        "p75": 0.04143551409803331,
        "p90": 0.0449315959949512,
        "p95": 0.048299782020109705,
        "p99": 0.048603356948378494,
        "p99.9": 0.04860909618225647
      },
      "time_to_first_token": {
        "mean": 0.14930667254245944,
        "min": 0.051719777286052704,
        "max": 1.1507657351903617,
        "p0.1": 0.051938201858196406,
        "p1": 0.05390402300748974,
        "p5": 0.058137311646714804,
        "p10": 0.07099619111977518,
        "p25": 0.0875578282866627,
        "median": 0.11735954461619258,
        "p75": 0.14690289017744362,
        "p90": 0.19390211519785236,
        "p95": 0.3643323218915605,
        "p99": 0.8607304477505384,
        "p99.9": 1.1217622064463846
      },
      "inter_token_latency": {
        "mean": 0.03581002307020438,
        "min": 5.490146577358246e-06,
        "max": 0.8920609341003001,
        "p0.1": 5.863137077540159e-06,
        "p1": 7.028216496109962e-06,
        "p5": 1.858798786997795e-05,
        "p10": 0.013916330132633447,
        "p25": 0.022136279148980975,
        "median": 0.03593523078598082,
        "p75": 0.04562595242168754,
        "p90": 0.05313195199705661,
        "p95": 0.054843676905147735,
        "p99": 0.06138575731776655,
        "p99.9": 0.8358362260232699
      }
    },
    "throughput": {
      "input_tokens_per_sec": 8627.2376886353,
      "output_tokens_per_sec": 1141.7171770039888,
      "total_tokens_per_sec": 9768.954865639287,
      "requests_per_sec": 1.1432542187870247
    },
    "prompt_len": {
      "mean": 7546.211111111111,
      "min": 7478.0,
      "max": 7608.0,
      "p0.1": 7478.712,
      "p1": 7485.12,
      "p5": 7503.8,
      "p10": 7508.9,
      "p25": 7527.25,
      "median": 7544.0,
      "p75": 7565.75,
      "p90": 7586.1,
      "p95": 7596.55,
      "p99": 7604.44,
      "p99.9": 7607.644
    },
    "output_len": {
      "mean": 998.6555555555556,
      "min": 943.0,
      "max": 1006.0,
      "p0.1": 946.827,
      "p1": 981.27,
      "p5": 993.0,
      "p10": 994.0,
      "p25": 997.0,
      "median": 1000.0,
      "p75": 1002.0,
      "p90": 1004.0,
      "p95": 1004.55,
      "p99": 1006.0,
      "p99.9": 1006.0
    }
  },
  "failures": {
    "count": 0,
    "request_latency": null,
    "prompt_len": null
  }
}