{
  "load_summary": {
    "count": 450,
    "schedule_delay": {
      "mean": 0.0005766838302628861,
      "min": -0.0005374671891331673,
      "max": 0.0036542490124702454,
      "p0.1": -0.0005184808783233166,
      "p1": -0.00046358335297554733,
      "p5": -0.00023651891387999055,
      "p10": -0.00011711190454661846,
      "p25": 0.00020488817244768143,
      "median": 0.0005748348776251078,
      "p75": 0.0008980189450085163,
      "p90": 0.0012702600564807654,
      "p95": 0.001453793537802994,
      "p99": 0.0021297262981533997,
      "p99.9": 0.003264179304707834
    },
    "send_duration": 31.14919691020623,
    "requested_rate": 15.0,
    "achieved_rate": 14.446600382578554
  },
  "successes": {
    "count": 450,
    "latency": {
      "request_latency": {
        "mean": 209.45841391355316,
        "min": 142.8911037389189,
        "max": 238.91918841190636,
        "p0.1": 147.04190315394615,
        "p1": 160.1620869787177,
        "p5": 177.63103589508682,
        "p10": 185.8522422978189,
        "p25": 201.58550780219957,
        "median": 211.95444780378602,
        "p75": 221.77477982721757,
        "p90": 227.3558855034411,
        "p95": 230.93789835518692,
        "p99": 232.2882759119058,
        "p99.9": 238.8706630840362
      },
      "normalized_time_per_output_token": {
        "mean": 0.2098654917231251,
        "min": 0.14332106693973812,
        "max": 0.24089677694460584,
        "p0.1": 0.1474157044707715,
        "p1": 0.16064401903582518,
        "p5": 0.17716735454829627,
        "p10": 0.186924914236114,
        "p25": 0.20203756934983635,
        "median": 0.21275314612696383,
        "p75": 0.22199294305704176,
        "p90": 0.22777110112119078,
        "p95": 0.23111163220564138,
        "p99": 0.2347586801521289,
        "p99.9": 0.24054790861602154
      },
      "time_per_output_token": {
        "mean": 0.20772798540783483,
        "min": 0.09218400655314327,
        "max": 0.23172102459007873,
        "p0.1": 0.09497230827509519,
        "p1": 0.14727826157385485,
        "p5": 0.1728722478753887,
        "p10": 0.1851957314349711,
        "p25": 0.20009739013703073,
        "median": 0.21142687155562453,
        "p75": 0.22109802274464163,
        "p90": 0.22622910535610283,
        "p95": 0.22934216266085858,
        "p99": 0.23165747305817436,
        "p99.9": 0.23169853293226286
      },
      "time_to_first_token": {
        "mean": 1.704348761362748,
        "min": 0.04484008997678757,
        "max": 146.70602302066982,
        "p0.1": 0.04570361795183271,
        "p1": 0.05673860853072256,
        "p5": 0.0860577111132443,
        "p10": 0.11880334909074008,
        "p25": 0.20479371002875268,
        "median": 0.40708350692875683,
        "p75": 0.6013005331624299,
        "p90": 1.0103566290810708,
        "p95": 1.3039308284176507,
        "p99": 1.8760441657481708,
        "p99.9": 143.8172073649264
      },
      "inter_token_latency": {
        "mean": 0.20772856401126338,
        "min": 5.458947271108627e-06,
        "max": 1.7182003851048648,
        "p0.1": 6.082933396100998e-06,
        "p1": 7.234048098325729e-06,
        "p5": 2.2651487961411478e-05,
        "p10": 0.05331041421741247,
        "p25": 0.1539614179637283,
        "median": 0.2255734393838793,
        "p75": 0.2438680640188977,
        "p90": 0.26583476550877094,
        "p95": 0.2902459586970507,
        "p99": 1.017078281436116,
        "p99.9": 1.2398109872737022
      }
    },
    "throughput": {
      "input_tokens_per_sec": 12579.083164115558,
      "output_tokens_per_sec": 1664.0939129186474,
      "total_tokens_per_sec": 14243.177077034206,
      "requests_per_sec": 1.6673433799057082
    },
    "prompt_len": {
      "mean": 7544.386666666666,
      "min": 7478.0,
      "max": 7608.0,
      "p0.1": 7478.449,
      "p1": 7486.49,
      "p5": 7505.45,
      "p10": 7513.0,
      "p25": 7528.0,
      "median": 7544.0,
      "p75": 7561.0,
      "p90": 7577.0,
      "p95": 7586.55,
      "p99": 7601.51,
      "p99.9": 7607.551
    },
    "output_len": {
      "mean": 998.0511111111111,
      "min": 939.0,
      "max": 1011.0,
      "p0.1": 947.082,
      "p1": 986.0,
      "p5": 992.0,
      "p10": 995.0,
      "p25": 997.0,
      "median": 998.0,
      "p75": 1000.0,
      "p90": 1002.0,
      "p95": 1003.0,
      "p99": 1006.0,
      "p99.9": 1009.2040000000002
    }
  },
  "failures": {
    "count": 0,
    "request_latency": null,
    "prompt_len": null
  }
}