{
  "load_summary": {
    "count": 500,
    "schedule_delay": {
      "mean": 0.0008585890959948301,
      "min": -0.0008326377719640732,
      "max": 0.006910361815243959,
      "p0.1": -0.0007478810180909932,
      "p1": -0.0005384493991732597,
      "p5": -0.00023272519465535876,
      "p10": -3.070496022701262e-05,
      "p25": 0.00035670807119458914,
      "median": 0.0008627453353255987,
      "p75": 0.001322974101640284,
      "p90": 0.0016434536315500738,
      "p95": 0.0018384639406576735,
      "p99": 0.002227495252154767,
      "p99.9": 0.006842640202958141
    },
    "send_duration": 48.987223798874766,
    "requested_rate": 10.0,
    "achieved_rate": 10.206742926540063
  },
  "successes": {
    "count": 500,
    "latency": {
      "request_latency": {
        "mean": 222.07921645349543,
        "min": 155.82506444165483,
        "max": 268.3777969572693,
        "p0.1": 167.2187259502234,
        "p1": 183.48206381642726,
        "p5": 197.6671509404201,
        "p10": 204.2581643974874,
        "p25": 212.32490428723395,
        "median": 220.70124173676595,
        "p75": 233.08920257387217,
        "p90": 238.20614207629114,
        "p95": 244.35736932326105,
        "p99": 267.2387191811902,
        "p99.9": 268.36399253939277
      },
      "normalized_time_per_output_token": {
        "mean": 0.2224967968281247,
        "min": 0.1561373391198946,
        "max": 0.2700531199909709,
        "p0.1": 0.1676137201461713,
        "p1": 0.18458596030984636,
        "p5": 0.197955980597552,
        "p10": 0.2048435869839089,
        "p25": 0.21326940861710694,
        "median": 0.22102413989089503,
        "p75": 0.2331076839812427,
        "p90": 0.23922407302230894,
        "p95": 0.24516677814494664,
        "p99": 0.2683016861585732,
        "p99.9": 0.2695873812154013
      },
      "time_per_output_token": {
        "mean": 0.21481895720622196,
        "min": 0.06783747004112228,
        "max": 0.24525217903312296,
        "p0.1": 0.0678383222603756,
        "p1": 0.08309687728106423,
        "p5": 0.1828803165228339,
        "p10": 0.19652698552096262,
        "p25": 0.21038450945622753,
        "median": 0.21931627543712967,
        "p75": 0.22914815217047,
        "p90": 0.23624379462641665,
        "p95": 0.24080359102841467,
        "p99": 0.2437664222036302,
        "p99.9": 0.2452131964440802
      },
      "time_to_first_token": {
        "mean": 7.223944591776468,
        "min": 0.18263490917161107,
        "max": 190.6945284837857,
        "p0.1": 0.19691469584358856,
        "p1": 0.2752568533364683,
        "p5": 0.344323827791959,
        "p10": 0.40070010134950285,
        "p25": 0.5364222121424973,
        "median": 0.797641453333199,
        "p75": 1.3848459358559921,
        "p90": 2.3959387754555816,
        "p95": 3.5136294917203483,
        "p99": 174.56305973482785,
        "p99.9": 187.8420794565414
      },
      "inter_token_latency": {
        "mean": 0.21481990562980008,
        "min": 5.405861884355545e-06,
        "max": 1.8814723524264991,
        "p0.1": 5.878973752260208e-06,
        "p1": 6.669643335044384e-06,
        "p5": 1.3506505638360977e-05,
        "p10": 0.0316278925165534,
        "p25": 0.1530828478280455,
        "median": 0.2315981718711555,
        "p75": 0.24553185980767012,
        "p90": 0.2666727718897164,
        "p95": 0.29427202022634447,
        "p99": 1.319977775774896,
        "p99.9": 1.5904561080597455
      }
    },
    "throughput": {
      "input_tokens_per_sec": 11939.981973572527,
      "output_tokens_per_sec": 1579.682675353677,
      "total_tokens_per_sec": 13519.664648926204,
      "requests_per_sec": 1.5825692817235408
    },
    "prompt_len": {
      "mean": 7544.682,
      "min": 7478.0,
      "max": 7621.0,
      "p0.1": 7478.499,
      "p1": 7486.99,
      "p5": 7504.95,
      "p10": 7513.0,
      "p25": 7529.0,
      "median": 7544.0,
      "p75": 7560.25,
      "p90": 7577.0,
      "p95": 7586.0,
      "p99": 7602.02,
      "p99.9": 7614.513000000001
    },
    "output_len": {
      "mean": 998.176,
      "min": 888.0,
      "max": 1010.0,
      "p0.1": 912.95,
      "p1": 988.98,
      "p5": 993.0,
      "p10": 994.0,
      "p25": 997.0,
      "median": 998.0,
      "p75": 1000.0,
      "p90": 1003.0,
      "p95": 1004.0,
      "p99": 1007.0,
      "p99.9": 1009.501
    }
  },
  "failures": {
    "count": 0,
    "request_latency": null,
    "prompt_len": null
  }
}