{
  "load_summary": {
    "count": 300,
    "schedule_delay": {
      "mean": 0.0005560196718821923,
      "min": -0.0006512361578643322,
      "max": 0.001943159382790327,
      "p0.1": -0.0006114097507670522,
      "p1": -0.000451137158088386,
      "p5": -0.0002404691418632865,
      "p10": -0.0001073798630386591,
      "p25": 0.00016274722293019295,
      "median": 0.000502993818372488,
      "p75": 0.0009275726042687893,
      "p90": 0.0012418945319950581,
      "p95": 0.001420489465817809,
      "p99": 0.0017860870109871025,
      "p99.9": 0.0019167167213745434
    },
    "send_duration": 22.354018782731146,
    "requested_rate": 15.0,
    "achieved_rate": 13.42040565125386
  },
  "successes": {
    "count": 300,
    "latency": {
      "request_latency": {
        "mean": 13.424787068452376,
        "min": 7.698222133796662,
        "max": 27.831095708999783,
        "p0.1": 7.710937252048868,
        "p1": 7.965942745963112,
        "p5": 8.679692880739458,
        "p10": 9.071146475477144,
        "p25": 9.901492025586776,
        "median": 11.044941615313292,
        "p75": 14.804443876026198,
        "p90": 22.80440095630475,
        "p95": 24.714214927214197,
        "p99": 27.721073339330033,
        "p99.9": 27.803054493278268
      },
      "normalized_time_per_output_token": {
        "mean": 0.0134275568004666,
        "min": 0.0010632777905541803,
        "max": 0.028603387162384156,
        "p0.1": 0.003044826680234626,
        "p1": 0.007787329002298046,
        "p5": 0.008633406152281925,
        "p10": 0.009070297856576905,
        "p25": 0.009938772306587209,
        "median": 0.011079698698790422,
        "p75": 0.014819263139165362,
        "p90": 0.022845493364004786,
        "p95": 0.0248126016315383,
        "p99": 0.027791934338945556,
        "p99.9": 0.028461713259158024
      },
      "time_per_output_token": {
        "mean": 0.01312964319870379,
        "min": 0.007373655431654987,
        "max": 0.02750641432078555,
        "p0.1": 0.007440130951950463,
        "p1": 0.007640565120463889,
        "p5": 0.008430130193778314,
        "p10": 0.008858683205442504,
        "p25": 0.009690303814248182,
        "median": 0.010614574213977903,
        "p75": 0.0144403932482237,
        "p90": 0.022016415878944103,
        "p95": 0.024395275323302486,
        "p99": 0.027460824752780607,
        "p99.9": 0.027502858868213836
      },
      "time_to_first_token": {
        "mean": 0.2663145792980989,
        "min": 0.08111020410433412,
        "max": 1.4131614621728659,
        "p0.1": 0.08196786961425095,
        "p1": 0.0845743255643174,
        "p5": 0.09622472496703267,
        "p10": 0.1062999192159623,
        "p25": 0.16777196945622563,
        "median": 0.21241968171671033,
        "p75": 0.2912682464811951,
        "p90": 0.46540155550465,
        "p95": 0.6080309913959355,
        "p99": 1.1474655088968575,
        "p99.9": 1.3423782284027017
      },
      "inter_token_latency": {
        "mean": 0.013129966274953109,
        "min": 5.379784852266312e-06,
        "max": 1.0906035862863064,
        "p0.1": 5.5916490964591505e-06,
        "p1": 5.783978849649429e-06,
        "p5": 6.0889869928359985e-06,
        "p10": 6.3800252974033356e-06,
        "p25": 7.370021194219589e-06,
        "median": 1.3889279216527939e-05,
        "p75": 0.02402410947252065,
        "p90": 0.03403679723851383,
        "p95": 0.047374355024658144,
        "p99": 0.07631983864121139,
        "p99.9": 0.3880986632895934
      }
    },
    "throughput": {
      "input_tokens_per_sec": 51343.235320441214,
      "output_tokens_per_sec": 6961.732344059715,
      "total_tokens_per_sec": 58304.967664500924,
      "requests_per_sec": 6.80419260462073
    },
    "prompt_len": {
      "mean": 7545.823333333334,
      "min": 7486.0,
      "max": 7621.0,
      "p0.1": 7487.196,
      "p1": 7492.0,
      "p5": 7504.0,
      "p10": 7512.9,
      "p25": 7527.0,
      "median": 7547.0,
      "p75": 7564.0,
      "p90": 7576.0,
      "p95": 7584.05,
      "p99": 7604.1,
      "p99.9": 7619.505
    },
    "output_len": {
      "mean": 1023.1533333333333,
      "min": 863.0,
      "max": 8561.0,
      "p0.1": 895.591,
      "p1": 981.91,
      "p5": 992.0,
      "p10": 994.0,
      "p25": 997.0,
      "median": 999.0,
      "p75": 1001.0,
      "p90": 1003.0,
      "p95": 1004.0,
      "p99": 1006.01,
      "p99.9": 6304.148000000165
    }
  },
  "failures": {
    "count": 0,
    "request_latency": null,
    "prompt_len": null
  }
}