{
  "load_summary": {
    "count": 60,
    "schedule_delay": {
      "mean": 0.0005381406362478931,
      "min": -0.0010895910672843456,
      "max": 0.0017353007569909096,
      "p0.1": -0.0010511470614001156,
      "p1": -0.0007051510084420443,
      "p5": -0.000343584967777133,
      "p10": -0.00021695452742278575,
      "p25": 0.00019630312453955412,
      "median": 0.0006395296659320593,
      "p75": 0.0008843105752021074,
      "p90": 0.0011685466393828393,
      "p95": 0.0013280089478939772,
      "p99": 0.0015403967909514893,
      "p99.9": 0.0017158103603869708
    },
    "send_duration": 20.091448519844562,
    "requested_rate": 3.0,
    "achieved_rate": 2.986345157778808
  },
  "successes": {
    "count": 60,
    "latency": {
      "request_latency": {
        "mean": 7.4326155144178,
        "min": 6.3480563117191195,
        "max": 8.534441602881998,
        "p0.1": 6.349010295189451,
        "p1": 6.357596146422439,
        "p5": 6.445375167159364,
        "p10": 6.509582600183785,
        "p25": 7.173375700367615,
        "median": 7.511890056543052,
        "p75": 7.77680382411927,
        "p90": 8.079537412524223,
        "p95": 8.35518117174506,
        "p99": 8.529167278944515,
        "p99.9": 8.53391417048825
      },
      "normalized_time_per_output_token": {
        "mean": 0.007329921533925151,
        "min": 0.0009745884780123454,
        "max": 0.008625996605915428,
        "p0.1": 0.0012919979904336691,
        "p1": 0.004148683602225582,
        "p5": 0.006416350355023684,
        "p10": 0.006509968534620855,
        "p25": 0.007162327172037457,
        "median": 0.007503990132528434,
        "p75": 0.0077814468448588695,
        "p90": 0.007957788801634353,
        "p95": 0.008542607112384836,
        "p99": 0.008613146366516602,
        "p99.9": 0.008624711581975544
      },
      "time_per_output_token": {
        "mean": 0.007291727774556173,
        "min": 0.006246411568019539,
        "max": 0.008426441785362447,
        "p0.1": 0.0062464549872400235,
        "p1": 0.006246845760224387,
        "p5": 0.006280534323670702,
        "p10": 0.006393619655538351,
        "p25": 0.007022480049286969,
        "median": 0.0074070297735743225,
        "p75": 0.007637671318468883,
        "p90": 0.00795855337777175,
        "p95": 0.008254213384068001,
        "p99": 0.00842431552061449,
        "p99.9": 0.008426229158887652
      },
      "time_to_first_token": {
        "mean": 0.11829268508590758,
        "min": 0.06928998697549105,
        "max": 0.38045271998271346,
        "p0.1": 0.06993664585612715,
        "p1": 0.075756575781852,
        "p5": 0.08417963825631887,
        "p10": 0.08657785295508802,
        "p25": 0.09168877813499421,
        "median": 0.09625910664908588,
        "p75": 0.1040475059999153,
        "p90": 0.17718319590203466,
        "p95": 0.31570171415805814,
        "p99": 0.36146256174426517,
        "p99.9": 0.37855370415886896
      },
      "inter_token_latency": {
        "mean": 0.0072913291101978795,
        "min": 5.510170012712479e-06,
        "max": 0.3556369519792497,
        "p0.1": 5.851908586919308e-06,
        "p1": 6.735404022037983e-06,
        "p5": 0.0021682761609554293,
        "p10": 0.0055422785226255655,
        "p25": 0.006377122481353581,
        "median": 0.0073335315100848675,
        "p75": 0.007846205146051943,
        "p90": 0.008436875278130173,
        "p95": 0.00907119736075401,
        "p99": 0.013084302567876877,
        "p99.9": 0.19767965714077068
      }
    },
    "throughput": {
      "input_tokens_per_sec": 16074.500526905802,
      "output_tokens_per_sec": 2393.1258094900486,
      "total_tokens_per_sec": 18467.62633639585,
      "requests_per_sec": 2.1301262249199344
    },
    "prompt_len": {
      "mean": 7546.266666666666,
      "min": 7493.0,
      "max": 7604.0,
      "p0.1": 7493.295,
      "p1": 7495.95,
      "p5": 7515.9,
      "p10": 7517.0,
      "p25": 7535.5,
      "median": 7549.5,
      "p75": 7558.5,
      "p90": 7570.1,
      "p95": 7573.55,
      "p99": 7600.46,
      "p99.9": 7603.646
    },
    "output_len": {
      "mean": 1123.4666666666667,
      "min": 970.0,
      "max": 8564.0,
      "p0.1": 970.944,
      "p1": 979.44,
      "p5": 990.85,
      "p10": 993.9,
      "p25": 996.0,
      "median": 998.0,
      "p75": 1000.0,
      "p90": 1001.1,
      "p95": 1002.05,
      "p99": 4103.009999999975,
      "p99.9": 8117.901000000073
    }
  },
  "failures": {
    "count": 0,
    "request_latency": null,
    "prompt_len": null
  }
}