{
  "load_summary": {
    "count": 750,
    "schedule_delay": {
      "mean": 0.0008637176621705294,
      "min": -0.0009908541105687618,
      "max": 0.03972003934904933,
      "p0.1": -0.0008455494455993176,
      "p1": -0.0006193979689851403,
      "p5": -0.00032215323299169537,
      "p10": -9.309174492955208e-05,
      "p25": 0.0002680605975911021,
      "median": 0.0006730435416102409,
      "p75": 0.0011192525271326303,
      "p90": 0.0015382180456072092,
      "p95": 0.0018273139372467992,
      "p99": 0.0024316733749583353,
      "p99.9": 0.03730865533556818
    },
    "send_duration": 47.809337532147765,
    "requested_rate": 15.0,
    "achieved_rate": 15.687312117547915
  },
  "successes": {
    "count": 748,
    "latency": {
      "request_latency": {
        "mean": 30.276149936804778,
        "min": 9.115318824071437,
        "max": 42.336971550714225,
        "p0.1": 9.274653007448185,
        "p1": 10.272028609113768,
        "p5": 12.753358216024935,
        "p10": 15.538006421783939,
        "p25": 26.81973840133287,
        "median": 33.93400482321158,
        "p75": 36.45770883455407,
        "p90": 37.90145393139683,
        "p95": 38.845939827919935,
        "p99": 41.94979652255773,
        "p99.9": 42.28376459727018
      },
      "normalized_time_per_output_token": {
        "mean": 0.030310831902163077,
        "min": 0.001205267700417238,
        "max": 0.04263541948712409,
        "p0.1": 0.007134564785960189,
        "p1": 0.010299552678940817,
        "p5": 0.012819918955397682,
        "p10": 0.015531968049634942,
        "p25": 0.026862560229756867,
        "median": 0.03397461342609692,
        "p75": 0.0365345752389593,
        "p90": 0.03797223013278762,
        "p95": 0.03881065158121415,
        "p99": 0.04197452414766361,
        "p99.9": 0.042422543489901196
      },
      "time_per_output_token": {
        "mean": 0.02998365605331545,
        "min": 0.0074241789360530675,
        "max": 0.043505321429734546,
        "p0.1": 0.00868205573789496,
        "p1": 0.00972439721422496,
        "p5": 0.012077377503481694,
        "p10": 0.014692705441080034,
        "p25": 0.02550207149506823,
        "median": 0.03368294131922921,
        "p75": 0.0368362037930812,
        "p90": 0.03834459311052614,
        "p95": 0.03975508138215236,
        "p99": 0.04170376724382826,
        "p99.9": 0.043412807208602126
      },
      "time_to_first_token": {
        "mean": 1.0022241709539716,
        "min": 0.17288727220147848,
        "max": 3.4711162708699703,
        "p0.1": 0.17754839672567324,
        "p1": 0.238011476341635,
        "p5": 0.3199803936062381,
        "p10": 0.40160609292797744,
        "p25": 0.5665650314185768,
        "median": 0.8584055618848652,
        "p75": 1.314745690091513,
        "p90": 1.792955685686321,
        "p95": 2.280956408800557,
        "p99": 2.8864360043406485,
        "p99.9": 3.397339921506126
      },
      "inter_token_latency": {
        "mean": 0.029862067783688395,
        "min": 5.273148417472839e-06,
        "max": 2.086934038437903,
        "p0.1": 5.5820760317146776e-06,
        "p1": 5.783978849649429e-06,
        "p5": 6.075948476791382e-06,
        "p10": 6.3371844589710236e-06,
        "p25": 7.1981921792030334e-06,
        "median": 1.1259689927101135e-05,
        "p75": 0.019130712025798857,
        "p90": 0.09037691908888525,
        "p95": 0.16164050381630662,
        "p99": 0.4078304839460161,
        "p99.9": 1.1268361048400826
      }
    },
    "throughput": {
      "input_tokens_per_sec": 74923.29200015179,
      "output_tokens_per_sec": 10014.560216882119,
      "total_tokens_per_sec": 84937.85221703391,
      "requests_per_sec": 9.930048600053324
    },
    "prompt_len": {
      "mean": 7545.108288770053,
      "min": 7486.0,
      "max": 7630.0,
      "p0.1": 7486.0,
      "p1": 7492.0,
      "p5": 7504.35,
      "p10": 7512.0,
      "p25": 7526.0,
      "median": 7546.0,
      "p75": 7563.0,
      "p90": 7576.0,
      "p95": 7585.0,
      "p99": 7604.0,
      "p99.9": 7623.277
    },
    "output_len": {
      "mean": 1008.5106951871658,
      "min": 945.0,
      "max": 8565.0,
      "p0.1": 963.675,
      "p1": 987.0,
      "p5": 993.0,
      "p10": 995.0,
      "p25": 996.75,
      "median": 999.0,
      "p75": 1001.0,
      "p90": 1003.0,
      "p95": 1004.0,
      "p99": 1006.0,
      "p99.9": 2919.921000000323
    }
  },
  "failures": {
    "count": 2,
    "request_latency": {
      "mean": 0.9417292748112231,
      "min": 0.5889364508911967,
      "max": 1.2945220987312496,
      "p0.1": 0.5896420365390368,
      "p1": 0.5959923073695973,
      "p5": 0.6242157332831993,
      "p10": 0.659495015675202,
      "p25": 0.7653328628512099,
      "median": 0.9417292748112231,
      "p75": 1.1181256867712364,
      "p90": 1.2239635339472443,
      "p95": 1.2592428163392468,
      "p99": 1.2874662422528491,
      "p99.9": 1.2938165130834096
    },
    "prompt_len": {
      "mean": 7514.5,
      "min": 7504.0,
      "max": 7525.0,
      "p0.1": 7504.021,
      "p1": 7504.21,
      "p5": 7505.05,
      "p10": 7506.1,
      "p25": 7509.25,
      "median": 7514.5,
      "p75": 7519.75,
      "p90": 7522.9,
      "p95": 7523.95,
      "p99": 7524.79,
      "p99.9": 7524.979
    }
  }
}