{
  "load_summary": {
    "count": 300,
    "schedule_delay": {
      "mean": 0.0006581523253892859,
      "min": -0.0009351270273327827,
      "max": 0.026996007654815912,
      "p0.1": -0.0009025293048471213,
      "p1": -0.0006907656462863087,
      "p5": -0.00027910238131880757,
      "p10": -0.00013497923500835896,
      "p25": 0.0001998398220166564,
      "median": 0.0005677086301147938,
      "p75": 0.0009453977691009641,
      "p90": 0.0012763556558638815,
      "p95": 0.0014834486180916435,
      "p99": 0.002055075401440263,
      "p99.9": 0.019549222776666826
    },
    "send_duration": 21.55104998499155,
    "requested_rate": 15.0,
    "achieved_rate": 13.920435440914673
  },
  "successes": {
    "count": 300,
    "latency": {
      "request_latency": {
        "mean": 22.35115855609222,
        "min": 7.846240281127393,
        "max": 29.640327277127653,
        "p0.1": 7.898782887479756,
        "p1": 8.38405560820829,
        "p5": 9.33034688134212,
        "p10": 10.709275792725384,
        "p25": 19.106608457746916,
        "median": 23.753420765977353,
        "p75": 27.49700153095182,
        "p90": 28.814556463994087,
        "p95": 29.151039857813156,
        "p99": 29.611467301701197,
        "p99.9": 29.636309727989136
      },
      "normalized_time_per_output_token": {
        "mean": 0.0223961668579617,
        "min": 0.007933508878794128,
        "max": 0.029819242733528827,
        "p0.1": 0.007974436454828902,
        "p1": 0.008409116442081761,
        "p5": 0.009376294420950173,
        "p10": 0.010699828140104454,
        "p25": 0.019109022762108838,
        "median": 0.023801089721493397,
        "p75": 0.02754354938531092,
        "p90": 0.02896560992887819,
        "p95": 0.02922567266789833,
        "p99": 0.029683674770087296,
        "p99.9": 0.029810522579003344
      },
      "time_per_output_token": {
        "mean": 0.021972885338313902,
        "min": 0.007724825911223888,
        "max": 0.029438752812799066,
        "p0.1": 0.007773349253647495,
        "p1": 0.008259986344543285,
        "p5": 0.009187669698800891,
        "p10": 0.010544712448166684,
        "p25": 0.01891188364685513,
        "median": 0.023269528760574757,
        "p75": 0.027038688444998113,
        "p90": 0.02862485487414524,
        "p95": 0.028933587048458866,
        "p99": 0.029382348453644663,
        "p99.9": 0.02943191044901451
      },
      "time_to_first_token": {
        "mean": 0.34861885484773664,
        "min": 0.09031870309263468,
        "max": 2.7940383250825107,
        "p0.1": 0.0915225409772247,
        "p1": 0.09568971579894424,
        "p5": 0.1037917259382084,
        "p10": 0.11826858799904585,
        "p25": 0.14955894323065877,
        "median": 0.1989094060845673,
        "p75": 0.29925442684907466,
        "p90": 0.7432398227509113,
        "p95": 1.132833923585713,
        "p99": 2.1608230114029716,
        "p99.9": 2.651540630928251
      },
      "inter_token_latency": {
        "mean": 0.02197293079933088,
        "min": 5.422160029411316e-06,
        "max": 2.288992921821773,
        "p0.1": 5.7537099346518515e-06,
        "p1": 6.12996518611908e-06,
        "p5": 6.966246291995049e-06,
        "p10": 7.852911949157715e-06,
        "p25": 0.005282177357003093,
        "median": 0.020284024067223072,
        "p75": 0.028891072142869234,
        "p90": 0.0344680704176426,
        "p95": 0.045611827215179784,
        "p99": 0.08490177952684526,
        "p99.9": 1.8282586278580377
      }
    },
    "throughput": {
      "input_tokens_per_sec": 48801.79115299694,
      "output_tokens_per_sec": 6455.039905270635,
      "total_tokens_per_sec": 55256.83105826758,
      "requests_per_sec": 6.468105478336875
    },
    "prompt_len": {
      "mean": 7544.99,
      "min": 7491.0,
      "max": 7612.0,
      "p0.1": 7491.0,
      "p1": 7492.99,
      "p5": 7506.0,
      "p10": 7512.0,
      "p25": 7529.0,
      "median": 7544.0,
      "p75": 7563.0,
      "p90": 7576.1,
      "p95": 7584.0,
      "p99": 7599.02,
      "p99.9": 7609.01
    },
    "output_len": {
      "mean": 997.98,
      "min": 964.0,
      "max": 1008.0,
      "p0.1": 969.382,
      "p1": 983.98,
      "p5": 992.95,
      "p10": 994.0,
      "p25": 996.0,
      "median": 998.0,
      "p75": 1001.0,
      "p90": 1002.0,
      "p95": 1004.0,
      "p99": 1006.01,
      "p99.9": 1007.701
    }
  },
  "failures": {
    "count": 0,
    "request_latency": null,
    "prompt_len": null
  }
}