{
  "load_summary": {
    "count": 750,
    "schedule_delay": {
      "mean": 0.000601153464987874,
      "min": -0.0010472065769135952,
      "max": 0.04236316587775946,
      "p0.1": -0.0010092442822642624,
      "p1": -0.0007763559650629759,
      "p5": -0.00040166995022445913,
      "p10": -0.0002226956188678741,
      "p25": 8.494721259921789e-05,
      "median": 0.00042912550270557404,
      "p75": 0.0007749013602733612,
      "p90": 0.0011420155409723521,
      "p95": 0.0013485293369740244,
      "p99": 0.001791699407622218,
      "p99.9": 0.03807559285685472
    },
    "send_duration": 24.402280976064503,
    "requested_rate": 30.0,
    "achieved_rate": 30.73483174526404
  },
  "successes": {
    "count": 750,
    "latency": {
      "request_latency": {
        "mean": 36.292558266974986,
        "min": 17.57944033294916,
        "max": 42.35580901987851,
        "p0.1": 19.52022450288711,
        "p1": 22.265440646600908,
        "p5": 27.87072361377068,
        "p10": 30.936644981475546,
        "p25": 35.08061534911394,
        "median": 37.31540357647464,
        "p75": 38.80274600442499,
        "p90": 40.100414181314406,
        "p95": 40.61214191173203,
        "p99": 41.32294494858943,
        "p99.9": 42.05492598974568
      },
      "normalized_time_per_output_token": {
        "mean": 0.036355621606744895,
        "min": 0.01781098311342367,
        "max": 0.04252591267056075,
        "p0.1": 0.0196695356139008,
        "p1": 0.022304767264285593,
        "p5": 0.027901310821074457,
        "p10": 0.030934322871582636,
        "p25": 0.03511806423341654,
        "median": 0.03733499117498286,
        "p75": 0.038895633408590105,
        "p90": 0.040187320081373816,
        "p95": 0.04070718790585737,
        "p99": 0.04148873801933548,
        "p99.9": 0.04222382127484507
      },
      "time_per_output_token": {
        "mean": 0.035216354056760615,
        "min": 0.017410274111200125,
        "max": 0.04075169236632064,
        "p0.1": 0.01935516413404001,
        "p1": 0.02207781626067124,
        "p5": 0.027772295023451923,
        "p10": 0.030461256761150433,
        "p25": 0.03445063690189272,
        "median": 0.03619509630021639,
        "p75": 0.03742946030374151,
        "p90": 0.038567106605134904,
        "p95": 0.03900449390460271,
        "p99": 0.039417122199032456,
        "p99.9": 0.04073106453231164
      },
      "time_to_first_token": {
        "mean": 1.0609761069236945,
        "min": 0.0928783044219017,
        "max": 3.7010055449791253,
        "p0.1": 0.09292907637078315,
        "p1": 0.10238544177729636,
        "p5": 0.15269761490635575,
        "p10": 0.18734635589644313,
        "p25": 0.37580487329978496,
        "median": 1.0000352838542312,
        "p75": 1.6029504289617762,
        "p90": 1.9754876008722932,
        "p95": 2.191826899209991,
        "p99": 2.8244277799734836,
        "p99.9": 3.698112196112052
      },
      "inter_token_latency": {
        "mean": 0.03521651636954144,
        "min": 5.349982529878616e-06,
        "max": 3.431187361944467,
        "p0.1": 5.651731044054031e-06,
        "p1": 5.85801899433136e-06,
        "p5": 6.171874701976776e-06,
        "p10": 6.4568594098091125e-06,
        "p25": 7.388181984424591e-06,
        "median": 1.1074822396039963e-05,
        "p75": 0.03938086284324527,
        "p90": 0.10644467277452352,
        "p95": 0.1593336389400064,
        "p99": 0.29389201879501337,
        "p99.9": 2.0068266597669613
      }
    },
    "throughput": {
      "input_tokens_per_sec": 92661.37241022853,
      "output_tokens_per_sec": 12258.512040092395,
      "total_tokens_per_sec": 104919.88445032093,
      "requests_per_sec": 12.279190196383103
    },
    "prompt_len": {
      "mean": 7546.212,
      "min": 7483.0,
      "max": 7612.0,
      "p0.1": 7488.243,
      "p1": 7494.49,
      "p5": 7508.0,
      "p10": 7516.0,
      "p25": 7530.0,
      "median": 7545.0,
      "p75": 7563.0,
      "p90": 7577.0,
      "p95": 7584.0,
      "p99": 7598.51,
      "p99.9": 7606.008000000001
    },
    "output_len": {
      "mean": 998.316,
      "min": 942.0,
      "max": 1010.0,
      "p0.1": 947.243,
      "p1": 981.49,
      "p5": 993.0,
      "p10": 994.0,
      "p25": 997.0,
      "median": 999.0,
      "p75": 1001.0,
      "p90": 1003.0,
      "p95": 1004.0,
      "p99": 1007.0,
      "p99.9": 1009.2510000000001
    }
  },
  "failures": {
    "count": 0,
    "request_latency": null,
    "prompt_len": null
  }
}