{
  "load_summary": {
    "count": 1000,
    "schedule_delay": {
      "mean": 0.0004320744425058365,
      "min": -0.0010329820215702057,
      "max": 0.0018630544655025005,
      "p0.1": -0.0009971568412147462,
      "p1": -0.0007464900892227888,
      "p5": -0.00047072155866771935,
      "p10": -0.00024395706132054323,
      "p25": 7.79968686401844e-05,
      "median": 0.00041624042205512524,
      "p75": 0.0007959406357258558,
      "p90": 0.0011004604864865543,
      "p95": 0.0013169083278626202,
      "p99": 0.0016032608551904558,
      "p99.9": 0.0017886808495968648
    },
    "send_duration": 25.615312233101577,
    "requested_rate": 40.0,
    "achieved_rate": 39.03914935332089
  },
  "successes": {
    "count": 988,
    "latency": {
      "request_latency": {
        "mean": 43.58727836349002,
        "min": 21.90030990494415,
        "max": 51.23344760295004,
        "p0.1": 22.0219108408601,
        "p1": 25.52472051572986,
        "p5": 31.304459772026167,
        "p10": 38.61145836673677,
        "p25": 41.94220704375766,
        "median": 44.27893328061327,
        "p75": 46.755266269436106,
        "p90": 49.27918448182754,
        "p95": 50.240693262103015,
        "p99": 50.73981238120701,
        "p99.9": 51.17507711417368
      },
      "normalized_time_per_output_token": {
        "mean": 0.04367536750228094,
        "min": 0.021892159517158276,
        "max": 0.05358868366876345,
        "p0.1": 0.02218490797866721,
        "p1": 0.025600682868588277,
        "p5": 0.03140718042494055,
        "p10": 0.038879011446232306,
        "p25": 0.04199023018375956,
        "median": 0.04439613481157695,
        "p75": 0.04681047615160777,
        "p90": 0.04944126061089673,
        "p95": 0.05034726744758476,
        "p99": 0.05088085960722828,
        "p99.9": 0.051569301563862927
      },
      "time_per_output_token": {
        "mean": 0.04189922870381034,
        "min": 0.021728356439154595,
        "max": 0.04994499639887363,
        "p0.1": 0.021774544827082194,
        "p1": 0.025303819139264525,
        "p5": 0.031095648857997732,
        "p10": 0.0370692267567385,
        "p25": 0.03997662973043043,
        "median": 0.042380307496059685,
        "p75": 0.044984522893209936,
        "p90": 0.04771890538679436,
        "p95": 0.0487740224480629,
        "p99": 0.04920698905996047,
        "p99.9": 0.049574257502719814
      },
      "time_to_first_token": {
        "mean": 1.6579701983660218,
        "min": 0.09179316088557243,
        "max": 6.816990881226957,
        "p0.1": 0.09401970552373677,
        "p1": 0.10605348146054894,
        "p5": 0.1788432234665379,
        "p10": 0.24052531439810992,
        "p25": 0.7517235075356439,
        "median": 1.4003362150397152,
        "p75": 1.9685829891823232,
        "p90": 3.7966495481319726,
        "p95": 4.649047578126192,
        "p99": 5.797946445629932,
        "p99.9": 6.538872677487363
      },
      "inter_token_latency": {
        "mean": 0.04189922870381034,
        "min": 5.356036126613617e-06,
        "max": 3.369931120891124,
        "p0.1": 5.6568533182144165e-06,
        "p1": 5.855690687894821e-06,
        "p5": 6.1532482504844666e-06,
        "p10": 6.416346877813339e-06,
        "p25": 7.272232323884964e-06,
        "median": 1.0274816304445267e-05,
        "p75": 0.04319915280211717,
        "p90": 0.13703512158244846,
        "p95": 0.20723261281382274,
        "p99": 0.3452179520437494,
        "p99.9": 2.437468032726183
      }
    },
    "throughput": {
      "input_tokens_per_sec": 102488.83427717058,
      "output_tokens_per_sec": 13554.999246080682,
      "total_tokens_per_sec": 116043.83352325126,
      "requests_per_sec": 13.582163573227136
    },
    "prompt_len": {
      "mean": 7545.8400809716595,
      "min": 7483.0,
      "max": 7612.0,
      "p0.1": 7489.909,
      "p1": 7493.87,
      "p5": 7506.35,
      "p10": 7514.7,
      "p25": 7530.0,
      "median": 7545.0,
      "p75": 7563.0,
      "p90": 7577.0,
      "p95": 7584.0,
      "p99": 7599.0,
      "p99.9": 7612.0
    },
    "output_len": {
      "mean": 998.0,
      "min": 918.0,
      "max": 1010.0,
      "p0.1": 934.779,
      "p1": 980.87,
      "p5": 992.0,
      "p10": 994.0,
      "p25": 996.0,
      "median": 998.0,
      "p75": 1001.0,
      "p90": 1003.0,
      "p95": 1004.0,
      "p99": 1007.0,
      "p99.9": 1009.0130000000001
    }
  },
  "failures": {
    "count": 12,
    "request_latency": {
      "mean": 0.00373230156643937,
      "min": 0.0017991508357226849,
      "max": 0.005674830172210932,
      "p0.1": 0.0018110961224883796,
      "p1": 0.001918603703379631,
      "p5": 0.002396415174007416,
      "p10": 0.0028958919923752547,
      "p25": 0.003026273683644831,
      "median": 0.0036905272863805294,
      "p75": 0.004349340102635324,
      "p90": 0.004791088541969657,
      "p95": 0.0051962069235742085,
      "p99": 0.005579105522483588,
      "p99.9": 0.005665257707238198
    },
    "prompt_len": {
      "mean": 0.0,
      "min": 0.0,
      "max": 0.0,
      "p0.1": 0.0,
      "p1": 0.0,
      "p5": 0.0,
      "p10": 0.0,
      "p25": 0.0,
      "median": 0.0,
      "p75": 0.0,
      "p90": 0.0,
      "p95": 0.0,
      "p99": 0.0,
      "p99.9": 0.0
    }
  }
}