{
  "load_summary": {
    "count": 60,
    "schedule_delay": {
      "mean": 0.000634320235500733,
      "min": -0.0005548414774239063,
      "max": 0.0016408832743763924,
      "p0.1": -0.0005492998310364783,
      "p1": -0.0004994250135496259,
      "p5": -2.1169660612940775e-05,
      "p10": 7.908181287348273e-05,
      "p25": 0.0002450858009979129,
      "median": 0.0005497969686985016,
      "p75": 0.001012718421407044,
      "p90": 0.0013618456665426494,
      "p95": 0.0014501835219562053,
      "p99": 0.0016402898356318474,
      "p99.9": 0.001640823930501938
    },
    "send_duration": 20.670203630346805,
    "requested_rate": 3.0,
    "achieved_rate": 2.902729023525992
  },
  "successes": {
    "count": 60,
    "latency": {
      "request_latency": {
        "mean": 7.480987064423971,
        "min": 6.177769566886127,
        "max": 9.198903792072088,
        "p0.1": 6.181493123757187,
        "p1": 6.21500513559673,
        "p5": 6.2859058933565395,
        "p10": 6.406662160530686,
        "p25": 7.090057151974179,
        "median": 7.472466607810929,
        "p75": 8.026099612587132,
        "p90": 8.212776066781952,
        "p95": 8.335054070781915,
        "p99": 8.915294531998223,
        "p99.9": 9.170542866064705
      },
      "normalized_time_per_output_token": {
        "mean": 0.0075028740585755226,
        "min": 0.0061592916918106946,
        "max": 0.009217338469010107,
        "p0.1": 0.006165213403074447,
        "p1": 0.00621850880444822,
        "p5": 0.0062818578144932,
        "p10": 0.006416246368481089,
        "p25": 0.00709538558242086,
        "median": 0.0075104244973488105,
        "p75": 0.008036307934131947,
        "p90": 0.00826066796270386,
        "p95": 0.00855608049025177,
        "p99": 0.008969566872444162,
        "p99.9": 0.009192561309353517
      },
      "time_per_output_token": {
        "mean": 0.007238761353725568,
        "min": 0.006039755914825946,
        "max": 0.008194039487279951,
        "p0.1": 0.0060404173300829716,
        "p1": 0.006046370067396201,
        "p5": 0.006130023590032942,
        "p10": 0.006259658356569707,
        "p25": 0.006810482049360871,
        "median": 0.0073115031667985025,
        "p75": 0.007756393229821697,
        "p90": 0.00802179001159966,
        "p95": 0.008071719467197544,
        "p99": 0.00813275728858076,
        "p99.9": 0.008187911267410032
      },
      "time_to_first_token": {
        "mean": 0.21225411225265514,
        "min": 0.08126871194690466,
        "max": 1.815399644896388,
        "p0.1": 0.08157899702666327,
        "p1": 0.0843715627444908,
        "p5": 0.09092058206442744,
        "p10": 0.09578495579771698,
        "p25": 0.09904342424124479,
        "median": 0.10372029454447329,
        "p75": 0.12149841256905347,
        "p90": 0.32281206082552694,
        "p95": 0.8841716524679204,
        "p99": 1.5336166321160256,
        "p99.9": 1.7872213436183566
      },
      "inter_token_latency": {
        "mean": 0.007238761353725568,
        "min": 5.543231964111328e-06,
        "max": 1.8577016373164952,
        "p0.1": 5.807725712656974e-06,
        "p1": 6.410279311239719e-06,
        "p5": 7.71787017583847e-06,
        "p10": 1.0896660387516022e-05,
        "p25": 0.006073058466427028,
        "median": 0.0072377517353743315,
        "p75": 0.007714813691563904,
        "p90": 0.008288345532491803,
        "p95": 0.008791851392015814,
        "p99": 0.011801310363225676,
        "p99.9": 0.18136786598386487
      }
    },
    "throughput": {
      "input_tokens_per_sec": 16196.957564777184,
      "output_tokens_per_sec": 2139.2781472146094,
      "total_tokens_per_sec": 18336.235711991794,
      "requests_per_sec": 2.1450698357711917
    },
    "prompt_len": {
      "mean": 7550.783333333334,
      "min": 7502.0,
      "max": 7612.0,
      "p0.1": 7502.413,
      "p1": 7506.13,
      "p5": 7513.75,
      "p10": 7516.0,
      "p25": 7529.25,
      "median": 7553.5,
      "p75": 7568.0,
      "p90": 7581.8,
      "p95": 7590.05,
      "p99": 7606.1,
      "p99.9": 7611.41
    },
    "output_len": {
      "mean": 997.3,
      "min": 959.0,
      "max": 1004.0,
      "p0.1": 959.059,
      "p1": 959.59,
      "p5": 989.85,
      "p10": 994.9,
      "p25": 998.0,
      "median": 999.0,
      "p75": 1001.0,
      "p90": 1002.0,
      "p95": 1003.0,
      "p99": 1003.41,
      "p99.9": 1003.941
    }
  },
  "failures": {
    "count": 0,
    "request_latency": null,
    "prompt_len": null
  }
}