{
  "load_summary": {
    "count": 750,
    "schedule_delay": {
      "mean": 0.0006978409153719743,
      "min": -0.0009206961840391159,
      "max": 0.011401624884456396,
      "p0.1": -0.0008891186616383493,
      "p1": -0.0007139510568231344,
      "p5": -0.0002995587885379791,
      "p10": -9.216340258717531e-05,
      "p25": 0.00025376875419169664,
      "median": 0.0006642090156674385,
      "p75": 0.0010918023763224483,
      "p90": 0.0014807699713855985,
      "p95": 0.0016800426412373777,
      "p99": 0.0020232614735141395,
      "p99.9": 0.007201343900524584
    },
    "send_duration": 51.94358594389632,
    "requested_rate": 15.0,
    "achieved_rate": 14.438741306964568
  },
  "successes": {
    "count": 748,
    "latency": {
      "request_latency": {
        "mean": 38.01107321399947,
        "min": 24.966508164070547,
        "max": 47.29208576818928,
        "p0.1": 25.383278917100746,
        "p1": 27.44363829538226,
        "p5": 29.785900258575566,
        "p10": 31.454271783167496,
        "p25": 35.516310505219735,
        "median": 38.7889347539749,
        "p75": 40.95708764344454,
        "p90": 42.71851295717061,
        "p95": 44.144702877686356,
        "p99": 45.84679669571574,
        "p99.9": 47.02281276870521
      },
      "normalized_time_per_output_token": {
        "mean": 0.03808370479273111,
        "min": 0.024941566597473073,
        "max": 0.04738685948716361,
        "p0.1": 0.025301005543972337,
        "p1": 0.027426282475119353,
        "p5": 0.029926297235474797,
        "p10": 0.03153791878206574,
        "p25": 0.03554439066430185,
        "median": 0.03888926181074105,
        "p75": 0.04103136242590854,
        "p90": 0.04279114486800605,
        "p95": 0.04426396115919071,
        "p99": 0.045860223265990964,
        "p99.9": 0.04707155367375104
      },
      "time_per_output_token": {
        "mean": 0.03713313594956033,
        "min": 0.024218694138806313,
        "max": 0.04569588909577578,
        "p0.1": 0.02472435986340558,
        "p1": 0.026457018238799646,
        "p5": 0.028468784957332537,
        "p10": 0.03049255070388317,
        "p25": 0.03455537451992961,
        "median": 0.038010256191482766,
        "p75": 0.040332940662745384,
        "p90": 0.04218987540598027,
        "p95": 0.04337451031829696,
        "p99": 0.044955184069173405,
        "p99.9": 0.04552298975487427
      },
      "time_to_first_token": {
        "mean": 0.8654541067454097,
        "min": 0.18014005990698934,
        "max": 3.6797761120833457,
        "p0.1": 0.18252880739001556,
        "p1": 0.1958266276679933,
        "p5": 0.25257404337171463,
        "p10": 0.32216535708867017,
        "p25": 0.46993722685147077,
        "median": 0.666315688053146,
        "p75": 0.9883840171387419,
        "p90": 1.7598792139906436,
        "p95": 2.3861052637221287,
        "p99": 3.021506489268504,
        "p99.9": 3.5989908791491807
      },
      "inter_token_latency": {
        "mean": 0.037131768135346625,
        "min": 5.381181836128235e-06,
        "max": 3.3834424009546638,
        "p0.1": 5.687586963176727e-06,
        "p1": 5.955807864665985e-06,
        "p5": 6.433110684156418e-06,
        "p10": 6.9229863584041595e-06,
        "p25": 8.916947990655899e-06,
        "median": 0.009803638560697436,
        "p75": 0.044887189753353596,
        "p90": 0.0970429873559624,
        "p95": 0.13454172189813107,
        "p99": 0.24343730248510886,
        "p99.9": 2.082500876034618
      }
    },
    "throughput": {
      "input_tokens_per_sec": 68019.77267784117,
      "output_tokens_per_sec": 8996.76678780888,
      "total_tokens_per_sec": 77016.53946565006,
      "requests_per_sec": 9.013806255784386
    },
    "prompt_len": {
      "mean": 7546.176470588235,
      "min": 7483.0,
      "max": 7612.0,
      "p0.1": 7488.229,
      "p1": 7494.47,
      "p5": 7508.0,
      "p10": 7516.0,
      "p25": 7530.0,
      "median": 7545.0,
      "p75": 7563.0,
      "p90": 7577.0,
      "p95": 7584.0,
      "p99": 7598.53,
      "p99.9": 7606.024
    },
    "output_len": {
      "mean": 998.1096256684492,
      "min": 958.0,
      "max": 1010.0,
      "p0.1": 970.699,
      "p1": 985.47,
      "p5": 992.0,
      "p10": 994.0,
      "p25": 996.0,
      "median": 998.0,
      "p75": 1001.0,
      "p90": 1003.0,
      "p95": 1004.0,
      "p99": 1006.0,
      "p99.9": 1008.5060000000001
    }
  },
  "failures": {
    "count": 2,
    "request_latency": {
      "mean": 0.017405467573553324,
      "min": 0.012230757158249617,
      "max": 0.02258017798885703,
      "p0.1": 0.012241106579080225,
      "p1": 0.012334251366555691,
      "p5": 0.012748228199779988,
      "p10": 0.013265699241310358,
      "p25": 0.01481811236590147,
      "median": 0.017405467573553324,
      "p75": 0.019992822781205177,
      "p90": 0.021545235905796288,
      "p95": 0.02206270694732666,
      "p99": 0.022476683780550958,
      "p99.9": 0.022569828568026425
    },
    "prompt_len": {
      "mean": 0.0,
      "min": 0.0,
      "max": 0.0,
      "p0.1": 0.0,
      "p1": 0.0,
      "p5": 0.0,
      "p10": 0.0,
      "p25": 0.0,
      "median": 0.0,
      "p75": 0.0,
      "p90": 0.0,
      "p95": 0.0,
      "p99": 0.0,
      "p99.9": 0.0
    }
  }
}