{
  "load_summary": {
    "count": 5250,
    "schedule_delay": {
      "mean": 0.000994199252199559,
      "min": -0.0007735546678304672,
      "max": 0.10625107260420918,
      "p0.1": -0.0006897706845775247,
      "p1": -0.0004993810411542655,
      "p5": -0.00019796877168118954,
      "p10": -2.2138189524412163e-05,
      "p25": 0.00029934884514659643,
      "median": 0.0006758461240679026,
      "p75": 0.0010679236147552729,
      "p90": 0.0014726569876074792,
      "p95": 0.001920207077637315,
      "p99": 0.006790295741520825,
      "p99.9": 0.031076045867987522
    },
    "send_duration": 30.208922973833978,
    "requested_rate": 175.0,
    "achieved_rate": 173.78971122364692
  },
  "successes": {
    "count": 5245,
    "latency": {
      "request_latency": {
        "mean": 22.612489501552993,
        "min": 4.442035178653896,
        "max": 71.71811490505934,
        "p0.1": 6.143739731291309,
        "p1": 7.537501866426319,
        "p5": 9.408864126447588,
        "p10": 10.93197249211371,
        "p25": 13.003350604791194,
        "median": 15.624329204205424,
        "p75": 22.67269420903176,
        "p90": 51.1154845404439,
        "p95": 62.290213551651696,
        "p99": 68.60105414146557,
        "p99.9": 71.25912699272298
      },
      "normalized_time_per_output_token": {
        "mean": 0.1121483882690252,
        "min": 0.0009092741433367179,
        "max": 0.3585905745252967,
        "p0.1": 0.023025314007693625,
        "p1": 0.03682861065736216,
        "p5": 0.0465415708693454,
        "p10": 0.05418609051778912,
        "p25": 0.06459858297137544,
        "median": 0.07767287270398811,
        "p75": 0.11286736623759368,
        "p90": 0.25316430751999025,
        "p95": 0.3086348844426652,
        "p99": 0.3404475995646188,
        "p99.9": 0.35406634013013794
      },
      "time_per_output_token": {
        "mean": 0.06969652792930855,
        "min": 0.01750144986435771,
        "max": 0.1084999344497919,
        "p0.1": 0.01919989178918756,
        "p1": 0.022837014363358166,
        "p5": 0.03522949665301032,
        "p10": 0.043069320726689835,
        "p25": 0.057969418972788844,
        "median": 0.07073973221937195,
        "p75": 0.08581595874892257,
        "p90": 0.09234531960942918,
        "p95": 0.09549997977460592,
        "p99": 0.10092091223765165,
        "p99.9": 0.10362477822569206
      },
      "time_to_first_token": {
        "mean": 9.10335235317505,
        "min": 0.08495211321860552,
        "max": 61.60125754401088,
        "p0.1": 0.09336146167851984,
        "p1": 0.1347296123020351,
        "p5": 0.29751287763938306,
        "p10": 0.44307176461443304,
        "p25": 0.795910875312984,
        "median": 2.519256118219346,
        "p75": 6.664623291231692,
        "p90": 35.494356676470495,
        "p95": 44.98366168690846,
        "p99": 56.86768888890744,
        "p99.9": 60.42303144417518
      },
      "inter_token_latency": {
        "mean": 0.07029482977321283,
        "min": 5.124136805534363e-06,
        "max": 2.7151901838369668,
        "p0.1": 5.598179996013641e-06,
        "p1": 6.120651960372925e-06,
        "p5": 8.563976734876633e-06,
        "p10": 0.008472537202760578,
        "p25": 0.02807016472797841,
        "median": 0.04731835541315377,
        "p75": 0.07069458870682865,
        "p90": 0.18528719134628777,
        "p95": 0.21893066896591334,
        "p99": 0.3862387763662262,
        "p99.9": 0.7373249075557108
      }
    },
    "throughput": {
      "input_tokens_per_sec": 630652.5832847797,
      "output_tokens_per_sec": 11532.119898956857,
      "total_tokens_per_sec": 642184.7031837367,
      "requests_per_sec": 54.27111243009624
    },
    "prompt_len": {
      "mean": 11620.410104861774,
      "min": 11530.0,
      "max": 11741.0,
      "p0.1": 11532.488,
      "p1": 11550.0,
      "p5": 11569.0,
      "p10": 11580.0,
      "p25": 11597.0,
      "median": 11618.0,
      "p75": 11642.0,
      "p90": 11663.0,
      "p95": 11675.0,
      "p99": 11701.0,
      "p99.9": 11723.0
    },
    "output_len": {
      "mean": 212.49094375595806,
      "min": 196.0,
      "max": 11843.0,
      "p0.1": 198.0,
      "p1": 199.0,
      "p5": 200.0,
      "p10": 200.0,
      "p25": 201.0,
      "median": 201.0,
      "p75": 202.0,
      "p90": 203.0,
      "p95": 204.0,
      "p99": 206.0,
      "p99.9": 216.0
    }
  },
  "failures": {
    "count": 5,
    "request_latency": {
      "mean": 0.0742927335202694,
      "min": 0.027046974282711744,
      "max": 0.14865181595087051,
      "p0.1": 0.027067166132852434,
      "p1": 0.027248892784118652,
      "p5": 0.028056566789746284,
      "p10": 0.029066159296780823,
      "p25": 0.032094936817884445,
      "median": 0.06726820627227426,
      "p75": 0.09640173427760601,
      "p90": 0.12775178328156472,
      "p95": 0.1382017996162176,
      "p99": 0.14656181268393992,
      "p99.9": 0.14844281562417747
    },
    "prompt_len": {
      "mean": 0.0,
      "min": 0.0,
      "max": 0.0,
      "p0.1": 0.0,
      "p1": 0.0,
      "p5": 0.0,
      "p10": 0.0,
      "p25": 0.0,
      "median": 0.0,
      "p75": 0.0,
      "p90": 0.0,
      "p95": 0.0,
      "p99": 0.0,
      "p99.9": 0.0
    }
  }
}