{
  "load_summary": {
    "count": 4500,
    "schedule_delay": {
      "mean": 0.001066807333793905,
      "min": -0.0007687932811677456,
      "max": 0.054675715044140816,
      "p0.1": -0.0007047311756759882,
      "p1": -0.0005019577173516154,
      "p5": -0.00022711385972797867,
      "p10": -3.088684752583501e-05,
      "p25": 0.00029412051662802696,
      "median": 0.0006704870611429214,
      "p75": 0.0010556421475484967,
      "p90": 0.0014560215175151825,
      "p95": 0.0037254237104208487,
      "p99": 0.0075701349414885105,
      "p99.9": 0.03546484477957805
    },
    "send_duration": 30.271884149871767,
    "requested_rate": 150.0,
    "achieved_rate": 148.65278876336683
  },
  "successes": {
    "count": 4500,
    "latency": {
      "request_latency": {
        "mean": 19.93880285350875,
        "min": 2.9088947768323123,
        "max": 65.70298219937831,
        "p0.1": 4.606953113308641,
        "p1": 6.2666652828361835,
        "p5": 7.573564779339359,
        "p10": 8.814978402247652,
        "p25": 11.851085382397287,
        "median": 14.374172584386542,
        "p75": 20.949005301692523,
        "p90": 41.848346817260605,
        "p95": 53.04410727992654,
        "p99": 64.0473306537373,
        "p99.9": 65.21136737955176
      },
      "normalized_time_per_output_token": {
        "mean": 0.09889217916964167,
        "min": 0.0005291009065115848,
        "max": 0.32616307123578225,
        "p0.1": 0.009902118766198582,
        "p1": 0.030863582780306684,
        "p5": 0.03752802934136186,
        "p10": 0.04368125403131693,
        "p25": 0.058688424975833486,
        "median": 0.07125801784194895,
        "p75": 0.10394975672758634,
        "p90": 0.2080278834241908,
        "p95": 0.2633071075447313,
        "p99": 0.31827834215545703,
        "p99.9": 0.3245605547485448
      },
      "time_per_output_token": {
        "mean": 0.06640479547756116,
        "min": 0.014477697014808655,
        "max": 0.12109227766981348,
        "p0.1": 0.016415427045696415,
        "p1": 0.023390337085178688,
        "p5": 0.03208037619936901,
        "p10": 0.03960906161282647,
        "p25": 0.05527298414005727,
        "median": 0.06714374035124165,
        "p75": 0.08018866783124395,
        "p90": 0.09134953376068733,
        "p95": 0.09282046336028725,
        "p99": 0.09705504494656343,
        "p99.9": 0.10189889423349215
      },
      "time_to_first_token": {
        "mean": 7.167184139371125,
        "min": 0.07347106281667948,
        "max": 56.753199249040335,
        "p0.1": 0.08386275704670697,
        "p1": 0.14427548788487912,
        "p5": 0.2582769051659852,
        "p10": 0.36719629396684467,
        "p25": 0.6279510386520997,
        "median": 1.4205171763896942,
        "p75": 4.31696564052254,
        "p90": 26.524559426400806,
        "p95": 37.472150774579504,
        "p99": 49.91432820168792,
        "p99.9": 56.49957692920278
      },
      "inter_token_latency": {
        "mean": 0.06725214209613065,
        "min": 5.09386882185936e-06,
        "max": 3.912932027131319,
        "p0.1": 5.6461431086063385e-06,
        "p1": 6.317161023616791e-06,
        "p5": 1.2082047760486603e-05,
        "p10": 0.01449832022190094,
        "p25": 0.02815530658699572,
        "median": 0.04339737677946687,
        "p75": 0.06247038603760302,
        "p90": 0.18790495479479433,
        "p95": 0.22034119367599486,
        "p99": 0.3538129892945289,
        "p99.9": 0.5337706476757306
      }
    },
    "throughput": {
      "input_tokens_per_sec": 579320.6186682575,
      "output_tokens_per_sec": 10684.12419752775,
      "total_tokens_per_sec": 590004.7428657853,
      "requests_per_sec": 49.85488856857313
    },
    "prompt_len": {
      "mean": 11620.136666666667,
      "min": 11530.0,
      "max": 11741.0,
      "p0.1": 11532.998,
      "p1": 11550.0,
      "p5": 11568.0,
      "p10": 11580.0,
      "p25": 11597.0,
      "median": 11618.0,
      "p75": 11642.0,
      "p90": 11663.0,
      "p95": 11674.05,
      "p99": 11701.0,
      "p99.9": 11725.004
    },
    "output_len": {
      "mean": 214.30444444444444,
      "min": 195.0,
      "max": 11843.0,
      "p0.1": 197.0,
      "p1": 199.0,
      "p5": 200.0,
      "p10": 200.0,
      "p25": 201.0,
      "median": 201.0,
      "p75": 202.0,
      "p90": 203.0,
      "p95": 204.0,
      "p99": 206.0,
      "p99.9": 6007.063000002356
    }
  },
  "failures": {
    "count": 0,
    "request_latency": null,
    "prompt_len": null
  }
}