{
  "load_summary": {
    "count": 27900,
    "schedule_delay": {
      "mean": 0.0011460016271279704,
      "min": -0.0014930693432688713,
      "max": 0.19351924071088433,
      "p0.1": -0.000712296383921057,
      "p1": -0.0004821282299235463,
      "p5": -0.00018508413340896366,
      "p10": 3.4233555197715808e-06,
      "p25": 0.0003291777102276683,
      "median": 0.000706411199644208,
      "p75": 0.0011054293718189,
      "p90": 0.0015719816554337742,
      "p95": 0.005248988233506675,
      "p99": 0.007416155789978747,
      "p99.9": 0.041645031699911614
    }
  },
  "successes": {
    "count": 27893,
    "latency": {
      "request_latency": {
        "mean": 19.50977968461749,
        "min": 0.7727621607482433,
        "max": 100.92270289594308,
        "p0.1": 0.9472660358715802,
        "p1": 1.4040580121986568,
        "p5": 4.283045431040228,
        "p10": 6.979610217362643,
        "p25": 11.038575952406973,
        "median": 14.741600713692605,
        "p75": 21.4555246187374,
        "p90": 40.23854165589436,
        "p95": 55.3629530762322,
        "p99": 83.9756388150714,
        "p99.9": 100.54974565330532
      },
      "normalized_time_per_output_token": {
        "mean": 0.0967584724995894,
        "min": 0.0001382028506553936,
        "max": 0.5061884225849439,
        "p0.1": 0.003918920100128914,
        "p1": 0.006792808785490617,
        "p5": 0.020925626484693254,
        "p10": 0.034548107922929734,
        "p25": 0.05477471009362489,
        "median": 0.07316574515237366,
        "p75": 0.10631704917733571,
        "p90": 0.19946930009908787,
        "p95": 0.2751769879587289,
        "p99": 0.41605005485575575,
        "p99.9": 0.4987370355484308
      },
      "time_per_output_token": {
        "mean": 0.06447862634911476,
        "min": 0.0034506691378650024,
        "max": 0.1442078512980405,
        "p0.1": 0.0034939771685293733,
        "p1": 0.005585549927870306,
        "p5": 0.01835734688304365,
        "p10": 0.028246597980676857,
        "p25": 0.0496204837398538,
        "median": 0.06796031928688441,
        "p75": 0.08439441937277663,
        "p90": 0.09146769347600639,
        "p95": 0.0948838262528593,
        "p99": 0.10794007817936414,
        "p99.9": 0.12447397654573977
      },
      "time_to_first_token": {
        "mean": 7.029312276442987,
        "min": 0.06048636278137565,
        "max": 94.81939656939358,
        "p0.1": 0.0794824884776026,
        "p1": 0.11048682970926166,
        "p5": 0.20085273776203394,
        "p10": 0.3109620936214924,
        "p25": 0.5238081719726324,
        "median": 1.2817265554331243,
        "p75": 5.02130537526682,
        "p90": 23.99022673368453,
        "p95": 39.26683978345245,
        "p99": 65.78601298488644,
        "p99.9": 88.66378696517873
      },
      "inter_token_latency": {
        "mean": 0.06479694287908301,
        "min": 5.09386882185936e-06,
        "max": 3.912932027131319,
        "p0.1": 5.684327334165573e-06,
        "p1": 6.550922989845276e-06,
        "p5": 2.8739543631672892e-05,
        "p10": 0.008326563192531467,
        "p25": 0.02334148227237165,
        "median": 0.033390578581020236,
        "p75": 0.066303466912359,
        "p90": 0.1844318165909498,
        "p95": 0.21889951750636077,
        "p99": 0.3804942518193274,
        "p99.9": 0.7535784521992337
      }
    },
    "throughput": {
      "input_tokens_per_sec": 492007.0801612544,
      "output_tokens_per_sec": 9038.796217553889,
      "total_tokens_per_sec": 501045.8763788083,
      "requests_per_sec": 42.34045199513695
    },
    "prompt_len": {
      "mean": 11620.260459613522,
      "min": 11530.0,
      "max": 11741.0,
      "p0.1": 11532.0,
      "p1": 11550.0,
      "p5": 11569.0,
      "p10": 11580.0,
      "p25": 11597.0,
      "median": 11618.0,
      "p75": 11642.0,
      "p90": 11663.0,
      "p95": 11675.0,
      "p99": 11701.0,
      "p99.9": 11727.0
    },
    "output_len": {
      "mean": 213.47897321908724,
      "min": 165.0,
      "max": 11844.0,
      "p0.1": 197.0,
      "p1": 199.0,
      "p5": 200.0,
      "p10": 200.0,
      "p25": 201.0,
      "median": 201.0,
      "p75": 202.0,
      "p90": 203.0,
      "p95": 204.0,
      "p99": 206.0,
      "p99.9": 11776.108000000004
    }
  },
  "failures": {
    "count": 7,
    "request_latency": {
      "mean": 0.056924549130988975,
      "min": 0.003314309287816286,
      "max": 0.14865181595087051,
      "p0.1": 0.0034365866342559457,
      "p1": 0.004537082752212882,
      "p5": 0.009428176609799267,
      "p10": 0.015542043931782247,
      "p25": 0.025370420655235648,
      "median": 0.032094936817884445,
      "p75": 0.08183497027494013,
      "p90": 0.11730176694691183,
      "p95": 0.13297679144889113,
      "p99": 0.14551681105047462,
      "p99.9": 0.14833831546083096
    },
    "prompt_len": {
      "mean": 0.0,
      "min": 0.0,
      "max": 0.0,
      "p0.1": 0.0,
      "p1": 0.0,
      "p5": 0.0,
      "p10": 0.0,
      "p25": 0.0,
      "median": 0.0,
      "p75": 0.0,
      "p90": 0.0,
      "p95": 0.0,
      "p99": 0.0,
      "p99.9": 0.0
    }
  }
}