{
  "load_summary": {
    "count": 600,
    "schedule_delay": {
      "mean": 0.0007973730595161518,
      "min": -0.0008768863044679165,
      "max": 0.0049005914479494095,
      "p0.1": -0.0007574683646671474,
      "p1": -0.00048213255126029254,
      "p5": -0.00018100978340953588,
      "p10": -1.5327241271733297e-06,
      "p25": 0.00035728863440454006,
      "median": 0.0007088612765073776,
      "p75": 0.001125737209804356,
      "p90": 0.0015103673562407494,
      "p95": 0.0019044007174670694,
      "p99": 0.003920738971792161,
      "p99.9": 0.0045436109490693015
    },
    "send_duration": 59.94088601274416,
    "requested_rate": 10.0,
    "achieved_rate": 10.009862047625267
  },
  "successes": {
    "count": 600,
    "latency": {
      "request_latency": {
        "mean": 8.804784858388981,
        "min": 4.72720772633329,
        "max": 13.352928839158267,
        "p0.1": 4.85185912533151,
        "p1": 5.851445256927982,
        "p5": 6.6425846654688945,
        "p10": 7.1008450642228125,
        "p25": 7.953543110517785,
        "median": 8.746430344181135,
        "p75": 9.738527708803304,
        "p90": 10.355972302146256,
        "p95": 10.697568016452715,
        "p99": 13.073989007957278,
        "p99.9": 13.3519700137428
      },
      "normalized_time_per_output_token": {
        "mean": 0.017560623504980555,
        "min": 0.009398027288932983,
        "max": 0.026652552573170195,
        "p0.1": 0.009657550829459459,
        "p1": 0.011679531450954057,
        "p5": 0.013197547060512524,
        "p10": 0.0141733434415625,
        "p25": 0.015851292301186856,
        "median": 0.01742989437128538,
        "p75": 0.019446803789769353,
        "p90": 0.02056285522324946,
        "p95": 0.021359432185168364,
        "p99": 0.02604432672406279,
        "p99.9": 0.02665063874998563
      },
      "time_per_output_token": {
        "mean": 0.017132592219113348,
        "min": 0.00914197199139744,
        "max": 0.026397090507671236,
        "p0.1": 0.009414210908060893,
        "p1": 0.011297302174791694,
        "p5": 0.012936950070410966,
        "p10": 0.013890625413134695,
        "p25": 0.015480052522616462,
        "median": 0.01701402457943186,
        "p75": 0.01902358706505038,
        "p90": 0.020129802892543378,
        "p95": 0.02092037365599535,
        "p99": 0.02582316828196868,
        "p99.9": 0.026386947251453997
      },
      "time_to_first_token": {
        "mean": 0.2183618133678101,
        "min": 0.07020513340830803,
        "max": 1.528434157371521,
        "p0.1": 0.0729295414336957,
        "p1": 0.08294005384203047,
        "p5": 0.11808180485386403,
        "p10": 0.1290096420329064,
        "p25": 0.14102697314228863,
        "median": 0.16501891589723527,
        "p75": 0.25768456154037267,
        "p90": 0.3683030143380169,
        "p95": 0.45397550277411913,
        "p99": 0.7941315621091051,
        "p99.9": 1.318642905206443
      },
      "inter_token_latency": {
        "mean": 0.01713372562205632,
        "min": 5.221925675868988e-06,
        "max": 0.6435365532524884,
        "p0.1": 5.714861676096916e-06,
        "p1": 7.091490551829338e-06,
        "p5": 0.008618474192917348,
        "p10": 0.010751225799322129,
        "p25": 0.013244816102087498,
        "median": 0.014867441263049841,
        "p75": 0.015984727535396814,
        "p90": 0.017139624059200286,
        "p95": 0.018369720643386246,
        "p99": 0.09576587516814487,
        "p99.9": 0.3364611662747377
      }
    },
    "throughput": {
      "input_tokens_per_sec": 74759.90927097521,
      "output_tokens_per_sec": 4514.167049638267,
      "total_tokens_per_sec": 79274.07632061349,
      "requests_per_sec": 9.003274983904666
    },
    "prompt_len": {
      "mean": 8303.635,
      "min": 8226.0,
      "max": 8370.0,
      "p0.1": 8229.594,
      "p1": 8244.0,
      "p5": 8265.95,
      "p10": 8275.0,
      "p25": 8288.0,
      "median": 8304.0,
      "p75": 8319.0,
      "p90": 8332.1,
      "p95": 8339.05,
      "p99": 8358.0,
      "p99.9": 8370.0
    },
    "output_len": {
      "mean": 501.39166666666665,
      "min": 497.0,
      "max": 506.0,
      "p0.1": 497.0,
      "p1": 498.99,
      "p5": 500.0,
      "p10": 500.0,
      "p25": 501.0,
      "median": 501.0,
      "p75": 502.0,
      "p90": 503.0,
      "p95": 504.0,
      "p99": 505.0,
      "p99.9": 506.0
    }
  },
  "failures": {
    "count": 0,
    "request_latency": null,
    "prompt_len": null
  }
}