{
  "load_summary": {
    "count": 60,
    "schedule_delay": {
      "mean": 0.001853781845420599,
      "min": -0.00011245347559452057,
      "max": 0.019437839277088642,
      "p0.1": -0.00011011768970638513,
      "p1": -8.909561671316624e-05,
      "p5": 0.00035878366325050595,
      "p10": 0.0005469430703669787,
      "p25": 0.0008503870340064168,
      "median": 0.0015070403460413218,
      "p75": 0.0020364021183922887,
      "p90": 0.0023815971333533527,
      "p95": 0.003921035351231693,
      "p99": 0.011979830274358349,
      "p99.9": 0.01869203837681574
    },
    "send_duration": 57.85568881314248,
    "requested_rate": 1.0,
    "achieved_rate": 1.0370631001176573
  },
  "successes": {
    "count": 60,
    "latency": {
      "request_latency": {
        "mean": 5.4875405666418375,
        "min": 4.599036577157676,
        "max": 7.871183260343969,
        "p0.1": 4.604257753133308,
        "p1": 4.651248336913995,
        "p5": 4.693232664628885,
        "p10": 4.702267017029226,
        "p25": 4.825631685904227,
        "median": 5.273060166276991,
        "p75": 5.771515433094464,
        "p90": 7.012885146541521,
        "p95": 7.202781988750211,
        "p99": 7.768707907642237,
        "p99.9": 7.860935725073797
      },
      "normalized_time_per_output_token": {
        "mean": 0.010942862530106972,
        "min": 0.009125072573725548,
        "max": 0.015710944631425087,
        "p0.1": 0.009137927092462084,
        "p1": 0.0092536177610909,
        "p5": 0.009356001564468763,
        "p10": 0.009385255335582914,
        "p25": 0.00963199937306233,
        "median": 0.010496989767653385,
        "p75": 0.011514233478719488,
        "p90": 0.01399777474359585,
        "p95": 0.014376810356786849,
        "p99": 0.015524532840686707,
        "p99.9": 0.01569230345235125
      },
      "time_per_output_token": {
        "mean": 0.009816736705457785,
        "min": 0.0088436571219936,
        "max": 0.011678888130001723,
        "p0.1": 0.008844059945411048,
        "p1": 0.008847685356168075,
        "p5": 0.008860000853613019,
        "p10": 0.00888449946930632,
        "p25": 0.00896687536383979,
        "median": 0.009840975769795477,
        "p75": 0.010330325269140303,
        "p90": 0.011056186157651247,
        "p95": 0.011306453944789246,
        "p99": 0.011644009289797395,
        "p99.9": 0.011675400245981292
      },
      "time_to_first_token": {
        "mean": 0.5393003889204313,
        "min": 0.10724666388705373,
        "max": 2.542411368340254,
        "p0.1": 0.10756947288708761,
        "p1": 0.11047475388739258,
        "p5": 0.13300060336478053,
        "p10": 0.21795166889205575,
        "p25": 0.22368424909655005,
        "median": 0.2678896524012089,
        "p75": 0.4013904177118093,
        "p90": 1.8965917756315323,
        "p95": 2.0045751783298327,
        "p99": 2.2757470408640788,
        "p99.9": 2.515744935592641
      },
      "inter_token_latency": {
        "mean": 0.00981676763176554,
        "min": 5.370937287807465e-06,
        "max": 0.5083426409401,
        "p0.1": 5.796979181468487e-06,
        "p1": 1.0918630287051202e-05,
        "p5": 0.008689087955281139,
        "p10": 0.008804552350193262,
        "p25": 0.008930770447477698,
        "median": 0.00929250568151474,
        "p75": 0.009609565371647477,
        "p90": 0.01070819003507495,
        "p95": 0.010808677272871136,
        "p99": 0.01163275073282421,
        "p99.9": 0.22245588936098398
      }
    },
    "throughput": {
      "input_tokens_per_sec": 7940.340724804295,
      "output_tokens_per_sec": 479.3702673066191,
      "total_tokens_per_sec": 8419.710992110915,
      "requests_per_sec": 0.9558729158656413
    },
    "prompt_len": {
      "mean": 8306.9,
      "min": 8244.0,
      "max": 8350.0,
      "p0.1": 8244.885,
      "p1": 8252.85,
      "p5": 8265.0,
      "p10": 8281.0,
      "p25": 8293.0,
      "median": 8307.5,
      "p75": 8322.0,
      "p90": 8336.2,
      "p95": 8341.05,
      "p99": 8348.82,
      "p99.9": 8349.882
    },
    "output_len": {
      "mean": 501.5,
      "min": 500.0,
      "max": 506.0,
      "p0.1": 500.0,
      "p1": 500.0,
      "p5": 500.0,
      "p10": 500.0,
      "p25": 501.0,
      "median": 501.0,
      "p75": 502.0,
      "p90": 503.0,
      "p95": 504.0,
      "p99": 504.82,
      "p99.9": 505.882
    }
  },
  "failures": {
    "count": 0,
    "request_latency": null,
    "prompt_len": null
  }
}