{
  "load_summary": {
    "count": 1500,
    "schedule_delay": {
      "mean": 0.0007816210851694146,
      "min": -0.0015212376601994038,
      "max": 0.046663233544677496,
      "p0.1": -0.000979633746203035,
      "p1": -0.0007110117655247449,
      "p5": -0.00035343109630048275,
      "p10": -0.0001589288469403982,
      "p25": 0.0001937079941853881,
      "median": 0.0005497981328517199,
      "p75": 0.000932086375541985,
      "p90": 0.001293413899838925,
      "p95": 0.001529830088838935,
      "p99": 0.0035239736083894947,
      "p99.9": 0.03472178273322132
    },
    "send_duration": 59.90852927369997,
    "requested_rate": 25.0,
    "achieved_rate": 25.0381709947686
  },
  "successes": {
    "count": 1500,
    "latency": {
      "request_latency": {
        "mean": 14.353327719819111,
        "min": 7.6150922467932105,
        "max": 21.322614181786776,
        "p0.1": 8.143803998398129,
        "p1": 9.283099637948908,
        "p5": 10.603778971894645,
        "p10": 11.337318294169382,
        "p25": 11.752485587610863,
        "median": 12.214537281543016,
        "p75": 18.62563784106169,
        "p90": 19.564628811273725,
        "p95": 19.74175924092997,
        "p99": 19.868980489997192,
        "p99.9": 21.114817517961857
      },
      "normalized_time_per_output_token": {
        "mean": 0.028625508228378234,
        "min": 0.015139348403167417,
        "max": 0.042560108147278994,
        "p0.1": 0.016239485951896254,
        "p1": 0.018529281260656852,
        "p5": 0.021180298290372514,
        "p10": 0.0226115011986231,
        "p25": 0.023432752015709178,
        "median": 0.02436637039279692,
        "p75": 0.0370967073958568,
        "p90": 0.039012205383801714,
        "p95": 0.03935992317032552,
        "p99": 0.039752160860964676,
        "p99.9": 0.042276379607995844
      },
      "time_per_output_token": {
        "mean": 0.027952469048830114,
        "min": 0.01491724343597889,
        "max": 0.03920396130438894,
        "p0.1": 0.015832337534710764,
        "p1": 0.01813738599523902,
        "p5": 0.020696107327798384,
        "p10": 0.022148798147402705,
        "p25": 0.02286957760551013,
        "median": 0.023620574028231204,
        "p75": 0.03628200200712308,
        "p90": 0.03835514045152813,
        "p95": 0.03864772884757258,
        "p99": 0.03897243420073763,
        "p99.9": 0.039082984881470925
      },
      "time_to_first_token": {
        "mean": 0.36101962872967125,
        "min": 0.07767657423391938,
        "max": 2.066347104962915,
        "p0.1": 0.08740954508027061,
        "p1": 0.10619023613631726,
        "p5": 0.12913895894307642,
        "p10": 0.1809002036228776,
        "p25": 0.22929038654547185,
        "median": 0.2939825605135411,
        "p75": 0.435646869125776,
        "p90": 0.6214779589790852,
        "p95": 0.7654768661595881,
        "p99": 1.2742670303583143,
        "p99.9": 1.8292963887178517
      },
      "inter_token_latency": {
        "mean": 0.027955057270219522,
        "min": 5.30388206243515e-06,
        "max": 0.5732115167193115,
        "p0.1": 5.777925252914429e-06,
        "p1": 7.4892304837703705e-06,
        "p5": 0.0105179876787588,
        "p10": 0.015457655536010861,
        "p25": 0.021703233942389488,
        "median": 0.02372980327345431,
        "p75": 0.03349204792175442,
        "p90": 0.0401266913395375,
        "p95": 0.04777051939163356,
        "p99": 0.10535623601637777,
        "p99.9": 0.27511407777853447
      }
    },
    "throughput": {
      "input_tokens_per_sec": 165420.73768211648,
      "output_tokens_per_sec": 9988.61607073525,
      "total_tokens_per_sec": 175409.35375285172,
      "requests_per_sec": 19.92097530720296
    },
    "prompt_len": {
      "mean": 8303.847333333333,
      "min": 8239.0,
      "max": 8374.0,
      "p0.1": 8241.495,
      "p1": 8248.0,
      "p5": 8261.95,
      "p10": 8272.0,
      "p25": 8287.0,
      "median": 8304.0,
      "p75": 8321.0,
      "p90": 8337.0,
      "p95": 8344.0,
      "p99": 8363.0,
      "p99.9": 8372.0
    },
    "output_len": {
      "mean": 501.412,
      "min": 491.0,
      "max": 513.0,
      "p0.1": 493.499,
      "p1": 498.0,
      "p5": 500.0,
      "p10": 500.0,
      "p25": 501.0,
      "median": 501.0,
      "p75": 502.0,
      "p90": 503.0,
      "p95": 504.0,
      "p99": 506.0,
      "p99.9": 512.0020000000004
    }
  },
  "failures": {
    "count": 0,
    "request_latency": null,
    "prompt_len": null
  }
}