{
  "load_summary": {
    "count": 7500,
    "schedule_delay": {
      "mean": 0.0006565390771875779,
      "min": -0.0009500477463006973,
      "max": 0.10235031554475427,
      "p0.1": -0.0008455682685598731,
      "p1": -0.0006334107229486107,
      "p5": -0.0003535473719239234,
      "p10": -0.00017105494625866406,
      "p25": 0.00013441394548863173,
      "median": 0.0004881385248154402,
      "p75": 0.0008452027104794979,
      "p90": 0.0011556215584278106,
      "p95": 0.00135442002210766,
      "p99": 0.0017644533840939414,
      "p99.9": 0.05853025507321644
    },
    "send_duration": 59.99975602980703,
    "requested_rate": 125.0,
    "achieved_rate": 125.00050827330207
  },
  "successes": {
    "count": 7500,
    "latency": {
      "request_latency": {
        "mean": 59.10932119060345,
        "min": 14.451922599691898,
        "max": 112.50130429770797,
        "p0.1": 15.98981562288804,
        "p1": 19.914318531984463,
        "p5": 29.14856556064915,
        "p10": 36.01478099790402,
        "p25": 45.58891848893836,
        "median": 52.3274886009749,
        "p75": 60.654075264697894,
        "p90": 101.02542937356048,
        "p95": 111.04127860772422,
        "p99": 112.17110639855731,
        "p99.9": 112.30278663364658
      },
      "normalized_time_per_output_token": {
        "mean": 0.11788887488705145,
        "min": 0.028731456460620076,
        "max": 0.22559080436409748,
        "p0.1": 0.03194767797411916,
        "p1": 0.03977949010217633,
        "p5": 0.05816177595485478,
        "p10": 0.07174799179498745,
        "p25": 0.09094986177543585,
        "median": 0.10438045683157018,
        "p75": 0.12101759048487375,
        "p90": 0.20143284617782187,
        "p95": 0.22141249303296096,
        "p99": 0.22390721269068076,
        "p99.9": 0.22462208713447956
      },
      "time_per_output_token": {
        "mean": 0.09300241260810252,
        "min": 0.028523354379460214,
        "max": 0.11766990198288113,
        "p0.1": 0.03153500139837898,
        "p1": 0.03927519024430774,
        "p5": 0.057467932597832026,
        "p10": 0.06763480769041927,
        "p25": 0.08081499783694744,
        "median": 0.09604853160306812,
        "p75": 0.10777893457910978,
        "p90": 0.1136722790144384,
        "p95": 0.11491574133587994,
        "p99": 0.11647822029443458,
        "p99.9": 0.11705841910884064
      },
      "time_to_first_token": {
        "mean": 12.584450195416498,
        "min": 0.08280187705531716,
        "max": 74.06646484602243,
        "p0.1": 0.09722601748583838,
        "p1": 0.18800717920064927,
        "p5": 0.3032156845089048,
        "p10": 0.3862720721866936,
        "p25": 0.5614890033612028,
        "median": 0.8419680916704237,
        "p75": 15.020497502177022,
        "p90": 46.504005427565446,
        "p95": 66.68675937540829,
        "p99": 73.14016078131739,
        "p99.9": 73.91117632237635
      },
      "inter_token_latency": {
        "mean": 0.0930029749205802,
        "min": 5.291774868965149e-06,
        "max": 1.516010785009712,
        "p0.1": 6.236135959625244e-06,
        "p1": 1.1011958122253418e-05,
        "p5": 0.03143818615935743,
        "p10": 0.04397866213694215,
        "p25": 0.06865100306458771,
        "median": 0.09436997398734093,
        "p75": 0.11126552755013108,
        "p90": 0.12442906377837062,
        "p95": 0.1413168699480593,
        "p99": 0.2850215210393073,
        "p99.9": 0.556219560570089
      }
    },
    "throughput": {
      "input_tokens_per_sec": 368511.73680484924,
      "output_tokens_per_sec": 22250.9503814888,
      "total_tokens_per_sec": 390762.687186338,
      "requests_per_sec": 44.37829242580759
    },
    "prompt_len": {
      "mean": 8303.873733333334,
      "min": 8239.0,
      "max": 8374.0,
      "p0.1": 8244.0,
      "p1": 8248.0,
      "p5": 8262.0,
      "p10": 8272.0,
      "p25": 8287.0,
      "median": 8304.0,
      "p75": 8321.0,
      "p90": 8336.0,
      "p95": 8345.0,
      "p99": 8363.0,
      "p99.9": 8372.0
    },
    "output_len": {
      "mean": 501.3926666666667,
      "min": 475.0,
      "max": 514.0,
      "p0.1": 492.0,
      "p1": 498.0,
      "p5": 500.0,
      "p10": 500.0,
      "p25": 501.0,
      "median": 501.0,
      "p75": 502.0,
      "p90": 503.0,
      "p95": 504.0,
      "p99": 507.0,
      "p99.9": 512.0
    }
  },
  "failures": {
    "count": 0,
    "request_latency": null,
    "prompt_len": null
  }
}