{
  "load_summary": {
    "count": 300,
    "schedule_delay": {
      "mean": 0.001169396466575563,
      "min": -0.0005964082665741444,
      "max": 0.004945516120642424,
      "p0.1": -0.0005477439230307937,
      "p1": -0.00027604560833424327,
      "p5": 0.0001554334303364158,
      "p10": 0.00040199183858931066,
      "p25": 0.0006790296174585819,
      "median": 0.0010387159418314695,
      "p75": 0.001510373898781836,
      "p90": 0.002026558527722955,
      "p95": 0.0022685495205223565,
      "p99": 0.004191577383317054,
      "p99.9": 0.004747191913425937
    },
    "send_duration": 59.976671311073005,
    "requested_rate": 5.0,
    "achieved_rate": 5.001944813576432
  },
  "successes": {
    "count": 300,
    "latency": {
      "request_latency": {
        "mean": 7.494236848996952,
        "min": 4.9564528302289546,
        "max": 9.010628589894623,
        "p0.1": 5.0249357862276955,
        "p1": 5.696640913989395,
        "p5": 6.380227777105756,
        "p10": 6.619623160921037,
        "p25": 6.968058892292902,
        "median": 7.481199693866074,
        "p75": 8.1514267193852,
        "p90": 8.389541673194618,
        "p95": 8.45047275996767,
        "p99": 8.637394762965851,
        "p99.9": 8.912786116927403
      },
      "normalized_time_per_output_token": {
        "mean": 0.014947149099217079,
        "min": 0.00989311942161468,
        "max": 0.017949459342419566,
        "p0.1": 0.010017506838283896,
        "p1": 0.01137054074648582,
        "p5": 0.01273675883966637,
        "p10": 0.01315349561902146,
        "p25": 0.013883532211509814,
        "median": 0.014942878747111739,
        "p75": 0.016273752647946997,
        "p90": 0.016723952979277895,
        "p95": 0.01689971212046881,
        "p99": 0.0171798696906832,
        "p99.9": 0.017764877337182367
      },
      "time_per_output_token": {
        "mean": 0.01425945436629777,
        "min": 0.009378015509806574,
        "max": 0.016512916564010084,
        "p0.1": 0.009471815073090606,
        "p1": 0.010687211798829957,
        "p5": 0.012181375193130225,
        "p10": 0.012618248012755066,
        "p25": 0.013187643094686792,
        "median": 0.01429551415797323,
        "p75": 0.015524067928548902,
        "p90": 0.016037363072112204,
        "p95": 0.016124814341217278,
        "p99": 0.01642288937448524,
        "p99.9": 0.01649815220639948
      },
      "time_to_first_token": {
        "mean": 0.3300259374330441,
        "min": 0.07764087989926338,
        "max": 1.3875383506529033,
        "p0.1": 0.08048109939321875,
        "p1": 0.08909056893549859,
        "p5": 0.16050367343705146,
        "p10": 0.17607883512973785,
        "p25": 0.30667486984748393,
        "median": 0.3258595794904977,
        "p75": 0.3398521465715021,
        "p90": 0.40588831333443526,
        "p95": 0.47193481866270304,
        "p99": 1.1594983746716747,
        "p99.9": 1.3456010087844947
      },
      "inter_token_latency": {
        "mean": 0.014259454366297771,
        "min": 5.390029400587082e-06,
        "max": 1.0011807079426944,
        "p0.1": 5.850101355463266e-06,
        "p1": 9.591686539351941e-06,
        "p5": 0.008965317416004837,
        "p10": 0.010759221110492944,
        "p25": 0.01300422998610884,
        "median": 0.014159562531858683,
        "p75": 0.015363004640676081,
        "p90": 0.016617672238498925,
        "p95": 0.017288745590485627,
        "p99": 0.025984815498814044,
        "p99.9": 0.20831140867900333
      }
    },
    "throughput": {
      "input_tokens_per_sec": 37370.72033761968,
      "output_tokens_per_sec": 2256.4899033542874,
      "total_tokens_per_sec": 39627.21024097397,
      "requests_per_sec": 4.500468504266713
    },
    "prompt_len": {
      "mean": 8303.74,
      "min": 8244.0,
      "max": 8372.0,
      "p0.1": 8244.299,
      "p1": 8249.99,
      "p5": 8262.0,
      "p10": 8272.0,
      "p25": 8286.0,
      "median": 8303.5,
      "p75": 8321.0,
      "p90": 8336.0,
      "p95": 8346.05,
      "p99": 8362.01,
      "p99.9": 8370.804
    },
    "output_len": {
      "mean": 501.39,
      "min": 480.0,
      "max": 512.0,
      "p0.1": 482.691,
      "p1": 498.99,
      "p5": 500.0,
      "p10": 500.0,
      "p25": 501.0,
      "median": 501.0,
      "p75": 502.0,
      "p90": 503.0,
      "p95": 504.0,
      "p99": 505.01,
      "p99.9": 510.8040000000001
    }
  },
  "failures": {
    "count": 0,
    "request_latency": null,
    "prompt_len": null
  }
}