{
  "load_summary": {
    "count": 4500,
    "schedule_delay": {
      "mean": 0.000590843779552314,
      "min": -0.0009442497976124287,
      "max": 0.058528533205389977,
      "p0.1": -0.0008886993564665317,
      "p1": -0.0006733960146084428,
      "p5": -0.0003635636763647199,
      "p10": -0.00017358902841806408,
      "p25": 0.00012662215158343315,
      "median": 0.0004943057429045439,
      "p75": 0.0008368805283680558,
      "p90": 0.0011545625515282153,
      "p95": 0.0013556472491472959,
      "p99": 0.001789942635223274,
      "p99.9": 0.032915774643887195
    },
    "send_duration": 59.983820034656674,
    "requested_rate": 75.0,
    "achieved_rate": 75.02023041213528
  },
  "successes": {
    "count": 4500,
    "latency": {
      "request_latency": {
        "mean": 34.80813797344888,
        "min": 10.955598217900842,
        "max": 56.73319233581424,
        "p0.1": 11.956119831316173,
        "p1": 14.229352397671901,
        "p5": 18.55676444058772,
        "p10": 20.793817285168917,
        "p25": 24.13716786680743,
        "median": 29.6256931128446,
        "p75": 52.12612270680256,
        "p90": 55.43916437537409,
        "p95": 55.89162999805994,
        "p99": 56.133256502361036,
        "p99.9": 56.43727632202953
      },
      "normalized_time_per_output_token": {
        "mean": 0.0694231199863175,
        "min": 0.021867461512776132,
        "max": 0.12558985887124371,
        "p0.1": 0.02376962193104607,
        "p1": 0.028359965079614947,
        "p5": 0.03696113092225536,
        "p10": 0.04145601458342652,
        "p25": 0.04817420815790589,
        "median": 0.05909587662942854,
        "p75": 0.10401092213594695,
        "p90": 0.11054533416713902,
        "p95": 0.11146509832011986,
        "p99": 0.11205258867476496,
        "p99.9": 0.11282879103899562
      },
      "time_per_output_token": {
        "mean": 0.06592947590310382,
        "min": 0.021711008324287833,
        "max": 0.11092903803661466,
        "p0.1": 0.023493021810467356,
        "p1": 0.027943341153524818,
        "p5": 0.036435922527406364,
        "p10": 0.040860418579261745,
        "p25": 0.04744229376479052,
        "median": 0.05835920087760314,
        "p75": 0.08630056139500812,
        "p90": 0.10785715488223359,
        "p95": 0.11002879371000454,
        "p99": 0.11062460945803672,
        "p99.9": 0.11073896546313912
      },
      "time_to_first_token": {
        "mean": 1.8188363444395363,
        "min": 0.07369298301637173,
        "max": 19.05840311385691,
        "p0.1": 0.08742371262609959,
        "p1": 0.14689456525724381,
        "p5": 0.21178156035020948,
        "p10": 0.25195888536982236,
        "p25": 0.3619519341737032,
        "median": 0.4625673412811011,
        "p75": 0.6223066789098084,
        "p90": 3.9066640448756504,
        "p95": 15.371473519527356,
        "p99": 18.13940724573564,
        "p99.9": 18.917976238120815
      },
      "inter_token_latency": {
        "mean": 0.06592954511195487,
        "min": 5.346722900867462e-06,
        "max": 0.6832269080914557,
        "p0.1": 6.1979517340660095e-06,
        "p1": 1.3767601922154429e-05,
        "p5": 0.023809906910173595,
        "p10": 0.03125486196950078,
        "p25": 0.043459856300614774,
        "median": 0.056608563754707575,
        "p75": 0.08598034817259759,
        "p90": 0.11232962599024177,
        "p95": 0.1205675903474912,
        "p99": 0.15453574038110673,
        "p99.9": 0.4013427307200773
      }
    },
    "throughput": {
      "input_tokens_per_sec": 338758.5101648637,
      "output_tokens_per_sec": 20454.147737974465,
      "total_tokens_per_sec": 359212.65790283814,
      "requests_per_sec": 40.79533771862137
    },
    "prompt_len": {
      "mean": 8303.853555555555,
      "min": 8239.0,
      "max": 8374.0,
      "p0.1": 8244.0,
      "p1": 8248.0,
      "p5": 8262.0,
      "p10": 8272.0,
      "p25": 8287.0,
      "median": 8304.0,
      "p75": 8321.0,
      "p90": 8336.0,
      "p95": 8345.0,
      "p99": 8363.0,
      "p99.9": 8372.0
    },
    "output_len": {
      "mean": 501.38444444444445,
      "min": 442.0,
      "max": 515.0,
      "p0.1": 495.499,
      "p1": 499.0,
      "p5": 500.0,
      "p10": 500.0,
      "p25": 501.0,
      "median": 501.0,
      "p75": 502.0,
      "p90": 503.0,
      "p95": 504.0,
      "p99": 506.0,
      "p99.9": 512.5010000000002
    }
  },
  "failures": {
    "count": 0,
    "request_latency": null,
    "prompt_len": null
  }
}