{
  "load_summary": {
    "count": 32460,
    "schedule_delay": {
      "mean": 0.0006443205839556654,
      "min": -0.0015212376601994038,
      "max": 0.10235031554475427,
      "p0.1": -0.000884207799565047,
      "p1": -0.000640723817050457,
      "p5": -0.00034804954193532465,
      "p10": -0.0001720963977277279,
      "p25": 0.0001383841736242175,
      "median": 0.0005008471198379993,
      "p75": 0.0008617884013801813,
      "p90": 0.00118488185107708,
      "p95": 0.0013890095753595231,
      "p99": 0.002015922097489237,
      "p99.9": 0.04631619676528855
    }
  },
  "successes": {
    "count": 32460,
    "latency": {
      "request_latency": {
        "mean": 50.069017272491514,
        "min": 4.79135470604524,
        "max": 144.75902578793466,
        "p0.1": 5.638353512739297,
        "p1": 7.8535658624954525,
        "p5": 12.059708359558135,
        "p10": 17.905413010995836,
        "p25": 29.35074315033853,
        "median": 47.334821447497234,
        "p75": 58.572908520000055,
        "p90": 92.30232962309384,
        "p95": 111.47955862591043,
        "p99": 138.81283862660638,
        "p99.9": 144.34845149692566
      },
      "normalized_time_per_output_token": {
        "mean": 0.09985616219075472,
        "min": 0.009477054739827401,
        "max": 0.2903118259395272,
        "p0.1": 0.011243870763256426,
        "p1": 0.01567130645334594,
        "p5": 0.024042945713387585,
        "p10": 0.03572948128344759,
        "p25": 0.05855671679748161,
        "median": 0.0944264003513233,
        "p75": 0.11680481345143481,
        "p90": 0.18386869538704845,
        "p95": 0.2223076899956342,
        "p99": 0.27723727162961775,
        "p99.9": 0.2881242706827316
      },
      "time_per_output_token": {
        "mean": 0.07941790478335271,
        "min": 0.00894826338160783,
        "max": 0.1178106445139274,
        "p0.1": 0.009771902413102797,
        "p1": 0.015072359664272518,
        "p5": 0.023225941843632608,
        "p10": 0.03517325141383335,
        "p25": 0.05781747062853537,
        "median": 0.08497490298887715,
        "p75": 0.10682923705503344,
        "p90": 0.11368923568082974,
        "p95": 0.11497754323035479,
        "p99": 0.11672032646489329,
        "p99.9": 0.11727553432906236
      },
      "time_to_first_token": {
        "mean": 10.33842117885783,
        "min": 0.06910369778051972,
        "max": 114.95350860711187,
        "p0.1": 0.08790312981512398,
        "p1": 0.1427276122616604,
        "p5": 0.22072215722873806,
        "p10": 0.2794768813531846,
        "p25": 0.40365706686861813,
        "median": 0.6349992854520679,
        "p75": 8.649915170157328,
        "p90": 36.78011725782417,
        "p95": 66.05478065726346,
        "p99": 85.65092371978797,
        "p99.9": 113.58705884027444
      },
      "inter_token_latency": {
        "mean": 0.07942073686661573,
        "min": 5.176756531000137e-06,
        "max": 1.7693220586515963,
        "p0.1": 6.143935024738312e-06,
        "p1": 1.1187978088855743e-05,
        "p5": 0.017019616975449025,
        "p10": 0.025261443667113782,
        "p25": 0.045825196080841124,
        "median": 0.07897092192433774,
        "p75": 0.10751954198349267,
        "p90": 0.12072847941890359,
        "p95": 0.13378377826884388,
        "p99": 0.24995581518858712,
        "p99.9": 0.5106456925338242
      }
    },
    "throughput": {
      "input_tokens_per_sec": 268404.86935705633,
      "output_tokens_per_sec": 16207.020665466938,
      "total_tokens_per_sec": 284611.8900225233,
      "requests_per_sec": 32.3230111280601
    },
    "prompt_len": {
      "mean": 8303.83247073321,
      "min": 8239.0,
      "max": 8374.0,
      "p0.1": 8244.0,
      "p1": 8248.0,
      "p5": 8262.0,
      "p10": 8272.0,
      "p25": 8287.0,
      "median": 8304.0,
      "p75": 8321.0,
      "p90": 8336.0,
      "p95": 8345.0,
      "p99": 8363.0,
      "p99.9": 8372.0
    },
    "output_len": {
      "mean": 501.40813308687615,
      "min": 437.0,
      "max": 517.0,
      "p0.1": 494.0,
      "p1": 498.0,
      "p5": 500.0,
      "p10": 500.0,
      "p25": 501.0,
      "median": 501.0,
      "p75": 502.0,
      "p90": 503.0,
      "p95": 504.0,
      "p99": 507.0,
      "p99.9": 512.0
    }
  },
  "failures": {
    "count": 0,
    "request_latency": null,
    "prompt_len": null
  }
}