{
  "load_summary": {
    "count": 1500,
    "schedule_delay": {
      "mean": 0.0004076430918648839,
      "min": -0.000976890791207552,
      "max": 0.0019726301543414593,
      "p0.1": -0.000926362712867558,
      "p1": -0.0007406080048531294,
      "p5": -0.0004484574776142835,
      "p10": -0.00027221860364079475,
      "p25": 4.881818313151598e-05,
      "median": 0.00040985899977386,
      "p75": 0.0007508039707317948,
      "p90": 0.0010910725686699154,
      "p95": 0.0012590467231348155,
      "p99": 0.0015521467616781593,
      "p99.9": 0.0018062885012477751
    },
    "send_duration": 25.907393623609096,
    "requested_rate": 60.0,
    "achieved_rate": 57.89852973218688
  },
  "successes": {
    "count": 1499,
    "latency": {
      "request_latency": {
        "mean": 86.64954781500819,
        "min": 66.0791699429974,
        "max": 103.0145880500786,
        "p0.1": 66.33735356405285,
        "p1": 68.37165275654756,
        "p5": 74.3927529853303,
        "p10": 76.81371677862481,
        "p25": 81.21480890852399,
        "median": 87.21442024689168,
        "p75": 92.22892166255042,
        "p90": 95.47355061369016,
        "p95": 98.22814201666041,
        "p99": 102.69200164109469,
        "p99.9": 102.94885304607824
      },
      "normalized_time_per_output_token": {
        "mean": 0.08680871951238864,
        "min": 0.06601315678621118,
        "max": 0.10369792109878671,
        "p0.1": 0.06661481555932633,
        "p1": 0.06870378043431602,
        "p5": 0.07454827856682449,
        "p10": 0.07683773619147899,
        "p25": 0.08135857794645898,
        "median": 0.08733064552700284,
        "p75": 0.0924126544474766,
        "p90": 0.09571449869053936,
        "p95": 0.09835224039162069,
        "p99": 0.10276758957846086,
        "p99.9": 0.10357960244843775
      },
      "time_per_output_token": {
        "mean": 0.08527922701178878,
        "min": 0.06562141908798366,
        "max": 0.10260701708123088,
        "p0.1": 0.06590723410154786,
        "p1": 0.06739017557135783,
        "p5": 0.07361235598050989,
        "p10": 0.07544304292742163,
        "p25": 0.07965287279826588,
        "median": 0.08584317957842723,
        "p75": 0.09069437711988576,
        "p90": 0.09418668511528522,
        "p95": 0.09708709196685814,
        "p99": 0.10067200004993937,
        "p99.9": 0.10220141481508785
      },
      "time_to_first_token": {
        "mean": 1.3412115181245785,
        "min": 0.04234106978401542,
        "max": 4.0504047381691635,
        "p0.1": 0.057232447975315154,
        "p1": 0.07413404597900808,
        "p5": 0.16672372282482684,
        "p10": 0.2815056842751801,
        "p25": 0.557015911443159,
        "median": 1.1318285367451608,
        "p75": 1.9695928569417447,
        "p90": 2.786040951590985,
        "p95": 3.1078946099150926,
        "p99": 3.5375471158605065,
        "p99.9": 3.952471359273444
      },
      "inter_token_latency": {
        "mean": 0.08527923335970468,
        "min": 5.427747964859009e-06,
        "max": 0.8364709741435945,
        "p0.1": 6.2552248127758505e-06,
        "p1": 1.0670130141079426e-05,
        "p5": 0.04672477429267019,
        "p10": 0.06913582077249884,
        "p25": 0.07352270977571607,
        "median": 0.07698319712653756,
        "p75": 0.0802729696733877,
        "p90": 0.08381422595120966,
        "p95": 0.08769278221298009,
        "p99": 0.5039477972872556,
        "p99.9": 0.6674544504531686
      }
    },
    "throughput": {
      "input_tokens_per_sec": 104761.10839436753,
      "output_tokens_per_sec": 13856.235676337667,
      "total_tokens_per_sec": 118617.3440707052,
      "requests_per_sec": 13.881591110935226
    },
    "prompt_len": {
      "mean": 7546.765176784523,
      "min": 7479.0,
      "max": 7615.0,
      "p0.1": 7479.498,
      "p1": 7493.0,
      "p5": 7508.0,
      "p10": 7516.0,
      "p25": 7531.5,
      "median": 7546.0,
      "p75": 7563.0,
      "p90": 7577.0,
      "p95": 7585.0,
      "p99": 7600.0,
      "p99.9": 7614.004000000001
    },
    "output_len": {
      "mean": 998.1734489659773,
      "min": 905.0,
      "max": 1012.0,
      "p0.1": 955.462,
      "p1": 984.0,
      "p5": 992.0,
      "p10": 994.0,
      "p25": 996.0,
      "median": 998.0,
      "p75": 1001.0,
      "p90": 1003.0,
      "p95": 1004.0,
      "p99": 1006.0,
      "p99.9": 1010.0
    }
  },
  "failures": {
    "count": 1,
    "request_latency": {
      "mean": 0.003255849704146385,
      "min": 0.003255849704146385,
      "max": 0.003255849704146385,
      "p0.1": 0.003255849704146385,
      "p1": 0.003255849704146385,
      "p5": 0.003255849704146385,
      "p10": 0.003255849704146385,
      "p25": 0.003255849704146385,
      "median": 0.003255849704146385,
      "p75": 0.003255849704146385,
      "p90": 0.003255849704146385,
      "p95": 0.003255849704146385,
      "p99": 0.003255849704146385,
      "p99.9": 0.003255849704146385
    },
    "prompt_len": {
      "mean": 0.0,
      "min": 0.0,
      "max": 0.0,
      "p0.1": 0.0,
      "p1": 0.0,
      "p5": 0.0,
      "p10": 0.0,
      "p25": 0.0,
      "median": 0.0,
      "p75": 0.0,
      "p90": 0.0,
      "p95": 0.0,
      "p99": 0.0,
      "p99.9": 0.0
    }
  }
}