{
  "load_summary": {
    "count": 60,
    "schedule_delay": {
      "mean": 0.0005496991410230597,
      "min": -0.0004695914685726166,
      "max": 0.0019964175298810005,
      "p0.1": -0.0004615904032252729,
      "p1": -0.00038958081509917977,
      "p5": -0.0002771259984001517,
      "p10": -0.00016361800953745842,
      "p25": 9.950995445251465e-05,
      "median": 0.0005917646922171116,
      "p75": 0.0009486554190516472,
      "p90": 0.0011009053327143193,
      "p95": 0.0014160085003823032,
      "p99": 0.001958852307870984,
      "p99.9": 0.0019926610076799996
    },
    "send_duration": 18.65311336889863,
    "requested_rate": 3.0,
    "achieved_rate": 3.216621204910561
  },
  "successes": {
    "count": 60,
    "latency": {
      "request_latency": {
        "mean": 7.798152188809278,
        "min": 6.281162166036665,
        "max": 8.799722543917596,
        "p0.1": 6.28684177338751,
        "p1": 6.337958239545114,
        "p5": 6.4493349907454105,
        "p10": 6.718729761289433,
        "p25": 7.4080346919363365,
        "median": 7.927191198570654,
        "p75": 8.285401525674388,
        "p90": 8.588002410903574,
        "p95": 8.665912491315975,
        "p99": 8.794438893375919,
        "p99.9": 8.799194178863429
      },
      "normalized_time_per_output_token": {
        "mean": 0.007819043833795728,
        "min": 0.006312725795011724,
        "max": 0.008843942255193565,
        "p0.1": 0.006316919793073007,
        "p1": 0.006354665775624558,
        "p5": 0.0064490136262560895,
        "p10": 0.006720712662918012,
        "p25": 0.007419706031932207,
        "median": 0.007928762380122516,
        "p75": 0.008325712555685344,
        "p90": 0.008608030252304314,
        "p95": 0.008688011576327218,
        "p99": 0.008814940854592548,
        "p99.9": 0.008841042115133464
      },
      "time_per_output_token": {
        "mean": 0.007461236339287522,
        "min": 0.006163114151917398,
        "max": 0.008613086799625308,
        "p0.1": 0.006164429959605914,
        "p1": 0.006176272228802554,
        "p5": 0.006325470538227819,
        "p10": 0.006415635005291551,
        "p25": 0.00713718972564675,
        "median": 0.0075100483710411935,
        "p75": 0.007974429942434653,
        "p90": 0.008193601150019094,
        "p95": 0.008219561049644835,
        "p99": 0.008537011076370254,
        "p99.9": 0.008605479227299803
      },
      "time_to_first_token": {
        "mean": 0.3084226129964615,
        "min": 0.04810934327542782,
        "max": 0.5714375423267484,
        "p0.1": 0.048972009353339674,
        "p1": 0.05673600405454635,
        "p5": 0.0670038246549666,
        "p10": 0.07461661272682249,
        "p25": 0.1483864850597456,
        "median": 0.4433521223254502,
        "p75": 0.45590712293051183,
        "p90": 0.46343372762203217,
        "p95": 0.4670142702758311,
        "p99": 0.5560745509294792,
        "p99.9": 0.5699012431870217
      },
      "inter_token_latency": {
        "mean": 0.007461236339287522,
        "min": 5.488749593496323e-06,
        "max": 0.40303324488922954,
        "p0.1": 5.815175361931324e-06,
        "p1": 7.295040413737297e-06,
        "p5": 0.005693209520541131,
        "p10": 0.00610839081928134,
        "p25": 0.0063305963994935155,
        "median": 0.007342315977439284,
        "p75": 0.007544722524471581,
        "p90": 0.0077195157762616875,
        "p95": 0.008054506871849299,
        "p99": 0.00987188774161041,
        "p99.9": 0.26725373744732306
      }
    },
    "throughput": {
      "input_tokens_per_sec": 17399.19928360036,
      "output_tokens_per_sec": 2299.2666255808886,
      "total_tokens_per_sec": 19698.465909181246,
      "requests_per_sec": 2.3052217818506695
    },
    "prompt_len": {
      "mean": 7547.733333333334,
      "min": 7502.0,
      "max": 7596.0,
      "p0.1": 7502.0,
      "p1": 7502.0,
      "p5": 7509.8,
      "p10": 7523.5,
      "p25": 7533.75,
      "median": 7543.5,
      "p75": 7563.0,
      "p90": 7583.2,
      "p95": 7585.05,
      "p99": 7593.64,
      "p99.9": 7595.764
    },
    "output_len": {
      "mean": 997.4166666666666,
      "min": 974.0,
      "max": 1005.0,
      "p0.1": 974.649,
      "p1": 980.49,
      "p5": 992.95,
      "p10": 994.0,
      "p25": 996.0,
      "median": 997.5,
      "p75": 1000.0,
      "p90": 1001.0,
      "p95": 1003.0,
      "p99": 1003.8199999999999,
      "p99.9": 1004.8820000000001
    }
  },
  "failures": {
    "count": 0,
    "request_latency": null,
    "prompt_len": null
  }
}