{
  "load_summary": {
    "count": 750,
    "schedule_delay": {
      "mean": 0.0003792682445297639,
      "min": -0.0009617879986763,
      "max": 0.002151542343199253,
      "p0.1": -0.0008872264428064227,
      "p1": -0.0007121770968660712,
      "p5": -0.0004947110079228878,
      "p10": -0.00028028944507241244,
      "p25": 2.399412915110588e-05,
      "median": 0.00037583219818770885,
      "p75": 0.0007257660618051887,
      "p90": 0.0010662152431905269,
      "p95": 0.0012212303932756185,
      "p99": 0.0015307754976674913,
      "p99.9": 0.0018604541379027418
    },
    "send_duration": 23.84761628974229,
    "requested_rate": 30.0,
    "achieved_rate": 31.449684148205694
  },
  "successes": {
    "count": 750,
    "latency": {
      "request_latency": {
        "mean": 47.45068768607949,
        "min": 33.39037888171151,
        "max": 57.222728485707194,
        "p0.1": 34.64676287107822,
        "p1": 37.398088099532764,
        "p5": 39.92559662621934,
        "p10": 41.49016738287173,
        "p25": 44.530196925392374,
        "median": 47.83878955221735,
        "p75": 50.75455239019357,
        "p90": 52.39154503121972,
        "p95": 53.76253223770764,
        "p99": 56.30070119750686,
        "p99.9": 57.20729341773037
      },
      "normalized_time_per_output_token": {
        "mean": 0.04754544019953146,
        "min": 0.03355816973036333,
        "max": 0.057337403292291776,
        "p0.1": 0.03466263883585628,
        "p1": 0.037578352544723,
        "p5": 0.039962190656933946,
        "p10": 0.041534802778538875,
        "p25": 0.044587641147779404,
        "median": 0.047935928151810275,
        "p75": 0.05080231900358945,
        "p90": 0.0524874832239637,
        "p95": 0.053994577035640985,
        "p99": 0.056496592229449784,
        "p99.9": 0.057278964070026764
      },
      "time_per_output_token": {
        "mean": 0.0469442738315817,
        "min": 0.03331292450381443,
        "max": 0.056681995682884005,
        "p0.1": 0.03455706844287599,
        "p1": 0.0371028448852431,
        "p5": 0.03965721181437839,
        "p10": 0.04122937776953913,
        "p25": 0.04381167754996568,
        "median": 0.04730267517338507,
        "p75": 0.05026733072823845,
        "p90": 0.0520345889958553,
        "p95": 0.05321610602077562,
        "p99": 0.05600749040456023,
        "p99.9": 0.05638286862765116
      },
      "time_to_first_token": {
        "mean": 0.47736389326614637,
        "min": 0.04024871997535229,
        "max": 2.3207201501354575,
        "p0.1": 0.050932988648302854,
        "p1": 0.06449233002495021,
        "p5": 0.0838338433764875,
        "p10": 0.12197400415316224,
        "p25": 0.20882573002018034,
        "median": 0.34130137460306287,
        "p75": 0.6569401586893946,
        "p90": 0.9866640942636878,
        "p95": 1.3456838229438284,
        "p99": 1.8282629010826346,
        "p99.9": 2.275654672193812
      },
      "inter_token_latency": {
        "mean": 0.046944273831581694,
        "min": 5.485955625772476e-06,
        "max": 1.2453887169249356,
        "p0.1": 5.966983735561371e-06,
        "p1": 7.589338347315788e-06,
        "p5": 0.010718492069281637,
        "p10": 0.030636612745001915,
        "p25": 0.039506107568740845,
        "median": 0.04299528058618307,
        "p75": 0.04513014608528465,
        "p90": 0.046945314528420566,
        "p95": 0.04873117597308009,
        "p99": 0.34287670344114307,
        "p99.9": 0.49452596439747193
      }
    },
    "throughput": {
      "input_tokens_per_sec": 83242.56818821812,
      "output_tokens_per_sec": 11008.398260732416,
      "total_tokens_per_sec": 94250.96644895054,
      "requests_per_sec": 11.030252868415705
    },
    "prompt_len": {
      "mean": 7546.750666666667,
      "min": 7479.0,
      "max": 7615.0,
      "p0.1": 7479.749,
      "p1": 7493.49,
      "p5": 7508.0,
      "p10": 7516.0,
      "p25": 7531.25,
      "median": 7546.0,
      "p75": 7563.0,
      "p90": 7577.0,
      "p95": 7585.0,
      "p99": 7599.02,
      "p99.9": 7613.502
    },
    "output_len": {
      "mean": 998.0186666666667,
      "min": 908.0,
      "max": 1009.0,
      "p0.1": 939.458,
      "p1": 987.49,
      "p5": 993.0,
      "p10": 994.0,
      "p25": 996.0,
      "median": 998.0,
      "p75": 1000.0,
      "p90": 1003.0,
      "p95": 1004.0,
      "p99": 1006.0,
      "p99.9": 1009.0
    }
  },
  "failures": {
    "count": 0,
    "request_latency": null,
    "prompt_len": null
  }
}