{
  "load_summary": {
    "count": 625,
    "schedule_delay": {
      "mean": 0.0004088211104273796,
      "min": -0.0010636262595653534,
      "max": 0.004120682366192341,
      "p0.1": -0.001006277970969677,
      "p1": -0.0007591975294053555,
      "p5": -0.0004047521390020847,
      "p10": -0.00023955944925546646,
      "p25": 2.7368776500225067e-05,
      "median": 0.0003879424184560776,
      "p75": 0.0007540690712630749,
      "p90": 0.0010891526937484742,
      "p95": 0.0012730335816740974,
      "p99": 0.0015888371691107743,
      "p99.9": 0.003380437225103485
    },
    "send_duration": 24.99700587010011,
    "requested_rate": 25.0,
    "achieved_rate": 25.002994488535396
  },
  "successes": {
    "count": 625,
    "latency": {
      "request_latency": {
        "mean": 42.303248287792506,
        "min": 28.29396916506812,
        "max": 49.64731205487624,
        "p0.1": 28.923530239332468,
        "p1": 32.79216929862276,
        "p5": 35.72300226604566,
        "p10": 37.385850062128156,
        "p25": 40.029434627853334,
        "median": 42.4350365572609,
        "p75": 45.07416849210858,
        "p90": 47.11667037634179,
        "p95": 48.22922135079279,
        "p99": 48.98328343873843,
        "p99.9": 49.641580884035676
      },
      "normalized_time_per_output_token": {
        "mean": 0.04238382652156205,
        "min": 0.02823749417671469,
        "max": 0.0497376026916047,
        "p0.1": 0.028920598944845978,
        "p1": 0.03292134934352332,
        "p5": 0.03579459144894355,
        "p10": 0.03745316816264172,
        "p25": 0.04011346542160849,
        "median": 0.04248897859453784,
        "p75": 0.045164651138850695,
        "p90": 0.047293050199818755,
        "p95": 0.04835341303149188,
        "p99": 0.04919283210855612,
        "p99.9": 0.049712272267942045
      },
      "time_per_output_token": {
        "mean": 0.04190599020480439,
        "min": 0.02820395744405687,
        "max": 0.04945487103005871,
        "p0.1": 0.028777466535016897,
        "p1": 0.03244579266866669,
        "p5": 0.03484502653758973,
        "p10": 0.03705221836287528,
        "p25": 0.039504620139021424,
        "median": 0.042106486342847346,
        "p75": 0.04449908246099949,
        "p90": 0.04679139684708789,
        "p95": 0.047797373307589444,
        "p99": 0.04860297784443945,
        "p99.9": 0.04944517613919452
      },
      "time_to_first_token": {
        "mean": 0.3681772644229233,
        "min": 0.05752329621464014,
        "max": 1.5972618269734085,
        "p0.1": 0.05892704335600138,
        "p1": 0.062463024910539386,
        "p5": 0.07770968647673726,
        "p10": 0.11370988227427006,
        "p25": 0.17774436715990305,
        "median": 0.26338552590459585,
        "p75": 0.5216384991072118,
        "p90": 0.7310249168425799,
        "p95": 0.9122122051194308,
        "p99": 1.2864789605326945,
        "p99.9": 1.573358723919842
      },
      "inter_token_latency": {
        "mean": 0.04190599020480439,
        "min": 5.325768142938614e-06,
        "max": 0.6535413078963757,
        "p0.1": 6.0596498660743236e-06,
        "p1": 8.96676443517208e-06,
        "p5": 0.010926443710923195,
        "p10": 0.029254687158390878,
        "p25": 0.033599196234717965,
        "median": 0.039518280886113644,
        "p75": 0.04164909932296723,
        "p90": 0.04328772285953164,
        "p95": 0.04470183588564395,
        "p99": 0.23252965346910062,
        "p99.9": 0.46999654739163854
      }
    },
    "throughput": {
      "input_tokens_per_sec": 74256.19318520365,
      "output_tokens_per_sec": 9821.118069230432,
      "total_tokens_per_sec": 84077.31125443408,
      "requests_per_sec": 9.839742734277873
    },
    "prompt_len": {
      "mean": 7546.5584,
      "min": 7479.0,
      "max": 7613.0,
      "p0.1": 7479.624,
      "p1": 7493.24,
      "p5": 7508.0,
      "p10": 7516.0,
      "p25": 7531.0,
      "median": 7546.0,
      "p75": 7563.0,
      "p90": 7578.0,
      "p95": 7585.0,
      "p99": 7599.52,
      "p99.9": 7612.376
    },
    "output_len": {
      "mean": 998.1072,
      "min": 968.0,
      "max": 1011.0,
      "p0.1": 969.872,
      "p1": 982.72,
      "p5": 993.0,
      "p10": 994.0,
      "p25": 996.0,
      "median": 998.0,
      "p75": 1000.0,
      "p90": 1002.0,
      "p95": 1003.0,
      "p99": 1006.0,
      "p99.9": 1009.1280000000003
    }
  },
  "failures": {
    "count": 0,
    "request_latency": null,
    "prompt_len": null
  }
}