{
  "load_summary": {
    "count": 1250,
    "schedule_delay": {
      "mean": 0.0003995789244771004,
      "min": -0.0009002839215099812,
      "max": 0.0033127786591649055,
      "p0.1": -0.0008914309041574598,
      "p1": -0.0007347014173865318,
      "p5": -0.000445392495021224,
      "p10": -0.00026820199564099313,
      "p25": 4.266551695764065e-05,
      "median": 0.0004004149232059717,
      "p75": 0.000748851103708148,
      "p90": 0.0010410584975034,
      "p95": 0.0012373419944196936,
      "p99": 0.0015090492181479929,
      "p99.9": 0.0029699747553097932
    },
    "send_duration": 25.29717279598117,
    "requested_rate": 50.0,
    "achieved_rate": 49.41263634798672
  },
  "successes": {
    "count": 1250,
    "latency": {
      "request_latency": {
        "mean": 75.44935879445225,
        "min": 58.500401781871915,
        "max": 89.20601864112541,
        "p0.1": 59.56703296601819,
        "p1": 61.52995862334501,
        "p5": 65.52220531869679,
        "p10": 66.9902019036468,
        "p25": 71.18169553647749,
        "median": 75.77626310195774,
        "p75": 79.8305079882266,
        "p90": 83.44790480514057,
        "p95": 84.8887842920376,
        "p99": 88.4788628401421,
        "p99.9": 89.18545803778014
      },
      "normalized_time_per_output_token": {
        "mean": 0.075599817256947,
        "min": 0.058735343154489875,
        "max": 0.08996660181760081,
        "p0.1": 0.05955799435100645,
        "p1": 0.061659961983699225,
        "p5": 0.06563483176865059,
        "p10": 0.06713870327740924,
        "p25": 0.07125101172736581,
        "median": 0.07585148576931389,
        "p75": 0.08003580904554124,
        "p90": 0.0836562498780802,
        "p95": 0.08512158589303115,
        "p99": 0.08891028691142393,
        "p99.9": 0.08965676041581079
      },
      "time_per_output_token": {
        "mean": 0.07472948678835171,
        "min": 0.058324094084091484,
        "max": 0.08888354389276355,
        "p0.1": 0.058799339410421904,
        "p1": 0.061122436833810065,
        "p5": 0.06485977823208086,
        "p10": 0.0665225854857359,
        "p25": 0.07031323192664422,
        "median": 0.0749380901150871,
        "p75": 0.07900049893325195,
        "p90": 0.08300352977761068,
        "p95": 0.08425846034085843,
        "p99": 0.08800019691723399,
        "p99.9": 0.08868537187450057
      },
      "time_to_first_token": {
        "mean": 0.7176774153508246,
        "min": 0.06305898306891322,
        "max": 2.609198200982064,
        "p0.1": 0.06420224807225168,
        "p1": 0.07531136769801378,
        "p5": 0.15197030750568957,
        "p10": 0.20182306380011142,
        "p25": 0.3371333269169554,
        "median": 0.5945168598555028,
        "p75": 0.9753138485830277,
        "p90": 1.4191493460442877,
        "p95": 1.7288041239371517,
        "p99": 2.2519763001706448,
        "p99.9": 2.4609373229784
      },
      "inter_token_latency": {
        "mean": 0.07472688410926505,
        "min": 5.485955625772476e-06,
        "max": 0.7455136510543525,
        "p0.1": 6.134896073490381e-06,
        "p1": 9.824056178331375e-06,
        "p5": 0.03265148599166423,
        "p10": 0.046793955843895674,
        "p25": 0.06667805335018784,
        "median": 0.07034713961184025,
        "p75": 0.07361088413745165,
        "p90": 0.07668145815841854,
        "p95": 0.07996455959510058,
        "p99": 0.42778034198563625,
        "p99.9": 0.5509357302230784
      }
    },
    "throughput": {
      "input_tokens_per_sec": 96728.82347317779,
      "output_tokens_per_sec": 12792.471227766995,
      "total_tokens_per_sec": 109521.29470094478,
      "requests_per_sec": 12.817449874081605
    },
    "prompt_len": {
      "mean": 7546.6512,
      "min": 7479.0,
      "max": 7615.0,
      "p0.1": 7480.0,
      "p1": 7493.0,
      "p5": 7508.0,
      "p10": 7516.0,
      "p25": 7531.0,
      "median": 7546.5,
      "p75": 7562.0,
      "p90": 7577.0,
      "p95": 7585.0,
      "p99": 7600.51,
      "p99.9": 7613.0
    },
    "output_len": {
      "mean": 998.0512,
      "min": 949.0,
      "max": 1010.0,
      "p0.1": 965.498,
      "p1": 983.49,
      "p5": 992.0,
      "p10": 994.0,
      "p25": 996.0,
      "median": 998.0,
      "p75": 1001.0,
      "p90": 1003.0,
      "p95": 1003.0,
      "p99": 1006.0,
      "p99.9": 1008.0
    }
  },
  "failures": {
    "count": 0,
    "request_latency": null,
    "prompt_len": null
  }
}