{
  "load_summary": {
    "count": 200,
    "schedule_delay": {
      "mean": 0.0004892756533809007,
      "min": -0.0007815673016011715,
      "max": 0.0017554853111505508,
      "p0.1": -0.0007797342636622489,
      "p1": -0.0007336625503376127,
      "p5": -0.0004567588213831186,
      "p10": -0.00029102233238518236,
      "p25": 9.731994941830635e-05,
      "median": 0.00048103975132107735,
      "p75": 0.0009286653948947787,
      "p90": 0.0013464951422065496,
      "p95": 0.0014769859379157417,
      "p99": 0.0017392034642398355,
      "p99.9": 0.0017551442054100335
    },
    "send_duration": 20.14003518410027,
    "requested_rate": 10.0,
    "achieved_rate": 9.930469245549867
  },
  "successes": {
    "count": 200,
    "latency": {
      "request_latency": {
        "mean": 21.992139237511438,
        "min": 8.27473322302103,
        "max": 34.07192995492369,
        "p0.1": 8.280091230539139,
        "p1": 8.33266285056714,
        "p5": 9.47799805079121,
        "p10": 10.305615826370195,
        "p25": 12.155595271615312,
        "median": 24.172815680271015,
        "p75": 28.18743579031434,
        "p90": 32.411020611599085,
        "p95": 33.2161055265693,
        "p99": 33.907750318301844,
        "p99.9": 34.057763224700466
      },
      "normalized_time_per_output_token": {
        "mean": 0.022055959287475328,
        "min": 0.00831631479700606,
        "max": 0.03431211475823131,
        "p0.1": 0.008318369074066141,
        "p1": 0.00835773605874337,
        "p5": 0.009496517295348632,
        "p10": 0.01032833092900654,
        "p25": 0.012167695010742023,
        "median": 0.024286213188809615,
        "p75": 0.028363865316339342,
        "p90": 0.03245167151689942,
        "p95": 0.03327322396398565,
        "p99": 0.03410359123392682,
        "p99.9": 0.03428129119178036
      },
      "time_per_output_token": {
        "mean": 0.021639755017245556,
        "min": 0.008079957139678299,
        "max": 0.03380837689386681,
        "p0.1": 0.00809130140041327,
        "p1": 0.008140977656636388,
        "p5": 0.009303908922872507,
        "p10": 0.010018651733594015,
        "p25": 0.011860104891704396,
        "median": 0.023750432393280792,
        "p75": 0.02778635574365035,
        "p90": 0.03186574566275813,
        "p95": 0.032720128579623996,
        "p99": 0.0335699756595213,
        "p99.9": 0.03378784745747643
      },
      "time_to_first_token": {
        "mean": 0.36046930122422055,
        "min": 0.05923073086887598,
        "max": 1.2408525473438203,
        "p0.1": 0.05956700645573437,
        "p1": 0.06093823147471994,
        "p5": 0.06943640515673906,
        "p10": 0.10289577841758728,
        "p25": 0.1633735642535612,
        "median": 0.44140982697717845,
        "p75": 0.4713617422385141,
        "p90": 0.6091730394866317,
        "p95": 0.7720278909197074,
        "p99": 0.884680492817423,
        "p99.9": 1.196458745917309
      },
      "inter_token_latency": {
        "mean": 0.021636015065095045,
        "min": 5.48316165804863e-06,
        "max": 0.4985259952954948,
        "p0.1": 5.862241145223379e-06,
        "p1": 7.319264113903046e-06,
        "p5": 0.00647538984194398,
        "p10": 0.0075228077359497545,
        "p25": 0.009602549253031611,
        "median": 0.011991959298029542,
        "p75": 0.029048672528006136,
        "p90": 0.03077933005988598,
        "p95": 0.03137874461244792,
        "p99": 0.11356629654299447,
        "p99.9": 0.43178320554411037
      }
    },
    "throughput": {
      "input_tokens_per_sec": 31571.422500149685,
      "output_tokens_per_sec": 4172.228480730878,
      "total_tokens_per_sec": 35743.650980880564,
      "requests_per_sec": 4.183188434429082
    },
    "prompt_len": {
      "mean": 7547.215,
      "min": 7496.0,
      "max": 7613.0,
      "p0.1": 7496.199,
      "p1": 7497.99,
      "p5": 7506.0,
      "p10": 7513.9,
      "p25": 7529.75,
      "median": 7547.5,
      "p75": 7565.0,
      "p90": 7582.0,
      "p95": 7585.05,
      "p99": 7610.02,
      "p99.9": 7612.801
    },
    "output_len": {
      "mean": 997.38,
      "min": 933.0,
      "max": 1009.0,
      "p0.1": 938.771,
      "p1": 979.82,
      "p5": 992.0,
      "p10": 993.9,
      "p25": 996.0,
      "median": 998.0,
      "p75": 1000.0,
      "p90": 1002.0,
      "p95": 1004.0,
      "p99": 1007.0,
      "p99.9": 1008.6020000000001
    }
  },
  "failures": {
    "count": 0,
    "request_latency": null,
    "prompt_len": null
  }
}