{
  "load_summary": {
    "count": 750,
    "schedule_delay": {
      "mean": 0.0006379430145025253,
      "min": -0.000997212715446949,
      "max": 0.01295380899682641,
      "p0.1": -0.0009418302397243679,
      "p1": -0.0006300404947251081,
      "p5": -0.00039550124201923607,
      "p10": -0.0001763054635375738,
      "p25": 0.00018649292178452015,
      "median": 0.000603589927777648,
      "p75": 0.001071828417479992,
      "p90": 0.0014484322629868985,
      "p95": 0.00164144851732999,
      "p99": 0.0020251503959298135,
      "p99.9": 0.005011240561028035
    },
    "send_duration": 48.970329789910465,
    "requested_rate": 15.0,
    "achieved_rate": 15.315396143289302
  },
  "successes": {
    "count": 750,
    "latency": {
      "request_latency": {
        "mean": 55.92505688463276,
        "min": 28.248867868911475,
        "max": 82.76404274534434,
        "p0.1": 29.423059972564225,
        "p1": 35.654931751866826,
        "p5": 40.389280501171015,
        "p10": 42.25339108677581,
        "p25": 47.75505995878484,
        "median": 55.79751393687911,
        "p75": 62.90461729688104,
        "p90": 68.35039899460972,
        "p95": 74.6954385216115,
        "p99": 81.64231464992277,
        "p99.9": 82.58292701241749
      },
      "normalized_time_per_output_token": {
        "mean": 0.056041119990439,
        "min": 0.028305478826564603,
        "max": 0.08273882517047458,
        "p0.1": 0.029504468703489224,
        "p1": 0.03561962157893122,
        "p5": 0.04040053464757372,
        "p10": 0.04232446716685609,
        "p25": 0.04792359950787899,
        "median": 0.05605719126518474,
        "p75": 0.06295300223499756,
        "p90": 0.06852731152353932,
        "p95": 0.07492019911896841,
        "p99": 0.08179126564222705,
        "p99.9": 0.08270046343776512
      },
      "time_per_output_token": {
        "mean": 0.05507235795840165,
        "min": 0.027970469641964882,
        "max": 0.08227870347583667,
        "p0.1": 0.02891331226565037,
        "p1": 0.03522926019879989,
        "p5": 0.03914648115826249,
        "p10": 0.04134203970707022,
        "p25": 0.046981892956847834,
        "median": 0.05505170294027495,
        "p75": 0.061669163800494683,
        "p90": 0.0673745660073124,
        "p95": 0.07363685727633999,
        "p99": 0.07996536946773529,
        "p99.9": 0.08207832512604309
      },
      "time_to_first_token": {
        "mean": 0.8588296809606254,
        "min": 0.19456777861341834,
        "max": 2.2330808308906853,
        "p0.1": 0.1972461117473431,
        "p1": 0.2125020138034597,
        "p5": 0.2631337706698105,
        "p10": 0.4484417005442083,
        "p25": 0.5263965540798381,
        "median": 0.7441480550915003,
        "p75": 1.1224303169874474,
        "p90": 1.5508439981844278,
        "p95": 1.7602824582951142,
        "p99": 2.085079309120774,
        "p99.9": 2.186057604108943
      },
      "inter_token_latency": {
        "mean": 0.05507335597280016,
        "min": 5.395151674747467e-06,
        "max": 0.764445757959038,
        "p0.1": 6.085002794861793e-06,
        "p1": 9.614452719688416e-06,
        "p5": 0.01208084644749761,
        "p10": 0.030254437495023014,
        "p25": 0.03567219013348222,
        "median": 0.0421136892400682,
        "p75": 0.04520273394882679,
        "p90": 0.058895090501755475,
        "p95": 0.06970461988821604,
        "p99": 0.4530167696811256,
        "p99.9": 0.4979775174651297
      }
    },
    "throughput": {
      "input_tokens_per_sec": 57114.28408763773,
      "output_tokens_per_sec": 7552.230558916887,
      "total_tokens_per_sec": 64666.51464655462,
      "requests_per_sec": 7.568062946601177
    },
    "prompt_len": {
      "mean": 7546.750666666667,
      "min": 7479.0,
      "max": 7615.0,
      "p0.1": 7479.749,
      "p1": 7493.49,
      "p5": 7508.0,
      "p10": 7516.0,
      "p25": 7531.25,
      "median": 7546.0,
      "p75": 7563.0,
      "p90": 7577.0,
      "p95": 7585.0,
      "p99": 7599.02,
      "p99.9": 7613.502
    },
    "output_len": {
      "mean": 997.908,
      "min": 836.0,
      "max": 1011.0,
      "p0.1": 922.135,
      "p1": 983.0,
      "p5": 992.0,
      "p10": 994.0,
      "p25": 996.0,
      "median": 998.0,
      "p75": 1000.0,
      "p90": 1002.0,
      "p95": 1004.0,
      "p99": 1007.0,
      "p99.9": 1009.5020000000002
    }
  },
  "failures": {
    "count": 0,
    "request_latency": null,
    "prompt_len": null
  }
}