{
  "load_summary": {
    "count": 300,
    "schedule_delay": {
      "mean": 0.0005180372235675652,
      "min": -0.000785275362432003,
      "max": 0.0021000667475163937,
      "p0.1": -0.0007630873746238649,
      "p1": -0.0006024410482496023,
      "p5": -0.0003058684756979346,
      "p10": -0.00011271275579929347,
      "p25": 0.00020737561862915754,
      "median": 0.0005334527231752872,
      "p75": 0.0008569556521251798,
      "p90": 0.001148791052401066,
      "p95": 0.0012775351526215673,
      "p99": 0.001532262349501252,
      "p99.9": 0.0019899059548042796
    },
    "send_duration": 18.68641476891935,
    "requested_rate": 15.0,
    "achieved_rate": 16.054444028449083
  },
  "successes": {
    "count": 300,
    "latency": {
      "request_latency": {
        "mean": 31.488435116720698,
        "min": 14.084778133314103,
        "max": 38.75053830910474,
        "p0.1": 15.49747490585316,
        "p1": 20.54421169778332,
        "p5": 22.8036503598094,
        "p10": 24.979270236892628,
        "p25": 28.284489720943384,
        "median": 32.178010110743344,
        "p75": 34.9151828676695,
        "p90": 37.112259122217075,
        "p95": 37.8995178024983,
        "p99": 38.542043330953454,
        "p99.9": 38.72646453698026
      },
      "normalized_time_per_output_token": {
        "mean": 0.03155343141224649,
        "min": 0.014127159612150554,
        "max": 0.03886713972828961,
        "p0.1": 0.015555445857363744,
        "p1": 0.020565372687219554,
        "p5": 0.022982674078782007,
        "p10": 0.02519114918639621,
        "p25": 0.028395838309396713,
        "median": 0.03225033369722435,
        "p75": 0.03495482944305818,
        "p90": 0.03711277782204372,
        "p95": 0.03793138867154922,
        "p99": 0.03866778632189147,
        "p99.9": 0.038850790684662455
      },
      "time_per_output_token": {
        "mean": 0.031050978467730476,
        "min": 0.01390308697288856,
        "max": 0.03824996997788548,
        "p0.1": 0.015164004107376096,
        "p1": 0.02044722787065897,
        "p5": 0.02271166519157123,
        "p10": 0.02478119371929206,
        "p25": 0.028073614140157587,
        "median": 0.03171487698797136,
        "p75": 0.03445509857195429,
        "p90": 0.036754168702848256,
        "p95": 0.03747297002002597,
        "p99": 0.03818510583741125,
        "p99.9": 0.038232572178781496
      },
      "time_to_first_token": {
        "mean": 0.4225616154105713,
        "min": 0.06050215009599924,
        "max": 1.6425691372714937,
        "p0.1": 0.06050377661269158,
        "p1": 0.06577786847949028,
        "p5": 0.08599142697639764,
        "p10": 0.1156535412184894,
        "p25": 0.18489511229563504,
        "median": 0.44344158563762903,
        "p75": 0.5369106078287587,
        "p90": 0.8269961799029261,
        "p95": 0.9678021288476885,
        "p99": 1.3161762932548287,
        "p99.9": 1.607436569554268
      },
      "inter_token_latency": {
        "mean": 0.031051000454075692,
        "min": 5.413778126239777e-06,
        "max": 0.7213726099580526,
        "p0.1": 5.935128778219223e-06,
        "p1": 7.636807858943938e-06,
        "p5": 0.007794059161096811,
        "p10": 0.009989457204937935,
        "p25": 0.027961534913629293,
        "median": 0.03058628598228097,
        "p75": 0.03227304480969906,
        "p90": 0.03372419495135546,
        "p95": 0.03460588408634067,
        "p99": 0.17139836838468858,
        "p99.9": 0.432662018083036
      }
    },
    "throughput": {
      "input_tokens_per_sec": 45414.883793495675,
      "output_tokens_per_sec": 6005.412159687603,
      "total_tokens_per_sec": 51420.29595318328,
      "requests_per_sec": 6.018210888176458
    },
    "prompt_len": {
      "mean": 7546.243333333333,
      "min": 7486.0,
      "max": 7613.0,
      "p0.1": 7488.093,
      "p1": 7496.99,
      "p5": 7506.0,
      "p10": 7514.0,
      "p25": 7531.0,
      "median": 7546.0,
      "p75": 7562.0,
      "p90": 7578.0,
      "p95": 7585.0,
      "p99": 7606.04,
      "p99.9": 7612.701
    },
    "output_len": {
      "mean": 997.8733333333333,
      "min": 969.0,
      "max": 1006.0,
      "p0.1": 969.598,
      "p1": 978.93,
      "p5": 992.0,
      "p10": 993.0,
      "p25": 996.0,
      "median": 999.0,
      "p75": 1001.0,
      "p90": 1002.0,
      "p95": 1003.0,
      "p99": 1005.0,
      "p99.9": 1006.0
    }
  },
  "failures": {
    "count": 0,
    "request_latency": null,
    "prompt_len": null
  }
}