{
  "load_summary": {
    "count": 6935,
    "schedule_delay": {
      "mean": 0.00043327439376290703,
      "min": -0.0017499970272183418,
      "max": 0.01295380899682641,
      "p0.1": -0.0009531768662855029,
      "p1": -0.0007314246613532305,
      "p5": -0.0004480035044252872,
      "p10": -0.0002635424025356769,
      "p25": 5.610543303191662e-05,
      "median": 0.00042452383786439896,
      "p75": 0.0007941639050841331,
      "p90": 0.0011276488192379476,
      "p95": 0.0013195037841796874,
      "p99": 0.0016820436436682925,
      "p99.9": 0.002364584416151209
    }
  },
  "successes": {
    "count": 6934,
    "latency": {
      "request_latency": {
        "mean": 61.42487806470291,
        "min": 6.281162166036665,
        "max": 103.0145880500786,
        "p0.1": 6.886297602323816,
        "p1": 9.470379761043004,
        "p5": 29.3786527186865,
        "p10": 35.52278023450636,
        "p25": 44.26956854190212,
        "median": 64.33393957070075,
        "p75": 78.30708716064692,
        "p90": 88.18897152240388,
        "p95": 92.52730571960565,
        "p99": 98.44038082822692,
        "p99.9": 102.85973834645051
      },
      "normalized_time_per_output_token": {
        "mean": 0.06154720384248153,
        "min": 0.006312725795011724,
        "max": 0.10369792109878671,
        "p0.1": 0.006892239755634761,
        "p1": 0.009482996968534153,
        "p5": 0.02942289764123735,
        "p10": 0.03553609099648709,
        "p25": 0.044330818409535414,
        "median": 0.06445974491554751,
        "p75": 0.07848017435109071,
        "p90": 0.08842434531355464,
        "p95": 0.09272416819295393,
        "p99": 0.09872734834311599,
        "p99.9": 0.1030177704229591
      },
      "time_per_output_token": {
        "mean": 0.06068297158060953,
        "min": 0.006163114151917398,
        "max": 0.10260701708123088,
        "p0.1": 0.006497556753674522,
        "p1": 0.009098283018120564,
        "p5": 0.029120955027034507,
        "p10": 0.03509561420264654,
        "p25": 0.04371924014005345,
        "median": 0.06358229447226041,
        "p75": 0.07758559722080827,
        "p90": 0.08680689592412673,
        "p95": 0.09131975587944034,
        "p99": 0.09741313495568,
        "p99.9": 0.10163856844987208
      },
      "time_to_first_token": {
        "mean": 0.7282963638785686,
        "min": 0.04024871997535229,
        "max": 4.0504047381691635,
        "p0.1": 0.054084357266314324,
        "p1": 0.06586886110249907,
        "p5": 0.11183346444740892,
        "p10": 0.15460022846236826,
        "p25": 0.25628761341795325,
        "median": 0.5308053537737578,
        "p75": 0.9332581423223019,
        "p90": 1.6144328071735798,
        "p95": 2.11448406970594,
        "p99": 3.121319310967811,
        "p99.9": 3.6812038382017427
      },
      "inter_token_latency": {
        "mean": 0.06068563503052798,
        "min": 5.325768142938614e-06,
        "max": 1.2453887169249356,
        "p0.1": 6.075017154216766e-06,
        "p1": 9.12277027964592e-06,
        "p5": 0.009959348058328033,
        "p10": 0.028812848124653102,
        "p25": 0.03682824317365885,
        "median": 0.04745382210239768,
        "p75": 0.07275522430427372,
        "p90": 0.07927773678675294,
        "p95": 0.08392092459835111,
        "p99": 0.43717052376829085,
        "p99.9": 0.5940008142627777
      }
    },
    "throughput": {
      "input_tokens_per_sec": 70917.74847807591,
      "output_tokens_per_sec": 9378.447580122256,
      "total_tokens_per_sec": 80296.19605819817,
      "requests_per_sec": 9.3971918201084
    },
    "prompt_len": {
      "mean": 7546.695846553216,
      "min": 7479.0,
      "max": 7615.0,
      "p0.1": 7479.933,
      "p1": 7493.33,
      "p5": 7508.0,
      "p10": 7516.0,
      "p25": 7531.0,
      "median": 7546.0,
      "p75": 7563.0,
      "p90": 7577.7,
      "p95": 7585.0,
      "p99": 7601.0,
      "p99.9": 7613.0
    },
    "output_len": {
      "mean": 998.0053360253821,
      "min": 836.0,
      "max": 1013.0,
      "p0.1": 941.397,
      "p1": 982.0,
      "p5": 992.0,
      "p10": 994.0,
      "p25": 996.0,
      "median": 998.0,
      "p75": 1001.0,
      "p90": 1003.0,
      "p95": 1004.0,
      "p99": 1006.0,
      "p99.9": 1010.0
    }
  },
  "failures": {
    "count": 1,
    "request_latency": {
      "mean": 0.003255849704146385,
      "min": 0.003255849704146385,
      "max": 0.003255849704146385,
      "p0.1": 0.003255849704146385,
      "p1": 0.003255849704146385,
      "p5": 0.003255849704146385,
      "p10": 0.003255849704146385,
      "p25": 0.003255849704146385,
      "median": 0.003255849704146385,
      "p75": 0.003255849704146385,
      "p90": 0.003255849704146385,
      "p95": 0.003255849704146385,
      "p99": 0.003255849704146385,
      "p99.9": 0.003255849704146385
    },
    "prompt_len": {
      "mean": 0.0,
      "min": 0.0,
      "max": 0.0,
      "p0.1": 0.0,
      "p1": 0.0,
      "p5": 0.0,
      "p10": 0.0,
      "p25": 0.0,
      "median": 0.0,
      "p75": 0.0,
      "p90": 0.0,
      "p95": 0.0,
      "p99": 0.0,
      "p99.9": 0.0
    }
  }
}