{
  "load_summary": {
    "count": 900,
    "schedule_delay": {
      "mean": 0.0005332198609701461,
      "min": -0.0009879181161522865,
      "max": 0.07293667830526829,
      "p0.1": -0.0009640993536449969,
      "p1": -0.000711437314748764,
      "p5": -0.0004344747168943286,
      "p10": -0.00025882013142108917,
      "p25": 6.300851237028837e-05,
      "median": 0.0004076638724654913,
      "p75": 0.0007808114169165492,
      "p90": 0.0010750263463705778,
      "p95": 0.0012739128433167934,
      "p99": 0.0015854111546650526,
      "p99.9": 0.03746422088239787
    },
    "send_duration": 28.609744159970433,
    "requested_rate": 30.0,
    "achieved_rate": 31.45781363746841
  },
  "successes": {
    "count": 900,
    "latency": {
      "request_latency": {
        "mean": 123.7317192939819,
        "min": 45.755279927980155,
        "max": 208.05601334292442,
        "p0.1": 46.19042782644602,
        "p1": 50.48705122829415,
        "p5": 54.72497295544017,
        "p10": 58.252301327232274,
        "p25": 73.00491820543539,
        "median": 120.48021642887034,
        "p75": 160.24419095297344,
        "p90": 198.1633978463244,
        "p95": 200.76435582167468,
        "p99": 206.80175078054424,
        "p99.9": 207.9702437465894
      },
      "normalized_time_per_output_token": {
        "mean": 0.12311765514973956,
        "min": 0.00599136056473937,
        "max": 0.23148207245412603,
        "p0.1": 0.006005719336720892,
        "p1": 0.02329962295967176,
        "p5": 0.052760286185267395,
        "p10": 0.058456911138478486,
        "p25": 0.07296872361367587,
        "median": 0.12085153919014122,
        "p75": 0.16081844054430006,
        "p90": 0.1988820014843593,
        "p95": 0.2029100735626626,
        "p99": 0.20830661724558863,
        "p99.9": 0.21772816471083825
      },
      "time_per_output_token": {
        "mean": 0.060290450931704195,
        "min": 0.010379668788984418,
        "max": 0.12715238790679723,
        "p0.1": 0.010379826483367011,
        "p1": 0.02493075785332825,
        "p5": 0.028777769482252188,
        "p10": 0.03805222095167264,
        "p25": 0.055109341751784086,
        "median": 0.059083758546737954,
        "p75": 0.06719798936450389,
        "p90": 0.07689879409959541,
        "p95": 0.0912038188189268,
        "p99": 0.11800646076118108,
        "p99.9": 0.12629970726548426
      },
      "time_to_first_token": {
        "mean": 63.411813661223796,
        "min": 0.12214280385524035,
        "max": 197.55194061482325,
        "p0.1": 0.12530272060912104,
        "p1": 0.16096717943903058,
        "p5": 0.4672194690676406,
        "p10": 0.8553397600073369,
        "p25": 2.3086500302888453,
        "median": 58.5803081933409,
        "p75": 103.43258136545774,
        "p90": 149.05943092429078,
        "p95": 153.6215496497927,
        "p99": 171.63618106844834,
        "p99.9": 197.42057302205686
      },
      "inter_token_latency": {
        "mean": 0.06029045093170419,
        "min": 5.37605956196785e-06,
        "max": 58.17493479605764,
        "p0.1": 5.743931978940964e-06,
        "p1": 6.2873587012290955e-06,
        "p5": 8.31063371151686e-06,
        "p10": 0.013739554258063438,
        "p25": 0.03701570094563067,
        "median": 0.047691500280052423,
        "p75": 0.053727889782749116,
        "p90": 0.06326668397523463,
        "p95": 0.07766660233028232,
        "p99": 0.4750935520511121,
        "p99.9": 1.1432520117629508
      }
    },
    "throughput": {
      "input_tokens_per_sec": 28757.62177578319,
      "output_tokens_per_sec": 4168.477056500614,
      "total_tokens_per_sec": 32926.0988322838,
      "requests_per_sec": 3.8112370990801665
    },
    "prompt_len": {
      "mean": 7545.482222222222,
      "min": 7464.0,
      "max": 7621.0,
      "p0.1": 7464.0,
      "p1": 7487.0,
      "p5": 7501.0,
      "p10": 7510.9,
      "p25": 7529.0,
      "median": 7547.0,
      "p75": 7563.0,
      "p90": 7576.0,
      "p95": 7585.0,
      "p99": 7596.01,
      "p99.9": 7612.9090000000015
    },
    "output_len": {
      "mean": 1093.7333333333333,
      "min": 517.0,
      "max": 8569.0,
      "p0.1": 840.64,
      "p1": 963.98,
      "p5": 984.0,
      "p10": 988.0,
      "p25": 993.0,
      "median": 995.0,
      "p75": 997.0,
      "p90": 999.0,
      "p95": 1000.0,
      "p99": 8504.18,
      "p99.9": 8565.404
    }
  },
  "failures": {
    "count": 0,
    "request_latency": null,
    "prompt_len": null
  }
}