{
  "load_summary": {
    "count": 300,
    "schedule_delay": {
      "mean": 0.0005347997508943081,
      "min": -0.000770143698900938,
      "max": 0.0019012605771422386,
      "p0.1": -0.0007300927094183862,
      "p1": -0.0005651474231854082,
      "p5": -0.0003476949408650398,
      "p10": -0.00018873549997806545,
      "p25": 0.00017758540343493223,
      "median": 0.0005427943542599678,
      "p75": 0.0009284141706302762,
      "p90": 0.0012407849077135326,
      "p95": 0.0013695192057639363,
      "p99": 0.001635100045241415,
      "p99.9": 0.001886923087295146
    },
    "send_duration": 18.529020401649177,
    "requested_rate": 15.0,
    "achieved_rate": 16.190818159674457
  },
  "successes": {
    "count": 300,
    "latency": {
      "request_latency": {
        "mean": 49.71276727553767,
        "min": 26.11853219429031,
        "max": 74.0945412190631,
        "p0.1": 26.972498334286268,
        "p1": 30.244000991797076,
        "p5": 36.71073780679144,
        "p10": 39.23767879861407,
        "p25": 44.24999505607411,
        "median": 49.623159871669486,
        "p75": 51.75067214248702,
        "p90": 68.12328462339937,
        "p95": 71.32850752337836,
        "p99": 73.46802220216021,
        "p99.9": 73.97969757619222
      },
      "normalized_time_per_output_token": {
        "mean": 0.04926967585664803,
        "min": 0.005799618043155279,
        "max": 0.07483294291166484,
        "p0.1": 0.005812709282461182,
        "p1": 0.006124236138732536,
        "p5": 0.03364716934715911,
        "p10": 0.03879716590991322,
        "p25": 0.04416542159126737,
        "median": 0.04969840576636179,
        "p75": 0.052093107832442406,
        "p90": 0.06834200473150438,
        "p95": 0.07192637806831689,
        "p99": 0.07385304088857528,
        "p99.9": 0.07472348878459452
      },
      "time_per_output_token": {
        "mean": 0.04546646412781948,
        "min": 0.01621277777431533,
        "max": 0.07129445724096149,
        "p0.1": 0.01655673688192233,
        "p1": 0.02750275447102264,
        "p5": 0.029435775397787804,
        "p10": 0.030514546347409487,
        "p25": 0.04212139683496207,
        "median": 0.04744340657349676,
        "p75": 0.050102736936183646,
        "p90": 0.05139211561353877,
        "p95": 0.05791672708527187,
        "p99": 0.06964371557841077,
        "p99.9": 0.07113252081469075
      },
      "time_to_first_token": {
        "mean": 4.217087853530733,
        "min": 0.05091439001262188,
        "max": 43.16463041910902,
        "p0.1": 0.05117492576828227,
        "p1": 0.053269547633826735,
        "p5": 0.06851713708601892,
        "p10": 0.08895523357205093,
        "p25": 0.11625393200665712,
        "median": 0.29189193714410067,
        "p75": 2.216310877702199,
        "p90": 4.958332087332384,
        "p95": 40.50899933318142,
        "p99": 42.70530177520122,
        "p99.9": 43.128865608258174
      },
      "inter_token_latency": {
        "mean": 0.045466674080347255,
        "min": 5.3551048040390015e-06,
        "max": 40.80215684091672,
        "p0.1": 5.726700648665428e-06,
        "p1": 6.3711777329444885e-06,
        "p5": 8.27619805932045e-06,
        "p10": 0.008158626966178417,
        "p25": 0.025507306680083275,
        "median": 0.03833792172372341,
        "p75": 0.046611727215349674,
        "p90": 0.05118016870692374,
        "p95": 0.05670498535037042,
        "p99": 0.41265409393235863,
        "p99.9": 1.1027497538272326
      }
    },
    "throughput": {
      "input_tokens_per_sec": 26217.171772763988,
      "output_tokens_per_sec": 3889.2105454694088,
      "total_tokens_per_sec": 30106.382318233398,
      "requests_per_sec": 3.4741741240321184
    },
    "prompt_len": {
      "mean": 7546.303333333333,
      "min": 7464.0,
      "max": 7602.0,
      "p0.1": 7467.887,
      "p1": 7488.98,
      "p5": 7504.0,
      "p10": 7513.7,
      "p25": 7530.75,
      "median": 7549.0,
      "p75": 7563.25,
      "p90": 7576.0,
      "p95": 7583.05,
      "p99": 7593.04,
      "p99.9": 7600.505
    },
    "output_len": {
      "mean": 1119.4633333333334,
      "min": 935.0,
      "max": 8557.0,
      "p0.1": 944.269,
      "p1": 972.97,
      "p5": 985.0,
      "p10": 988.0,
      "p25": 992.0,
      "median": 995.0,
      "p75": 997.0,
      "p90": 999.0,
      "p95": 1000.0,
      "p99": 8526.21,
      "p99.9": 8556.103
    }
  },
  "failures": {
    "count": 0,
    "request_latency": null,
    "prompt_len": null
  }
}