{
  "load_summary": {
    "count": 600,
    "schedule_delay": {
      "mean": 0.00042713801997403304,
      "min": -0.0008933995850384235,
      "max": 0.0017619947902858257,
      "p0.1": -0.0008572308667935431,
      "p1": -0.0006952490517869592,
      "p5": -0.00042739927303045986,
      "p10": -0.0002495609689503908,
      "p25": 6.126961670815945e-05,
      "median": 0.00041413726285099983,
      "p75": 0.0008100252598524094,
      "p90": 0.0011384266894310716,
      "p95": 0.0012482534395530818,
      "p99": 0.0015432236809283491,
      "p99.9": 0.0017144716233015113
    },
    "send_duration": 29.897499496117234,
    "requested_rate": 20.0,
    "achieved_rate": 20.068567944216255
  },
  "successes": {
    "count": 600,
    "latency": {
      "request_latency": {
        "mean": 85.75353065457661,
        "min": 35.41783799463883,
        "max": 140.3904299940914,
        "p0.1": 36.04663687913492,
        "p1": 39.469573856499046,
        "p5": 50.055814371351154,
        "p10": 53.7745563314762,
        "p25": 59.776841055369005,
        "median": 76.83063685591333,
        "p75": 111.16357545368373,
        "p90": 124.16987623223103,
        "p95": 136.1526827605674,
        "p99": 140.12265184840652,
        "p99.9": 140.38972839504154
      },
      "normalized_time_per_output_token": {
        "mean": 0.08579483821178226,
        "min": 0.0063401835596156005,
        "max": 0.145290882429011,
        "p0.1": 0.0063487633348770596,
        "p1": 0.03550714653529815,
        "p5": 0.04993756888382862,
        "p10": 0.053501873712796084,
        "p25": 0.05989809888988949,
        "median": 0.07755104734792415,
        "p75": 0.1121647291062346,
        "p90": 0.12482977758396246,
        "p95": 0.13684690069147373,
        "p99": 0.14218845170693034,
        "p99.9": 0.14443521363181364
      },
      "time_per_output_token": {
        "mean": 0.05486738564603381,
        "min": 0.018148519050795585,
        "max": 0.1032423854554072,
        "p0.1": 0.018148519784663336,
        "p1": 0.020125955301434732,
        "p5": 0.032183635765896175,
        "p10": 0.03611408408344723,
        "p25": 0.048785302209318614,
        "median": 0.056054300019284714,
        "p75": 0.06170634679775685,
        "p90": 0.06634027585093863,
        "p95": 0.07919049468701703,
        "p99": 0.09354330379437654,
        "p99.9": 0.102578439250419
      },
      "time_to_first_token": {
        "mean": 30.857727706336107,
        "min": 0.0517696738243103,
        "max": 106.21742046065629,
        "p0.1": 0.0545446113361977,
        "p1": 0.07666736991144717,
        "p5": 0.12148694221396,
        "p10": 0.15965474317781628,
        "p25": 0.6830750264925882,
        "median": 5.3081168725620955,
        "p75": 50.31562880624551,
        "p90": 85.78818046930246,
        "p95": 103.61039996955078,
        "p99": 105.74245856785681,
        "p99.9": 106.15645309751109
      },
      "inter_token_latency": {
        "mean": 0.054867682098280364,
        "min": 5.395151674747467e-06,
        "max": 49.83255114965141,
        "p0.1": 5.7299621403217316e-06,
        "p1": 6.285961717367172e-06,
        "p5": 8.36281105875969e-06,
        "p10": 0.013709923345595598,
        "p25": 0.031602200120687485,
        "median": 0.045339384116232395,
        "p75": 0.05158717790618539,
        "p90": 0.05977815259248018,
        "p95": 0.07212928226217627,
        "p99": 0.45506005108356495,
        "p99.9": 1.1978552671708371
      }
    },
    "throughput": {
      "input_tokens_per_sec": 27375.598856614684,
      "output_tokens_per_sec": 3878.5167224050647,
      "total_tokens_per_sec": 31254.115579019748,
      "requests_per_sec": 3.628189769274005
    },
    "prompt_len": {
      "mean": 7545.25,
      "min": 7464.0,
      "max": 7621.0,
      "p0.1": 7471.787,
      "p1": 7487.0,
      "p5": 7501.95,
      "p10": 7510.9,
      "p25": 7528.75,
      "median": 7547.0,
      "p75": 7562.0,
      "p90": 7576.1,
      "p95": 7586.0,
      "p99": 7596.01,
      "p99.9": 7615.609
    },
    "output_len": {
      "mean": 1068.995,
      "min": 933.0,
      "max": 8567.0,
      "p0.1": 944.98,
      "p1": 967.97,
      "p5": 982.0,
      "p10": 988.0,
      "p25": 992.0,
      "median": 995.0,
      "p75": 997.0,
      "p90": 999.0,
      "p95": 1000.0,
      "p99": 1082.879999999932,
      "p99.9": 8559.213000000002
    }
  },
  "failures": {
    "count": 0,
    "request_latency": null,
    "prompt_len": null
  }
}