{
  "load_summary": {
    "count": 1500,
    "schedule_delay": {
      "mean": 0.0004590831715613604,
      "min": -0.0009576380252838135,
      "max": 0.07198990928009152,
      "p0.1": -0.0009146957513876259,
      "p1": -0.0007509440695866943,
      "p5": -0.00045920952688902614,
      "p10": -0.00026388335973024366,
      "p25": 6.0918740928173065e-05,
      "median": 0.0004109127912670374,
      "p75": 0.0007661046693101525,
      "p90": 0.0010719380341470243,
      "p95": 0.001269467850215733,
      "p99": 0.001597598842345178,
      "p99.9": 0.0023472997434439745
    },
    "send_duration": 29.717589529696852,
    "requested_rate": 50.0,
    "achieved_rate": 50.47515709512869
  },
  "successes": {
    "count": 1249,
    "latency": {
      "request_latency": {
        "mean": 163.93090608085038,
        "min": 47.78046812675893,
        "max": 300.61132775619626,
        "p0.1": 47.894212151963266,
        "p1": 50.00002069154754,
        "p5": 57.3820035064593,
        "p10": 64.38823722461238,
        "p25": 103.80552607076243,
        "median": 163.7814444839023,
        "p75": 232.2543915421702,
        "p90": 259.07075441749765,
        "p95": 270.59022828824817,
        "p99": 299.16210664322597,
        "p99.9": 300.53759829253704
      },
      "normalized_time_per_output_token": {
        "mean": 0.16364731499750038,
        "min": 0.0059491635274936255,
        "max": 0.31087003904467037,
        "p0.1": 0.006192606842740268,
        "p1": 0.037877660999237735,
        "p5": 0.057014935202860356,
        "p10": 0.06353006060851475,
        "p25": 0.10404740467276724,
        "median": 0.16450246279793126,
        "p75": 0.23154389289156277,
        "p90": 0.26047005136916684,
        "p95": 0.27260944344289184,
        "p99": 0.30126507113133416,
        "p99.9": 0.306586147797496
      },
      "time_per_output_token": {
        "mean": 0.0634804818097452,
        "min": 0.047369648241903636,
        "max": 0.12845739119919017,
        "p0.1": 0.04744699073369801,
        "p1": 0.04893536896465347,
        "p5": 0.05158064854387194,
        "p10": 0.05327133107557893,
        "p25": 0.05573657725006342,
        "median": 0.06022703014081344,
        "p75": 0.066901266889181,
        "p90": 0.08008667667014524,
        "p95": 0.09450803724108264,
        "p99": 0.12008005997639148,
        "p99.9": 0.12724324776065368
      },
      "time_to_first_token": {
        "mean": 100.42009152731917,
        "min": 0.1306046969257295,
        "max": 241.46696010697633,
        "p0.1": 0.15961411084979774,
        "p1": 0.21406619258224965,
        "p5": 0.8675264519639314,
        "p10": 1.6655050260014834,
        "p25": 7.909720500931144,
        "median": 106.26874837605283,
        "p75": 162.00205776980147,
        "p90": 205.58013559561223,
        "p95": 214.728758800216,
        "p99": 239.90940344570203,
        "p99.9": 241.37704269493
      },
      "inter_token_latency": {
        "mean": 0.0634804818097452,
        "min": 5.407258868217468e-06,
        "max": 61.47743976069614,
        "p0.1": 5.780253559350967e-06,
        "p1": 6.367918103933334e-06,
        "p5": 8.334871381521225e-06,
        "p10": 0.017121596168726702,
        "p25": 0.04322191304527223,
        "median": 0.04933599103242159,
        "p75": 0.05482159764505923,
        "p90": 0.06373599586077035,
        "p95": 0.07624552035704256,
        "p99": 0.4861654690513388,
        "p99.9": 1.279396216809823
      }
    },
    "throughput": {
      "input_tokens_per_sec": 28528.323262721315,
      "output_tokens_per_sec": 4052.551383642072,
      "total_tokens_per_sec": 32580.874646363387,
      "requests_per_sec": 3.7807773619371545
    },
    "prompt_len": {
      "mean": 7545.623698959167,
      "min": 7464.0,
      "max": 7621.0,
      "p0.1": 7467.224,
      "p1": 7487.0,
      "p5": 7501.0,
      "p10": 7510.8,
      "p25": 7529.0,
      "median": 7547.0,
      "p75": 7563.0,
      "p90": 7577.0,
      "p95": 7586.0,
      "p99": 7596.52,
      "p99.9": 7618.768000000002
    },
    "output_len": {
      "mean": 1071.8831064851881,
      "min": 903.0,
      "max": 8572.0,
      "p0.1": 919.72,
      "p1": 963.92,
      "p5": 981.0,
      "p10": 988.0,
      "p25": 993.0,
      "median": 995.0,
      "p75": 997.0,
      "p90": 999.0,
      "p95": 1000.0,
      "p99": 4901.719999999864,
      "p99.9": 8567.256000000001
    }
  },
  "failures": {
    "count": 251,
    "request_latency": {
      "mean": 300.53137417317396,
      "min": 300.0054831318557,
      "max": 301.00141827436164,
      "p0.1": 300.0083368696505,
      "p1": 300.02026989869773,
      "p5": 300.0590119045228,
      "p10": 300.10973233310506,
      "p25": 300.2846295828931,
      "median": 300.54230358591303,
      "p75": 300.77254282543436,
      "p90": 300.9107235511765,
      "p95": 300.9577584762592,
      "p99": 300.9870063595008,
      "p99.9": 301.00051931105554
    },
    "prompt_len": {
      "mean": 0.0,
      "min": 0.0,
      "max": 0.0,
      "p0.1": 0.0,
      "p1": 0.0,
      "p5": 0.0,
      "p10": 0.0,
      "p25": 0.0,
      "median": 0.0,
      "p75": 0.0,
      "p90": 0.0,
      "p95": 0.0,
      "p99": 0.0,
      "p99.9": 0.0
    }
  }
}