{
  "load_summary": {
    "count": 750,
    "schedule_delay": {
      "mean": 0.0004392209618041913,
      "min": -0.0009396933019161224,
      "max": 0.002594104502350092,
      "p0.1": -0.0009021153631620109,
      "p1": -0.0006297352025285363,
      "p5": -0.00037777787074446675,
      "p10": -0.00024211159907281397,
      "p25": 0.00010056968312710524,
      "median": 0.00044278171844780445,
      "p75": 0.0007934655295684934,
      "p90": 0.0010798532981425525,
      "p95": 0.001305533829145133,
      "p99": 0.0015932332165539264,
      "p99.9": 0.002105651288759022
    },
    "send_duration": 30.469252535142004,
    "requested_rate": 25.0,
    "achieved_rate": 24.614978629192834
  },
  "successes": {
    "count": 750,
    "latency": {
      "request_latency": {
        "mean": 105.04993103093965,
        "min": 42.215838158968836,
        "max": 175.51425966015086,
        "p0.1": 42.89272372070094,
        "p1": 50.42498930804897,
        "p5": 53.48081938712858,
        "p10": 57.58266489501111,
        "p25": 65.52107842382975,
        "median": 107.09053789894097,
        "p75": 141.43336196697783,
        "p90": 160.15138024226763,
        "p95": 169.70923361373133,
        "p99": 171.62133527520578,
        "p99.9": 175.4973999627484
      },
      "normalized_time_per_output_token": {
        "mean": 0.10500184183874513,
        "min": 0.0060611110838982,
        "max": 0.1786465225817449,
        "p0.1": 0.006142889196002627,
        "p1": 0.0428296188592759,
        "p5": 0.05283912548377412,
        "p10": 0.05718975011316811,
        "p25": 0.0657772413378041,
        "median": 0.10733223694372562,
        "p75": 0.14205875347732594,
        "p90": 0.16066056172553025,
        "p95": 0.17032610635620088,
        "p99": 0.1735899878694889,
        "p99.9": 0.1772884341529945
      },
      "time_per_output_token": {
        "mean": 0.06020922404059166,
        "min": 0.01279948418633686,
        "max": 0.11238143097842113,
        "p0.1": 0.012799985925482867,
        "p1": 0.018871323626390657,
        "p5": 0.044894992983853445,
        "p10": 0.04960419765226543,
        "p25": 0.05543458138802089,
        "median": 0.05776789685292169,
        "p75": 0.06316223278467079,
        "p90": 0.07195858268318697,
        "p95": 0.09067483257949348,
        "p99": 0.10714299591618588,
        "p99.9": 0.11177351449069574
      },
      "time_to_first_token": {
        "mean": 44.81122607783477,
        "min": 0.11728094192221761,
        "max": 162.56408056197688,
        "p0.1": 0.11994106628280134,
        "p1": 0.133335859621875,
        "p5": 0.25695790131576357,
        "p10": 0.44404797549359504,
        "p25": 1.1018305072793737,
        "median": 49.78847267944366,
        "p75": 91.23576871922705,
        "p90": 107.30084296329878,
        "p95": 110.86171373319812,
        "p99": 140.5232133888267,
        "p99.9": 162.41338417518
      },
      "inter_token_latency": {
        "mean": 0.06020946225941094,
        "min": 5.371402949094772e-06,
        "max": 48.91174767911434,
        "p0.1": 5.734153091907501e-06,
        "p1": 6.26174733042717e-06,
        "p5": 8.118804544210434e-06,
        "p10": 0.011392577178776264,
        "p25": 0.039676621090620756,
        "median": 0.04790116287767887,
        "p75": 0.05358971934765577,
        "p90": 0.06259829644113779,
        "p95": 0.07937569366768003,
        "p99": 0.4736297127977004,
        "p99.9": 1.1989291663691446
      }
    },
    "throughput": {
      "input_tokens_per_sec": 27589.128264994273,
      "output_tokens_per_sec": 3892.3828587124763,
      "total_tokens_per_sec": 31481.51112370675,
      "requests_per_sec": 3.6564996299199217
    },
    "prompt_len": {
      "mean": 7545.229333333334,
      "min": 7464.0,
      "max": 7621.0,
      "p0.1": 7473.737,
      "p1": 7487.0,
      "p5": 7501.45,
      "p10": 7510.0,
      "p25": 7529.0,
      "median": 7547.0,
      "p75": 7562.0,
      "p90": 7576.0,
      "p95": 7585.0,
      "p99": 7595.51,
      "p99.9": 7614.259000000001
    },
    "output_len": {
      "mean": 1064.5106666666666,
      "min": 911.0,
      "max": 8573.0,
      "p0.1": 943.956,
      "p1": 973.0,
      "p5": 984.0,
      "p10": 989.0,
      "p25": 993.0,
      "median": 995.0,
      "p75": 997.0,
      "p90": 999.0,
      "p95": 1000.0,
      "p99": 1007.55,
      "p99.9": 8567.008000000002
    }
  },
  "failures": {
    "count": 0,
    "request_latency": null,
    "prompt_len": null
  }
}