{
  "load_summary": {
    "count": 200,
    "schedule_delay": {
      "mean": 0.0005971710407175123,
      "min": -0.0006803171709179878,
      "max": 0.0018798909150063992,
      "p0.1": -0.0006622655326500535,
      "p1": -0.0005808656942099333,
      "p5": -0.0002654464915394783,
      "p10": -3.5311700776219335e-05,
      "p25": 0.00025656481739133596,
      "median": 0.000618660356849432,
      "p75": 0.00093304761685431,
      "p90": 0.0012612758670002221,
      "p95": 0.0015148471808060996,
      "p99": 0.0018108014995232222,
      "p99.9": 0.0018710833257064232
    },
    "send_duration": 22.34753009257838,
    "requested_rate": 10.0,
    "achieved_rate": 8.949534877969358
  },
  "successes": {
    "count": 200,
    "latency": {
      "request_latency": {
        "mean": 34.497298602997326,
        "min": 14.927359034772962,
        "max": 49.7249305350706,
        "p0.1": 15.31873138776468,
        "p1": 18.925789348580874,
        "p5": 21.343776599434204,
        "p10": 24.735220266971737,
        "p25": 28.780322337755933,
        "median": 32.6283448273316,
        "p75": 43.13867103320081,
        "p90": 47.60151637783274,
        "p95": 48.84276727759279,
        "p99": 49.52465265294537,
        "p99.9": 49.694574420813474
      },
      "normalized_time_per_output_token": {
        "mean": 0.03382814463726314,
        "min": 0.0037799207123698888,
        "max": 0.0502000179493256,
        "p0.1": 0.0037883868119496346,
        "p1": 0.0038228988225474238,
        "p5": 0.020225137208842295,
        "p10": 0.023678583560427045,
        "p25": 0.02882824646816696,
        "median": 0.032104838757596475,
        "p75": 0.043321994169477324,
        "p90": 0.047651117370755815,
        "p95": 0.048728167015670815,
        "p99": 0.049923376314424554,
        "p99.9": 0.05017523066792244
      },
      "time_per_output_token": {
        "mean": 0.03382202342457371,
        "min": 0.014844067357946187,
        "max": 0.04932196462480351,
        "p0.1": 0.015216530740411486,
        "p1": 0.01884321113621816,
        "p5": 0.021240016617137005,
        "p10": 0.024015638479823246,
        "p25": 0.028478834868292325,
        "median": 0.032305983905913306,
        "p75": 0.042408664607210086,
        "p90": 0.04571079954188317,
        "p95": 0.04671362139272968,
        "p99": 0.04899229016954079,
        "p99.9": 0.04928762431367254
      },
      "time_to_first_token": {
        "mean": 0.6459374207328074,
        "min": 0.047883632592856884,
        "max": 4.145946188364178,
        "p0.1": 0.04800290098879487,
        "p1": 0.050661247856915,
        "p5": 0.06141804961953312,
        "p10": 0.06873482707887887,
        "p25": 0.093415557872504,
        "median": 0.29773385263979435,
        "p75": 0.9666952199768275,
        "p90": 1.6844322883989662,
        "p95": 2.138936368678696,
        "p99": 3.7201477400213463,
        "p99.9": 4.094061300571546
      },
      "inter_token_latency": {
        "mean": 0.03382202342457371,
        "min": 5.3639523684978485e-06,
        "max": 7.836002910975367,
        "p0.1": 5.732289981096983e-06,
        "p1": 6.3749030232429504e-06,
        "p5": 8.341856300830841e-06,
        "p10": 0.008076203614473343,
        "p25": 0.01971572742331773,
        "median": 0.029071490047499537,
        "p75": 0.03757614374626428,
        "p90": 0.04500229521654547,
        "p95": 0.04985080552287399,
        "p99": 0.20411090288776926,
        "p99.9": 1.158846270015941
      }
    },
    "throughput": {
      "input_tokens_per_sec": 23207.882701300197,
      "output_tokens_per_sec": 3637.293769578753,
      "total_tokens_per_sec": 26845.17647087895,
      "requests_per_sec": 3.0752073670325446
    },
    "prompt_len": {
      "mean": 7546.77,
      "min": 7464.0,
      "max": 7597.0,
      "p0.1": 7466.587,
      "p1": 7486.9,
      "p5": 7500.95,
      "p10": 7514.0,
      "p25": 7533.75,
      "median": 7550.5,
      "p75": 7563.25,
      "p90": 7574.1,
      "p95": 7582.05,
      "p99": 7592.05,
      "p99.9": 7597.0
    },
    "output_len": {
      "mean": 1182.78,
      "min": 929.0,
      "max": 8564.0,
      "p0.1": 935.368,
      "p1": 972.88,
      "p5": 985.95,
      "p10": 989.9,
      "p25": 993.0,
      "median": 996.0,
      "p75": 997.0,
      "p90": 999.0,
      "p95": 1000.0,
      "p99": 8547.09,
      "p99.9": 8562.408
    }
  },
  "failures": {
    "count": 0,
    "request_latency": null,
    "prompt_len": null
  }
}