{
  "load_summary": {
    "count": 1250,
    "schedule_delay": {
      "mean": 0.00042445061169564725,
      "min": -0.0009513283148407936,
      "max": 0.0021052774973213673,
      "p0.1": -0.0009047277066856623,
      "p1": -0.0007201838213950395,
      "p5": -0.0003821277292445302,
      "p10": -0.00020860391668975353,
      "p25": 7.503374945372343e-05,
      "median": 0.00042736087925732136,
      "p75": 0.0007738700369372964,
      "p90": 0.0010715601034462453,
      "p95": 0.0012468637898564337,
      "p99": 0.0015826482046395539,
      "p99.9": 0.0018586821495555545
    },
    "send_duration": 25.602191425394267,
    "requested_rate": 50.0,
    "achieved_rate": 48.823945545542315
  },
  "successes": {
    "count": 1055,
    "latency": {
      "request_latency": {
        "mean": 46.8446813519254,
        "min": 23.586469200905412,
        "max": 57.6364733139053,
        "p0.1": 24.26852339636162,
        "p1": 28.10291144216433,
        "p5": 34.416903821565214,
        "p10": 40.77460959330201,
        "p25": 44.15783285303041,
        "median": 47.54670763714239,
        "p75": 50.841721252771094,
        "p90": 53.223679912183435,
        "p95": 55.0649571604561,
        "p99": 56.72815621189773,
        "p99.9": 57.40706566283014
      },
      "normalized_time_per_output_token": {
        "mean": 0.04692772837996105,
        "min": 0.023657441525481857,
        "max": 0.057698669684255244,
        "p0.1": 0.024389967477582465,
        "p1": 0.028131675238142327,
        "p5": 0.03448748485364561,
        "p10": 0.0408876880182543,
        "p25": 0.04423608354423237,
        "median": 0.04759430193908147,
        "p75": 0.05089869675633818,
        "p90": 0.05331514214101725,
        "p95": 0.05511327012472959,
        "p99": 0.05683951923329609,
        "p99.9": 0.057633970037734905
      },
      "time_per_output_token": {
        "mean": 0.0443428494282601,
        "min": 0.02335908500896767,
        "max": 0.05412834449624643,
        "p0.1": 0.024093898717116567,
        "p1": 0.027884956426834688,
        "p5": 0.03390896071163006,
        "p10": 0.03933607931537554,
        "p25": 0.0418766517310869,
        "median": 0.04469782297406345,
        "p75": 0.047585546980844814,
        "p90": 0.050264819792006164,
        "p95": 0.051501853311760354,
        "p99": 0.052619895186331124,
        "p99.9": 0.053735188522425516
      },
      "time_to_first_token": {
        "mean": 2.469274664563855,
        "min": 0.09019905282184482,
        "max": 6.571738729719073,
        "p0.1": 0.09460888439137488,
        "p1": 0.1597055712901056,
        "p5": 0.42219275077804924,
        "p10": 0.6632584410719574,
        "p25": 1.311642931541428,
        "median": 2.372387825977057,
        "p75": 3.5025294795632362,
        "p90": 4.60587717005983,
        "p95": 5.07706063259393,
        "p99": 5.839686525575817,
        "p99.9": 6.456353449855
      },
      "inter_token_latency": {
        "mean": 0.04434284942826009,
        "min": 5.385838449001312e-06,
        "max": 3.630024622194469,
        "p0.1": 5.659181624650955e-06,
        "p1": 5.8640725910663605e-06,
        "p5": 6.150919944047928e-06,
        "p10": 6.401911377906799e-06,
        "p25": 7.194932550191879e-06,
        "median": 9.86224040389061e-06,
        "p75": 0.04364707786589861,
        "p90": 0.15390135780908168,
        "p95": 0.22724090681876982,
        "p99": 0.37378278423100714,
        "p99.9": 2.3047485395237093
      }
    },
    "throughput": {
      "input_tokens_per_sec": 104919.13333099315,
      "output_tokens_per_sec": 13880.70890637033,
      "total_tokens_per_sec": 118799.84223736348,
      "requests_per_sec": 13.905197870962033
    },
    "prompt_len": {
      "mean": 7545.317535545024,
      "min": 7483.0,
      "max": 7612.0,
      "p0.1": 7483.378,
      "p1": 7492.54,
      "p5": 7506.0,
      "p10": 7514.0,
      "p25": 7530.0,
      "median": 7544.0,
      "p75": 7563.0,
      "p90": 7578.0,
      "p95": 7584.0,
      "p99": 7598.0,
      "p99.9": 7603.946
    },
    "output_len": {
      "mean": 998.2388625592417,
      "min": 949.0,
      "max": 1010.0,
      "p0.1": 962.594,
      "p1": 987.54,
      "p5": 993.0,
      "p10": 994.0,
      "p25": 996.0,
      "median": 998.0,
      "p75": 1001.0,
      "p90": 1002.0,
      "p95": 1004.0,
      "p99": 1006.0,
      "p99.9": 1008.9460000000001
    }
  },
  "failures": {
    "count": 195,
    "request_latency": {
      "mean": 0.003972363923318111,
      "min": 0.0013301428407430649,
      "max": 0.06512645166367292,
      "p0.1": 0.0013313776748254894,
      "p1": 0.0013541827257722615,
      "p5": 0.0014944793190807104,
      "p10": 0.0015535512007772922,
      "p25": 0.0017945179715752602,
      "median": 0.0033315890468657017,
      "p75": 0.00429392559453845,
      "p90": 0.004629109706729651,
      "p95": 0.004831172991544008,
      "p99": 0.038204587548971235,
      "p99.9": 0.06440306491777305
    },
    "prompt_len": {
      "mean": 0.0,
      "min": 0.0,
      "max": 0.0,
      "p0.1": 0.0,
      "p1": 0.0,
      "p5": 0.0,
      "p10": 0.0,
      "p25": 0.0,
      "median": 0.0,
      "p75": 0.0,
      "p90": 0.0,
      "p95": 0.0,
      "p99": 0.0,
      "p99.9": 0.0
    }
  }
}