{
  "load_summary": {
    "count": 1500,
    "schedule_delay": {
      "mean": 0.0004004865875467658,
      "min": -0.0009908718056976795,
      "max": 0.02890851767733693,
      "p0.1": -0.0009241814143024385,
      "p1": -0.000742492345161736,
      "p5": -0.0004343780456110835,
      "p10": -0.0002460499759763479,
      "p25": 2.220610622316599e-05,
      "median": 0.00036445516161620617,
      "p75": 0.0007357981521636248,
      "p90": 0.0010517607908695939,
      "p95": 0.0012236223323270677,
      "p99": 0.0014549807645380497,
      "p99.9": 0.0019253086866811383
    },
    "send_duration": 23.654896089807153,
    "requested_rate": 60.0,
    "achieved_rate": 63.41181945188705
  },
  "successes": {
    "count": 1499,
    "latency": {
      "request_latency": {
        "mean": 62.03849859881663,
        "min": 24.840142183937132,
        "max": 76.0600290959701,
        "p0.1": 25.181345090312885,
        "p1": 29.78854905936867,
        "p5": 38.49275827687234,
        "p10": 47.02921396885068,
        "p25": 57.20012523815967,
        "median": 65.71510824980214,
        "p75": 69.0479781886097,
        "p90": 71.59935471219941,
        "p95": 73.08115636142902,
        "p99": 74.21373278320767,
        "p99.9": 75.89077996219325
      },
      "normalized_time_per_output_token": {
        "mean": 0.06225172220430541,
        "min": 0.02486500719112826,
        "max": 0.18080109613430168,
        "p0.1": 0.02528272549650521,
        "p1": 0.02976244500745485,
        "p5": 0.038569898073018374,
        "p10": 0.047074863618032384,
        "p25": 0.0572691869077266,
        "median": 0.06585024137180953,
        "p75": 0.06918286096368895,
        "p90": 0.07180629264570731,
        "p95": 0.0731708155450977,
        "p99": 0.07443845114091537,
        "p99.9": 0.07617607554813526
      },
      "time_per_output_token": {
        "mean": 0.05322927601212929,
        "min": 0.024649577016942203,
        "max": 0.0662793059758842,
        "p0.1": 0.025103307636809513,
        "p1": 0.029437512087755788,
        "p5": 0.037858384863985704,
        "p10": 0.04528441818468273,
        "p25": 0.050935151873156434,
        "median": 0.05468332305317745,
        "p75": 0.05719033501204103,
        "p90": 0.06001084004025906,
        "p95": 0.06106685488475486,
        "p99": 0.0630923076665122,
        "p99.9": 0.06606512307037972
      },
      "time_to_first_token": {
        "mean": 8.792817243392902,
        "min": 0.09827856812626123,
        "max": 18.144803615286946,
        "p0.1": 0.13792628980614244,
        "p1": 0.2545670170709491,
        "p5": 0.8316045032348485,
        "p10": 1.439321062900126,
        "p25": 4.022856615949422,
        "median": 8.59503490012139,
        "p75": 13.89889262453653,
        "p90": 15.539841785747559,
        "p95": 16.362836661329492,
        "p99": 17.592343272920697,
        "p99.9": 18.07161123048142
      },
      "inter_token_latency": {
        "mean": 0.053230126958029596,
        "min": 5.370937287807465e-06,
        "max": 4.5735541032627225,
        "p0.1": 5.660112947225571e-06,
        "p1": 5.8603473007678986e-06,
        "p5": 6.138812750577927e-06,
        "p10": 6.375834345817566e-06,
        "p25": 7.109716534614563e-06,
        "median": 9.349081665277481e-06,
        "p75": 0.03800405282527208,
        "p90": 0.19020479517057545,
        "p95": 0.28491243950556944,
        "p99": 0.4622030369658026,
        "p99.9": 2.9994512693318716
      }
    },
    "throughput": {
      "input_tokens_per_sec": 118910.17711852728,
      "output_tokens_per_sec": 15718.443879983399,
      "total_tokens_per_sec": 134628.62099851068,
      "requests_per_sec": 15.757611899956204
    },
    "prompt_len": {
      "mean": 7546.205470313543,
      "min": 7483.0,
      "max": 7612.0,
      "p0.1": 7486.486,
      "p1": 7494.0,
      "p5": 7508.0,
      "p10": 7516.0,
      "p25": 7530.0,
      "median": 7545.0,
      "p75": 7563.0,
      "p90": 7577.0,
      "p95": 7584.0,
      "p99": 7599.0,
      "p99.9": 7608.016000000001
    },
    "output_len": {
      "mean": 997.5143428952636,
      "min": 270.0,
      "max": 1010.0,
      "p0.1": 906.972,
      "p1": 980.98,
      "p5": 992.0,
      "p10": 994.0,
      "p25": 996.0,
      "median": 998.0,
      "p75": 1001.0,
      "p90": 1003.0,
      "p95": 1004.0,
      "p99": 1006.0,
      "p99.9": 1009.0
    }
  },
  "failures": {
    "count": 1,
    "request_latency": {
      "mean": 15.671611103694886,
      "min": 15.671611103694886,
      "max": 15.671611103694886,
      "p0.1": 15.671611103694886,
      "p1": 15.671611103694886,
      "p5": 15.671611103694886,
      "p10": 15.671611103694886,
      "p25": 15.671611103694886,
      "median": 15.671611103694886,
      "p75": 15.671611103694886,
      "p90": 15.671611103694886,
      "p95": 15.671611103694886,
      "p99": 15.671611103694886,
      "p99.9": 15.671611103694886
    },
    "prompt_len": {
      "mean": 7556.0,
      "min": 7556.0,
      "max": 7556.0,
      "p0.1": 7556.0,
      "p1": 7556.0,
      "p5": 7556.0,
      "p10": 7556.0,
      "p25": 7556.0,
      "median": 7556.0,
      "p75": 7556.0,
      "p90": 7556.0,
      "p95": 7556.0,
      "p99": 7556.0,
      "p99.9": 7556.0
    }
  }
}