{
  "load_summary": {
    "count": 625,
    "schedule_delay": {
      "mean": 0.0007566191725432873,
      "min": -0.000851113349199295,
      "max": 0.08461864804849029,
      "p0.1": -0.0008295987695455551,
      "p1": -0.0006774039007723332,
      "p5": -0.0003370555117726326,
      "p10": -0.00015217065811157227,
      "p25": 0.00011786166578531265,
      "median": 0.0005027134902775288,
      "p75": 0.0007872013375163078,
      "p90": 0.0011520413681864738,
      "p95": 0.0013315954245626922,
      "p99": 0.0016354428045451635,
      "p99.9": 0.07440081911906747
    },
    "send_duration": 24.852661478798836,
    "requested_rate": 25.0,
    "achieved_rate": 25.148212014764347
  },
  "successes": {
    "count": 625,
    "latency": {
      "request_latency": {
        "mean": 32.87948173371255,
        "min": 17.80291338218376,
        "max": 38.79939556308091,
        "p0.1": 17.932955420006067,
        "p1": 19.59363469183445,
        "p5": 23.524365249648692,
        "p10": 26.588228753395377,
        "p25": 32.28484157426283,
        "median": 33.97451524529606,
        "p75": 35.249159316997975,
        "p90": 36.26214745715261,
        "p95": 36.909374550823124,
        "p99": 38.33780438717454,
        "p99.9": 38.69452002770455
      },
      "normalized_time_per_output_token": {
        "mean": 0.032933880777395654,
        "min": 0.017892375258476142,
        "max": 0.038903651354329855,
        "p0.1": 0.017921815954064495,
        "p1": 0.019583479647481177,
        "p5": 0.02364257814035044,
        "p10": 0.026676497060600653,
        "p25": 0.032371599707282955,
        "median": 0.034015662876060226,
        "p75": 0.035284570864848305,
        "p90": 0.03637515774785618,
        "p95": 0.036971599988425016,
        "p99": 0.03830985690338802,
        "p99.9": 0.03886283079847977
      },
      "time_per_output_token": {
        "mean": 0.03216019619922853,
        "min": 0.01768387386435643,
        "max": 0.03707195496698842,
        "p0.1": 0.01781336519577445,
        "p1": 0.019419164985585956,
        "p5": 0.023390838395338506,
        "p10": 0.026143137743696573,
        "p25": 0.03167471400462091,
        "median": 0.03330940357875079,
        "p75": 0.03424852028302848,
        "p90": 0.03549576701149344,
        "p95": 0.03560392889995128,
        "p99": 0.03636918453035876,
        "p99.9": 0.036969908741217125
      },
      "time_to_first_token": {
        "mean": 0.7076373914569616,
        "min": 0.08644786896184087,
        "max": 4.009776764083654,
        "p0.1": 0.0886408204101026,
        "p1": 0.0962601045332849,
        "p5": 0.11754058385267854,
        "p10": 0.14377594403922558,
        "p25": 0.2115922560915351,
        "median": 0.4504086906090379,
        "p75": 0.8467791727744043,
        "p90": 1.7786431889049716,
        "p95": 2.4475883956067244,
        "p99": 3.293848764318972,
        "p99.9": 3.87293329879271
      },
      "inter_token_latency": {
        "mean": 0.03215936819586112,
        "min": 5.426816642284393e-06,
        "max": 2.619256909005344,
        "p0.1": 5.683396011590958e-06,
        "p1": 5.918089300394058e-06,
        "p5": 6.299931555986404e-06,
        "p10": 6.675254553556442e-06,
        "p25": 7.913913577795029e-06,
        "median": 1.6083940863609314e-05,
        "p75": 0.03874705475755036,
        "p90": 0.09137611836194992,
        "p95": 0.131118253339082,
        "p99": 0.2201371043920517,
        "p99.9": 2.0598270527552813
      }
    },
    "throughput": {
      "input_tokens_per_sec": 81327.89707275096,
      "output_tokens_per_sec": 10760.438239091995,
      "total_tokens_per_sec": 92088.33531184295,
      "requests_per_sec": 10.77806252693604
    },
    "prompt_len": {
      "mean": 7545.688,
      "min": 7483.0,
      "max": 7612.0,
      "p0.1": 7487.368,
      "p1": 7493.24,
      "p5": 7507.0,
      "p10": 7515.4,
      "p25": 7530.0,
      "median": 7545.0,
      "p75": 7563.0,
      "p90": 7577.0,
      "p95": 7584.0,
      "p99": 7598.76,
      "p99.9": 7607.008000000001
    },
    "output_len": {
      "mean": 998.3648,
      "min": 964.0,
      "max": 1009.0,
      "p0.1": 965.872,
      "p1": 981.24,
      "p5": 992.0,
      "p10": 994.0,
      "p25": 997.0,
      "median": 999.0,
      "p75": 1001.0,
      "p90": 1003.0,
      "p95": 1004.0,
      "p99": 1006.0,
      "p99.9": 1008.3760000000001
    }
  },
  "failures": {
    "count": 0,
    "request_latency": null,
    "prompt_len": null
  }
}