{
  "load_summary": {
    "count": 500,
    "schedule_delay": {
      "mean": 0.0005479885069653392,
      "min": -0.0007642768323421478,
      "max": 0.017774846870452166,
      "p0.1": -0.0007094814516603947,
      "p1": -0.0005272600101307034,
      "p5": -0.0002931235823780298,
      "p10": -0.0001196090597659349,
      "p25": 0.0001602540723979473,
      "median": 0.0005065097939223051,
      "p75": 0.0008605881594121456,
      "p90": 0.0011696047615259886,
      "p95": 0.0013752841157838697,
      "p99": 0.0016528444876894354,
      "p99.9": 0.009854013982229461
    },
    "send_duration": 25.616093384101987,
    "requested_rate": 20.0,
    "achieved_rate": 19.51897943619744
  },
  "successes": {
    "count": 500,
    "latency": {
      "request_latency": {
        "mean": 29.310932772362605,
        "min": 8.712389560882002,
        "max": 35.29319557501003,
        "p0.1": 9.182831659868825,
        "p1": 11.953011809941382,
        "p5": 14.605908511928282,
        "p10": 21.58764103287831,
        "p25": 29.78533558943309,
        "median": 31.425583641044796,
        "p75": 31.896154691348784,
        "p90": 32.95270632035099,
        "p95": 33.603157490375445,
        "p99": 34.81958150093443,
        "p99.9": 35.159917521767326
      },
      "normalized_time_per_output_token": {
        "mean": 0.02936241212636908,
        "min": 0.008703685875006995,
        "max": 0.03519139983874163,
        "p0.1": 0.009178471113245447,
        "p1": 0.011988512352290722,
        "p5": 0.014646231808101033,
        "p10": 0.021604940313561558,
        "p25": 0.02980423753743117,
        "median": 0.0314762466890253,
        "p75": 0.0319707473439416,
        "p90": 0.03292312169670919,
        "p95": 0.03369925238206754,
        "p99": 0.034833283399569946,
        "p99.9": 0.035189520025022125
      },
      "time_per_output_token": {
        "mean": 0.028699006101390773,
        "min": 0.0085150616010651,
        "max": 0.034981782795861366,
        "p0.1": 0.008977500515852124,
        "p1": 0.01182953393148724,
        "p5": 0.014470117881847546,
        "p10": 0.021451865799119695,
        "p25": 0.02868399421381764,
        "median": 0.031000440913019702,
        "p75": 0.031440045648487285,
        "p90": 0.03227427094061859,
        "p95": 0.03289489821912721,
        "p99": 0.03438625288562384,
        "p99.9": 0.034827863647608565
      },
      "time_to_first_token": {
        "mean": 0.5677396794799715,
        "min": 0.09059934504330158,
        "max": 3.58430457720533,
        "p0.1": 0.09272277270024643,
        "p1": 0.09921015040948987,
        "p5": 0.11329872659407557,
        "p10": 0.14874416799284518,
        "p25": 0.20166535826865584,
        "median": 0.314399654045701,
        "p75": 0.5607723175780848,
        "p90": 1.531475143507123,
        "p95": 2.3914531555492418,
        "p99": 3.1220856142649414,
        "p99.9": 3.5831069230074064
      },
      "inter_token_latency": {
        "mean": 0.02869954536188479,
        "min": 5.451031029224396e-06,
        "max": 3.0530168800614774,
        "p0.1": 5.708076059818268e-06,
        "p1": 5.972106009721756e-06,
        "p5": 6.465241312980652e-06,
        "p10": 6.95791095495224e-06,
        "p25": 8.639879524707794e-06,
        "median": 0.008011713158339262,
        "p75": 0.03613304626196623,
        "p90": 0.07064472702331841,
        "p95": 0.09526462994981555,
        "p99": 0.17441164429299533,
        "p99.9": 2.3829531849860306
      }
    },
    "throughput": {
      "input_tokens_per_sec": 69836.79336392324,
      "output_tokens_per_sec": 9239.287185623081,
      "total_tokens_per_sec": 79076.08054954631,
      "requests_per_sec": 9.25531739535183
    },
    "prompt_len": {
      "mean": 7545.586,
      "min": 7483.0,
      "max": 7612.0,
      "p0.1": 7486.992,
      "p1": 7492.99,
      "p5": 7506.0,
      "p10": 7515.0,
      "p25": 7530.0,
      "median": 7545.0,
      "p75": 7562.25,
      "p90": 7578.1,
      "p95": 7584.0,
      "p99": 7598.01,
      "p99.9": 7607.01
    },
    "output_len": {
      "mean": 998.268,
      "min": 971.0,
      "max": 1011.0,
      "p0.1": 977.487,
      "p1": 989.99,
      "p5": 993.0,
      "p10": 995.0,
      "p25": 996.0,
      "median": 998.0,
      "p75": 1000.0,
      "p90": 1002.0,
      "p95": 1004.0,
      "p99": 1005.0,
      "p99.9": 1009.5030000000002
    }
  },
  "failures": {
    "count": 0,
    "request_latency": null,
    "prompt_len": null
  }
}