{
  "load_summary": {
    "count": 180,
    "schedule_delay": {
      "mean": 0.0006718370597809554,
      "min": -0.001039084978401661,
      "max": 0.0019038370810449123,
      "p0.1": -0.0010083074965514243,
      "p1": -0.0007993308734148741,
      "p5": -0.0003388104727491736,
      "p10": -0.00011775447055697439,
      "p25": 0.00023573555517941713,
      "median": 0.0006653422024101019,
      "p75": 0.0011359788477420807,
      "p90": 0.001478336192667484,
      "p95": 0.0016471846029162407,
      "p99": 0.001791780209168793,
      "p99.9": 0.0019037555614486337
    },
    "send_duration": 59.083739563822746,
    "requested_rate": 3.0,
    "achieved_rate": 3.0465234822444254
  },
  "successes": {
    "count": 180,
    "latency": {
      "request_latency": {
        "mean": 138.65061141890732,
        "min": 104.13317606924102,
        "max": 144.96793963667005,
        "p0.1": 104.91825340980897,
        "p1": 110.28322450425941,
        "p5": 122.04628479834646,
        "p10": 129.84894704371692,
        "p25": 136.59551935829222,
        "median": 140.98434922494926,
        "p75": 143.97494082164485,
        "p90": 144.64403786477632,
        "p95": 144.73696392383425,
        "p99": 144.86184549381957,
        "p99.9": 144.95929543012892
      },
      "normalized_time_per_output_token": {
        "mean": 0.02311626473333877,
        "min": 0.017341078446168362,
        "max": 0.024346071535005936,
        "p0.1": 0.017475051051405757,
        "p1": 0.018378740560962576,
        "p5": 0.020380285263921848,
        "p10": 0.021632104016993007,
        "p25": 0.022787758888042072,
        "median": 0.02349543532387435,
        "p75": 0.02400005433730025,
        "p90": 0.02411279783032771,
        "p95": 0.024130940889025794,
        "p99": 0.02416518441884616,
        "p99.9": 0.024314445108562562
      },
      "time_per_output_token": {
        "mean": 0.023079659859177735,
        "min": 0.017347598784085157,
        "max": 0.024106814668824274,
        "p0.1": 0.01747821857097536,
        "p1": 0.018365509142981688,
        "p5": 0.02032994432603397,
        "p10": 0.02162105311251556,
        "p25": 0.022742433140636422,
        "median": 0.02346180218764736,
        "p75": 0.02396178845250203,
        "p90": 0.024082762204584045,
        "p95": 0.02409326561544634,
        "p99": 0.024106620353764544,
        "p99.9": 0.024106812091190755
      },
      "time_to_first_token": {
        "mean": 0.15034619455174025,
        "min": 0.03994493465870619,
        "max": 0.3080281908623874,
        "p0.1": 0.04079498408315703,
        "p1": 0.04498470077756792,
        "p5": 0.06474825628101825,
        "p10": 0.0712725326884538,
        "p25": 0.11004956206306815,
        "median": 0.14724659221246839,
        "p75": 0.19847916986327618,
        "p90": 0.22131847622804343,
        "p95": 0.23218016254249957,
        "p99": 0.27075181664433356,
        "p99.9": 0.3056538376812827
      },
      "inter_token_latency": {
        "mean": 0.023079700967861543,
        "min": 5.863606929779053e-06,
        "max": 0.10880252113565803,
        "p0.1": 0.0039712598854675886,
        "p1": 0.00827246468514204,
        "p5": 0.013559960876591504,
        "p10": 0.015935557009652258,
        "p25": 0.020127357100136578,
        "median": 0.024813862517476082,
        "p75": 0.026344003272242844,
        "p90": 0.027350914571434258,
        "p95": 0.02858175034634769,
        "p99": 0.03156951106153441,
        "p99.9": 0.04393671346502535
      }
    },
    "throughput": {
      "input_tokens_per_sec": 1929.187977667292,
      "output_tokens_per_sec": 5570.990885729506,
      "total_tokens_per_sec": 7500.178863396798,
      "requests_per_sec": 0.9288115248392153
    },
    "prompt_len": {
      "mean": 2077.05,
      "min": 2052.0,
      "max": 2116.0,
      "p0.1": 2052.0,
      "p1": 2052.79,
      "p5": 2057.0,
      "p10": 2060.0,
      "p25": 2065.75,
      "median": 2075.0,
      "p75": 2085.0,
      "p90": 2100.1,
      "p95": 2108.05,
      "p99": 2111.21,
      "p99.9": 2115.284
    },
    "output_len": {
      "mean": 5997.977777777778,
      "min": 5946.0,
      "max": 6010.0,
      "p0.1": 5951.549,
      "p1": 5984.11,
      "p5": 5991.0,
      "p10": 5993.0,
      "p25": 5996.75,
      "median": 5999.0,
      "p75": 6001.0,
      "p90": 6003.0,
      "p95": 6003.05,
      "p99": 6005.0,
      "p99.9": 6009.1050000000005
    }
  },
  "failures": {
    "count": 0,
    "request_latency": null,
    "prompt_len": null
  }
}