{
  "load_summary": {
    "count": 300,
    "schedule_delay": {
      "mean": 0.0004967058806990583,
      "min": -0.0010017524473369122,
      "max": 0.0024786549620330334,
      "p0.1": -0.000971832170151174,
      "p1": -0.0008597620204091072,
      "p5": -0.0004693756811320781,
      "p10": -0.00028412351384758943,
      "p25": 7.644295692443848e-05,
      "median": 0.0005091854836791754,
      "p75": 0.0009127870434895158,
      "p90": 0.001259869569912553,
      "p95": 0.0014595291810110213,
      "p99": 0.0019257317343726727,
      "p99.9": 0.0024153963834978687
    },
    "send_duration": 59.70898563694209,
    "requested_rate": 5.0,
    "achieved_rate": 5.024369394317583
  },
  "successes": {
    "count": 300,
    "latency": {
      "request_latency": {
        "mean": 200.00700573524304,
        "min": 165.75543445628136,
        "max": 208.2410300099291,
        "p0.1": 165.79280951629067,
        "p1": 167.68366655758118,
        "p5": 175.1919349251315,
        "p10": 185.33513579647988,
        "p25": 198.20209040376358,
        "median": 203.40455736406147,
        "p75": 206.92713957396336,
        "p90": 207.92359192431906,
        "p95": 208.08242666311563,
        "p99": 208.22088107397315,
        "p99.9": 208.2407277610237
      },
      "normalized_time_per_output_token": {
        "mean": 0.0333413158425195,
        "min": 0.027646739109496898,
        "max": 0.03473532682480176,
        "p0.1": 0.027662595884211223,
        "p1": 0.02797030929694256,
        "p5": 0.029221548609640963,
        "p10": 0.030885947626323747,
        "p25": 0.03304470427977153,
        "median": 0.03390859542689907,
        "p75": 0.03450353982838957,
        "p90": 0.03466228053238128,
        "p95": 0.03468598681172984,
        "p99": 0.0347303174767578,
        "p99.9": 0.03473445832916725
      },
      "time_per_output_token": {
        "mean": 0.03329950844256516,
        "min": 0.027608270237834295,
        "max": 0.03466906431883884,
        "p0.1": 0.027616846358200425,
        "p1": 0.027930200232865757,
        "p5": 0.029179104240277472,
        "p10": 0.030867132537594686,
        "p25": 0.03299030316919865,
        "median": 0.033861045450903474,
        "p75": 0.03444472108453435,
        "p90": 0.03462281472887068,
        "p95": 0.03464993559549718,
        "p99": 0.034667607550227554,
        "p99.9": 0.03466887060337405
      },
      "time_to_first_token": {
        "mean": 0.18991452793280283,
        "min": 0.035474773962050676,
        "max": 0.46298049530014396,
        "p0.1": 0.036241525375749914,
        "p1": 0.043964382843114436,
        "p5": 0.07256407404784113,
        "p10": 0.08763606161810458,
        "p25": 0.13099325145594776,
        "median": 0.1783643790986389,
        "p75": 0.25457008916419,
        "p90": 0.2854915321804583,
        "p95": 0.3004036472178996,
        "p99": 0.378695159787312,
        "p99.9": 0.4627037865496241
      },
      "inter_token_latency": {
        "mean": 0.033299516052828396,
        "min": 6.8908557295799255e-06,
        "max": 0.11353439604863524,
        "p0.1": 0.006442652758210898,
        "p1": 0.011634144466370344,
        "p5": 0.017962086852639912,
        "p10": 0.02201275248080492,
        "p25": 0.02999863214790821,
        "median": 0.03605000488460064,
        "p75": 0.03791952691972256,
        "p90": 0.03925053877756,
        "p95": 0.04033206850290298,
        "p99": 0.04360259007662535,
        "p99.9": 0.05839699007198264
      }
    },
    "throughput": {
      "input_tokens_per_sec": 2425.96717681416,
      "output_tokens_per_sec": 7007.253324940848,
      "total_tokens_per_sec": 9433.220501755008,
      "requests_per_sec": 1.1681143686499542
    },
    "prompt_len": {
      "mean": 2076.8233333333333,
      "min": 2046.0,
      "max": 2118.0,
      "p0.1": 2047.495,
      "p1": 2052.0,
      "p5": 2057.0,
      "p10": 2060.0,
      "p25": 2066.0,
      "median": 2075.0,
      "p75": 2085.0,
      "p90": 2100.0,
      "p95": 2107.0,
      "p99": 2111.01,
      "p99.9": 2117.402
    },
    "output_len": {
      "mean": 5998.7733333333335,
      "min": 5971.0,
      "max": 6021.0,
      "p0.1": 5972.794,
      "p1": 5980.97,
      "p5": 5992.95,
      "p10": 5995.0,
      "p25": 5997.0,
      "median": 5999.0,
      "p75": 6001.0,
      "p90": 6003.0,
      "p95": 6004.0,
      "p99": 6010.0,
      "p99.9": 6018.608
    }
  },
  "failures": {
    "count": 0,
    "request_latency": null,
    "prompt_len": null
  }
}