{
  "load_summary": {
    "count": 60,
    "schedule_delay": {
      "mean": 0.0013348090772827466,
      "min": -0.0001465347595512867,
      "max": 0.007415526546537876,
      "p0.1": -0.0001336031248793006,
      "p1": -1.721841283142567e-05,
      "p5": 0.0002805539406836033,
      "p10": 0.00042245141230523586,
      "p25": 0.000700172153301537,
      "median": 0.0010992693714797497,
      "p75": 0.0014088484458625317,
      "p90": 0.0017274913843721151,
      "p95": 0.0027584973024204263,
      "p99": 0.007184790694154798,
      "p99.9": 0.007392452961299572
    },
    "send_duration": 59.95876661827788,
    "requested_rate": 1.0,
    "achieved_rate": 1.000687695628975
  },
  "successes": {
    "count": 60,
    "latency": {
      "request_latency": {
        "mean": 75.98726068892671,
        "min": 49.456407878082246,
        "max": 81.72957544913515,
        "p0.1": 49.49284119959269,
        "p1": 49.82074109318666,
        "p5": 63.12588436128572,
        "p10": 71.42247006893157,
        "p25": 74.13747260824312,
        "median": 77.44695550156757,
        "p75": 80.20897958055139,
        "p90": 81.41511057210155,
        "p95": 81.47966717015952,
        "p99": 81.71280281295999,
        "p99.9": 81.72789818551765
      },
      "normalized_time_per_output_token": {
        "mean": 0.01267381933074719,
        "min": 0.008241361086166013,
        "max": 0.01362139834148518,
        "p0.1": 0.008247104360153374,
        "p1": 0.00829879382603963,
        "p5": 0.010527378312860668,
        "p10": 0.01196169155998951,
        "p25": 0.012315313383044622,
        "median": 0.012906750171620976,
        "p75": 0.01336877421822076,
        "p90": 0.013565497413043788,
        "p95": 0.013578585941377367,
        "p99": 0.013620175672115197,
        "p99.9": 0.013621276074548182
      },
      "time_per_output_token": {
        "mean": 0.012617676953135617,
        "min": 0.008090189649616148,
        "max": 0.01355614051533242,
        "p0.1": 0.008090388558518614,
        "p1": 0.008092178738640808,
        "p5": 0.010466533491672963,
        "p10": 0.011877269140575965,
        "p25": 0.012328995436010503,
        "median": 0.0128629141631405,
        "p75": 0.013330817812491054,
        "p90": 0.013536930062264826,
        "p95": 0.013552814035645375,
        "p99": 0.013555545526778635,
        "p99.9": 0.013556081016477041
      },
      "time_to_first_token": {
        "mean": 0.26329037270043043,
        "min": 0.11936518177390099,
        "max": 1.657229632139206,
        "p0.1": 0.11951754208886996,
        "p1": 0.12088878492359072,
        "p5": 0.1287808646913618,
        "p10": 0.131704796012491,
        "p25": 0.14755626022815704,
        "median": 0.20255866227671504,
        "p75": 0.2996960236923769,
        "p90": 0.3916680702008307,
        "p95": 0.46179791081231075,
        "p99": 1.2929455699725056,
        "p99.9": 1.620801225922542
      },
      "inter_token_latency": {
        "mean": 0.012618250201317028,
        "min": 6.179790943861008e-06,
        "max": 0.1031075632199645,
        "p0.1": 0.0018814372979104519,
        "p1": 0.004017387344501913,
        "p5": 0.0075338507071137425,
        "p10": 0.009122645994648338,
        "p25": 0.010962661122903228,
        "median": 0.013165810378268361,
        "p75": 0.014516512164846063,
        "p90": 0.015094596520066261,
        "p95": 0.015891637816093856,
        "p99": 0.018083485225215554,
        "p99.9": 0.022533220865298083
      }
    },
    "throughput": {
      "input_tokens_per_sec": 949.0647347416742,
      "output_tokens_per_sec": 2737.2143944282125,
      "total_tokens_per_sec": 3686.279129169887,
      "requests_per_sec": 0.4565371930129115
    },
    "prompt_len": {
      "mean": 2078.8333333333335,
      "min": 2052.0,
      "max": 2116.0,
      "p0.1": 2052.059,
      "p1": 2052.59,
      "p5": 2056.85,
      "p10": 2059.9,
      "p25": 2066.0,
      "median": 2074.0,
      "p75": 2092.25,
      "p90": 2107.1,
      "p95": 2110.0,
      "p99": 2113.05,
      "p99.9": 2115.705
    },
    "output_len": {
      "mean": 5995.6,
      "min": 5765.0,
      "max": 6049.0,
      "p0.1": 5777.272,
      "p1": 5887.72,
      "p5": 5990.95,
      "p10": 5992.0,
      "p25": 5997.0,
      "median": 6000.0,
      "p75": 6001.0,
      "p90": 6003.0,
      "p95": 6004.0,
      "p99": 6023.04,
      "p99.9": 6046.404
    }
  },
  "failures": {
    "count": 0,
    "request_latency": null,
    "prompt_len": null
  }
}