{
  "load_summary": {
    "count": 120,
    "schedule_delay": {
      "mean": 0.0008925144599440197,
      "min": -0.0010099178180098534,
      "max": 0.002609862945973873,
      "p0.1": -0.0009457014934159815,
      "p1": -0.00046532082371413707,
      "p5": -0.00011455090716481208,
      "p10": 0.0001699663233011961,
      "p25": 0.0004963602405041456,
      "median": 0.0009275013580918312,
      "p75": 0.0013107581762596965,
      "p90": 0.0016083252616226676,
      "p95": 0.001863464037887752,
      "p99": 0.0021412251051515343,
      "p99.9": 0.0025542360208928652
    },
    "send_duration": 59.27530711516738,
    "requested_rate": 2.0,
    "achieved_rate": 2.0244517631405805
  },
  "successes": {
    "count": 120,
    "latency": {
      "request_latency": {
        "mean": 106.72423347921189,
        "min": 78.93517010798678,
        "max": 112.67839199397713,
        "p0.1": 79.26349421365653,
        "p1": 82.00955641628244,
        "p5": 89.06238138349727,
        "p10": 96.22209166721441,
        "p25": 104.5340939235175,
        "median": 109.5971411303617,
        "p75": 111.66932333656587,
        "p90": 112.3157701893244,
        "p95": 112.42032122074161,
        "p99": 112.61863323635887,
        "p99.9": 112.6719655662938
      },
      "normalized_time_per_output_token": {
        "mean": 0.017790905806191373,
        "min": 0.013149287041143891,
        "max": 0.018780121460730298,
        "p0.1": 0.01320479010800113,
        "p1": 0.013669139543732377,
        "p5": 0.014844097582016711,
        "p10": 0.016037003580150054,
        "p25": 0.017433245700214955,
        "median": 0.01826923506090377,
        "p75": 0.018622369495690287,
        "p90": 0.018723131804729405,
        "p95": 0.018742663851160316,
        "p99": 0.01877765703693307,
        "p99.9": 0.01878007511478394
      },
      "time_per_output_token": {
        "mean": 0.017759403605372547,
        "min": 0.013135071418359193,
        "max": 0.018717292121223486,
        "p0.1": 0.013190202650153613,
        "p1": 0.01365121771361058,
        "p5": 0.014826961246225982,
        "p10": 0.01601705602130387,
        "p25": 0.017386804618445845,
        "median": 0.018247066459502095,
        "p75": 0.01858666225586785,
        "p90": 0.01869288004486977,
        "p95": 0.01870654235249385,
        "p99": 0.01871676560862533,
        "p99.9": 0.018717248930525735
      },
      "time_to_first_token": {
        "mean": 0.14360886133120707,
        "min": 0.03804255509749055,
        "max": 0.3479178645648062,
        "p0.1": 0.038101171425078066,
        "p1": 0.040100081171840427,
        "p5": 0.06084227815736085,
        "p10": 0.07613405510783196,
        "p25": 0.10608165268786252,
        "median": 0.14970815763808787,
        "p75": 0.1734976046718657,
        "p90": 0.18711892724968493,
        "p95": 0.2126177050406113,
        "p99": 0.31338666338939225,
        "p99.9": 0.3441209201915194
      },
      "inter_token_latency": {
        "mean": 0.017759436664782705,
        "min": 5.608890205621719e-06,
        "max": 0.12115500401705503,
        "p0.1": 0.003702036554459483,
        "p1": 0.006964394692331553,
        "p5": 0.010379877570085228,
        "p10": 0.012889433279633522,
        "p25": 0.015851026983000338,
        "median": 0.018763605039566755,
        "p75": 0.02012552588712424,
        "p90": 0.020947679737582804,
        "p95": 0.022059681196697056,
        "p99": 0.024449803405441336,
        "p99.9": 0.029571749407332537
      }
    },
    "throughput": {
      "input_tokens_per_sec": 1539.0694974021762,
      "output_tokens_per_sec": 4445.3026183106895,
      "total_tokens_per_sec": 5984.372115712866,
      "requests_per_sec": 0.7410268290646148
    },
    "prompt_len": {
      "mean": 2076.9416666666666,
      "min": 2052.0,
      "max": 2116.0,
      "p0.1": 2052.0,
      "p1": 2052.19,
      "p5": 2057.0,
      "p10": 2060.0,
      "p25": 2065.0,
      "median": 2074.5,
      "p75": 2085.0,
      "p90": 2100.1,
      "p95": 2107.05,
      "p99": 2110.81,
      "p99.9": 2115.405
    },
    "output_len": {
      "mean": 5998.841666666666,
      "min": 5979.0,
      "max": 6026.0,
      "p0.1": 5979.595,
      "p1": 5984.19,
      "p5": 5991.0,
      "p10": 5993.9,
      "p25": 5997.0,
      "median": 5999.5,
      "p75": 6001.0,
      "p90": 6002.1,
      "p95": 6004.0,
      "p99": 6006.43,
      "p99.9": 6023.7390000000005
    }
  },
  "failures": {
    "count": 0,
    "request_latency": null,
    "prompt_len": null
  }
}