{
  "load_summary": {
    "count": 420,
    "schedule_delay": {
      "mean": 0.0003495281728516732,
      "min": -0.0013790433295071125,
      "max": 0.0026860912330448627,
      "p0.1": -0.0011881854739040137,
      "p1": -0.0008117913454771041,
      "p5": -0.0005539055680856108,
      "p10": -0.00037376703694462775,
      "p25": -3.984698560088873e-05,
      "median": 0.0003262455575168133,
      "p75": 0.0007319862488657236,
      "p90": 0.0010696002282202248,
      "p95": 0.0012813114328309894,
      "p99": 0.001744111734442413,
      "p99.9": 0.00232051012013114
    },
    "send_duration": 59.157047817949206,
    "requested_rate": 7.0,
    "achieved_rate": 7.099745769811136
  },
  "successes": {
    "count": 420,
    "latency": {
      "request_latency": {
        "mean": 266.44925236551626,
        "min": 228.09463961375877,
        "max": 275.2262368169613,
        "p0.1": 228.1382010296397,
        "p1": 229.7865613981476,
        "p5": 241.43669482292609,
        "p10": 249.39104590895585,
        "p25": 264.22145689779427,
        "median": 269.94405062287115,
        "p75": 273.57169212121516,
        "p90": 274.90734765953385,
        "p95": 275.13799270142334,
        "p99": 275.1969825303229,
        "p99.9": 275.2198424035157
      },
      "normalized_time_per_output_token": {
        "mean": 0.04441998176341303,
        "min": 0.03802844941876605,
        "max": 0.04613135310088199,
        "p0.1": 0.038035712075631826,
        "p1": 0.038297227701889085,
        "p5": 0.040248835155370456,
        "p10": 0.04156655954879495,
        "p25": 0.044077814259701115,
        "median": 0.045005523144764754,
        "p75": 0.04559546207481517,
        "p90": 0.04582396180104979,
        "p95": 0.04586465910654832,
        "p99": 0.04591081918304641,
        "p99.9": 0.04609943520304285
      },
      "time_per_output_token": {
        "mean": 0.044367734293823416,
        "min": 0.03798655950762226,
        "max": 0.045825861695532995,
        "p0.1": 0.03799328136496441,
        "p1": 0.03828204341471195,
        "p5": 0.0402198720254004,
        "p10": 0.041540790601431704,
        "p25": 0.0439991250524957,
        "median": 0.044943733795856436,
        "p75": 0.04555701112764655,
        "p90": 0.04577917357862461,
        "p95": 0.04581770551612523,
        "p99": 0.045822581560038184,
        "p99.9": 0.04582545530533038
      },
      "time_to_first_token": {
        "mean": 0.2235212789227565,
        "min": 0.03238993417471647,
        "max": 0.6664193430915475,
        "p0.1": 0.032904683155007663,
        "p1": 0.04431814228650183,
        "p5": 0.07480017223861068,
        "p10": 0.09425981519743801,
        "p25": 0.13914517418015748,
        "median": 0.2140937210060656,
        "p75": 0.3024391138460487,
        "p90": 0.35458514089696114,
        "p95": 0.3788372228387743,
        "p99": 0.5026045099226758,
        "p99.9": 0.6484394580652038
      },
      "inter_token_latency": {
        "mean": 0.04436774186845582,
        "min": 6.176996976137161e-06,
        "max": 0.19832090707495809,
        "p0.1": 0.0073423443250358105,
        "p1": 0.014017834179103374,
        "p5": 0.022188663948327303,
        "p10": 0.027644264325499535,
        "p25": 0.04021442914381623,
        "median": 0.04731594678014517,
        "p75": 0.04980112425982952,
        "p90": 0.051179859414696695,
        "p95": 0.05217035505920648,
        "p99": 0.07643896609544756,
        "p99.9": 0.1638618233501927
      }
    },
    "throughput": {
      "input_tokens_per_sec": 2717.1473333996214,
      "output_tokens_per_sec": 7849.349456294529,
      "total_tokens_per_sec": 10566.49678969415,
      "requests_per_sec": 1.3085691877044248
    },
    "prompt_len": {
      "mean": 2076.4261904761906,
      "min": 2046.0,
      "max": 2118.0,
      "p0.1": 2047.676,
      "p1": 2052.0,
      "p5": 2056.95,
      "p10": 2059.0,
      "p25": 2065.0,
      "median": 2075.0,
      "p75": 2085.0,
      "p90": 2099.0,
      "p95": 2107.0,
      "p99": 2112.0,
      "p99.9": 2117.1620000000003
    },
    "output_len": {
      "mean": 5998.421428571429,
      "min": 5928.0,
      "max": 6058.0,
      "p0.1": 5943.503,
      "p1": 5981.0,
      "p5": 5990.0,
      "p10": 5993.0,
      "p25": 5997.0,
      "median": 5999.0,
      "p75": 6001.0,
      "p90": 6002.0,
      "p95": 6005.0,
      "p99": 6011.81,
      "p99.9": 6039.983000000003
    }
  },
  "failures": {
    "count": 0,
    "request_latency": null,
    "prompt_len": null
  }
}