{
  "load_summary": {
    "count": 1080,
    "schedule_delay": {
      "mean": 0.0005591986549983698,
      "min": -0.0013790433295071125,
      "max": 0.007415526546537876,
      "p0.1": -0.0010367807727307081,
      "p1": -0.0008224060293287039,
      "p5": -0.000466369348578155,
      "p10": -0.000275992089882493,
      "p25": 9.097927249968052e-05,
      "median": 0.0005469347815960646,
      "p75": 0.0009758076630532742,
      "p90": 0.0013490176293998958,
      "p95": 0.0015807026065886018,
      "p99": 0.002137483982369304,
      "p99.9": 0.006977530419360875
    }
  },
  "successes": {
    "count": 1080,
    "latency": {
      "request_latency": {
        "mean": 198.3648531743834,
        "min": 49.456407878082246,
        "max": 275.2262368169613,
        "p0.1": 50.53396082473267,
        "p1": 72.85466575189028,
        "p5": 81.41303154430352,
        "p10": 107.51939058676362,
        "p25": 141.04109633679036,
        "median": 205.01657131197862,
        "p75": 266.87341166252736,
        "p90": 273.4896614505909,
        "p95": 274.7689064662205,
        "p99": 275.1877940953197,
        "p99.9": 275.21037542113567
      },
      "normalized_time_per_output_token": {
        "mean": 0.03306949314997972,
        "min": 0.008241361086166013,
        "max": 0.04613135310088199,
        "p0.1": 0.008415436521934033,
        "p1": 0.012163310207101674,
        "p5": 0.013564317151666698,
        "p10": 0.01793092665720669,
        "p25": 0.023505871282656465,
        "median": 0.03418297519946639,
        "p75": 0.04450359301393387,
        "p90": 0.045578530044368994,
        "p95": 0.045805945099608135,
        "p99": 0.045879244028603265,
        "p99.9": 0.046045102371525926
      },
      "time_per_output_token": {
        "mean": 0.033024841445055755,
        "min": 0.008090189649616148,
        "max": 0.045825861695532995,
        "p0.1": 0.008186359898017855,
        "p1": 0.012071573990179071,
        "p5": 0.013536323196049005,
        "p10": 0.017886692366042792,
        "p25": 0.02347150468839876,
        "median": 0.03412836757767945,
        "p75": 0.04441171065097054,
        "p90": 0.04554593989620916,
        "p95": 0.045760384745818256,
        "p99": 0.04582206764484135,
        "p99.9": 0.04582474705627483
      },
      "time_to_first_token": {
        "mean": 0.19532045950785418,
        "min": 0.03238993417471647,
        "max": 1.657229632139206,
        "p0.1": 0.03376510146027431,
        "p1": 0.04403489742428064,
        "p5": 0.06994423421565443,
        "p10": 0.0880056987516582,
        "p25": 0.12886466784402728,
        "median": 0.1780414874665439,
        "p75": 0.2470025448128581,
        "p90": 0.31876320191659036,
        "p95": 0.3566069753840565,
        "p99": 0.4637180055631326,
        "p99.9": 1.010302023956105
      },
      "inter_token_latency": {
        "mean": 0.033025104992817765,
        "min": 5.608890205621719e-06,
        "max": 0.19832090707495809,
        "p0.1": 0.003965610407292843,
        "p1": 0.008264394570142032,
        "p5": 0.012899450305849314,
        "p10": 0.015126080345362425,
        "p25": 0.021272050100378692,
        "median": 0.03382701915688813,
        "p75": 0.04562752379570156,
        "p90": 0.049755368009209634,
        "p95": 0.05088926318567246,
        "p99": 0.05419037376530469,
        "p99.9": 0.15359917586017774
      }
    },
    "throughput": {
      "input_tokens_per_sec": 2081.421841416001,
      "output_tokens_per_sec": 6011.593130162141,
      "total_tokens_per_sec": 8093.014971578142,
      "requests_per_sec": 1.002210270778082
    },
    "prompt_len": {
      "mean": 2076.8314814814817,
      "min": 2046.0,
      "max": 2118.0,
      "p0.1": 2046.316,
      "p1": 2052.0,
      "p5": 2057.0,
      "p10": 2060.0,
      "p25": 2065.0,
      "median": 2075.0,
      "p75": 2085.0,
      "p90": 2100.0,
      "p95": 2107.05,
      "p99": 2112.0,
      "p99.9": 2117.842
    },
    "output_len": {
      "mean": 5998.335185185185,
      "min": 5765.0,
      "max": 6058.0,
      "p0.1": 5929.422,
      "p1": 5978.79,
      "p5": 5991.0,
      "p10": 5994.0,
      "p25": 5997.0,
      "median": 5999.0,
      "p75": 6001.0,
      "p90": 6003.0,
      "p95": 6004.0,
      "p99": 6011.0,
      "p99.9": 6047.183000000001
    }
  },
  "failures": {
    "count": 0,
    "request_latency": null,
    "prompt_len": null
  }
}