{
  "load_summary": {
    "count": 200,
    "schedule_delay": {
      "mean": 0.001061328430660069,
      "min": -0.0005830321460962296,
      "max": 0.007719480898231268,
      "p0.1": -0.0005800251150503754,
      "p1": -0.0005077723134309053,
      "p5": -0.00010371587704867122,
      "p10": 0.00011634444817900663,
      "p25": 0.0004624712746590376,
      "median": 0.0008612172678112984,
      "p75": 0.001292126253247261,
      "p90": 0.0017997311893850564,
      "p95": 0.002446074807085057,
      "p99": 0.005621907003223894,
      "p99.9": 0.007354056014213741
    },
    "send_duration": 19.004569821059704,
    "requested_rate": 10.0,
    "achieved_rate": 10.523784641437777
  },
  "successes": {
    "count": 200,
    "latency": {
      "request_latency": {
        "mean": 1.6015850285906346,
        "min": 0.8015743158757687,
        "max": 3.976157170254737,
        "p0.1": 0.8049783316389657,
        "p1": 0.8216670877998695,
        "p5": 0.94741241321899,
        "p10": 1.011313795344904,
        "p25": 1.1148426095023751,
        "median": 1.3591675930656493,
        "p75": 1.8652366744354367,
        "p90": 2.530203075474127,
        "p95": 3.109273342858066,
        "p99": 3.908202955573797,
        "p99.9": 3.966499139477034
      },
      "normalized_time_per_output_token": {
        "mean": 0.007953761896051388,
        "min": 0.003987931919779943,
        "max": 0.019980689297762498,
        "p0.1": 0.0040078546367771,
        "p1": 0.004093346078249171,
        "p5": 0.004660625493484033,
        "p10": 0.005024137852916057,
        "p25": 0.0055359346819902535,
        "median": 0.006758442004375432,
        "p75": 0.009265299656455785,
        "p90": 0.012490101692623531,
        "p95": 0.015538320146456102,
        "p99": 0.01944282845136654,
        "p99.9": 0.019873825425047318
      },
      "time_per_output_token": {
        "mean": 0.006574298589939077,
        "min": 0.0034624755057986035,
        "max": 0.0190745922899805,
        "p0.1": 0.003464760982762935,
        "p1": 0.0034800286666220666,
        "p5": 0.003536270061658845,
        "p10": 0.003885834970804603,
        "p25": 0.004379093156179485,
        "median": 0.0056010679167732185,
        "p75": 0.00757737384293752,
        "p90": 0.011209682901855558,
        "p95": 0.01389047691411475,
        "p99": 0.016400970619916907,
        "p99.9": 0.018764486465731194
      },
      "time_to_first_token": {
        "mean": 0.2664626054884866,
        "min": 0.063949896954,
        "max": 0.67468530125916,
        "p0.1": 0.06448368453327566,
        "p1": 0.06685013308189809,
        "p5": 0.08015155280008912,
        "p10": 0.08491507843136788,
        "p25": 0.12324921227991581,
        "median": 0.31262002629227936,
        "p75": 0.3321822000434622,
        "p90": 0.4410762791987508,
        "p95": 0.5565944047179073,
        "p99": 0.6122534843021998,
        "p99.9": 0.6732473453143613
      },
      "inter_token_latency": {
        "mean": 0.006584132239134966,
        "min": 5.3979456424713135e-06,
        "max": 0.29801131691783667,
        "p0.1": 5.75712788850069e-06,
        "p1": 7.3363166302442554e-06,
        "p5": 0.0021548729855567217,
        "p10": 0.003431450854986906,
        "p25": 0.004257281543686986,
        "median": 0.004875044338405132,
        "p75": 0.00631921156309545,
        "p90": 0.008245898596942428,
        "p95": 0.009831672674044965,
        "p99": 0.03552182751707666,
        "p99.9": 0.2292988705607131
      }
    },
    "throughput": {
      "input_tokens_per_sec": 112199.67869736707,
      "output_tokens_per_sec": 1944.5173390851799,
      "total_tokens_per_sec": 114144.19603645225,
      "requests_per_sec": 9.654761992429085
    },
    "prompt_len": {
      "mean": 11621.175,
      "min": 11544.0,
      "max": 11708.0,
      "p0.1": 11546.985,
      "p1": 11561.97,
      "p5": 11573.0,
      "p10": 11577.8,
      "p25": 11599.0,
      "median": 11620.0,
      "p75": 11643.0,
      "p90": 11659.1,
      "p95": 11673.1,
      "p99": 11706.0,
      "p99.9": 11707.602
    },
    "output_len": {
      "mean": 201.405,
      "min": 198.0,
      "max": 210.0,
      "p0.1": 198.199,
      "p1": 199.0,
      "p5": 200.0,
      "p10": 200.0,
      "p25": 201.0,
      "median": 201.0,
      "p75": 202.0,
      "p90": 203.0,
      "p95": 204.0,
      "p99": 207.0,
      "p99.9": 209.40300000000005
    }
  },
  "failures": {
    "count": 0,
    "request_latency": null,
    "prompt_len": null
  }
}