{
  "load_summary": {
    "count": 60,
    "schedule_delay": {
      "mean": 0.0015514770367493233,
      "min": -0.0002583106979727745,
      "max": 0.013397281523793936,
      "p0.1": -0.00024025139538571237,
      "p1": -7.77176721021533e-05,
      "p5": 0.00020717582665383816,
      "p10": 0.00028086332604289056,
      "p25": 0.0007359327282756567,
      "median": 0.0011534499935805798,
      "p75": 0.0014751568669453263,
      "p90": 0.0018593685235828161,
      "p95": 0.0058806537883356194,
      "p99": 0.010592894973233326,
      "p99.9": 0.013116842868737922
    },
    "send_duration": 17.248095858842134,
    "requested_rate": 3.0,
    "achieved_rate": 3.478644859759482
  },
  "successes": {
    "count": 60,
    "latency": {
      "request_latency": {
        "mean": 1.2009157851338386,
        "min": 0.7812334322370589,
        "max": 1.9579639281146228,
        "p0.1": 0.7835030784429983,
        "p1": 0.8039298942964525,
        "p5": 0.820999093633145,
        "p10": 0.8292990460991859,
        "p25": 1.0029905398841947,
        "median": 1.1990142948925495,
        "p75": 1.330651871743612,
        "p90": 1.6394609664101154,
        "p95": 1.661422128882259,
        "p99": 1.823182109189219,
        "p99.9": 1.9444857462220848
      },
      "normalized_time_per_output_token": {
        "mean": 0.005968886381354649,
        "min": 0.003886733493716711,
        "max": 0.009645142503027698,
        "p0.1": 0.0038968341319830977,
        "p1": 0.0039877398763805754,
        "p5": 0.004097015005466876,
        "p10": 0.004220341310357793,
        "p25": 0.004942167589709681,
        "median": 0.00598006342175134,
        "p75": 0.0066043565813833005,
        "p90": 0.00819320306319521,
        "p95": 0.008265781735732631,
        "p99": 0.009031209414610629,
        "p99.9": 0.009583749194186001
      },
      "time_per_output_token": {
        "mean": 0.004630426220805822,
        "min": 0.003448722836783695,
        "max": 0.008120410266623955,
        "p0.1": 0.0034497643796571054,
        "p1": 0.0034591382655178005,
        "p5": 0.0034714046695845015,
        "p10": 0.0034969778285554583,
        "p25": 0.004207814176392864,
        "median": 0.004322489513624432,
        "p75": 0.004945494767098444,
        "p90": 0.006247537599422681,
        "p95": 0.006592014205875883,
        "p99": 0.007266197437317727,
        "p99.9": 0.008034988983693347
      },
      "time_to_first_token": {
        "mean": 0.2541545362134154,
        "min": 0.06822127103805542,
        "max": 0.6552191288210452,
        "p0.1": 0.06849766774335876,
        "p1": 0.07098523809108884,
        "p5": 0.09991654974874109,
        "p10": 0.1046835809480399,
        "p25": 0.12266008788719773,
        "median": 0.3148838554043323,
        "p75": 0.3216635197168216,
        "p90": 0.3959261755924672,
        "p95": 0.444183717132546,
        "p99": 0.5821044868696477,
        "p99.9": 0.6479076646259067
      },
      "inter_token_latency": {
        "mean": 0.0046308706451636695,
        "min": 5.386769771575928e-06,
        "max": 0.2962187249213457,
        "p0.1": 5.5853165686130525e-06,
        "p1": 6.215330213308334e-06,
        "p5": 0.00019273310899734506,
        "p10": 0.002995965164154768,
        "p25": 0.003570255357772112,
        "median": 0.004282000940293074,
        "p75": 0.004445530939847231,
        "p90": 0.005146433878690005,
        "p95": 0.006389098800718784,
        "p99": 0.00755874941125512,
        "p99.9": 0.16643981237709574
      }
    },
    "throughput": {
      "input_tokens_per_sec": 38163.65834334511,
      "output_tokens_per_sec": 660.3426466003641,
      "total_tokens_per_sec": 38824.000989945474,
      "requests_per_sec": 3.282292999421908
    },
    "prompt_len": {
      "mean": 11627.133333333333,
      "min": 11559.0,
      "max": 11681.0,
      "p0.1": 11559.177,
      "p1": 11560.77,
      "p5": 11575.0,
      "p10": 11579.9,
      "p25": 11606.0,
      "median": 11631.0,
      "p75": 11651.25,
      "p90": 11663.1,
      "p95": 11673.1,
      "p99": 11677.46,
      "p99.9": 11680.646
    },
    "output_len": {
      "mean": 201.18333333333334,
      "min": 194.0,
      "max": 211.0,
      "p0.1": 194.236,
      "p1": 196.36,
      "p5": 199.95,
      "p10": 200.0,
      "p25": 201.0,
      "median": 201.0,
      "p75": 201.0,
      "p90": 203.0,
      "p95": 203.05,
      "p99": 206.86999999999998,
      "p99.9": 210.58700000000007
    }
  },
  "failures": {
    "count": 0,
    "request_latency": null,
    "prompt_len": null
  }
}