{
  "load_summary": {
    "count": 1200,
    "schedule_delay": {
      "mean": 0.001692271726205945,
      "min": -0.0006742849946022034,
      "max": 0.07393232081085443,
      "p0.1": -0.000571518674492836,
      "p1": -0.0003737520659342408,
      "p5": -6.64729857817292e-05,
      "p10": 0.00012208460830152038,
      "p25": 0.0004483193624764681,
      "median": 0.0008365560788661242,
      "p75": 0.0012243372621014714,
      "p90": 0.001651920331642032,
      "p95": 0.004576782137155532,
      "p99": 0.03154419857077301,
      "p99.9": 0.04222862433595635
    },
    "send_duration": 29.78374152816832,
    "requested_rate": 40.0,
    "achieved_rate": 40.290438287113325
  },
  "successes": {
    "count": 1200,
    "latency": {
      "request_latency": {
        "mean": 4.364349994129346,
        "min": 1.017692212946713,
        "max": 8.959295530803502,
        "p0.1": 1.0580733651341871,
        "p1": 1.3416907353466376,
        "p5": 1.9007547690998763,
        "p10": 2.2163680674508215,
        "p25": 2.8195179488975555,
        "median": 4.256052860990167,
        "p75": 5.7242343976395205,
        "p90": 6.735329901846127,
        "p95": 7.362524542957544,
        "p99": 8.373525090306066,
        "p99.9": 8.817987920868212
      },
      "normalized_time_per_output_token": {
        "mean": 0.021665809223866538,
        "min": 0.005114031220837753,
        "max": 0.04457360960598757,
        "p0.1": 0.005237986956109837,
        "p1": 0.006610289232273072,
        "p5": 0.009443417668556718,
        "p10": 0.010987163764890284,
        "p25": 0.013988424388492545,
        "median": 0.021178403654543668,
        "p75": 0.028403943537286164,
        "p90": 0.033546412019081095,
        "p95": 0.03657320366535484,
        "p99": 0.04166010049844953,
        "p99.9": 0.04387058667098613
      },
      "time_per_output_token": {
        "mean": 0.020043797200346287,
        "min": 0.004166242574380401,
        "max": 0.04280922529054806,
        "p0.1": 0.004356726793621446,
        "p1": 0.005382294532919609,
        "p5": 0.008754285761052846,
        "p10": 0.009969984368421139,
        "p25": 0.012936941281154713,
        "median": 0.019162423428420842,
        "p75": 0.026122605448529457,
        "p90": 0.03149123798873332,
        "p95": 0.0355969112822578,
        "p99": 0.04004113619429779,
        "p99.9": 0.042403831735784
      },
      "time_to_first_token": {
        "mean": 0.3588618765360055,
        "min": 0.05970603879541159,
        "max": 2.564325227867812,
        "p0.1": 0.06074351577553898,
        "p1": 0.08006657403893769,
        "p5": 0.0960349126951769,
        "p10": 0.11965545336715877,
        "p25": 0.1458524400368333,
        "median": 0.260544802993536,
        "p75": 0.4500468506012112,
        "p90": 0.7172773600090295,
        "p95": 0.9600160911213604,
        "p99": 1.5012999665085223,
        "p99.9": 2.432092931303222
      },
      "inter_token_latency": {
        "mean": 0.020036497489428814,
        "min": 5.2140094339847565e-06,
        "max": 1.795405670069158,
        "p0.1": 5.7421000674366954e-06,
        "p1": 7.291166111826897e-06,
        "p5": 0.0029189691646024584,
        "p10": 0.005821856716647745,
        "p25": 0.008806345635093749,
        "median": 0.011762513313442469,
        "p75": 0.01492059079464525,
        "p90": 0.019795230077579617,
        "p95": 0.07316599793266503,
        "p99": 0.19764012391678978,
        "p99.9": 0.4019206828624117
      }
    },
    "throughput": {
      "input_tokens_per_sec": 419272.9121450074,
      "output_tokens_per_sec": 7268.402241810904,
      "total_tokens_per_sec": 426541.31438681827,
      "requests_per_sec": 36.07386216694688
    },
    "prompt_len": {
      "mean": 11622.623333333333,
      "min": 11534.0,
      "max": 11731.0,
      "p0.1": 11536.597,
      "p1": 11550.0,
      "p5": 11565.0,
      "p10": 11578.0,
      "p25": 11599.0,
      "median": 11623.0,
      "p75": 11647.0,
      "p90": 11665.1,
      "p95": 11677.05,
      "p99": 11706.0,
      "p99.9": 11719.204000000002
    },
    "output_len": {
      "mean": 201.48666666666668,
      "min": 158.0,
      "max": 213.0,
      "p0.1": 192.995,
      "p1": 199.0,
      "p5": 200.0,
      "p10": 200.0,
      "p25": 201.0,
      "median": 201.0,
      "p75": 202.0,
      "p90": 203.0,
      "p95": 204.0,
      "p99": 206.01,
      "p99.9": 212.0
    }
  },
  "failures": {
    "count": 0,
    "request_latency": null,
    "prompt_len": null
  }
}