{
  "load_summary": {
    "count": 60,
    "schedule_delay": {
      "mean": 0.0006267084817712505,
      "min": -0.00046681053936481476,
      "max": 0.0020768302492797375,
      "p0.1": -0.0004656487456522882,
      "p1": -0.0004551926022395492,
      "p5": -0.00022613715846091505,
      "p10": 6.411131471395493e-05,
      "p25": 0.0002611713716760278,
      "median": 0.0006903591565787792,
      "p75": 0.0009142296621575952,
      "p90": 0.0012372136116027832,
      "p95": 0.001569733815267682,
      "p99": 0.0019829737907275553,
      "p99.9": 0.0020674446034245207
    },
    "send_duration": 18.99886845005676,
    "requested_rate": 3.0,
    "achieved_rate": 3.1580828172859285
  },
  "successes": {
    "count": 60,
    "latency": {
      "request_latency": {
        "mean": 13.948983519640752,
        "min": 8.724119575228542,
        "max": 18.55100819375366,
        "p0.1": 8.728677661927883,
        "p1": 8.769700442221946,
        "p5": 8.867304756818339,
        "p10": 10.879195291921496,
        "p25": 11.680827477015555,
        "median": 14.566260672174394,
        "p75": 15.687468349118717,
        "p90": 17.42698519928381,
        "p95": 18.258302140561863,
        "p99": 18.53867010085378,
        "p99.9": 18.54977438446367
      },
      "normalized_time_per_output_token": {
        "mean": 0.014086848084544853,
        "min": 0.008767959372088987,
        "max": 0.019060407385407842,
        "p0.1": 0.00877528248521542,
        "p1": 0.008841190503353323,
        "p5": 0.008911776603410687,
        "p10": 0.010962354584766229,
        "p25": 0.011730806711506567,
        "median": 0.01467928566544122,
        "p75": 0.015838394309634865,
        "p90": 0.01751774427709972,
        "p95": 0.018627009560366687,
        "p99": 0.019004896753109107,
        "p99.9": 0.01905485632217797
      },
      "time_per_output_token": {
        "mean": 0.013623489219900342,
        "min": 0.008577767626715225,
        "max": 0.01801340517308563,
        "p0.1": 0.0085787855677244,
        "p1": 0.008587947036806974,
        "p5": 0.008696346837328747,
        "p10": 0.010660643645162853,
        "p25": 0.011502798859961331,
        "median": 0.014390192558988928,
        "p75": 0.01530544863117393,
        "p90": 0.016926157169416547,
        "p95": 0.017452119052992203,
        "p99": 0.017805003035361876,
        "p99.9": 0.017992564959313256
      },
      "time_to_first_token": {
        "mean": 0.29713042377649496,
        "min": 0.12175651593133807,
        "max": 0.9087877538986504,
        "p0.1": 0.1219341792105697,
        "p1": 0.12353314872365445,
        "p5": 0.12672415047418326,
        "p10": 0.13586005135439336,
        "p25": 0.14169616217259318,
        "median": 0.15635616681538522,
        "p75": 0.4784490311285481,
        "p90": 0.6729002833832055,
        "p95": 0.7777513193897901,
        "p99": 0.8688166350591926,
        "p99.9": 0.9047906420147053
      },
      "inter_token_latency": {
        "mean": 0.013623644823367188,
        "min": 5.495734512805939e-06,
        "max": 0.6674718712456524,
        "p0.1": 5.739737302064896e-06,
        "p1": 6.361380219459533e-06,
        "p5": 9.790994226932526e-06,
        "p10": 0.007271059695631266,
        "p25": 0.009881941135972738,
        "median": 0.013254397083073854,
        "p75": 0.015293307602405548,
        "p90": 0.016436593141406775,
        "p95": 0.01740645309910178,
        "p99": 0.04094616752117873,
        "p99.9": 0.4480011900514375
      }
    },
    "throughput": {
      "input_tokens_per_sec": 14649.310613109055,
      "output_tokens_per_sec": 1922.2850468100398,
      "total_tokens_per_sec": 16571.595659919094,
      "requests_per_sec": 1.9402974750366297
    },
    "prompt_len": {
      "mean": 7550.033333333334,
      "min": 7495.0,
      "max": 7589.0,
      "p0.1": 7495.531,
      "p1": 7500.31,
      "p5": 7513.85,
      "p10": 7516.0,
      "p25": 7537.0,
      "median": 7553.5,
      "p75": 7566.25,
      "p90": 7577.1,
      "p95": 7582.15,
      "p99": 7586.64,
      "p99.9": 7588.764
    },
    "output_len": {
      "mean": 990.7166666666667,
      "min": 922.0,
      "max": 1001.0,
      "p0.1": 924.242,
      "p1": 944.42,
      "p5": 974.5,
      "p10": 980.7,
      "p25": 989.75,
      "median": 994.5,
      "p75": 996.0,
      "p90": 998.0,
      "p95": 999.0,
      "p99": 1000.41,
      "p99.9": 1000.941
    }
  },
  "failures": {
    "count": 0,
    "request_latency": null,
    "prompt_len": null
  }
}