{
  "load_summary": {
    "count": 180,
    "schedule_delay": {
      "mean": 0.0007686600425384111,
      "min": -0.0008385805413126945,
      "max": 0.002106410451233387,
      "p0.1": -0.0008308385969139635,
      "p1": -0.0007603815756738186,
      "p5": -0.0001677642809227109,
      "p10": 5.701882764697097e-06,
      "p25": 0.0002897470258176327,
      "median": 0.0007772075477987528,
      "p75": 0.0012605128576979041,
      "p90": 0.0015741234179586167,
      "p95": 0.0017380656441673633,
      "p99": 0.0019652269547805194,
      "p99.9": 0.0020907970312982822
    },
    "send_duration": 59.4116698759608,
    "requested_rate": 3.0,
    "achieved_rate": 3.0297078061566447
  },
  "successes": {
    "count": 180,
    "latency": {
      "request_latency": {
        "mean": 38.15130719748688,
        "min": 15.86331676505506,
        "max": 59.9242901080288,
        "p0.1": 15.899305282488932,
        "p1": 16.817203207230197,
        "p5": 19.738457489130088,
        "p10": 20.858649524720384,
        "p25": 21.360930857015774,
        "median": 39.44089151639491,
        "p75": 55.57685932586901,
        "p90": 59.32046306687407,
        "p95": 59.59288217050489,
        "p99": 59.85461991541088,
        "p99.9": 59.91795277969865
      },
      "normalized_time_per_output_token": {
        "mean": 0.0190628175526427,
        "min": 0.0079276945352599,
        "max": 0.0299621450540144,
        "p0.1": 0.007946398322637742,
        "p1": 0.008425448327325454,
        "p5": 0.009864305500163671,
        "p10": 0.010425453338198139,
        "p25": 0.010675127864575598,
        "median": 0.01970082500155024,
        "p75": 0.027753766436028872,
        "p90": 0.02963959449204611,
        "p95": 0.029777995366939983,
        "p99": 0.029851670859373576,
        "p99.9": 0.02995629770154323
      },
      "time_per_output_token": {
        "mean": 0.01899427566770755,
        "min": 0.00790239928668554,
        "max": 0.029864953765412792,
        "p0.1": 0.00791148115575819,
        "p1": 0.008372383147466462,
        "p5": 0.009843284243706148,
        "p10": 0.01038643292784691,
        "p25": 0.010623337439959869,
        "median": 0.019688704782747667,
        "p75": 0.02772163006704068,
        "p90": 0.029568754069926217,
        "p95": 0.029682055371953175,
        "p99": 0.02979805425518658,
        "p99.9": 0.029864436508237384
      },
      "time_to_first_token": {
        "mean": 0.14602886642484617,
        "min": 0.03343662898987532,
        "max": 0.504517677705735,
        "p0.1": 0.03349403537297621,
        "p1": 0.03406549367122352,
        "p5": 0.03793963375501335,
        "p10": 0.040596062503755095,
        "p25": 0.06706545641645789,
        "median": 0.14398424956016243,
        "p75": 0.18141173699405044,
        "p90": 0.26076386868953705,
        "p95": 0.3210930961649863,
        "p99": 0.4117241702647885,
        "p99.9": 0.49814522584900356
      },
      "inter_token_latency": {
        "mean": 0.01899430647856086,
        "min": 8.25570896267891e-06,
        "max": 0.4011896946467459,
        "p0.1": 0.0027709998805075884,
        "p1": 0.005149207739159465,
        "p5": 0.007961607957258822,
        "p10": 0.009162902366369963,
        "p25": 0.01018710620701313,
        "median": 0.012145528104156256,
        "p75": 0.02049811533652246,
        "p90": 0.03646572278812528,
        "p95": 0.04955637371167541,
        "p99": 0.10992862302809958,
        "p99.9": 0.2416158477813006
      }
    },
    "throughput": {
      "input_tokens_per_sec": 5250.252497069011,
      "output_tokens_per_sec": 3372.320412636931,
      "total_tokens_per_sec": 8622.572909705941,
      "requests_per_sec": 1.6850836251135317
    },
    "prompt_len": {
      "mean": 3115.722222222222,
      "min": 3069.0,
      "max": 3164.0,
      "p0.1": 3070.253,
      "p1": 3076.79,
      "p5": 3089.95,
      "p10": 3097.9,
      "p25": 3105.0,
      "median": 3115.5,
      "p75": 3125.0,
      "p90": 3135.0,
      "p95": 3142.1,
      "p99": 3162.0,
      "p99.9": 3163.642
    },
    "output_len": {
      "mean": 2001.2777777777778,
      "min": 1994.0,
      "max": 2019.0,
      "p0.1": 1994.179,
      "p1": 1995.0,
      "p5": 1998.95,
      "p10": 1999.9,
      "p25": 2000.0,
      "median": 2001.0,
      "p75": 2002.0,
      "p90": 2003.0,
      "p95": 2005.0,
      "p99": 2009.63,
      "p99.9": 2017.7470000000003
    }
  },
  "failures": {
    "count": 0,
    "request_latency": null,
    "prompt_len": null
  }
}