{
  "load_summary": {
    "count": 600,
    "schedule_delay": {
      "mean": 0.000480873747728765,
      "min": -0.0019487435929477215,
      "max": 0.09615872800350189,
      "p0.1": -0.0018192704655230045,
      "p1": -0.0010604012571275234,
      "p5": -0.0006114031886681914,
      "p10": -0.00038004727102816096,
      "p25": -3.683508839458227e-05,
      "median": 0.000326244393363595,
      "p75": 0.0007242183201014996,
      "p90": 0.000996209168806672,
      "p95": 0.0012180389370769255,
      "p99": 0.0015240353159606456,
      "p99.9": 0.03963193503721321
    },
    "send_duration": 59.88423293083906,
    "requested_rate": 10.0,
    "achieved_rate": 10.019331811312444
  },
  "successes": {
    "count": 600,
    "latency": {
      "request_latency": {
        "mean": 74.59551289335204,
        "min": 27.10281927185133,
        "max": 93.3568020411767,
        "p0.1": 27.324154713691676,
        "p1": 35.06327552335337,
        "p5": 50.30048425856512,
        "p10": 54.855829441268,
        "p25": 65.34502681053709,
        "median": 74.10373448650353,
        "p75": 89.75356257578824,
        "p90": 92.63848925987259,
        "p95": 93.05796006659511,
        "p99": 93.33214791765903,
        "p99.9": 93.35660528038163
      },
      "normalized_time_per_output_token": {
        "mean": 0.03727476686857808,
        "min": 0.013564974610536202,
        "max": 0.04672895229837083,
        "p0.1": 0.013679877395529722,
        "p1": 0.017505533671244806,
        "p5": 0.025137673292636244,
        "p10": 0.02741242858735943,
        "p25": 0.03267783371760886,
        "median": 0.03704741275192472,
        "p75": 0.04485758838744368,
        "p90": 0.0462878240925437,
        "p95": 0.046504342792232735,
        "p99": 0.046654910966451434,
        "p99.9": 0.046719392026265696
      },
      "time_per_output_token": {
        "mean": 0.03716911236342062,
        "min": 0.013524203590815886,
        "max": 0.046611004278995095,
        "p0.1": 0.013636432495022425,
        "p1": 0.01750668342272518,
        "p5": 0.025007479128194975,
        "p10": 0.02723490481227636,
        "p25": 0.0326270573642687,
        "median": 0.03681476401758846,
        "p75": 0.04477056203043321,
        "p90": 0.04625880500499625,
        "p95": 0.04641758569702506,
        "p99": 0.046532466655315366,
        "p99.9": 0.04660990261951252
      },
      "time_to_first_token": {
        "mean": 0.24363293264294042,
        "min": 0.02896776609122753,
        "max": 0.9874869016930461,
        "p0.1": 0.030139774649869652,
        "p1": 0.03379240413662046,
        "p5": 0.044793870160356165,
        "p10": 0.05347315976396203,
        "p25": 0.08656720363069326,
        "median": 0.18380288500338793,
        "p75": 0.3280263808555901,
        "p90": 0.5734545927494765,
        "p95": 0.7162251295754686,
        "p99": 0.8747705622576176,
        "p99.9": 0.9536580199459606
      },
      "inter_token_latency": {
        "mean": 0.03716911751378951,
        "min": 7.659662514925003e-06,
        "max": 0.5699614230543375,
        "p0.1": 0.003615908656269312,
        "p1": 0.008885214868932963,
        "p5": 0.014173631416633725,
        "p10": 0.018094405811280013,
        "p25": 0.02458056900650263,
        "median": 0.030301548074930906,
        "p75": 0.036568891955539584,
        "p90": 0.05111317466944456,
        "p95": 0.0769843625370413,
        "p99": 0.22476274174638103,
        "p99.9": 0.46987418646179197
      }
    },
    "throughput": {
      "input_tokens_per_sec": 14104.873898151336,
      "output_tokens_per_sec": 9062.561636269376,
      "total_tokens_per_sec": 23167.43553442071,
      "requests_per_sec": 4.528446765200799
    },
    "prompt_len": {
      "mean": 3114.7266666666665,
      "min": 3069.0,
      "max": 3178.0,
      "p0.1": 3071.396,
      "p1": 3078.99,
      "p5": 3089.0,
      "p10": 3095.0,
      "p25": 3103.0,
      "median": 3113.5,
      "p75": 3124.0,
      "p90": 3136.0,
      "p95": 3145.05,
      "p99": 3162.0,
      "p99.9": 3172.0100000000007
    },
    "output_len": {
      "mean": 2001.2516666666668,
      "min": 1988.0,
      "max": 2017.0,
      "p0.1": 1989.797,
      "p1": 1995.0,
      "p5": 1998.0,
      "p10": 1999.0,
      "p25": 2000.0,
      "median": 2001.0,
      "p75": 2002.0,
      "p90": 2004.0,
      "p95": 2005.0,
      "p99": 2009.01,
      "p99.9": 2013.4060000000004
    }
  },
  "failures": {
    "count": 0,
    "request_latency": null,
    "prompt_len": null
  }
}