{
  "load_summary": {
    "count": 60,
    "schedule_delay": {
      "mean": 0.0014945037895813585,
      "min": -0.00046960730105638504,
      "max": 0.022888085804879665,
      "p0.1": -0.0004332181042991579,
      "p1": -0.00010571533348411325,
      "p5": 0.00016341016162186862,
      "p10": 0.0003615406341850758,
      "p25": 0.0007164579583331943,
      "median": 0.0011569350026547909,
      "p75": 0.0016427874797955155,
      "p90": 0.0019211953971534968,
      "p95": 0.0020355098182335495,
      "p99": 0.010609913184307445,
      "p99.9": 0.02166026854282265
    },
    "send_duration": 59.566616110969335,
    "requested_rate": 1.0,
    "achieved_rate": 1.0072756170708657
  },
  "successes": {
    "count": 60,
    "latency": {
      "request_latency": {
        "mean": 13.091256494657136,
        "min": 7.3451009090058506,
        "max": 15.775345418136567,
        "p0.1": 7.351490301981569,
        "p1": 7.408994838763029,
        "p5": 8.944672683090904,
        "p10": 10.580932949716225,
        "p25": 12.2130086729303,
        "median": 13.642162421019748,
        "p75": 14.56143513834104,
        "p90": 15.03547149724327,
        "p95": 15.227883763285353,
        "p99": 15.537572342460042,
        "p99.9": 15.751568110568918
      },
      "normalized_time_per_output_token": {
        "mean": 0.006542681192742805,
        "min": 0.00367806755583668,
        "max": 0.007891618518327446,
        "p0.1": 0.0036808268607005186,
        "p1": 0.003705660604475063,
        "p5": 0.00446372139983664,
        "p10": 0.005295255552028802,
        "p25": 0.006096594413988231,
        "median": 0.006815973411131239,
        "p75": 0.0072752781150943165,
        "p90": 0.0075501881710437055,
        "p95": 0.00760253807453088,
        "p99": 0.007765873642975816,
        "p99.9": 0.007879044030792285
      },
      "time_per_output_token": {
        "mean": 0.006394840203547695,
        "min": 0.0035519780355971306,
        "max": 0.007754434803966433,
        "p0.1": 0.003554928770694649,
        "p1": 0.0035814853865723125,
        "p5": 0.0039447285115253175,
        "p10": 0.005168590553477406,
        "p25": 0.005892066321219318,
        "median": 0.006677134396508336,
        "p75": 0.007146722229779698,
        "p90": 0.007420646482007578,
        "p95": 0.007538135279272683,
        "p99": 0.007639479577194433,
        "p99.9": 0.007742939281289235
      },
      "time_to_first_token": {
        "mean": 0.2801831706970309,
        "min": 0.1319841151125729,
        "max": 1.1375037259422243,
        "p0.1": 0.1320367804383859,
        "p1": 0.13251076837070286,
        "p5": 0.13602821957319974,
        "p10": 0.13766845366917552,
        "p25": 0.172371085267514,
        "median": 0.2301531182602048,
        "p75": 0.27574777230620384,
        "p90": 0.3695364941377193,
        "p95": 0.9201294814934954,
        "p99": 1.077243766416795,
        "p99.9": 1.1314777299896823
      },
      "inter_token_latency": {
        "mean": 0.006394840203547695,
        "min": 7.495749741792679e-06,
        "max": 0.3653222448192537,
        "p0.1": 0.00039612065441906464,
        "p1": 0.0028665184834972025,
        "p5": 0.0033802954480051995,
        "p10": 0.004049479262903333,
        "p25": 0.005244327941909432,
        "median": 0.0055952658876776695,
        "p75": 0.007303310441784561,
        "p90": 0.0077595474198460575,
        "p95": 0.00832345902454108,
        "p99": 0.014035017248243093,
        "p99.9": 0.20055039219744522
      }
    },
    "throughput": {
      "input_tokens_per_sec": 2626.9425355408057,
      "output_tokens_per_sec": 1687.0384035616557,
      "total_tokens_per_sec": 4313.980939102462,
      "requests_per_sec": 0.8431397888758337
    },
    "prompt_len": {
      "mean": 3115.6666666666665,
      "min": 3079.0,
      "max": 3164.0,
      "p0.1": 3079.531,
      "p1": 3084.31,
      "p5": 3092.9,
      "p10": 3097.9,
      "p25": 3104.0,
      "median": 3113.5,
      "p75": 3123.0,
      "p90": 3139.3,
      "p95": 3154.4,
      "p99": 3162.82,
      "p99.9": 3163.882
    },
    "output_len": {
      "mean": 2000.9,
      "min": 1990.0,
      "max": 2006.0,
      "p0.1": 1990.413,
      "p1": 1994.13,
      "p5": 1998.0,
      "p10": 1998.9,
      "p25": 2000.0,
      "median": 2001.0,
      "p75": 2002.0,
      "p90": 2003.0,
      "p95": 2004.0,
      "p99": 2005.41,
      "p99.9": 2005.941
    }
  },
  "failures": {
    "count": 0,
    "request_latency": null,
    "prompt_len": null
  }
}