{
  "load_summary": {
    "count": 300,
    "schedule_delay": {
      "mean": 0.00047983439018328987,
      "min": -0.0009415685199201107,
      "max": 0.0021920111030340195,
      "p0.1": -0.0009156807009130716,
      "p1": -0.0007747940113767981,
      "p5": -0.00036929587367922067,
      "p10": -0.00024316469207406045,
      "p25": 8.720159530639648e-05,
      "median": 0.0004363423213362694,
      "p75": 0.0008779414929449558,
      "p90": 0.0011856686789542441,
      "p95": 0.0015670956345275047,
      "p99": 0.001853342931717634,
      "p99.9": 0.002176309550181032
    },
    "send_duration": 59.88897689431906,
    "requested_rate": 5.0,
    "achieved_rate": 5.009269076835029
  },
  "successes": {
    "count": 300,
    "latency": {
      "request_latency": {
        "mean": 46.73596154477913,
        "min": 20.826942789833993,
        "max": 67.53492296859622,
        "p0.1": 20.852227569214534,
        "p1": 21.01250976418145,
        "p5": 26.45698248508852,
        "p10": 29.82368986210786,
        "p25": 34.57969980954658,
        "median": 45.657752172788605,
        "p75": 59.82834421982989,
        "p90": 66.07456344463863,
        "p95": 66.67324186437763,
        "p99": 67.28521371358539,
        "p99.9": 67.5337032093103
      },
      "normalized_time_per_output_token": {
        "mean": 0.023356983601384298,
        "min": 0.010408267261286352,
        "max": 0.03376542175305076,
        "p0.1": 0.01041622562637975,
        "p1": 0.010495863642004461,
        "p5": 0.013214947045428043,
        "p10": 0.014905133170035188,
        "p25": 0.017276899072391813,
        "median": 0.022828886861275266,
        "p75": 0.030007117386311326,
        "p90": 0.0330165922473269,
        "p95": 0.03330581850385306,
        "p99": 0.033632681118135284,
        "p99.9": 0.03375594524809451
      },
      "time_per_output_token": {
        "mean": 0.0232649227392837,
        "min": 0.01038071651383489,
        "max": 0.03358359209514815,
        "p0.1": 0.010380727610592519,
        "p1": 0.010478888490484095,
        "p5": 0.013201197591354139,
        "p10": 0.014824788906308823,
        "p25": 0.01725324749056017,
        "median": 0.022669898158637805,
        "p75": 0.029775400971237105,
        "p90": 0.032965606350343304,
        "p95": 0.03317030679535819,
        "p99": 0.03351563130980129,
        "p99.9": 0.03356699403796346
      },
      "time_to_first_token": {
        "mean": 0.19316715264848122,
        "min": 0.03157675126567483,
        "max": 1.2871032692492008,
        "p0.1": 0.03212051019258797,
        "p1": 0.034769932171329856,
        "p5": 0.042428804212249815,
        "p10": 0.0566372964065522,
        "p25": 0.11832792835775763,
        "median": 0.16847924352623522,
        "p75": 0.23668543191161007,
        "p90": 0.31763051105663187,
        "p95": 0.39276469887699944,
        "p99": 0.894154261560179,
        "p99.9": 1.1815996627630743
      },
      "inter_token_latency": {
        "mean": 0.02326461275751188,
        "min": 7.860828191041946e-06,
        "max": 0.7931695482693613,
        "p0.1": 0.002801679621916264,
        "p1": 0.0065437371376901865,
        "p5": 0.010452524642460048,
        "p10": 0.012827109778299928,
        "p25": 0.015163715928792953,
        "median": 0.01673435070551932,
        "p75": 0.02304431004449725,
        "p90": 0.03386570862494409,
        "p95": 0.048612028593197465,
        "p99": 0.13339682819787413,
        "p99.9": 0.25210489619057636
      }
    },
    "throughput": {
      "input_tokens_per_sec": 9197.740939013504,
      "output_tokens_per_sec": 5908.6530478342365,
      "total_tokens_per_sec": 15106.393986847741,
      "requests_per_sec": 2.9528648558134907
    },
    "prompt_len": {
      "mean": 3114.8533333333335,
      "min": 3069.0,
      "max": 3164.0,
      "p0.1": 3070.196,
      "p1": 3076.99,
      "p5": 3090.0,
      "p10": 3095.0,
      "p25": 3103.75,
      "median": 3114.0,
      "p75": 3125.0,
      "p90": 3135.1,
      "p95": 3141.0,
      "p99": 3158.04,
      "p99.9": 3163.402
    },
    "output_len": {
      "mean": 2000.99,
      "min": 1985.0,
      "max": 2014.0,
      "p0.1": 1987.093,
      "p1": 1994.98,
      "p5": 1997.0,
      "p10": 1999.0,
      "p25": 2000.0,
      "median": 2001.0,
      "p75": 2002.0,
      "p90": 2003.0,
      "p95": 2004.0,
      "p99": 2007.01,
      "p99.9": 2012.804
    }
  },
  "failures": {
    "count": 0,
    "request_latency": null,
    "prompt_len": null
  }
}