{
  "load_summary": {
    "count": 720,
    "schedule_delay": {
      "mean": 0.0003957068120750288,
      "min": -0.0010481537319719791,
      "max": 0.03743601031601429,
      "p0.1": -0.0009613203029148281,
      "p1": -0.0007711965823546052,
      "p5": -0.0005389357917010784,
      "p10": -0.0003452434670180082,
      "p25": -6.317277438938618e-06,
      "median": 0.0003523891791701317,
      "p75": 0.0006779574323445559,
      "p90": 0.000996123068034649,
      "p95": 0.001221625646576285,
      "p99": 0.001506471447646617,
      "p99.9": 0.011895133565647894
    },
    "send_duration": 59.99793991399929,
    "requested_rate": 12.0,
    "achieved_rate": 12.000412031347143
  },
  "successes": {
    "count": 720,
    "latency": {
      "request_latency": {
        "mean": 81.89448328318217,
        "min": 36.69956179894507,
        "max": 101.90216827113181,
        "p0.1": 37.67215179899335,
        "p1": 45.85393121678382,
        "p5": 59.48786819777452,
        "p10": 62.77475776295178,
        "p25": 71.29094965895638,
        "median": 80.57509135594591,
        "p75": 95.94003456120845,
        "p90": 100.86321688964964,
        "p95": 101.52372454567812,
        "p99": 101.78207647520118,
        "p99.9": 101.87963109256886
      },
      "normalized_time_per_output_token": {
        "mean": 0.040929650619149126,
        "min": 0.018340610594175445,
        "max": 0.05100932778509844,
        "p0.1": 0.018819832922362792,
        "p1": 0.022889996366272303,
        "p5": 0.029729069564105204,
        "p10": 0.031380555090510985,
        "p25": 0.0356276609989787,
        "median": 0.040267411971986966,
        "p75": 0.04797074185580717,
        "p90": 0.050399011203522116,
        "p95": 0.05074073769001365,
        "p99": 0.0508804833356549,
        "p99.9": 0.05098533424019663
      },
      "time_per_output_token": {
        "mean": 0.04079865524669974,
        "min": 0.018317158647580073,
        "max": 0.0508838902299758,
        "p0.1": 0.01881051129870792,
        "p1": 0.022902415548944847,
        "p5": 0.029349179196555632,
        "p10": 0.0312685259796679,
        "p25": 0.03557463392708451,
        "median": 0.04009102601197083,
        "p75": 0.04784408818552038,
        "p90": 0.05035621009697206,
        "p95": 0.050687936509796416,
        "p99": 0.05080582231570967,
        "p99.9": 0.05085427768163709
      },
      "time_to_first_token": {
        "mean": 0.28374127374780883,
        "min": 0.029656410217285156,
        "max": 1.6432309271767735,
        "p0.1": 0.030270145589951426,
        "p1": 0.036320779826492074,
        "p5": 0.04711537163238973,
        "p10": 0.05704291616566479,
        "p25": 0.0873203999362886,
        "median": 0.1662910741288215,
        "p75": 0.32435075694229454,
        "p90": 0.6966209378559145,
        "p95": 1.0242116012843319,
        "p99": 1.5265798079594965,
        "p99.9": 1.6316866154503087
      },
      "inter_token_latency": {
        "mean": 0.04079865524669973,
        "min": 6.632879376411438e-06,
        "max": 0.7506204359233379,
        "p0.1": 0.004168033297173679,
        "p1": 0.010103237233124673,
        "p5": 0.016891665756702423,
        "p10": 0.020227713417261838,
        "p25": 0.026847079279832542,
        "median": 0.034489977871999145,
        "p75": 0.04077938268892467,
        "p90": 0.05476846517995002,
        "p95": 0.07741373267490419,
        "p99": 0.22864224147517237,
        "p99.9": 0.5807935092691333
      }
    },
    "throughput": {
      "input_tokens_per_sec": 15992.651868061484,
      "output_tokens_per_sec": 10273.30664521346,
      "total_tokens_per_sec": 26265.958513274945,
      "requests_per_sec": 5.134446223848006
    },
    "prompt_len": {
      "mean": 3114.776388888889,
      "min": 3069.0,
      "max": 3180.0,
      "p0.1": 3071.876,
      "p1": 3080.19,
      "p5": 3090.0,
      "p10": 3096.0,
      "p25": 3103.0,
      "median": 3113.5,
      "p75": 3124.0,
      "p90": 3135.1,
      "p95": 3144.05,
      "p99": 3161.43,
      "p99.9": 3178.562
    },
    "output_len": {
      "mean": 2000.8597222222222,
      "min": 1990.0,
      "max": 2012.0,
      "p0.1": 1990.719,
      "p1": 1993.0,
      "p5": 1997.0,
      "p10": 1999.0,
      "p25": 2000.0,
      "median": 2001.0,
      "p75": 2001.0,
      "p90": 2003.0,
      "p95": 2005.0,
      "p99": 2007.0,
      "p99.9": 2012.0
    }
  },
  "failures": {
    "count": 0,
    "request_latency": null,
    "prompt_len": null
  }
}