{
  "load_summary": {
    "count": 900,
    "schedule_delay": {
      "mean": 0.0005472771937234534,
      "min": -0.0010117567144334316,
      "max": 0.0026470921002328396,
      "p0.1": -0.0009865054017864168,
      "p1": -0.0007945020496845245,
      "p5": -0.0004246158991008997,
      "p10": -0.0002515495754778385,
      "p25": 0.00010154885239899158,
      "median": 0.0005013360641896725,
      "p75": 0.0009661882650107145,
      "p90": 0.0014116469770669938,
      "p95": 0.001602754183113575,
      "p99": 0.002117809350602329,
      "p99.9": 0.0025355842728167913
    },
    "send_duration": 59.84802444418892,
    "requested_rate": 15.0,
    "achieved_rate": 15.038090369036192
  },
  "successes": {
    "count": 900,
    "latency": {
      "request_latency": {
        "mean": 103.3539259950294,
        "min": 30.93363613821566,
        "max": 129.12124413484707,
        "p0.1": 31.417188298784197,
        "p1": 58.49549650450237,
        "p5": 75.31593452224043,
        "p10": 79.46407971917651,
        "p25": 88.89819594984874,
        "median": 105.01692975056358,
        "p75": 123.44125621207058,
        "p90": 126.90631532301195,
        "p95": 128.11182782370597,
        "p99": 128.9054129558429,
        "p99.9": 129.10942462539253
      },
      "normalized_time_per_output_token": {
        "mean": 0.05165097298390498,
        "min": 0.015451366702405425,
        "max": 0.06459727571686139,
        "p0.1": 0.015692901248143952,
        "p1": 0.029233000095321378,
        "p5": 0.037639147687276574,
        "p10": 0.03971138538044631,
        "p25": 0.04442688453265804,
        "median": 0.05248942936692935,
        "p75": 0.0616713560333318,
        "p90": 0.0634339306275826,
        "p95": 0.06402646684513194,
        "p99": 0.06443875345837857,
        "p99.9": 0.0645874458918117
      },
      "time_per_output_token": {
        "mean": 0.05139656495003722,
        "min": 0.01543808819144033,
        "max": 0.06445031878398731,
        "p0.1": 0.015686311718364477,
        "p1": 0.029219842796765733,
        "p5": 0.03742965419644024,
        "p10": 0.03922072190057952,
        "p25": 0.04435513535351492,
        "median": 0.05138913710764609,
        "p75": 0.06162879466358572,
        "p90": 0.06335618772858288,
        "p95": 0.06396982220499776,
        "p99": 0.06434861550317611,
        "p99.9": 0.06444514263517247
      },
      "time_to_first_token": {
        "mean": 0.5477736060828384,
        "min": 0.02916292194277048,
        "max": 4.231071834918112,
        "p0.1": 0.029680686672683806,
        "p1": 0.03589398959651589,
        "p5": 0.05268610762432218,
        "p10": 0.06562044089660049,
        "p25": 0.0954731801757589,
        "median": 0.17560465191490948,
        "p75": 0.4189982460811734,
        "p90": 1.274911279743538,
        "p95": 3.4281299083959302,
        "p99": 3.9585285479342556,
        "p99.9": 4.177020445512614
      },
      "inter_token_latency": {
        "mean": 0.05139656813539701,
        "min": 7.472001016139984e-06,
        "max": 1.3009494617581367,
        "p0.1": 0.004115769129246473,
        "p1": 0.01209758706856519,
        "p5": 0.018976250058040024,
        "p10": 0.02379585960879922,
        "p25": 0.0339185775956139,
        "median": 0.04303826089017093,
        "p75": 0.04988380474969745,
        "p90": 0.06692401585169136,
        "p95": 0.10387676307000217,
        "p99": 0.25391834605950864,
        "p99.9": 0.9243110438273293
      }
    },
    "throughput": {
      "input_tokens_per_sec": 16819.587655688723,
      "output_tokens_per_sec": 10804.422581221243,
      "total_tokens_per_sec": 27624.01023690997,
      "requests_per_sec": 5.399469559956288
    },
    "prompt_len": {
      "mean": 3115.0444444444443,
      "min": 3069.0,
      "max": 3180.0,
      "p0.1": 3072.596,
      "p1": 3080.99,
      "p5": 3090.0,
      "p10": 3095.0,
      "p25": 3103.0,
      "median": 3114.0,
      "p75": 3125.0,
      "p90": 3137.0,
      "p95": 3145.05,
      "p99": 3161.01,
      "p99.9": 3178.202
    },
    "output_len": {
      "mean": 2001.0155555555555,
      "min": 1988.0,
      "max": 2012.0,
      "p0.1": 1990.697,
      "p1": 1995.0,
      "p5": 1998.0,
      "p10": 1999.0,
      "p25": 2000.0,
      "median": 2001.0,
      "p75": 2002.0,
      "p90": 2003.0,
      "p95": 2004.0,
      "p99": 2009.0,
      "p99.9": 2012.0
    }
  },
  "failures": {
    "count": 0,
    "request_latency": null,
    "prompt_len": null
  }
}