{
  "load_summary": {
    "count": 3300,
    "schedule_delay": {
      "mean": 0.0005197232493171186,
      "min": -0.0019487435929477215,
      "max": 0.09615872800350189,
      "p0.1": -0.0012052113940007984,
      "p1": -0.0008049221383407711,
      "p5": -0.00047056463081389665,
      "p10": -0.0002829836681485176,
      "p25": 6.113376002758741e-05,
      "median": 0.000448897248134017,
      "p75": 0.000876834848895669,
      "p90": 0.001271981792524457,
      "p95": 0.0015030559618026014,
      "p99": 0.002007869281806049,
      "p99.9": 0.0030314710028469965
    }
  },
  "successes": {
    "count": 3300,
    "latency": {
      "request_latency": {
        "mean": 74.37994883499235,
        "min": 7.3451009090058506,
        "max": 129.12124413484707,
        "p0.1": 9.297116547159385,
        "p1": 13.280517486543395,
        "p5": 21.228806018736215,
        "p10": 34.09049281487241,
        "p25": 55.76697261061054,
        "median": 75.52011789241806,
        "p75": 93.10642398777418,
        "p90": 115.87871357863769,
        "p95": 125.28357181362807,
        "p99": 128.4596876907162,
        "p99.9": 129.05947645818677
      },
      "normalized_time_per_output_token": {
        "mean": 0.03717180182486367,
        "min": 0.00367806755583668,
        "max": 0.06459727571686139,
        "p0.1": 0.00464227821773796,
        "p1": 0.006630378013546965,
        "p5": 0.010611332476170304,
        "p10": 0.017038429795421726,
        "p25": 0.027866071368059825,
        "median": 0.03774625015386037,
        "p75": 0.04652305165272456,
        "p90": 0.05794304197513103,
        "p95": 0.06260318600568922,
        "p99": 0.06413060757561313,
        "p99.9": 0.06452785481188364
      },
      "time_per_output_token": {
        "mean": 0.03702471487936888,
        "min": 0.0035519780355971306,
        "max": 0.06445031878398731,
        "p0.1": 0.004240399639274226,
        "p1": 0.006560237959725783,
        "p5": 0.010530257003684528,
        "p10": 0.016989685634616763,
        "p25": 0.02777723351039458,
        "median": 0.03766822881533849,
        "p75": 0.04645716730010463,
        "p90": 0.0570992342439713,
        "p95": 0.06254285945927258,
        "p99": 0.06406555415537674,
        "p99.9": 0.06439914486810637
      },
      "time_to_first_token": {
        "mean": 0.31902321682565593,
        "min": 0.028319049160927534,
        "max": 4.231071834918112,
        "p0.1": 0.029681061510462313,
        "p1": 0.03435568506829441,
        "p5": 0.04434869161341339,
        "p10": 0.055345934350043535,
        "p25": 0.08805015427060425,
        "median": 0.16865602787584066,
        "p75": 0.29992627853062004,
        "p90": 0.6163604771718382,
        "p95": 0.9527610718738279,
        "p99": 3.6243316019419565,
        "p99.9": 4.137812017060351
      },
      "inter_token_latency": {
        "mean": 0.037024799806011345,
        "min": 6.632879376411438e-06,
        "max": 1.3009494617581367,
        "p0.1": 0.0029099269742146137,
        "p1": 0.00538529051002115,
        "p5": 0.009164196881465613,
        "p10": 0.012253511650487782,
        "p25": 0.019890039111487567,
        "median": 0.03016667766496539,
        "p75": 0.041765428497456014,
        "p90": 0.05433673458173871,
        "p95": 0.07620262708514898,
        "p99": 0.1988427705084913,
        "p99.9": 0.7067103252585778
      }
    },
    "throughput": {
      "input_tokens_per_sec": 10886.82378056104,
      "output_tokens_per_sec": 6993.543182018789,
      "total_tokens_per_sec": 17880.36696257983,
      "requests_per_sec": 3.4950484262247072
    },
    "prompt_len": {
      "mean": 3114.927878787879,
      "min": 3069.0,
      "max": 3180.0,
      "p0.1": 3069.0,
      "p1": 3079.0,
      "p5": 3089.95,
      "p10": 3095.0,
      "p25": 3103.0,
      "median": 3114.0,
      "p75": 3125.0,
      "p90": 3136.0,
      "p95": 3144.0,
      "p99": 3162.0,
      "p99.9": 3178.0
    },
    "output_len": {
      "mean": 2000.9860606060606,
      "min": 1976.0,
      "max": 2019.0,
      "p0.1": 1986.598,
      "p1": 1994.0,
      "p5": 1998.0,
      "p10": 1999.0,
      "p25": 2000.0,
      "median": 2001.0,
      "p75": 2002.0,
      "p90": 2003.0,
      "p95": 2004.0,
      "p99": 2008.0,
      "p99.9": 2012.0
    }
  },
  "failures": {
    "count": 0,
    "request_latency": null,
    "prompt_len": null
  }
}