{
  "load_summary": {
    "count": 1250,
    "schedule_delay": {
      "mean": 0.00046629198640584944,
      "min": -0.0009096460416913033,
      "max": 0.08040344342589378,
      "p0.1": -0.0008459280668757856,
      "p1": -0.0006655149348080158,
      "p5": -0.00045159803703427316,
      "p10": -0.00029298369772732256,
      "p25": 4.07475745305419e-05,
      "median": 0.0003797931130975485,
      "p75": 0.0007273408118635416,
      "p90": 0.0010656403843313457,
      "p95": 0.0012619958026334642,
      "p99": 0.0016485342010855674,
      "p99.9": 0.008612813425251668
    },
    "send_duration": 25.166310561820865,
    "requested_rate": 50.0,
    "achieved_rate": 49.669576989816754
  },
  "successes": {
    "count": 1250,
    "latency": {
      "request_latency": {
        "mean": 77.97715448896065,
        "min": 66.14803845621645,
        "max": 88.41586714284495,
        "p0.1": 66.34999271186115,
        "p1": 67.8882306054933,
        "p5": 69.6707718913909,
        "p10": 70.86783187598921,
        "p25": 74.01719843351748,
        "median": 78.2328196328599,
        "p75": 81.55214229074772,
        "p90": 84.3610779125709,
        "p95": 86.29492264536675,
        "p99": 87.6480308375042,
        "p99.9": 88.3555056801443
      },
      "normalized_time_per_output_token": {
        "mean": 0.0781376558148672,
        "min": 0.06630025906031495,
        "max": 0.0889495645300251,
        "p0.1": 0.06657291377799684,
        "p1": 0.06803536458419647,
        "p5": 0.0698051904677305,
        "p10": 0.07105842500505867,
        "p25": 0.07420319332863942,
        "median": 0.0783966046962632,
        "p75": 0.0817024020580118,
        "p90": 0.08445448839052813,
        "p95": 0.08645643479891098,
        "p99": 0.08795206049189888,
        "p99.9": 0.08886196236622827
      },
      "time_per_output_token": {
        "mean": 0.07714825499146619,
        "min": 0.06572428521607071,
        "max": 0.0880545974210836,
        "p0.1": 0.06581292758700112,
        "p1": 0.0666520069941273,
        "p5": 0.06901319086444564,
        "p10": 0.07025005826819687,
        "p25": 0.07320309971412643,
        "median": 0.07758120116754436,
        "p75": 0.08092099104844966,
        "p90": 0.08337351936660709,
        "p95": 0.08483279550424776,
        "p99": 0.08692740316933022,
        "p99.9": 0.08774831155645203
      },
      "time_to_first_token": {
        "mean": 0.7987541235812008,
        "min": 0.04312332719564438,
        "max": 2.971164511051029,
        "p0.1": 0.06146336459508166,
        "p1": 0.07867714780382812,
        "p5": 0.1686661177780479,
        "p10": 0.2507785378489643,
        "p25": 0.42104136489797384,
        "median": 0.665275544160977,
        "p75": 1.0498002249514684,
        "p90": 1.5695913782343274,
        "p95": 1.8054932574741542,
        "p99": 2.325808506393805,
        "p99.9": 2.6702487689661867
      },
      "inter_token_latency": {
        "mean": 0.07714825499146619,
        "min": 5.34718856215477e-06,
        "max": 0.6728873369283974,
        "p0.1": 6.157904863357544e-06,
        "p1": 1.2625930830836296e-05,
        "p5": 0.03996243181172758,
        "p10": 0.06202535871416331,
        "p25": 0.06915615044999868,
        "median": 0.0720117895398289,
        "p75": 0.07444461795967072,
        "p90": 0.07709296415559948,
        "p95": 0.0807267608586699,
        "p99": 0.44226274717599157,
        "p99.9": 0.5431867459644574
      }
    },
    "throughput": {
      "input_tokens_per_sec": 98523.57970006336,
      "output_tokens_per_sec": 13034.951944714148,
      "total_tokens_per_sec": 111558.53164477751,
      "requests_per_sec": 13.061618545135898
    },
    "prompt_len": {
      "mean": 7542.984,
      "min": 7482.0,
      "max": 7619.0,
      "p0.1": 7483.245,
      "p1": 7494.0,
      "p5": 7507.0,
      "p10": 7514.0,
      "p25": 7526.0,
      "median": 7542.0,
      "p75": 7559.0,
      "p90": 7574.0,
      "p95": 7582.0,
      "p99": 7592.0,
      "p99.9": 7614.518000000004
    },
    "output_len": {
      "mean": 997.9584,
      "min": 909.0,
      "max": 1011.0,
      "p0.1": 955.727,
      "p1": 981.49,
      "p5": 992.0,
      "p10": 994.0,
      "p25": 996.0,
      "median": 998.0,
      "p75": 1000.0,
      "p90": 1002.0,
      "p95": 1004.0,
      "p99": 1006.0,
      "p99.9": 1009.7510000000002
    }
  },
  "failures": {
    "count": 0,
    "request_latency": null,
    "prompt_len": null
  }
}