{
  "load_summary": {
    "count": 200,
    "schedule_delay": {
      "mean": 0.0005874599679373205,
      "min": -0.000967654399573803,
      "max": 0.0017706998623907566,
      "p0.1": -0.0009272545436397195,
      "p1": -0.0006088177021592856,
      "p5": -0.000162294297479093,
      "p10": 2.5329506024718293e-05,
      "p25": 0.0002457587979733944,
      "median": 0.0005844123661518097,
      "p75": 0.000936231343075633,
      "p90": 0.001242939056828618,
      "p95": 0.0013432410545647143,
      "p99": 0.0016034737881273028,
      "p99.9": 0.0017437036735937022
    },
    "send_duration": 17.16910134907812,
    "requested_rate": 10.0,
    "achieved_rate": 11.648833327595147
  },
  "successes": {
    "count": 200,
    "latency": {
      "request_latency": {
        "mean": 22.497879308047704,
        "min": 8.870732327923179,
        "max": 35.84300108719617,
        "p0.1": 8.895784895562102,
        "p1": 8.997580749467016,
        "p5": 10.579407391953282,
        "p10": 11.370244380598889,
        "p25": 15.03271126106847,
        "median": 23.274075938854367,
        "p75": 28.568532074219547,
        "p90": 33.000455715879795,
        "p95": 34.47181593950372,
        "p99": 35.61877299999818,
        "p99.9": 35.82193903777562
      },
      "normalized_time_per_output_token": {
        "mean": 0.02254470314181174,
        "min": 0.008888509346616412,
        "max": 0.035952878916370015,
        "p0.1": 0.008913612119801705,
        "p1": 0.009033534594767375,
        "p5": 0.010549336159249892,
        "p10": 0.011351841309319557,
        "p25": 0.015115849207391969,
        "median": 0.02329781677506797,
        "p75": 0.028654934692178818,
        "p90": 0.032984078108175614,
        "p95": 0.03441641495728885,
        "p99": 0.03584349712685115,
        "p99.9": 0.03594088441749849
      },
      "time_per_output_token": {
        "mean": 0.02212118980851476,
        "min": 0.008509322802070528,
        "max": 0.03525182043900713,
        "p0.1": 0.00854405644648429,
        "p1": 0.008798675265805796,
        "p5": 0.010390705836354755,
        "p10": 0.010899791276454927,
        "p25": 0.01461517737666145,
        "median": 0.0227846566576045,
        "p75": 0.02829883608936476,
        "p90": 0.03248307431975984,
        "p95": 0.034022707971488125,
        "p99": 0.034523330325824206,
        "p99.9": 0.03517862623905205
      },
      "time_to_first_token": {
        "mean": 0.3892157131410204,
        "min": 0.05857223737984896,
        "max": 1.290799804031849,
        "p0.1": 0.05904600730678067,
        "p1": 0.0627668173611164,
        "p5": 0.0723072667606175,
        "p10": 0.10683559780009091,
        "p25": 0.15809290169272572,
        "median": 0.45507070887833834,
        "p75": 0.502272458630614,
        "p90": 0.7577224534936249,
        "p95": 0.8881008523982015,
        "p99": 1.1926214491901912,
        "p99.9": 1.2847813588101422
      },
      "inter_token_latency": {
        "mean": 0.022110420226528947,
        "min": 5.447771400213242e-06,
        "max": 0.6122252619825304,
        "p0.1": 5.926936864852905e-06,
        "p1": 8.630147203803063e-06,
        "p5": 0.007504982757382095,
        "p10": 0.00799235375598073,
        "p25": 0.010026771109551191,
        "median": 0.012144608423113823,
        "p75": 0.029321487643755972,
        "p90": 0.030987268779426813,
        "p95": 0.03159622719977051,
        "p99": 0.10504428800195471,
        "p99.9": 0.431398466662504
      }
    },
    "throughput": {
      "input_tokens_per_sec": 33615.717101943155,
      "output_tokens_per_sec": 4446.389994204826,
      "total_tokens_per_sec": 38062.10709614798,
      "requests_per_sec": 4.455590789184492
    },
    "prompt_len": {
      "mean": 7544.615,
      "min": 7490.0,
      "max": 7597.0,
      "p0.1": 7491.194,
      "p1": 7497.98,
      "p5": 7509.95,
      "p10": 7516.0,
      "p25": 7526.0,
      "median": 7543.0,
      "p75": 7564.0,
      "p90": 7576.1,
      "p95": 7585.05,
      "p99": 7591.01,
      "p99.9": 7596.005
    },
    "output_len": {
      "mean": 997.935,
      "min": 966.0,
      "max": 1008.0,
      "p0.1": 966.597,
      "p1": 973.95,
      "p5": 991.9,
      "p10": 994.0,
      "p25": 996.0,
      "median": 998.0,
      "p75": 1000.0,
      "p90": 1003.0,
      "p95": 1004.0,
      "p99": 1006.0,
      "p99.9": 1007.6020000000001
    }
  },
  "failures": {
    "count": 0,
    "request_latency": null,
    "prompt_len": null
  }
}