{
  "load_summary": {
    "count": 1500,
    "schedule_delay": {
      "mean": 0.000430708684027195,
      "min": -0.0009303828701376915,
      "max": 0.002768114674836397,
      "p0.1": -0.0009018380823545158,
      "p1": -0.0006934015173465013,
      "p5": -0.00040960076730698345,
      "p10": -0.000248113414272666,
      "p25": 4.90252859890461e-05,
      "median": 0.0004130082670599222,
      "p75": 0.000787993660196662,
      "p90": 0.0011404179502278568,
      "p95": 0.0013455813517794012,
      "p99": 0.0016468792641535402,
      "p99.9": 0.0019281082134693915
    },
    "send_duration": 25.33725808793679,
    "requested_rate": 60.0,
    "achieved_rate": 59.20135457412254
  },
  "successes": {
    "count": 1499,
    "latency": {
      "request_latency": {
        "mean": 86.03017608971777,
        "min": 72.10100460378453,
        "max": 100.64415196375921,
        "p0.1": 72.33853548933286,
        "p1": 73.12026703896001,
        "p5": 74.99986610920169,
        "p10": 76.94829128021374,
        "p25": 81.00228597503155,
        "median": 86.39992999099195,
        "p75": 90.668986040866,
        "p90": 94.85392378130928,
        "p95": 98.22859313432127,
        "p99": 100.01521247133613,
        "p99.9": 100.59407895375882
      },
      "normalized_time_per_output_token": {
        "mean": 0.0862026862403963,
        "min": 0.07210100460378453,
        "max": 0.1013799628868837,
        "p0.1": 0.0724024806130047,
        "p1": 0.07326244673080086,
        "p5": 0.07511085063614331,
        "p10": 0.07708813460601274,
        "p25": 0.08116378427974869,
        "median": 0.08656084081623704,
        "p75": 0.09087786466155076,
        "p90": 0.09492657516666919,
        "p95": 0.098533164035872,
        "p99": 0.10016208618390482,
        "p99.9": 0.10072447637442936
      },
      "time_per_output_token": {
        "mean": 0.08484664675913343,
        "min": 0.07074457222083584,
        "max": 0.10027783923503011,
        "p0.1": 0.07080957225245144,
        "p1": 0.07115397685292177,
        "p5": 0.07406547773559578,
        "p10": 0.07562858252851293,
        "p25": 0.07984477609931492,
        "median": 0.08544934715284035,
        "p75": 0.0893525826225523,
        "p90": 0.09368604135848581,
        "p95": 0.09670223089931532,
        "p99": 0.09926938683624378,
        "p99.9": 0.09991892565174681
      },
      "time_to_first_token": {
        "mean": 1.1537242026066405,
        "min": 0.05138937383890152,
        "max": 3.8377611311152577,
        "p0.1": 0.05919214219693095,
        "p1": 0.07974214913323521,
        "p5": 0.18183417902328075,
        "p10": 0.30117140812799337,
        "p25": 0.5643265349790454,
        "median": 0.9643759690225124,
        "p75": 1.4893811945803463,
        "p90": 2.3436427399516107,
        "p95": 2.968613526551053,
        "p99": 3.5207547968439754,
        "p99.9": 3.7536174418516555
      },
      "inter_token_latency": {
        "mean": 0.08484664675913343,
        "min": 5.417037755250931e-06,
        "max": 0.8718900308012962,
        "p0.1": 6.080605089664459e-06,
        "p1": 9.18794423341751e-06,
        "p5": 0.04343581963330507,
        "p10": 0.06936404258012771,
        "p25": 0.07332973147276789,
        "median": 0.0765993045642972,
        "p75": 0.08022154425270855,
        "p90": 0.08450146010145546,
        "p95": 0.08999817601870745,
        "p99": 0.49030040416400883,
        "p99.9": 0.6533486766386785
      }
    },
    "throughput": {
      "input_tokens_per_sec": 104786.26267759873,
      "output_tokens_per_sec": 13864.198636069215,
      "total_tokens_per_sec": 118650.46131366795,
      "requests_per_sec": 13.891852597477403
    },
    "prompt_len": {
      "mean": 7543.001334222815,
      "min": 7482.0,
      "max": 7619.0,
      "p0.1": 7484.49,
      "p1": 7494.0,
      "p5": 7507.0,
      "p10": 7514.0,
      "p25": 7526.0,
      "median": 7542.0,
      "p75": 7559.0,
      "p90": 7574.0,
      "p95": 7582.0,
      "p99": 7592.0,
      "p99.9": 7610.036000000004
    },
    "output_len": {
      "mean": 998.0093395597065,
      "min": 949.0,
      "max": 1012.0,
      "p0.1": 955.996,
      "p1": 979.98,
      "p5": 992.0,
      "p10": 994.0,
      "p25": 996.0,
      "median": 998.0,
      "p75": 1001.0,
      "p90": 1003.0,
      "p95": 1004.0,
      "p99": 1007.0,
      "p99.9": 1009.0
    }
  },
  "failures": {
    "count": 1,
    "request_latency": {
      "mean": 0.12404145486652851,
      "min": 0.12404145486652851,
      "max": 0.12404145486652851,
      "p0.1": 0.12404145486652851,
      "p1": 0.12404145486652851,
      "p5": 0.12404145486652851,
      "p10": 0.12404145486652851,
      "p25": 0.12404145486652851,
      "median": 0.12404145486652851,
      "p75": 0.12404145486652851,
      "p90": 0.12404145486652851,
      "p95": 0.12404145486652851,
      "p99": 0.12404145486652851,
      "p99.9": 0.12404145486652851
    },
    "prompt_len": {
      "mean": 0.0,
      "min": 0.0,
      "max": 0.0,
      "p0.1": 0.0,
      "p1": 0.0,
      "p5": 0.0,
      "p10": 0.0,
      "p25": 0.0,
      "median": 0.0,
      "p75": 0.0,
      "p90": 0.0,
      "p95": 0.0,
      "p99": 0.0,
      "p99.9": 0.0
    }
  }
}