{
  "load_summary": {
    "count": 500,
    "schedule_delay": {
      "mean": 0.0004155935561284423,
      "min": -0.0011288807727396488,
      "max": 0.0017415471374988556,
      "p0.1": -0.0010617012679576875,
      "p1": -0.0007649109791964293,
      "p5": -0.0005312957102432846,
      "p10": -0.0003647006582468748,
      "p25": 3.852439112961292e-05,
      "median": 0.000461881747469306,
      "p75": 0.0008070903131738305,
      "p90": 0.001166666764765978,
      "p95": 0.0013268055394291876,
      "p99": 0.001529045458883047,
      "p99.9": 0.0016917115873657201
    },
    "send_duration": 26.736889116000384,
    "requested_rate": 20.0,
    "achieved_rate": 18.700754520494336
  },
  "successes": {
    "count": 500,
    "latency": {
      "request_latency": {
        "mean": 38.0145052600028,
        "min": 15.640973207075149,
        "max": 47.57004881603643,
        "p0.1": 15.741475861447398,
        "p1": 24.764391542458906,
        "p5": 29.864278180152176,
        "p10": 31.6610607936047,
        "p25": 34.93770616396796,
        "median": 37.893333565443754,
        "p75": 41.81288301211316,
        "p90": 44.854130383534354,
        "p95": 46.14418981943745,
        "p99": 46.94278490689118,
        "p99.9": 47.549555354117885
      },
      "normalized_time_per_output_token": {
        "mean": 0.0380961845773504,
        "min": 0.015656629836912062,
        "max": 0.048002067422842014,
        "p0.1": 0.01575723309454194,
        "p1": 0.02481327693771288,
        "p5": 0.02993850937380207,
        "p10": 0.031700095626768614,
        "p25": 0.034934127165607426,
        "median": 0.037940022208188415,
        "p75": 0.04184861076444307,
        "p90": 0.04495281948053975,
        "p95": 0.0463537112941928,
        "p99": 0.047128150769263036,
        "p99.9": 0.047852792315128255
      },
      "time_per_output_token": {
        "mean": 0.037611326527878644,
        "min": 0.015296951779164373,
        "max": 0.04706519788084552,
        "p0.1": 0.015324061764943412,
        "p1": 0.024650523958466945,
        "p5": 0.029762664307281375,
        "p10": 0.031161583057977258,
        "p25": 0.03456450971437153,
        "median": 0.03761564319441095,
        "p75": 0.04127189255063422,
        "p90": 0.044477281276090075,
        "p95": 0.04569900872567669,
        "p99": 0.04646873904728796,
        "p99.9": 0.046864987989037314
      },
      "time_to_first_token": {
        "mean": 0.3721255690380931,
        "min": 0.04618462221696973,
        "max": 1.47965288721025,
        "p0.1": 0.048677320818416775,
        "p1": 0.0656214315444231,
        "p5": 0.08721440308727324,
        "p10": 0.1147404485847801,
        "p25": 0.19408328318968415,
        "median": 0.29274951852858067,
        "p75": 0.522982595837675,
        "p90": 0.6775327100418508,
        "p95": 0.8417383498977868,
        "p99": 0.9756080209743223,
        "p99.9": 1.462639009574895
      },
      "inter_token_latency": {
        "mean": 0.037611326527878644,
        "min": 5.410052835941315e-06,
        "max": 0.8950459756888449,
        "p0.1": 5.95580693334341e-06,
        "p1": 8.52205790579319e-06,
        "p5": 0.009470935980789363,
        "p10": 0.012917303945869209,
        "p25": 0.031422507017850876,
        "median": 0.03350402065552771,
        "p75": 0.03767334809526801,
        "p90": 0.0404489622451365,
        "p95": 0.041823567310348156,
        "p99": 0.24055171116721058,
        "p99.9": 0.4602446033000029
      }
    },
    "throughput": {
      "input_tokens_per_sec": 59757.608644332766,
      "output_tokens_per_sec": 7906.070796755348,
      "total_tokens_per_sec": 67663.67944108811,
      "requests_per_sec": 7.922327412606015
    },
    "prompt_len": {
      "mean": 7542.936,
      "min": 7482.0,
      "max": 7619.0,
      "p0.1": 7484.994,
      "p1": 7495.98,
      "p5": 7507.0,
      "p10": 7514.9,
      "p25": 7525.75,
      "median": 7542.0,
      "p75": 7560.0,
      "p90": 7574.1,
      "p95": 7582.05,
      "p99": 7591.01,
      "p99.9": 7608.022000000001
    },
    "output_len": {
      "mean": 997.948,
      "min": 950.0,
      "max": 1009.0,
      "p0.1": 962.475,
      "p1": 983.99,
      "p5": 991.0,
      "p10": 994.0,
      "p25": 996.0,
      "median": 998.0,
      "p75": 1001.0,
      "p90": 1002.1,
      "p95": 1004.0,
      "p99": 1006.0,
      "p99.9": 1008.501
    }
  },
  "failures": {
    "count": 0,
    "request_latency": null,
    "prompt_len": null
  }
}