{
  "load_summary": {
    "count": 750,
    "schedule_delay": {
      "mean": 0.0007286483198404312,
      "min": -0.0010264958254992962,
      "max": 0.019883538130670786,
      "p0.1": -0.0009924754458479584,
      "p1": -0.0006751264259219169,
      "p5": -0.00030698429327458143,
      "p10": -7.415232248604296e-05,
      "p25": 0.0002850127639248967,
      "median": 0.0006880341097712517,
      "p75": 0.001113483915105462,
      "p90": 0.0014833906665444377,
      "p95": 0.001743963826447725,
      "p99": 0.0022499622637405983,
      "p99.9": 0.0069209193205476485
    },
    "send_duration": 50.05262332595885,
    "requested_rate": 15.0,
    "achieved_rate": 14.984229600030307
  },
  "successes": {
    "count": 750,
    "latency": {
      "request_latency": {
        "mean": 55.744182850629095,
        "min": 32.83296107919887,
        "max": 76.74175141798332,
        "p0.1": 33.430679466605184,
        "p1": 35.002987219654024,
        "p5": 40.026805482199414,
        "p10": 43.47671320769005,
        "p25": 48.69861412269529,
        "median": 56.08002862799913,
        "p75": 62.772000007214956,
        "p90": 68.24920485364274,
        "p95": 69.86402883550618,
        "p99": 75.38163862128276,
        "p99.9": 76.69942213931587
      },
      "normalized_time_per_output_token": {
        "mean": 0.05585019809959245,
        "min": 0.03273475680877255,
        "max": 0.07673461884250828,
        "p0.1": 0.033481826402057345,
        "p1": 0.03509176438469266,
        "p5": 0.04008699779618423,
        "p10": 0.04362573944581119,
        "p25": 0.04878984029174864,
        "median": 0.056239212359910126,
        "p75": 0.06284944925667962,
        "p90": 0.06835978025103509,
        "p95": 0.06984108582369261,
        "p99": 0.07532821591766109,
        "p99.9": 0.07669763186287162
      },
      "time_per_output_token": {
        "mean": 0.054862147062397476,
        "min": 0.032230748180765656,
        "max": 0.0761961548901163,
        "p0.1": 0.032650144974949766,
        "p1": 0.03429539067941599,
        "p5": 0.03966370158824138,
        "p10": 0.042220426400424914,
        "p25": 0.04778031760349404,
        "median": 0.05530189815326594,
        "p75": 0.061990288630477154,
        "p90": 0.06735162219903432,
        "p95": 0.06879617630983703,
        "p99": 0.07449177211676258,
        "p99.9": 0.07595520409315967
      },
      "time_to_first_token": {
        "mean": 0.8599868473280221,
        "min": 0.16524521075189114,
        "max": 3.0101048070937395,
        "p0.1": 0.17532105555245653,
        "p1": 0.22144143552985043,
        "p5": 0.2711217450909317,
        "p10": 0.4508718220051378,
        "p25": 0.5287287269020453,
        "median": 0.7304974929429591,
        "p75": 1.0351231066742912,
        "p90": 1.5318081619217991,
        "p95": 1.8618177339201791,
        "p99": 2.491003751195967,
        "p99.9": 2.937175402837814
      },
      "inter_token_latency": {
        "mean": 0.05486408082089181,
        "min": 5.452893674373627e-06,
        "max": 0.7485967660322785,
        "p0.1": 5.9818848967552185e-06,
        "p1": 8.349870331585407e-06,
        "p5": 0.01090683932416141,
        "p10": 0.029999560862779617,
        "p25": 0.03539036517031491,
        "median": 0.04242241755127907,
        "p75": 0.04551683599129319,
        "p90": 0.05048832641914489,
        "p95": 0.08009728493634632,
        "p99": 0.4528131151711569,
        "p99.9": 0.49332177119562554
      }
    },
    "throughput": {
      "input_tokens_per_sec": 58720.264476748736,
      "output_tokens_per_sec": 7770.0843242984565,
      "total_tokens_per_sec": 66490.34880104719,
      "requests_per_sec": 7.784719597141081
    },
    "prompt_len": {
      "mean": 7543.016,
      "min": 7482.0,
      "max": 7619.0,
      "p0.1": 7485.745,
      "p1": 7494.0,
      "p5": 7507.0,
      "p10": 7514.0,
      "p25": 7526.25,
      "median": 7542.0,
      "p75": 7559.0,
      "p90": 7574.0,
      "p95": 7582.0,
      "p99": 7592.0,
      "p99.9": 7605.518000000002
    },
    "output_len": {
      "mean": 998.12,
      "min": 954.0,
      "max": 1010.0,
      "p0.1": 955.498,
      "p1": 984.49,
      "p5": 992.0,
      "p10": 994.0,
      "p25": 996.0,
      "median": 998.0,
      "p75": 1001.0,
      "p90": 1003.0,
      "p95": 1004.0,
      "p99": 1007.0,
      "p99.9": 1008.5020000000002
    }
  },
  "failures": {
    "count": 0,
    "request_latency": null,
    "prompt_len": null
  }
}