{
  "load_summary": {
    "count": 750,
    "schedule_delay": {
      "mean": 0.0004539805861810843,
      "min": -0.0009057885035872459,
      "max": 0.0018414058722555637,
      "p0.1": -0.0009009819622151553,
      "p1": -0.0006946340389549732,
      "p5": -0.0003858499228954314,
      "p10": -0.00022240700200200077,
      "p25": 0.00010160321835428476,
      "median": 0.0004691365174949169,
      "p75": 0.0008023771224543452,
      "p90": 0.001123573025688529,
      "p95": 0.001282696146517992,
      "p99": 0.0016295013576745983,
      "p99.9": 0.0018202635077759649
    },
    "send_duration": 24.925083752255887,
    "requested_rate": 30.0,
    "achieved_rate": 30.090169704329277
  },
  "successes": {
    "count": 750,
    "latency": {
      "request_latency": {
        "mean": 47.08093514434993,
        "min": 33.042507447768,
        "max": 52.87242082878947,
        "p0.1": 33.149395711712536,
        "p1": 37.78490259028971,
        "p5": 41.02635571015999,
        "p10": 42.25345879332163,
        "p25": 44.672482596477494,
        "median": 47.609040901763365,
        "p75": 49.81114228523802,
        "p90": 51.66465816088021,
        "p95": 51.96560484608635,
        "p99": 52.630258606704885,
        "p99.9": 52.83842524079094
      },
      "normalized_time_per_output_token": {
        "mean": 0.04717488118633246,
        "min": 0.032943676418512466,
        "max": 0.05497833174423981,
        "p0.1": 0.033149469730318674,
        "p1": 0.03818621968622983,
        "p5": 0.041153225633525775,
        "p10": 0.04240089531115793,
        "p25": 0.044695920902531376,
        "median": 0.0476805894114159,
        "p75": 0.0498226418291674,
        "p90": 0.0516651259717928,
        "p95": 0.05211516800613906,
        "p99": 0.05275366681025412,
        "p99.9": 0.05356004640913299
      },
      "time_per_output_token": {
        "mean": 0.046613053967131925,
        "min": 0.03285415615187958,
        "max": 0.0526897212988697,
        "p0.1": 0.03289442001008801,
        "p1": 0.03752519213735592,
        "p5": 0.04028488409246784,
        "p10": 0.04186445115273819,
        "p25": 0.044111684812232856,
        "median": 0.047233481029514225,
        "p75": 0.04931955074949656,
        "p90": 0.051087691427860404,
        "p95": 0.051574896826595065,
        "p99": 0.05235113317955751,
        "p99.9": 0.05251242482223224
      },
      "time_to_first_token": {
        "mean": 0.4377878713893394,
        "min": 0.0455002193339169,
        "max": 1.9596088682301342,
        "p0.1": 0.055670696950517594,
        "p1": 0.06640171979553998,
        "p5": 0.08239363008178771,
        "p10": 0.11735733216628433,
        "p25": 0.20283361128531396,
        "median": 0.3156526987440884,
        "p75": 0.5577181993285194,
        "p90": 0.9169342138804499,
        "p95": 1.2416377085028207,
        "p99": 1.7353454704768954,
        "p99.9": 1.9214079618137376
      },
      "inter_token_latency": {
        "mean": 0.046613053967131925,
        "min": 5.24008646607399e-06,
        "max": 0.9691222221590579,
        "p0.1": 5.833804607391357e-06,
        "p1": 6.99841883033514e-06,
        "p5": 0.009999124892055988,
        "p10": 0.029836720367893577,
        "p25": 0.03815879125613719,
        "median": 0.043205229099839926,
        "p75": 0.04525178321637213,
        "p90": 0.047008464392274615,
        "p95": 0.04900232683867215,
        "p99": 0.31335889974143566,
        "p99.9": 0.4960751614714993
      }
    },
    "throughput": {
      "input_tokens_per_sec": 83302.19000808596,
      "output_tokens_per_sec": 11021.796172861094,
      "total_tokens_per_sec": 94323.98618094706,
      "requests_per_sec": 11.043618362745878
    },
    "prompt_len": {
      "mean": 7543.016,
      "min": 7482.0,
      "max": 7619.0,
      "p0.1": 7485.745,
      "p1": 7494.0,
      "p5": 7507.0,
      "p10": 7514.0,
      "p25": 7526.25,
      "median": 7542.0,
      "p75": 7559.0,
      "p90": 7574.0,
      "p95": 7582.0,
      "p99": 7592.0,
      "p99.9": 7605.518000000002
    },
    "output_len": {
      "mean": 998.024,
      "min": 942.0,
      "max": 1008.0,
      "p0.1": 945.745,
      "p1": 975.45,
      "p5": 992.0,
      "p10": 994.0,
      "p25": 996.0,
      "median": 998.0,
      "p75": 1000.0,
      "p90": 1003.0,
      "p95": 1004.0,
      "p99": 1007.0,
      "p99.9": 1008.0
    }
  },
  "failures": {
    "count": 0,
    "request_latency": null,
    "prompt_len": null
  }
}