{
  "load_summary": {
    "count": 6935,
    "schedule_delay": {
      "mean": 0.0004871353321717468,
      "min": -0.0011288807727396488,
      "max": 0.08040344342589378,
      "p0.1": -0.0009305514134466648,
      "p1": -0.0007047427352517843,
      "p5": -0.0004190842155367136,
      "p10": -0.0002385270781815052,
      "p25": 8.859462104737759e-05,
      "median": 0.0004638354294002056,
      "p75": 0.0008249417878687382,
      "p90": 0.0011811675503849985,
      "p95": 0.0013695392291992897,
      "p99": 0.0017592988535761825,
      "p99.9": 0.0031382075315346115
    }
  },
  "successes": {
    "count": 6934,
    "latency": {
      "request_latency": {
        "mean": 61.80283984776604,
        "min": 6.494893814902753,
        "max": 100.64415196375921,
        "p0.1": 7.5569341784589925,
        "p1": 10.555973327304237,
        "p5": 30.02317896054592,
        "p10": 35.524767339322715,
        "p25": 44.4271337131504,
        "median": 65.32983728172258,
        "p75": 79.7658865643898,
        "p90": 87.18955593155697,
        "p95": 91.04701963267289,
        "p99": 98.37396125747357,
        "p99.9": 100.22636332446623
      },
      "normalized_time_per_output_token": {
        "mean": 0.06192813526528292,
        "min": 0.0065013952101128656,
        "max": 0.1013799628868837,
        "p0.1": 0.007573208015799767,
        "p1": 0.010546549460375343,
        "p5": 0.030092871358625425,
        "p10": 0.03559511609235967,
        "p25": 0.04454786343947825,
        "median": 0.06539455754564186,
        "p75": 0.07992240962816821,
        "p90": 0.08743904783038879,
        "p95": 0.09112376155786824,
        "p99": 0.09870595473617089,
        "p99.9": 0.10035457759663918
      },
      "time_per_output_token": {
        "mean": 0.06107144162848652,
        "min": 0.006245785166043788,
        "max": 0.10027783923503011,
        "p0.1": 0.007277023387394845,
        "p1": 0.010315167000354267,
        "p5": 0.02967806646627346,
        "p10": 0.03506923139295541,
        "p25": 0.04393316780216992,
        "median": 0.06446369023411536,
        "p75": 0.07855421963892878,
        "p90": 0.08622318202382885,
        "p95": 0.08981283241659403,
        "p99": 0.09711006884813775,
        "p99.9": 0.09949057654492091
      },
      "time_to_first_token": {
        "mean": 0.7040102989919202,
        "min": 0.04207174014300108,
        "max": 3.8377611311152577,
        "p0.1": 0.050339145033154634,
        "p1": 0.06762095183599741,
        "p5": 0.11288256386760623,
        "p10": 0.15712514119222762,
        "p25": 0.2685620511183515,
        "median": 0.5364468160551041,
        "p75": 0.9217756789876148,
        "p90": 1.4670962646137922,
        "p95": 1.8609361768933008,
        "p99": 3.014092032881454,
        "p99.9": 3.6273420953275703
      },
      "inter_token_latency": {
        "mean": 0.061073975294351004,
        "min": 5.24008646607399e-06,
        "max": 0.9691222221590579,
        "p0.1": 5.993060767650604e-06,
        "p1": 8.774921298027039e-06,
        "p5": 0.010028358222916723,
        "p10": 0.029058035928756,
        "p25": 0.037028450635261834,
        "median": 0.049233773024752736,
        "p75": 0.07328174577560276,
        "p90": 0.0790607157163322,
        "p95": 0.08457036449108268,
        "p99": 0.43744535112753474,
        "p99.9": 0.546523731794676
      }
    },
    "throughput": {
      "input_tokens_per_sec": 71886.3753014245,
      "output_tokens_per_sec": 9510.86262254019,
      "total_tokens_per_sec": 81397.23792396468,
      "requests_per_sec": 9.530028507677132
    },
    "prompt_len": {
      "mean": 7543.143784251514,
      "min": 7482.0,
      "max": 7619.0,
      "p0.1": 7482.0,
      "p1": 7494.0,
      "p5": 7507.0,
      "p10": 7515.0,
      "p25": 7526.0,
      "median": 7542.0,
      "p75": 7560.0,
      "p90": 7575.0,
      "p95": 7583.0,
      "p99": 7592.0,
      "p99.9": 7619.0
    },
    "output_len": {
      "mean": 997.988895298529,
      "min": 909.0,
      "max": 1012.0,
      "p0.1": 949.0,
      "p1": 980.0,
      "p5": 992.0,
      "p10": 994.0,
      "p25": 996.0,
      "median": 998.0,
      "p75": 1000.0,
      "p90": 1003.0,
      "p95": 1004.0,
      "p99": 1007.0,
      "p99.9": 1009.0
    }
  },
  "failures": {
    "count": 1,
    "request_latency": {
      "mean": 0.12404145486652851,
      "min": 0.12404145486652851,
      "max": 0.12404145486652851,
      "p0.1": 0.12404145486652851,
      "p1": 0.12404145486652851,
      "p5": 0.12404145486652851,
      "p10": 0.12404145486652851,
      "p25": 0.12404145486652851,
      "median": 0.12404145486652851,
      "p75": 0.12404145486652851,
      "p90": 0.12404145486652851,
      "p95": 0.12404145486652851,
      "p99": 0.12404145486652851,
      "p99.9": 0.12404145486652851
    },
    "prompt_len": {
      "mean": 0.0,
      "min": 0.0,
      "max": 0.0,
      "p0.1": 0.0,
      "p1": 0.0,
      "p5": 0.0,
      "p10": 0.0,
      "p25": 0.0,
      "median": 0.0,
      "p75": 0.0,
      "p90": 0.0,
      "p95": 0.0,
      "p99": 0.0,
      "p99.9": 0.0
    }
  }
}