{
  "load_summary": {
    "count": 200,
    "schedule_delay": {
      "mean": 0.0010217672842554749,
      "min": -0.0006370004266500473,
      "max": 0.004324866458773613,
      "p0.1": -0.0006240961397998034,
      "p1": -0.0005056142713874578,
      "p5": -0.00013385652564465992,
      "p10": 8.247783407568946e-05,
      "p25": 0.000352707807905972,
      "median": 0.0007652330677956343,
      "p75": 0.0015517964493483305,
      "p90": 0.002382166031748056,
      "p95": 0.002966162096709013,
      "p99": 0.0038700679782778013,
      "p99.9": 0.0042605413850396925
    },
    "send_duration": 19.38151437183842,
    "requested_rate": 10.0,
    "achieved_rate": 10.319111095395233
  },
  "successes": {
    "count": 200,
    "latency": {
      "request_latency": {
        "mean": 15.53549864294706,
        "min": 7.714251203928143,
        "max": 36.08247560309246,
        "p0.1": 7.779237530090381,
        "p1": 8.15654170791153,
        "p5": 8.900930530019105,
        "p10": 9.52992099300027,
        "p25": 11.09661182493437,
        "median": 12.668194419005886,
        "p75": 15.90880290651694,
        "p90": 32.58038992774673,
        "p95": 34.96549313813448,
        "p99": 35.79840707364958,
        "p99.9": 36.03123884697212
      },
      "normalized_time_per_output_token": {
        "mean": 0.015552899253220072,
        "min": 0.007691177670915397,
        "max": 0.036046429173918544,
        "p0.1": 0.007760755630147171,
        "p1": 0.008188975979202056,
        "p5": 0.008928149574564847,
        "p10": 0.009545129994151046,
        "p25": 0.011109444547836437,
        "median": 0.012644501524294593,
        "p75": 0.015904897052191263,
        "p90": 0.03265562208730073,
        "p95": 0.034889771609364434,
        "p99": 0.035870517377069165,
        "p99.9": 0.03602401575562082
      },
      "time_per_output_token": {
        "mean": 0.015090871589771349,
        "min": 0.007230875157826656,
        "max": 0.03558796744421124,
        "p0.1": 0.007325147203042587,
        "p1": 0.007765142054201171,
        "p5": 0.008594801010866649,
        "p10": 0.009091553634312003,
        "p25": 0.010618499829783804,
        "median": 0.012330225514974473,
        "p75": 0.01565922197373584,
        "p90": 0.03194467052761465,
        "p95": 0.03417159957473632,
        "p99": 0.03514379286299925,
        "p99.9": 0.03550685056887102
      },
      "time_to_first_token": {
        "mean": 0.4164408812788315,
        "min": 0.05359651707112789,
        "max": 0.941460931673646,
        "p0.1": 0.05484474056959152,
        "p1": 0.060677885445766154,
        "p5": 0.10818259548395875,
        "p10": 0.12567717665806413,
        "p25": 0.3253161389147863,
        "median": 0.44776818761602044,
        "p75": 0.4785270852735266,
        "p90": 0.6801968186162412,
        "p95": 0.7738561711506916,
        "p99": 0.9188808436086401,
        "p99.9": 0.9387133427257652
      },
      "inter_token_latency": {
        "mean": 0.015091506118669686,
        "min": 5.514360964298248e-06,
        "max": 0.6126495730131865,
        "p0.1": 5.955807864665985e-06,
        "p1": 9.967051446437837e-06,
        "p5": 0.006697848904877903,
        "p10": 0.007578840106725692,
        "p25": 0.008212808053940535,
        "median": 0.010230892337858677,
        "p75": 0.012963949237018824,
        "p90": 0.029826767928898337,
        "p95": 0.03093770025297999,
        "p99": 0.033353991322219424,
        "p99.9": 0.42428061811999074
      }
    },
    "throughput": {
      "input_tokens_per_sec": 33328.19223296433,
      "output_tokens_per_sec": 4410.495285947242,
      "total_tokens_per_sec": 37738.68751891157,
      "requests_per_sec": 4.415727923536633
    },
    "prompt_len": {
      "mean": 7547.61,
      "min": 7477.0,
      "max": 7602.0,
      "p0.1": 7479.786,
      "p1": 7491.99,
      "p5": 7504.95,
      "p10": 7514.0,
      "p25": 7531.75,
      "median": 7548.0,
      "p75": 7567.0,
      "p90": 7579.1,
      "p95": 7585.1,
      "p99": 7594.05,
      "p99.9": 7601.403
    },
    "output_len": {
      "mean": 998.815,
      "min": 985.0,
      "max": 1007.0,
      "p0.1": 985.796,
      "p1": 990.98,
      "p5": 993.0,
      "p10": 995.0,
      "p25": 997.0,
      "median": 999.0,
      "p75": 1001.0,
      "p90": 1003.0,
      "p95": 1005.0,
      "p99": 1006.0,
      "p99.9": 1006.801
    }
  },
  "failures": {
    "count": 0,
    "request_latency": null,
    "prompt_len": null
  }
}