{
  "load_summary": {
    "count": 300,
    "schedule_delay": {
      "mean": 0.0007978105591610074,
      "min": -0.0008239196613430977,
      "max": 0.00419007008895278,
      "p0.1": -0.0008096531801857055,
      "p1": -0.0005209682369604707,
      "p5": -0.000259825331158936,
      "p10": -7.694642990827554e-05,
      "p25": 0.00021239800844341516,
      "median": 0.0006291444879025221,
      "p75": 0.0011359347263351083,
      "p90": 0.0019426355138421067,
      "p95": 0.002610215311869979,
      "p99": 0.0033518775645643415,
      "p99.9": 0.004141580900177363
    },
    "send_duration": 19.469392125029117,
    "requested_rate": 15.0,
    "achieved_rate": 15.40880157292283
  },
  "successes": {
    "count": 299,
    "latency": {
      "request_latency": {
        "mean": 18.422180039247493,
        "min": 8.371414258144796,
        "max": 31.694132146891207,
        "p0.1": 8.454509484098294,
        "p1": 9.245191685212776,
        "p5": 10.454105469631031,
        "p10": 11.346948432270437,
        "p25": 13.220280455891043,
        "median": 19.067606758791953,
        "p75": 21.86981609510258,
        "p90": 24.6378088411875,
        "p95": 28.343932656524693,
        "p99": 31.589839811436832,
        "p99.9": 31.68855196496658
      },
      "normalized_time_per_output_token": {
        "mean": 0.018335793734370144,
        "min": 0.002160231950375833,
        "max": 0.0317157606765381,
        "p0.1": 0.0022277416574115164,
        "p1": 0.008636715450330252,
        "p5": 0.010429228866902895,
        "p10": 0.011203677835407221,
        "p25": 0.013130743294332656,
        "median": 0.01898801940497919,
        "p75": 0.021960948543756062,
        "p90": 0.024701829996111948,
        "p95": 0.02840073412477424,
        "p99": 0.03150708754915119,
        "p99.9": 0.031713183912696466
      },
      "time_per_output_token": {
        "mean": 0.017991873025543757,
        "min": 0.00819894064636901,
        "max": 0.03152601007418707,
        "p0.1": 0.008280358171723783,
        "p1": 0.008865961457202212,
        "p5": 0.010072216764790937,
        "p10": 0.011075922092515695,
        "p25": 0.012905811150993889,
        "median": 0.018529888295102864,
        "p75": 0.02146445673936978,
        "p90": 0.024259404710587112,
        "p95": 0.027836690969672045,
        "p99": 0.030377103744195767,
        "p99.9": 0.031426804451189026
      },
      "time_to_first_token": {
        "mean": 0.41826635474077484,
        "min": 0.050264461897313595,
        "max": 1.454660509712994,
        "p0.1": 0.051995596974156795,
        "p1": 0.06567935510538518,
        "p5": 0.07814827733673155,
        "p10": 0.12088584741577506,
        "p25": 0.16677919495850801,
        "median": 0.4135738010518253,
        "p75": 0.5209943279623985,
        "p90": 0.7800386610440909,
        "p95": 0.9071233107708389,
        "p99": 1.1376687653735271,
        "p99.9": 1.376124703906491
      },
      "inter_token_latency": {
        "mean": 0.018002203746960432,
        "min": 5.4710544645786285e-06,
        "max": 0.4751583840698004,
        "p0.1": 6.21449900791049e-06,
        "p1": 0.004580165934748947,
        "p5": 0.0076379579259082675,
        "p10": 0.008147321408614516,
        "p25": 0.010108273942023516,
        "median": 0.012174931587651372,
        "p75": 0.019491435028612614,
        "p90": 0.028586540836840868,
        "p95": 0.029113248805515468,
        "p99": 0.058112487709155614,
        "p99.9": 0.41845018731895833
      }
    },
    "throughput": {
      "input_tokens_per_sec": 48252.50634535165,
      "output_tokens_per_sec": 6704.506018055899,
      "total_tokens_per_sec": 54957.01236340755,
      "requests_per_sec": 6.393348788713559
    },
    "prompt_len": {
      "mean": 7547.297658862876,
      "min": 7471.0,
      "max": 7602.0,
      "p0.1": 7472.788,
      "p1": 7491.98,
      "p5": 7507.8,
      "p10": 7515.0,
      "p25": 7531.0,
      "median": 7547.0,
      "p75": 7566.0,
      "p90": 7579.2,
      "p95": 7585.2,
      "p99": 7594.1,
      "p99.9": 7601.702
    },
    "output_len": {
      "mean": 1048.6688963210702,
      "min": 977.0,
      "max": 8525.0,
      "p0.1": 978.788,
      "p1": 988.94,
      "p5": 994.0,
      "p10": 994.0,
      "p25": 996.0,
      "median": 998.0,
      "p75": 1000.0,
      "p90": 1003.0,
      "p95": 1005.0,
      "p99": 1008.04,
      "p99.9": 8523.51
    }
  },
  "failures": {
    "count": 1,
    "request_latency": {
      "mean": 0.054335554130375385,
      "min": 0.054335554130375385,
      "max": 0.054335554130375385,
      "p0.1": 0.054335554130375385,
      "p1": 0.054335554130375385,
      "p5": 0.054335554130375385,
      "p10": 0.054335554130375385,
      "p25": 0.054335554130375385,
      "median": 0.054335554130375385,
      "p75": 0.054335554130375385,
      "p90": 0.054335554130375385,
      "p95": 0.054335554130375385,
      "p99": 0.054335554130375385,
      "p99.9": 0.054335554130375385
    },
    "prompt_len": {
      "mean": 0.0,
      "min": 0.0,
      "max": 0.0,
      "p0.1": 0.0,
      "p1": 0.0,
      "p5": 0.0,
      "p10": 0.0,
      "p25": 0.0,
      "median": 0.0,
      "p75": 0.0,
      "p90": 0.0,
      "p95": 0.0,
      "p99": 0.0,
      "p99.9": 0.0
    }
  }
}