{
  "load_summary": {
    "count": 4220,
    "schedule_delay": {
      "mean": 0.0008614831751927521,
      "min": -0.0016813520342111588,
      "max": 0.09439093712717295,
      "p0.1": -0.0012730066035874187,
      "p1": -0.0007307415874674917,
      "p5": -0.00038369304966181513,
      "p10": -0.00018896842375397676,
      "p25": 0.00014978938270360231,
      "median": 0.0005702537018805742,
      "p75": 0.0010872910497710109,
      "p90": 0.0018280434422194957,
      "p95": 0.0025306008523330093,
      "p99": 0.0039319618744775775,
      "p99.9": 0.04963887519343869
    }
  },
  "successes": {
    "count": 4219,
    "latency": {
      "request_latency": {
        "mean": 35.24189677297229,
        "min": 6.5159209980629385,
        "max": 57.43026212370023,
        "p0.1": 6.778051746848039,
        "p1": 8.466287911674009,
        "p5": 11.926836220687255,
        "p10": 18.42888287855312,
        "p25": 30.588226072024554,
        "median": 36.90705941617489,
        "p75": 42.246650161454454,
        "p90": 47.713000608794395,
        "p95": 49.92089331774041,
        "p99": 54.340768396761234,
        "p99.9": 57.21690033157638
      },
      "normalized_time_per_output_token": {
        "mean": 0.03520796881840192,
        "min": 0.0010684672542328351,
        "max": 0.059260948349248846,
        "p0.1": 0.0024248335156711515,
        "p1": 0.00806786268437351,
        "p5": 0.011682572194860828,
        "p10": 0.018028819304818477,
        "p25": 0.030514655518838335,
        "median": 0.03696358204728652,
        "p75": 0.042321930190627494,
        "p90": 0.047786653705583236,
        "p95": 0.050015392739820023,
        "p99": 0.05429571295672581,
        "p99.9": 0.05730319215717838
      },
      "time_per_output_token": {
        "mean": 0.03450082872977205,
        "min": 0.006267211717087775,
        "max": 0.05677382516814396,
        "p0.1": 0.006421832795822062,
        "p1": 0.008118225393202156,
        "p5": 0.011583502635546028,
        "p10": 0.01782743908409029,
        "p25": 0.02981173313083127,
        "median": 0.036321425690781325,
        "p75": 0.04142261323049917,
        "p90": 0.04691795789161697,
        "p95": 0.04912269673445262,
        "p99": 0.05302658407039007,
        "p99.9": 0.05623597066308093
      },
      "time_to_first_token": {
        "mean": 0.7179696183136467,
        "min": 0.04155274573713541,
        "max": 35.45883772103116,
        "p0.1": 0.04837999087199569,
        "p1": 0.06419293404556811,
        "p5": 0.10755742439068854,
        "p10": 0.1466331733390689,
        "p25": 0.22114041284658015,
        "median": 0.45267265662550926,
        "p75": 0.6017669793218374,
        "p90": 0.8703592407517136,
        "p95": 1.0865928900428117,
        "p99": 8.349926580488676,
        "p99.9": 33.47969512227833
      },
      "inter_token_latency": {
        "mean": 0.034503006762066815,
        "min": 5.427747964859009e-06,
        "max": 33.581567879300565,
        "p0.1": 6.050802767276764e-06,
        "p1": 9.64384526014328e-06,
        "p5": 0.007762923510745168,
        "p10": 0.009887884557247161,
        "p25": 0.02008642698638141,
        "median": 0.03182805189862847,
        "p75": 0.035825214348733425,
        "p90": 0.041573737468570474,
        "p95": 0.04376747463829815,
        "p99": 0.3791476244200028,
        "p99.9": 0.4464752452569084
      }
    },
    "throughput": {
      "input_tokens_per_sec": 63881.44570593019,
      "output_tokens_per_sec": 8673.69556593755,
      "total_tokens_per_sec": 72555.14127186775,
      "requests_per_sec": 8.46367446910893
    },
    "prompt_len": {
      "mean": 7547.720075847357,
      "min": 7471.0,
      "max": 7631.0,
      "p0.1": 7471.0,
      "p1": 7492.18,
      "p5": 7508.0,
      "p10": 7515.0,
      "p25": 7531.0,
      "median": 7547.0,
      "p75": 7567.0,
      "p90": 7579.0,
      "p95": 7586.0,
      "p99": 7600.0,
      "p99.9": 7613.0
    },
    "output_len": {
      "mean": 1024.8144109978668,
      "min": 877.0,
      "max": 8552.0,
      "p0.1": 942.872,
      "p1": 983.0,
      "p5": 992.0,
      "p10": 994.0,
      "p25": 996.0,
      "median": 998.0,
      "p75": 1001.0,
      "p90": 1003.0,
      "p95": 1004.0,
      "p99": 1007.0,
      "p99.9": 8536.0
    }
  },
  "failures": {
    "count": 1,
    "request_latency": {
      "mean": 0.054335554130375385,
      "min": 0.054335554130375385,
      "max": 0.054335554130375385,
      "p0.1": 0.054335554130375385,
      "p1": 0.054335554130375385,
      "p5": 0.054335554130375385,
      "p10": 0.054335554130375385,
      "p25": 0.054335554130375385,
      "median": 0.054335554130375385,
      "p75": 0.054335554130375385,
      "p90": 0.054335554130375385,
      "p95": 0.054335554130375385,
      "p99": 0.054335554130375385,
      "p99.9": 0.054335554130375385
    },
    "prompt_len": {
      "mean": 0.0,
      "min": 0.0,
      "max": 0.0,
      "p0.1": 0.0,
      "p1": 0.0,
      "p5": 0.0,
      "p10": 0.0,
      "p25": 0.0,
      "median": 0.0,
      "p75": 0.0,
      "p90": 0.0,
      "p95": 0.0,
      "p99": 0.0,
      "p99.9": 0.0
    }
  }
}