{
  "load_summary": {
    "count": 300,
    "schedule_delay": {
      "mean": 0.0005180377978831529,
      "min": -0.0007378137670457363,
      "max": 0.00199025496840477,
      "p0.1": -0.000737377411685884,
      "p1": -0.0005996224097907543,
      "p5": -0.00026020044460892675,
      "p10": -0.00010190675966441629,
      "p25": 0.00016057270113378763,
      "median": 0.0005208577495068312,
      "p75": 0.0009044453036040068,
      "p90": 0.0011282789986580611,
      "p95": 0.0013135570799931884,
      "p99": 0.0016227508056908828,
      "p99.9": 0.0019436633824370835
    },
    "send_duration": 21.705948763992637,
    "requested_rate": 15.0,
    "achieved_rate": 13.821095924526515
  },
  "successes": {
    "count": 300,
    "latency": {
      "request_latency": {
        "mean": 63.314445065311155,
        "min": 48.04182545794174,
        "max": 87.70234966417775,
        "p0.1": 48.04333271066658,
        "p1": 48.67317394419108,
        "p5": 49.23512200326659,
        "p10": 49.99809261946939,
        "p25": 53.629086249507964,
        "median": 57.49552436429076,
        "p75": 74.9654062044574,
        "p90": 81.55780542236754,
        "p95": 84.68188643904868,
        "p99": 87.39003286627587,
        "p99.9": 87.6721810661233
      },
      "normalized_time_per_output_token": {
        "mean": 0.06357894800693754,
        "min": 0.0060873193779180206,
        "max": 0.088405220589592,
        "p0.1": 0.018676451670930988,
        "p1": 0.048828325981252696,
        "p5": 0.049589329866291394,
        "p10": 0.05029578932043332,
        "p25": 0.05390231581854379,
        "median": 0.058072102830235374,
        "p75": 0.07544485385969124,
        "p90": 0.08222480340670686,
        "p95": 0.0853000516627499,
        "p99": 0.08788090859801498,
        "p99.9": 0.08837612611670592
      },
      "time_per_output_token": {
        "mean": 0.045439416217107016,
        "min": 0.019317803644109517,
        "max": 0.08139174194121733,
        "p0.1": 0.01934794260842772,
        "p1": 0.020672726940712892,
        "p5": 0.029189119333913553,
        "p10": 0.031631025002570826,
        "p25": 0.03789156459493097,
        "median": 0.04828484777989797,
        "p75": 0.05228369766438846,
        "p90": 0.05394388967570849,
        "p95": 0.056526874949666676,
        "p99": 0.07433394651798995,
        "p99.9": 0.07972822602769837
      },
      "time_to_first_token": {
        "mean": 17.844006541009684,
        "min": 0.13148353807628155,
        "max": 49.983436975162476,
        "p0.1": 0.13293898759502917,
        "p1": 0.4460898189805448,
        "p5": 0.6907699493458495,
        "p10": 1.1963398954831064,
        "p25": 2.2111421877052635,
        "median": 4.882356041809544,
        "p75": 40.47268322831951,
        "p90": 44.63669211668894,
        "p95": 47.294448846159504,
        "p99": 49.58455117740203,
        "p99.9": 49.91675646823878
      },
      "inter_token_latency": {
        "mean": 0.045439416217107016,
        "min": 8.156988769769669e-06,
        "max": 37.046524406876415,
        "p0.1": 3.0049866996705538e-05,
        "p1": 0.016562629495747386,
        "p5": 0.020733123761601746,
        "p10": 0.028240164229646324,
        "p25": 0.030219947104342282,
        "median": 0.03369475482031703,
        "p75": 0.036450972431339324,
        "p90": 0.03844778747297824,
        "p95": 0.03966173517983406,
        "p99": 0.4205998036824167,
        "p99.9": 0.45464419049723076
      }
    },
    "throughput": {
      "input_tokens_per_sec": 22218.262623677467,
      "output_tokens_per_sec": 2998.8692250468457,
      "total_tokens_per_sec": 25217.13184872431,
      "requests_per_sec": 2.9440991668790066
    },
    "prompt_len": {
      "mean": 7546.71,
      "min": 7493.0,
      "max": 7618.0,
      "p0.1": 7493.897,
      "p1": 7496.99,
      "p5": 7509.95,
      "p10": 7515.9,
      "p25": 7530.0,
      "median": 7545.0,
      "p75": 7563.0,
      "p90": 7579.0,
      "p95": 7590.05,
      "p99": 7607.03,
      "p99.9": 7615.907
    },
    "output_len": {
      "mean": 1018.6033333333334,
      "min": 914.0,
      "max": 8534.0,
      "p0.1": 925.661,
      "p1": 959.0,
      "p5": 984.0,
      "p10": 989.0,
      "p25": 993.0,
      "median": 995.0,
      "p75": 997.0,
      "p90": 998.0,
      "p95": 999.05,
      "p99": 1002.02,
      "p99.9": 6283.427000000164
    }
  },
  "failures": {
    "count": 0,
    "request_latency": null,
    "prompt_len": null
  }
}