{
  "load_summary": {
    "count": 750,
    "schedule_delay": {
      "mean": 0.0007259565982967616,
      "min": -0.0009161960333585739,
      "max": 0.00936601497232914,
      "p0.1": -0.00083863392053172,
      "p1": -0.0005629986384883524,
      "p5": -0.00028919051401317115,
      "p10": -0.00010109986178576944,
      "p25": 0.00026560656260699034,
      "median": 0.0006993832066655159,
      "p75": 0.001062480267137289,
      "p90": 0.0014675734099000694,
      "p95": 0.0017263581743463875,
      "p99": 0.002456790767610072,
      "p99.9": 0.009192463985644302
    },
    "send_duration": 48.946649032179266,
    "requested_rate": 15.0,
    "achieved_rate": 15.322805847381368
  },
  "successes": {
    "count": 750,
    "latency": {
      "request_latency": {
        "mean": 120.40151826705784,
        "min": 51.929156488738954,
        "max": 187.9955237209797,
        "p0.1": 51.94634767845226,
        "p1": 52.62402299967129,
        "p5": 55.522188632399775,
        "p10": 56.62070156368427,
        "p25": 85.91005831898656,
        "median": 133.95440678694285,
        "p75": 172.52482266607694,
        "p90": 178.2809151266236,
        "p95": 181.9700874075759,
        "p99": 186.5499900156306,
        "p99.9": 187.92163922894608
      },
      "normalized_time_per_output_token": {
        "mean": 0.1209853942237924,
        "min": 0.006656981879282644,
        "max": 0.18894022484520573,
        "p0.1": 0.014177361309519148,
        "p1": 0.05275128589252055,
        "p5": 0.055669839829092724,
        "p10": 0.0570648384168033,
        "p25": 0.08452742092974255,
        "median": 0.13433091462658275,
        "p75": 0.1733567553842106,
        "p90": 0.1794262833155336,
        "p95": 0.18284274079458795,
        "p99": 0.18753680344590562,
        "p99.9": 0.18886596907431766
      },
      "time_per_output_token": {
        "mean": 0.05022100436270981,
        "min": 0.009511511235963553,
        "max": 0.08911930507887154,
        "p0.1": 0.00951178245485248,
        "p1": 0.01793266360883601,
        "p5": 0.03649457492711954,
        "p10": 0.042655596897378564,
        "p25": 0.049179315749788656,
        "median": 0.05139474799740128,
        "p75": 0.05299888742214535,
        "p90": 0.054354227504832674,
        "p95": 0.06312564258174969,
        "p99": 0.08208180296761913,
        "p99.9": 0.08846355940179115
      },
      "time_to_first_token": {
        "mean": 70.14599606898862,
        "min": 0.4516379083506763,
        "max": 171.73816475039348,
        "p0.1": 0.4634599151173607,
        "p1": 0.7550605146959424,
        "p5": 2.2552803271915765,
        "p10": 3.2247786537744108,
        "p25": 6.880668825702742,
        "median": 85.02353495405987,
        "p75": 125.18822461355012,
        "p90": 132.57367904302663,
        "p95": 136.1826303012669,
        "p99": 166.91176844479517,
        "p99.9": 171.60476651062677
      },
      "inter_token_latency": {
        "mean": 0.05022100436270982,
        "min": 7.928349077701569e-06,
        "max": 36.23098198277876,
        "p0.1": 3.9034424815326945e-05,
        "p1": 0.015501713179983199,
        "p5": 0.024716848507523544,
        "p10": 0.03266640594229102,
        "p25": 0.03439326386433095,
        "median": 0.03578496351838112,
        "p75": 0.0371039027813822,
        "p90": 0.038510553725063804,
        "p95": 0.04115037084557114,
        "p99": 0.4264511764375493,
        "p99.9": 0.4516612822413446
      }
    },
    "throughput": {
      "input_tokens_per_sec": 24187.38844246762,
      "output_tokens_per_sec": 3248.555079608604,
      "total_tokens_per_sec": 27435.943522076224,
      "requests_per_sec": 3.2053427850754073
    },
    "prompt_len": {
      "mean": 7545.96,
      "min": 7488.0,
      "max": 7618.0,
      "p0.1": 7491.745,
      "p1": 7498.49,
      "p5": 7509.45,
      "p10": 7516.0,
      "p25": 7530.0,
      "median": 7545.0,
      "p75": 7561.0,
      "p90": 7574.1,
      "p95": 7582.0,
      "p99": 7605.0,
      "p99.9": 7612.7570000000005
    },
    "output_len": {
      "mean": 1013.4813333333333,
      "min": 622.0,
      "max": 8573.0,
      "p0.1": 785.282,
      "p1": 967.98,
      "p5": 984.0,
      "p10": 989.0,
      "p25": 993.0,
      "median": 995.0,
      "p75": 997.0,
      "p90": 999.0,
      "p95": 1000.0,
      "p99": 1003.0,
      "p99.9": 8537.048000000004
    }
  },
  "failures": {
    "count": 0,
    "request_latency": null,
    "prompt_len": null
  }
}