{
  "load_summary": {
    "count": 1200,
    "schedule_delay": {
      "mean": 0.0004573336410491417,
      "min": -0.0009473194368183613,
      "max": 0.0041034589521586895,
      "p0.1": -0.0008189010126516223,
      "p1": -0.0006204883195459843,
      "p5": -0.00041332272812724116,
      "p10": -0.0002267001662403345,
      "p25": 8.773244917392731e-05,
      "median": 0.0004341048188507557,
      "p75": 0.0008201739983633161,
      "p90": 0.0011526778340339662,
      "p95": 0.001326822955161333,
      "p99": 0.0016558339726179838,
      "p99.9": 0.0019195855162106555
    },
    "send_duration": 30.108812654856592,
    "requested_rate": 40.0,
    "achieved_rate": 39.85544078924143
  },
  "successes": {
    "count": 988,
    "latency": {
      "request_latency": {
        "mean": 163.9925512505831,
        "min": 48.2737583220005,
        "max": 300.6193205602467,
        "p0.1": 48.313459956815464,
        "p1": 49.52066402500961,
        "p5": 52.47815045521129,
        "p10": 54.97189045012929,
        "p25": 102.4625682218466,
        "median": 157.22280692262575,
        "p75": 237.47365509695373,
        "p90": 259.2785871329717,
        "p95": 289.64757550831416,
        "p99": 299.4575422246102,
        "p99.9": 300.41620667956585
      },
      "normalized_time_per_output_token": {
        "mean": 0.16460162027240816,
        "min": 0.005804804218969012,
        "max": 0.30674000183502453,
        "p0.1": 0.0179355961199313,
        "p1": 0.049711297424777826,
        "p5": 0.052708754478259325,
        "p10": 0.05508354046999964,
        "p25": 0.10315614591749167,
        "median": 0.15799507856894368,
        "p75": 0.2381190279167779,
        "p90": 0.26125645170433154,
        "p95": 0.29214528444231624,
        "p99": 0.30102152926880354,
        "p99.9": 0.30248990311536855
      },
      "time_per_output_token": {
        "mean": 0.05251048056980706,
        "min": 0.0422504144529812,
        "max": 0.08985384405776858,
        "p0.1": 0.042657533540269826,
        "p1": 0.04829938605244737,
        "p5": 0.04855171788407024,
        "p10": 0.04917385264597833,
        "p25": 0.04978189441107679,
        "median": 0.05128186507476494,
        "p75": 0.05240952188777737,
        "p90": 0.054452210199134425,
        "p95": 0.065735780188255,
        "p99": 0.08424987411225679,
        "p99.9": 0.08822929157801927
      },
      "time_to_first_token": {
        "mean": 111.45115817382013,
        "min": 0.060190745163708925,
        "max": 258.0873524909839,
        "p0.1": 0.11293479242734611,
        "p1": 0.6399727981537582,
        "p5": 2.5338546032784506,
        "p10": 5.087877559894697,
        "p25": 51.334899327601306,
        "median": 104.88848606403917,
        "p75": 187.03901455935556,
        "p90": 207.28723546601833,
        "p95": 238.6800159063423,
        "p99": 248.87327802537476,
        "p99.9": 257.67971319764996
      },
      "inter_token_latency": {
        "mean": 0.05251048056980706,
        "min": 8.307863026857376e-06,
        "max": 37.06120258010924,
        "p0.1": 3.677395498380066e-05,
        "p1": 0.03045337075833231,
        "p5": 0.03304193802177906,
        "p10": 0.03407969712279737,
        "p25": 0.03534151695203036,
        "median": 0.03642195323482156,
        "p75": 0.03745785460341722,
        "p90": 0.038759555341675876,
        "p95": 0.041683694347739206,
        "p99": 0.4288455638801679,
        "p99.9": 0.4535631466014312
      }
    },
    "throughput": {
      "input_tokens_per_sec": 22542.42656879907,
      "output_tokens_per_sec": 3037.475560423727,
      "total_tokens_per_sec": 25579.902129222795,
      "requests_per_sec": 2.9872724513327067
    },
    "prompt_len": {
      "mean": 7546.156882591094,
      "min": 7488.0,
      "max": 7618.0,
      "p0.1": 7492.935,
      "p1": 7498.0,
      "p5": 7509.35,
      "p10": 7516.0,
      "p25": 7530.0,
      "median": 7545.0,
      "p75": 7561.25,
      "p90": 7576.0,
      "p95": 7583.0,
      "p99": 7605.26,
      "p99.9": 7618.0
    },
    "output_len": {
      "mean": 1016.8056680161943,
      "min": 911.0,
      "max": 8570.0,
      "p0.1": 942.584,
      "p1": 972.87,
      "p5": 985.0,
      "p10": 989.0,
      "p25": 992.0,
      "median": 995.0,
      "p75": 997.0,
      "p90": 998.0,
      "p95": 999.0,
      "p99": 1002.13,
      "p99.9": 8533.481000000005
    }
  },
  "failures": {
    "count": 212,
    "request_latency": {
      "mean": 300.4888603356535,
      "min": 300.0264878193848,
      "max": 300.9990307283588,
      "p0.1": 300.0267883683047,
      "p1": 300.0435474462621,
      "p5": 300.0752029951662,
      "p10": 300.1206128534395,
      "p25": 300.24839955056086,
      "median": 300.51167301251553,
      "p75": 300.7119543700246,
      "p90": 300.8551824319176,
      "p95": 300.9059318746673,
      "p99": 300.9800540644443,
      "p99.9": 300.99807264272215
    },
    "prompt_len": {
      "mean": 0.0,
      "min": 0.0,
      "max": 0.0,
      "p0.1": 0.0,
      "p1": 0.0,
      "p5": 0.0,
      "p10": 0.0,
      "p25": 0.0,
      "median": 0.0,
      "p75": 0.0,
      "p90": 0.0,
      "p95": 0.0,
      "p99": 0.0,
      "p99.9": 0.0
    }
  }
}