{
  "load_summary": {
    "count": 600,
    "schedule_delay": {
      "mean": 0.0004856211606723567,
      "min": -0.0008890829049050808,
      "max": 0.002226498443633318,
      "p0.1": -0.0008802918330766261,
      "p1": -0.0006611298024654388,
      "p5": -0.00038205301389098166,
      "p10": -0.00016440255567431444,
      "p25": 0.00016327446792274714,
      "median": 0.0004699935670942068,
      "p75": 0.0008303901413455606,
      "p90": 0.0011311146896332506,
      "p95": 0.0013241740874946107,
      "p99": 0.001644048667512834,
      "p99.9": 0.0019441710673272928
    },
    "send_duration": 30.523576313164085,
    "requested_rate": 20.0,
    "achieved_rate": 19.656936456074266
  },
  "successes": {
    "count": 600,
    "latency": {
      "request_latency": {
        "mean": 105.14774073204336,
        "min": 47.21191813983023,
        "max": 167.05645101238042,
        "p0.1": 48.91769663700741,
        "p1": 50.34101864633616,
        "p5": 51.51624923148192,
        "p10": 52.740507876174526,
        "p25": 57.9456321739126,
        "median": 101.21305012051016,
        "p75": 142.82216321467422,
        "p90": 152.2303999808617,
        "p95": 164.672051652777,
        "p99": 166.45415117393247,
        "p99.9": 167.04266489409562
      },
      "normalized_time_per_output_token": {
        "mean": 0.10549848629864499,
        "min": 0.006369525569536519,
        "max": 0.16872064221198813,
        "p0.1": 0.013074004519233101,
        "p1": 0.05032560232612238,
        "p5": 0.051774984922915816,
        "p10": 0.05307777884042031,
        "p25": 0.0582229854525788,
        "median": 0.1015755645580539,
        "p75": 0.1458847672187772,
        "p90": 0.15395044633573848,
        "p95": 0.16549280962093693,
        "p99": 0.16732765289146342,
        "p99.9": 0.16871613135501065
      },
      "time_per_output_token": {
        "mean": 0.04935845506514646,
        "min": 0.019253410558841815,
        "max": 0.09099017531983554,
        "p0.1": 0.01944340160343604,
        "p1": 0.02083834080874861,
        "p5": 0.023915854859906056,
        "p10": 0.03711577095412649,
        "p25": 0.049182493929751214,
        "median": 0.050775269939098505,
        "p75": 0.05346317815070506,
        "p90": 0.054323738667042924,
        "p95": 0.05930172076394362,
        "p99": 0.08400627456770278,
        "p99.9": 0.0889739479093512
      },
      "time_to_first_token": {
        "mean": 55.75881308996507,
        "min": 0.15728856204077601,
        "max": 145.36013500904664,
        "p0.1": 0.32668029620312156,
        "p1": 0.7110792562318966,
        "p5": 1.6406611516606062,
        "p10": 2.437236907007173,
        "p25": 6.245534147834405,
        "median": 48.17527505825274,
        "p75": 93.20429525221698,
        "p90": 101.12432071589865,
        "p95": 139.31656175951937,
        "p99": 143.9114116596477,
        "p99.9": 145.2803605927271
      },
      "inter_token_latency": {
        "mean": 0.04935910145613161,
        "min": 6.86105340719223e-06,
        "max": 35.85319274896756,
        "p0.1": 2.9974990524351595e-05,
        "p1": 0.017478014817461373,
        "p5": 0.02062954315915704,
        "p10": 0.02692642742767933,
        "p25": 0.03440179000608623,
        "median": 0.036097888834774494,
        "p75": 0.03800564678385854,
        "p90": 0.039485542103648186,
        "p95": 0.04120902512222529,
        "p99": 0.43043584140948954,
        "p99.9": 0.45616715755499904
      }
    },
    "throughput": {
      "input_tokens_per_sec": 23229.854773606723,
      "output_tokens_per_sec": 3136.988705395077,
      "total_tokens_per_sec": 26366.8434790018,
      "requests_per_sec": 3.0786634267748276
    },
    "prompt_len": {
      "mean": 7545.435,
      "min": 7488.0,
      "max": 7618.0,
      "p0.1": 7490.995,
      "p1": 7496.99,
      "p5": 7509.0,
      "p10": 7516.0,
      "p25": 7530.0,
      "median": 7544.5,
      "p75": 7561.0,
      "p90": 7574.0,
      "p95": 7582.05,
      "p99": 7605.02,
      "p99.9": 7613.807000000001
    },
    "output_len": {
      "mean": 1018.945,
      "min": 875.0,
      "max": 8575.0,
      "p0.1": 888.777,
      "p1": 969.0,
      "p5": 984.0,
      "p10": 989.0,
      "p25": 993.0,
      "median": 995.0,
      "p75": 997.0,
      "p90": 999.0,
      "p95": 1000.0,
      "p99": 1002.0,
      "p99.9": 8546.847000000003
    }
  },
  "failures": {
    "count": 0,
    "request_latency": null,
    "prompt_len": null
  }
}