{
  "load_summary": {
    "count": 900,
    "schedule_delay": {
      "mean": 0.000406392146833241,
      "min": -0.0010700710117816925,
      "max": 0.0019375905394554138,
      "p0.1": -0.001053228709846735,
      "p1": -0.000873057977296412,
      "p5": -0.0004849721444770694,
      "p10": -0.0002973950933665037,
      "p25": 3.2036914490163326e-05,
      "median": 0.0004084815736860037,
      "p75": 0.0007861526682972908,
      "p90": 0.0010824676603078843,
      "p95": 0.0013280531857162707,
      "p99": 0.0016416150238364935,
      "p99.9": 0.001893360658548778
    },
    "send_duration": 30.571427224203944,
    "requested_rate": 30.0,
    "achieved_rate": 29.43925363378043
  },
  "successes": {
    "count": 900,
    "latency": {
      "request_latency": {
        "mean": 152.10788691205283,
        "min": 49.91003923630342,
        "max": 264.2912131580524,
        "p0.1": 50.157867073161526,
        "p1": 50.86324771905318,
        "p5": 53.094057847769,
        "p10": 55.19046625439078,
        "p25": 99.86729919060599,
        "median": 152.14759447285905,
        "p75": 205.66950235771947,
        "p90": 245.46988008604384,
        "p95": 252.40223721400835,
        "p99": 263.02154607439877,
        "p99.9": 264.2549920918732
      },
      "normalized_time_per_output_token": {
        "mean": 0.15264969115488186,
        "min": 0.006440670473766055,
        "max": 0.2781782473128762,
        "p0.1": 0.01737341047557339,
        "p1": 0.05087630101841765,
        "p5": 0.05325438798891923,
        "p10": 0.05528825045562349,
        "p25": 0.1001677964980846,
        "median": 0.1526396465588527,
        "p75": 0.2064716505509427,
        "p90": 0.24721200023296414,
        "p95": 0.25385150607028184,
        "p99": 0.2650721357634663,
        "p99.9": 0.26889519684431706
      },
      "time_per_output_token": {
        "mean": 0.05035285033754383,
        "min": 0.013459749962203204,
        "max": 0.08922918857028708,
        "p0.1": 0.013796676791790407,
        "p1": 0.02083355633271858,
        "p5": 0.033844765702961015,
        "p10": 0.04356323798936792,
        "p25": 0.04926768942049239,
        "median": 0.05096664390759543,
        "p75": 0.05247721555293537,
        "p90": 0.05354608414829709,
        "p95": 0.059520130626019074,
        "p99": 0.08356465082138775,
        "p99.9": 0.08759961624856454
      },
      "time_to_first_token": {
        "mean": 101.72363970179214,
        "min": 0.1917858379893005,
        "max": 247.76402101898566,
        "p0.1": 0.4236387895573862,
        "p1": 0.8396654456621035,
        "p5": 2.7394640354206787,
        "p10": 4.900863762106747,
        "p25": 49.093805846292526,
        "median": 100.39284871169366,
        "p75": 152.956764394301,
        "p90": 198.41381819294764,
        "p95": 204.73708100046494,
        "p99": 241.7008340252284,
        "p99.9": 247.70061177208788
      },
      "inter_token_latency": {
        "mean": 0.05035285033754384,
        "min": 7.417984306812286e-06,
        "max": 35.494439523201436,
        "p0.1": 3.5116670653223996e-05,
        "p1": 0.014028532491065561,
        "p5": 0.027007156447507442,
        "p10": 0.032208065455779436,
        "p25": 0.03440453461371362,
        "median": 0.03576061734929681,
        "p75": 0.0368693417403847,
        "p90": 0.03830165639519691,
        "p95": 0.04071267948020247,
        "p99": 0.4293905784841627,
        "p99.9": 0.4513652521432378
      }
    },
    "throughput": {
      "input_tokens_per_sec": 23174.127226822184,
      "output_tokens_per_sec": 3128.8635402318596,
      "total_tokens_per_sec": 26302.99076705404,
      "requests_per_sec": 3.070932112012146
    },
    "prompt_len": {
      "mean": 7546.2844444444445,
      "min": 7488.0,
      "max": 7618.0,
      "p0.1": 7492.495,
      "p1": 7498.0,
      "p5": 7510.0,
      "p10": 7516.0,
      "p25": 7530.0,
      "median": 7545.0,
      "p75": 7562.0,
      "p90": 7575.0,
      "p95": 7583.0,
      "p99": 7605.0,
      "p99.9": 7611.707
    },
    "output_len": {
      "mean": 1018.8644444444444,
      "min": 895.0,
      "max": 8571.0,
      "p0.1": 903.99,
      "p1": 966.99,
      "p5": 983.0,
      "p10": 989.0,
      "p25": 993.0,
      "median": 995.0,
      "p75": 997.0,
      "p90": 999.0,
      "p95": 1000.0,
      "p99": 1003.0,
      "p99.9": 8531.444000000005
    }
  },
  "failures": {
    "count": 0,
    "request_latency": null,
    "prompt_len": null
  }
}