{
  "load_summary": {
    "count": 60,
    "schedule_delay": {
      "mean": 0.000519800193918248,
      "min": -0.0003267521969974041,
      "max": 0.0017005815170705318,
      "p0.1": -0.00032526263827458026,
      "p1": -0.0003118566097691655,
      "p5": -0.00021282373927533627,
      "p10": -0.00013121040537953377,
      "p25": 0.00015116622671484947,
      "median": 0.0004144776612520218,
      "p75": 0.0008880969835445285,
      "p90": 0.0011552190408110619,
      "p95": 0.0013493203325197097,
      "p99": 0.0015637128381058565,
      "p99.9": 0.0016868946491740667
    },
    "send_duration": 14.725518427789211,
    "requested_rate": 3.0,
    "achieved_rate": 4.074559431929487
  },
  "successes": {
    "count": 60,
    "latency": {
      "request_latency": {
        "mean": 17.542651363974436,
        "min": 9.665398178622127,
        "max": 22.805155490059406,
        "p0.1": 9.69232663427433,
        "p1": 9.934682735144161,
        "p5": 11.139688702952117,
        "p10": 12.284713350003585,
        "p25": 14.756287330877967,
        "median": 18.535037921974435,
        "p75": 20.64668207860086,
        "p90": 21.99090975220315,
        "p95": 22.365988337039017,
        "p99": 22.630396986333654,
        "p99.9": 22.787679639686832
      },
      "normalized_time_per_output_token": {
        "mean": 0.017382959927975335,
        "min": 0.002301210362261111,
        "max": 0.02349283149724896,
        "p0.1": 0.002741457630219731,
        "p1": 0.006703683041847312,
        "p5": 0.010914434530487438,
        "p10": 0.01218861817128668,
        "p25": 0.01442251752567597,
        "median": 0.01845258430971575,
        "p75": 0.02081841911591266,
        "p90": 0.022196483377328987,
        "p95": 0.022581164064632564,
        "p99": 0.02314113896521248,
        "p99.9": 0.02345766224404532
      },
      "time_per_output_token": {
        "mean": 0.016986120094335,
        "min": 0.009493061386048794,
        "max": 0.02229496810119599,
        "p0.1": 0.009498905985580291,
        "p1": 0.009551507381363773,
        "p5": 0.01058987871268764,
        "p10": 0.01170719383461401,
        "p25": 0.014338753705262207,
        "median": 0.017956911431159822,
        "p75": 0.02023690131904449,
        "p90": 0.02171697772634216,
        "p95": 0.021847607132908887,
        "p99": 0.022250910152974538,
        "p99.9": 0.022290562306373846
      },
      "time_to_first_token": {
        "mean": 0.5326606860306735,
        "min": 0.12383336201310158,
        "max": 1.6333002443425357,
        "p0.1": 0.12422431731503457,
        "p1": 0.1277429150324315,
        "p5": 0.13357487958855926,
        "p10": 0.13977082739584148,
        "p25": 0.22530855564400554,
        "median": 0.4978590577375144,
        "p75": 0.619599248515442,
        "p90": 1.1175562844146043,
        "p95": 1.2297065517166628,
        "p99": 1.6197904794476925,
        "p99.9": 1.6319492678530516
      },
      "inter_token_latency": {
        "mean": 0.016985438281664062,
        "min": 7.310882210731506e-06,
        "max": 0.40866065211594105,
        "p0.1": 2.0730031188577416e-05,
        "p1": 0.006934143514372409,
        "p5": 0.008218498714268208,
        "p10": 0.00898111411370337,
        "p25": 0.011251525371335447,
        "median": 0.014347885502502322,
        "p75": 0.01906489918474108,
        "p90": 0.020352609734982253,
        "p95": 0.020669403905048966,
        "p99": 0.07484074889216571,
        "p99.9": 0.38706944944571275
      }
    },
    "throughput": {
      "input_tokens_per_sec": 14702.90950684992,
      "output_tokens_per_sec": 2179.3106149845644,
      "total_tokens_per_sec": 16882.22012183448,
      "requests_per_sec": 1.9485967587487163
    },
    "prompt_len": {
      "mean": 7545.383333333333,
      "min": 7504.0,
      "max": 7598.0,
      "p0.1": 7504.177,
      "p1": 7505.77,
      "p5": 7513.0,
      "p10": 7522.7,
      "p25": 7532.75,
      "median": 7542.5,
      "p75": 7558.0,
      "p90": 7569.1,
      "p95": 7579.15,
      "p99": 7597.41,
      "p99.9": 7597.941
    },
    "output_len": {
      "mean": 1118.4,
      "min": 935.0,
      "max": 8530.0,
      "p0.1": 936.18,
      "p1": 946.8,
      "p5": 985.55,
      "p10": 989.0,
      "p25": 992.75,
      "median": 995.0,
      "p75": 997.0,
      "p90": 998.1,
      "p95": 999.1,
      "p99": 4089.0699999999742,
      "p99.9": 8085.907000000072
    }
  },
  "failures": {
    "count": 0,
    "request_latency": null,
    "prompt_len": null
  }
}