{
  "load_summary": {
    "count": 750,
    "schedule_delay": {
      "mean": 0.001041085660457611,
      "min": -0.0008380981162190437,
      "max": 0.033875657711178064,
      "p0.1": -0.0007516292007640004,
      "p1": -0.000524785234592855,
      "p5": -0.0001754104159772396,
      "p10": 5.020666867494586e-05,
      "p25": 0.0004324931651353836,
      "median": 0.0008634605910629034,
      "p75": 0.001364590716548264,
      "p90": 0.0019414165988564493,
      "p95": 0.0024956595618277773,
      "p99": 0.004632600047625601,
      "p99.9": 0.019889850373847228
    },
    "send_duration": 47.25724768964574,
    "requested_rate": 15.0,
    "achieved_rate": 15.870581480443013
  },
  "successes": {
    "count": 750,
    "latency": {
      "request_latency": {
        "mean": 39.21542112874861,
        "min": 19.590856458991766,
        "max": 49.08999704103917,
        "p0.1": 20.03924429547973,
        "p1": 27.8909836878255,
        "p5": 30.53139501218684,
        "p10": 33.593075533211234,
        "p25": 36.99002142867539,
        "median": 39.756464679026976,
        "p75": 42.14220852905419,
        "p90": 44.03412471935153,
        "p95": 44.88524778371211,
        "p99": 47.91667069260497,
        "p99.9": 48.99760086171423
      },
      "normalized_time_per_output_token": {
        "mean": 0.03917332125859208,
        "min": 0.019571285173817947,
        "max": 0.05035580629170939,
        "p0.1": 0.019989101775311054,
        "p1": 0.0278197266374367,
        "p5": 0.03047225373643809,
        "p10": 0.033601553480144125,
        "p25": 0.03692253405252865,
        "median": 0.039667558126079236,
        "p75": 0.0421174604865832,
        "p90": 0.04399264318618242,
        "p95": 0.04489813804308736,
        "p99": 0.04824018331254922,
        "p99.9": 0.049278679611400394
      },
      "time_per_output_token": {
        "mean": 0.036083833250695724,
        "min": 0.019224396784667735,
        "max": 0.04607474950700998,
        "p0.1": 0.019297324661273617,
        "p1": 0.02274351590225473,
        "p5": 0.024254465057840572,
        "p10": 0.026139451112318784,
        "p25": 0.030426674306509086,
        "median": 0.03822939162817783,
        "p75": 0.04112203947838862,
        "p90": 0.042858824328798804,
        "p95": 0.04358692201818339,
        "p99": 0.044180162248164415,
        "p99.9": 0.04512273898899241
      },
      "time_to_first_token": {
        "mean": 3.1010138850069295,
        "min": 0.1018162788823247,
        "max": 18.05200771568343,
        "p0.1": 0.10546867169858888,
        "p1": 0.12023024505004287,
        "p5": 0.1504831473575905,
        "p10": 0.17581032952293754,
        "p25": 0.25306684023234993,
        "median": 0.40802076598629355,
        "p75": 3.974415266420692,
        "p90": 13.529446427337827,
        "p95": 14.91636614189483,
        "p99": 17.525843259659595,
        "p99.9": 18.02916805370711
      },
      "inter_token_latency": {
        "mean": 0.03608385408384628,
        "min": 5.403999239206314e-06,
        "max": 13.114275886677206,
        "p0.1": 2.6962440460920335e-05,
        "p1": 0.010072776023298502,
        "p5": 0.01686767302453518,
        "p10": 0.02077144104987383,
        "p25": 0.02435719221830368,
        "median": 0.029382437001913786,
        "p75": 0.03162247268483043,
        "p90": 0.03478998690843582,
        "p95": 0.12185351084917784,
        "p99": 0.19175717048346988,
        "p99.9": 0.20754812945611784
      }
    },
    "throughput": {
      "input_tokens_per_sec": 67311.93418993965,
      "output_tokens_per_sec": 9021.679554105887,
      "total_tokens_per_sec": 76333.61374404555,
      "requests_per_sec": 9.011370546201034
    },
    "prompt_len": {
      "mean": 7469.666666666667,
      "min": 7390.0,
      "max": 7544.0,
      "p0.1": 7399.737,
      "p1": 7412.98,
      "p5": 7427.0,
      "p10": 7437.0,
      "p25": 7451.0,
      "median": 7469.0,
      "p75": 7489.0,
      "p90": 7505.0,
      "p95": 7513.0,
      "p99": 7527.51,
      "p99.9": 7542.502
    },
    "output_len": {
      "mean": 1001.144,
      "min": 836.0,
      "max": 1012.0,
      "p0.1": 947.601,
      "p1": 997.0,
      "p5": 999.0,
      "p10": 1000.0,
      "p25": 1001.0,
      "median": 1001.0,
      "p75": 1002.0,
      "p90": 1003.0,
      "p95": 1004.0,
      "p99": 1007.51,
      "p99.9": 1011.2510000000001
    }
  },
  "failures": {
    "count": 0,
    "request_latency": null,
    "prompt_len": null
  }
}