{
  "load_summary": {
    "count": 200,
    "schedule_delay": {
      "mean": 0.0007217476703226567,
      "min": -0.0006819590926170349,
      "max": 0.003812178038060665,
      "p0.1": -0.0006454457663930953,
      "p1": -0.0004922763723880052,
      "p5": -0.000196206197142601,
      "p10": -3.7489179521799044e-05,
      "p25": 0.00029238767456263304,
      "median": 0.0007288355845957994,
      "p75": 0.001087323878891766,
      "p90": 0.0013987674843519925,
      "p95": 0.00174707043915987,
      "p99": 0.002575361547060309,
      "p99.9": 0.0036059016389772464
    },
    "send_duration": 18.985780966933817,
    "requested_rate": 10.0,
    "achieved_rate": 10.534199269881274
  },
  "successes": {
    "count": 200,
    "latency": {
      "request_latency": {
        "mean": 19.655974763461856,
        "min": 12.82727384287864,
        "max": 22.64669742807746,
        "p0.1": 13.102964312456082,
        "p1": 14.226954451906495,
        "p5": 15.861709663411602,
        "p10": 16.426893387921154,
        "p25": 18.353336888714693,
        "median": 19.790317113045603,
        "p75": 21.43762148974929,
        "p90": 22.388945345813408,
        "p95": 22.520876036630945,
        "p99": 22.611241658129728,
        "p99.9": 22.642023957230617
      },
      "normalized_time_per_output_token": {
        "mean": 0.020699757429367093,
        "min": 0.012814459383495144,
        "max": 0.22451819342538892,
        "p0.1": 0.013084240355322473,
        "p1": 0.014212458590462853,
        "p5": 0.015830049564283036,
        "p10": 0.01644759266067715,
        "p25": 0.018362034165253442,
        "median": 0.019809524852600312,
        "p75": 0.021495675719640853,
        "p90": 0.022390747406730846,
        "p95": 0.022516693755680904,
        "p99": 0.0226444109895869,
        "p99.9": 0.1847459824651268
      },
      "time_per_output_token": {
        "mean": 0.019437805786496395,
        "min": 0.012771076415487428,
        "max": 0.022484057885129003,
        "p0.1": 0.0129965513294319,
        "p1": 0.014014954428562336,
        "p5": 0.01570432978735771,
        "p10": 0.01624255988558566,
        "p25": 0.018103264059638604,
        "median": 0.0195338064704556,
        "p75": 0.02122541897321687,
        "p90": 0.022164878460159524,
        "p95": 0.02225797360360157,
        "p99": 0.022434101576087998,
        "p99.9": 0.02248049864419922
      },
      "time_to_first_token": {
        "mean": 0.1969113156502135,
        "min": 0.04905895795673132,
        "max": 0.5097826258279383,
        "p0.1": 0.04953695005178452,
        "p1": 0.052518015229143206,
        "p5": 0.09020764867309482,
        "p10": 0.09814798575825989,
        "p25": 0.11525108327623457,
        "median": 0.21249381243251264,
        "p75": 0.23938319191802293,
        "p90": 0.3072745561599731,
        "p95": 0.36424082946032277,
        "p99": 0.43630996488034696,
        "p99.9": 0.5015319415503188
      },
      "inter_token_latency": {
        "mean": 0.019438379535226178,
        "min": 5.692243576049805e-06,
        "max": 0.1783733433112502,
        "p0.1": 2.947413781657815e-05,
        "p1": 0.005117954015731812,
        "p5": 0.008945776615291834,
        "p10": 0.01182495909743011,
        "p25": 0.015233022277243435,
        "median": 0.018699479987844825,
        "p75": 0.020396661828272045,
        "p90": 0.021805908903479578,
        "p95": 0.023124907119199633,
        "p99": 0.1491984835686162,
        "p99.9": 0.16833766299998396
      }
    },
    "throughput": {
      "input_tokens_per_sec": 40144.05422048095,
      "output_tokens_per_sec": 5348.643564460094,
      "total_tokens_per_sec": 45492.697784941054,
      "requests_per_sec": 5.375170028550994
    },
    "prompt_len": {
      "mean": 7468.425,
      "min": 7390.0,
      "max": 7542.0,
      "p0.1": 7393.582,
      "p1": 7409.98,
      "p5": 7430.95,
      "p10": 7437.9,
      "p25": 7451.0,
      "median": 7463.5,
      "p75": 7488.5,
      "p90": 7506.0,
      "p95": 7513.05,
      "p99": 7527.04,
      "p99.9": 7539.811000000001
    },
    "output_len": {
      "mean": 995.065,
      "min": 84.0,
      "max": 1012.0,
      "p0.1": 196.435,
      "p1": 989.56,
      "p5": 999.0,
      "p10": 1000.0,
      "p25": 1001.0,
      "median": 1001.0,
      "p75": 1002.0,
      "p90": 1004.0,
      "p95": 1005.0,
      "p99": 1010.0,
      "p99.9": 1011.6020000000001
    }
  },
  "failures": {
    "count": 0,
    "request_latency": null,
    "prompt_len": null
  }
}