{
  "load_summary": {
    "count": 60,
    "schedule_delay": {
      "mean": 0.0018331201824670037,
      "min": -0.0002592317759990692,
      "max": 0.0644627376459539,
      "p0.1": -0.00024655790254473687,
      "p1": -0.0001324930414557457,
      "p5": 7.821819745004178e-05,
      "p10": 0.00018545840866863731,
      "p25": 0.00038150500040501356,
      "median": 0.0007274530362337828,
      "p75": 0.0010578883811831474,
      "p90": 0.0015325654763728382,
      "p95": 0.0016566560836508868,
      "p99": 0.02879844307433793,
      "p99.9": 0.0608963081887929
    },
    "send_duration": 15.622297457884997,
    "requested_rate": 3.0,
    "achieved_rate": 3.840664291647857
  },
  "successes": {
    "count": 60,
    "latency": {
      "request_latency": {
        "mean": 9.742473235020103,
        "min": 5.075049465987831,
        "max": 12.971394418738782,
        "p0.1": 5.105748161479831,
        "p1": 5.382036420907825,
        "p5": 5.748996363068,
        "p10": 6.0106411605607715,
        "p25": 7.966556495521218,
        "median": 10.108027461450547,
        "p75": 11.077203027321957,
        "p90": 12.694282808946445,
        "p95": 12.782490549632348,
        "p99": 12.963798211314716,
        "p99.9": 12.970634797996375
      },
      "normalized_time_per_output_token": {
        "mean": 0.009727138142690373,
        "min": 0.00506997948650133,
        "max": 0.012958435982756027,
        "p0.1": 0.0051009773107830335,
        "p1": 0.0053799577293183595,
        "p5": 0.005743536933003153,
        "p10": 0.006004636524036735,
        "p25": 0.007962592759984313,
        "median": 0.01009792953191863,
        "p75": 0.011059048014469398,
        "p90": 0.012681601207738707,
        "p95": 0.012769720828803543,
        "p99": 0.012950847363950765,
        "p99.9": 0.012957677120875501
      },
      "time_per_output_token": {
        "mean": 0.009552322281195088,
        "min": 0.0049707411384456845,
        "max": 0.01285294907586649,
        "p0.1": 0.004993731997312506,
        "p1": 0.005200649727113905,
        "p5": 0.005625672434099437,
        "p10": 0.0058096303907526035,
        "p25": 0.007827485499321484,
        "median": 0.009940549696143344,
        "p75": 0.010827580389217474,
        "p90": 0.012460364756770786,
        "p95": 0.012503791739451858,
        "p99": 0.0128315544293914,
        "p99.9": 0.012850809611218981
      },
      "time_to_first_token": {
        "mean": 0.17126190778023254,
        "min": 0.08035159856081009,
        "max": 0.42711063101887703,
        "p0.1": 0.08070463625900447,
        "p1": 0.08388197554275394,
        "p5": 0.08789849679451436,
        "p10": 0.09002736089751125,
        "p25": 0.09822211170103401,
        "median": 0.19059814047068357,
        "p75": 0.2092305056285113,
        "p90": 0.24057418312877418,
        "p95": 0.29059668034315106,
        "p99": 0.3661932136211541,
        "p99.9": 0.42101888927910575
      },
      "inter_token_latency": {
        "mean": 0.009553070159995911,
        "min": 5.939975380897522e-06,
        "max": 0.16918779397383332,
        "p0.1": 1.1706423014402389e-05,
        "p1": 0.0025795116648077965,
        "p5": 0.0043146216310560705,
        "p10": 0.005528327357023954,
        "p25": 0.006146212108433247,
        "median": 0.00891510583460331,
        "p75": 0.011643200647085905,
        "p90": 0.012143071554601193,
        "p95": 0.012530386727303265,
        "p99": 0.0226895909756422,
        "p99.9": 0.1466652016006411
      }
    },
    "throughput": {
      "input_tokens_per_sec": 16928.45056564939,
      "output_tokens_per_sec": 2271.1279937702325,
      "total_tokens_per_sec": 19199.57855941962,
      "requests_per_sec": 2.2676131933205856
    },
    "prompt_len": {
      "mean": 7465.316666666667,
      "min": 7390.0,
      "max": 7527.0,
      "p0.1": 7392.006,
      "p1": 7410.06,
      "p5": 7433.75,
      "p10": 7437.0,
      "p25": 7443.75,
      "median": 7459.5,
      "p75": 7484.0,
      "p90": 7505.2,
      "p95": 7513.1,
      "p99": 7519.92,
      "p99.9": 7526.292
    },
    "output_len": {
      "mean": 1001.55,
      "min": 998.0,
      "max": 1017.0,
      "p0.1": 998.118,
      "p1": 999.18,
      "p5": 1000.0,
      "p10": 1000.0,
      "p25": 1001.0,
      "median": 1001.0,
      "p75": 1002.0,
      "p90": 1003.0,
      "p95": 1005.05,
      "p99": 1011.0999999999999,
      "p99.9": 1016.4100000000001
    }
  },
  "failures": {
    "count": 0,
    "request_latency": null,
    "prompt_len": null
  }
}