{
  "load_summary": {
    "count": 6260,
    "schedule_delay": {
      "mean": 0.0007054992348175888,
      "min": -0.0009868200868368149,
      "max": 0.09860660182312131,
      "p0.1": -0.0008671450889669359,
      "p1": -0.0006370844086632133,
      "p5": -0.00032065254636108874,
      "p10": -0.00013377266004681586,
      "p25": 0.00019632326439023018,
      "median": 0.0005812000017613173,
      "p75": 0.0009634343441575766,
      "p90": 0.001319348765537143,
      "p95": 0.0015712607186287588,
      "p99": 0.003041322925128042,
      "p99.9": 0.03465825317939838
    }
  },
  "successes": {
    "count": 6260,
    "latency": {
      "request_latency": {
        "mean": 51.6113122281608,
        "min": 5.075049465987831,
        "max": 118.11101746419445,
        "p0.1": 6.15264003738109,
        "p1": 13.814439232423904,
        "p5": 22.591784441564233,
        "p10": 29.516083724517376,
        "p25": 38.447974040638655,
        "median": 43.3520931629464,
        "p75": 66.57962659664918,
        "p90": 81.0394840484485,
        "p95": 99.9699488516897,
        "p99": 113.62562515922353,
        "p99.9": 117.44792211546472
      },
      "normalized_time_per_output_token": {
        "mean": 0.05156913008190162,
        "min": 0.00506997948650133,
        "max": 0.22451819342538892,
        "p0.1": 0.006146493543837253,
        "p1": 0.013778521804645798,
        "p5": 0.022588084578109378,
        "p10": 0.029482208106938478,
        "p25": 0.03839142214636358,
        "median": 0.04328953181558519,
        "p75": 0.06650867063952252,
        "p90": 0.08090984314825574,
        "p95": 0.09993303802813194,
        "p99": 0.11368874385495395,
        "p99.9": 0.11753763950990712
      },
      "time_per_output_token": {
        "mean": 0.03699712124195689,
        "min": 0.0049707411384456845,
        "max": 0.07630640769191087,
        "p0.1": 0.0059404154417882415,
        "p1": 0.013531520483870747,
        "p5": 0.021058746157726273,
        "p10": 0.024297878596838567,
        "p25": 0.03154270577034913,
        "median": 0.039358678574441,
        "p75": 0.04215544254658744,
        "p90": 0.04372598292953335,
        "p95": 0.04527581006477121,
        "p99": 0.06597425622696519,
        "p99.9": 0.07408223081247259
      },
      "time_to_first_token": {
        "mean": 14.590402999613731,
        "min": 0.04616350121796131,
        "max": 104.08671070728451,
        "p0.1": 0.05033686833688989,
        "p1": 0.07592442250810563,
        "p5": 0.11149435942061246,
        "p10": 0.14593428717926146,
        "p25": 0.2589422855526209,
        "median": 0.7353555106092244,
        "p75": 28.731809624820016,
        "p90": 39.62203824478202,
        "p95": 66.0421439362224,
        "p99": 72.89057205910329,
        "p99.9": 73.63747760979417
      },
      "inter_token_latency": {
        "mean": 0.036997660212475206,
        "min": 5.403999239206314e-06,
        "max": 32.10892706736922,
        "p0.1": 2.7196750044822693e-05,
        "p1": 0.008058991618454456,
        "p5": 0.01584566626697779,
        "p10": 0.019868000876158476,
        "p25": 0.026288618799299,
        "median": 0.030201269313693047,
        "p75": 0.031860177870839834,
        "p90": 0.03445171043276787,
        "p95": 0.09390767281876437,
        "p99": 0.19374182909727092,
        "p99.9": 0.2201700593754652
      }
    },
    "throughput": {
      "input_tokens_per_sec": 66401.50967780067,
      "output_tokens_per_sec": 8901.281597280937,
      "total_tokens_per_sec": 75302.79127508162,
      "requests_per_sec": 8.889771757010879
    },
    "prompt_len": {
      "mean": 7469.427955271565,
      "min": 7390.0,
      "max": 7544.0,
      "p0.1": 7390.0,
      "p1": 7411.59,
      "p5": 7427.0,
      "p10": 7437.0,
      "p25": 7451.0,
      "median": 7469.0,
      "p75": 7489.0,
      "p90": 7505.0,
      "p95": 7513.0,
      "p99": 7528.0,
      "p99.9": 7542.0
    },
    "output_len": {
      "mean": 1001.2947284345048,
      "min": 84.0,
      "max": 1461.0,
      "p0.1": 992.0,
      "p1": 997.0,
      "p5": 999.0,
      "p10": 1000.0,
      "p25": 1001.0,
      "median": 1001.0,
      "p75": 1002.0,
      "p90": 1004.0,
      "p95": 1005.0,
      "p99": 1009.0,
      "p99.9": 1014.0
    }
  },
  "failures": {
    "count": 0,
    "request_latency": null,
    "prompt_len": null
  }
}