{
  "load_summary": {
    "count": 750,
    "schedule_delay": {
      "mean": 0.0007083276975899935,
      "min": -0.0008654063567519188,
      "max": 0.09860660182312131,
      "p0.1": -0.00082675905758515,
      "p1": -0.000659332456998527,
      "p5": -0.00033056966494768856,
      "p10": -0.00014664684422314165,
      "p25": 0.00016109261196106672,
      "median": 0.0005714420694857836,
      "p75": 0.000946372514590621,
      "p90": 0.0012569133657962086,
      "p95": 0.0014291701605543493,
      "p99": 0.0025807742448523577,
      "p99.9": 0.029529586590369153
    },
    "send_duration": 28.323116537183523,
    "requested_rate": 25.0,
    "achieved_rate": 26.48013678210077
  },
  "successes": {
    "count": 750,
    "latency": {
      "request_latency": {
        "mean": 42.823289535054315,
        "min": 32.925274916924536,
        "max": 57.9744656952098,
        "p0.1": 32.99024841817608,
        "p1": 34.58631367342081,
        "p5": 37.0775103634689,
        "p10": 37.91611437508836,
        "p25": 38.96109070035163,
        "median": 40.96103118779138,
        "p75": 46.35220785497222,
        "p90": 51.656561633059766,
        "p95": 55.29867031679023,
        "p99": 57.61371154600289,
        "p99.9": 57.94672889024811
      },
      "normalized_time_per_output_token": {
        "mean": 0.042752775768855375,
        "min": 0.03289238253439015,
        "max": 0.05822857679686879,
        "p0.1": 0.033006743185329146,
        "p1": 0.0345596623311733,
        "p5": 0.03702381929482068,
        "p10": 0.037835847130889215,
        "p25": 0.03889645729277359,
        "median": 0.0409166683514711,
        "p75": 0.04625367307149127,
        "p90": 0.05159977236508689,
        "p95": 0.055251343665108615,
        "p99": 0.05733214593180101,
        "p99.9": 0.057943036059346816
      },
      "time_per_output_token": {
        "mean": 0.03643637572717669,
        "min": 0.019667201189789922,
        "max": 0.05440963606489822,
        "p0.1": 0.01966828597501153,
        "p1": 0.02155337659788318,
        "p5": 0.023720356290368363,
        "p10": 0.025491976807825265,
        "p25": 0.0324354233891936,
        "median": 0.03872169289059464,
        "p75": 0.04078916369494982,
        "p90": 0.04182454124959186,
        "p95": 0.042733016461809166,
        "p99": 0.0490826565541001,
        "p99.9": 0.05342658040029474
      },
      "time_to_first_token": {
        "mean": 6.368445686471338,
        "min": 0.08558388985693455,
        "max": 27.2974367197603,
        "p0.1": 0.08894893513666466,
        "p1": 0.10060074216686189,
        "p5": 0.12687335514929146,
        "p10": 0.15356686166487635,
        "p25": 0.24854223616421223,
        "median": 0.3969967074226588,
        "p75": 16.879083185456693,
        "p90": 24.149037187406794,
        "p95": 26.18190202924888,
        "p99": 26.818057707692496,
        "p99.9": 27.231537387120547
      },
      "inter_token_latency": {
        "mean": 0.036436194841350446,
        "min": 5.868729203939438e-06,
        "max": 21.012327357195318,
        "p0.1": 2.7531932573765516e-05,
        "p1": 0.010358600178733468,
        "p5": 0.016877132118679583,
        "p10": 0.0210148470941931,
        "p25": 0.02529354766011238,
        "median": 0.0299703530035913,
        "p75": 0.031666406663134694,
        "p90": 0.03446577792055905,
        "p95": 0.08518366958014667,
        "p99": 0.19027810194529593,
        "p99.9": 0.20463116205064588
      }
    },
    "throughput": {
      "input_tokens_per_sec": 70429.62425497369,
      "output_tokens_per_sec": 9444.364636450524,
      "total_tokens_per_sec": 79873.98889142422,
      "requests_per_sec": 9.428750625414837
    },
    "prompt_len": {
      "mean": 7469.666666666667,
      "min": 7390.0,
      "max": 7544.0,
      "p0.1": 7399.737,
      "p1": 7412.98,
      "p5": 7427.0,
      "p10": 7437.0,
      "p25": 7451.0,
      "median": 7469.0,
      "p75": 7489.0,
      "p90": 7505.0,
      "p95": 7513.0,
      "p99": 7527.51,
      "p99.9": 7542.502
    },
    "output_len": {
      "mean": 1001.656,
      "min": 994.0,
      "max": 1018.0,
      "p0.1": 994.749,
      "p1": 998.0,
      "p5": 999.0,
      "p10": 1000.0,
      "p25": 1001.0,
      "median": 1001.0,
      "p75": 1002.0,
      "p90": 1004.0,
      "p95": 1005.0,
      "p99": 1010.51,
      "p99.9": 1015.0040000000004
    }
  },
  "failures": {
    "count": 0,
    "request_latency": null,
    "prompt_len": null
  }
}