{
  "load_summary": {
    "count": 1200,
    "schedule_delay": {
      "mean": 0.0005327466510546704,
      "min": -0.0009858878329396248,
      "max": 0.008793463930487633,
      "p0.1": -0.0008472348097711801,
      "p1": -0.0006750637851655483,
      "p5": -0.0003616215428337454,
      "p10": -0.00017210794612765312,
      "p25": 0.00016284361481666565,
      "median": 0.0005337661132216454,
      "p75": 0.0008910433389246464,
      "p90": 0.0012002555653452876,
      "p95": 0.001369997696019709,
      "p99": 0.0018012502696365116,
      "p99.9": 0.003950463745277482
    },
    "send_duration": 29.071984773036093,
    "requested_rate": 40.0,
    "achieved_rate": 41.276851558927106
  },
  "successes": {
    "count": 1200,
    "latency": {
      "request_latency": {
        "mean": 61.97009168785414,
        "min": 35.90027539525181,
        "max": 96.0412632720545,
        "p0.1": 37.04049596454529,
        "p1": 39.224088598676026,
        "p5": 41.88017446645536,
        "p10": 43.17744903229177,
        "p25": 44.59463654877618,
        "median": 66.69273914187215,
        "p75": 74.97371736099012,
        "p90": 78.94260210646317,
        "p95": 92.63725453845692,
        "p99": 95.42336628499906,
        "p99.9": 95.96883826281783
      },
      "normalized_time_per_output_token": {
        "mean": 0.06186677452413955,
        "min": 0.0356861584445843,
        "max": 0.09606997836036263,
        "p0.1": 0.03709201750875534,
        "p1": 0.039184903694981045,
        "p5": 0.04183020477938138,
        "p10": 0.04310228703580375,
        "p25": 0.04453496867179539,
        "median": 0.06656816113659064,
        "p75": 0.07484838182940728,
        "p90": 0.07891862693106173,
        "p95": 0.09255754163976701,
        "p99": 0.09528936877831833,
        "p99.9": 0.09594379898405109
      },
      "time_per_output_token": {
        "mean": 0.04103791059871101,
        "min": 0.01619764164322987,
        "max": 0.07630640769191087,
        "p0.1": 0.016322725473352707,
        "p1": 0.017544691712385974,
        "p5": 0.02128593622692861,
        "p10": 0.02840303790299222,
        "p25": 0.03884681462632395,
        "median": 0.04186674427753315,
        "p75": 0.04363784715172369,
        "p90": 0.04464758511418477,
        "p95": 0.06014456931985914,
        "p99": 0.07240876311656087,
        "p99.9": 0.07596277393957421
      },
      "time_to_first_token": {
        "mean": 20.90734498995783,
        "min": 0.04616350121796131,
        "max": 66.93587619392201,
        "p0.1": 0.05734171905415133,
        "p1": 0.0885097746970132,
        "p5": 0.20603212590795011,
        "p10": 0.31771060978062454,
        "p25": 0.7024444158887491,
        "median": 28.81201409548521,
        "p75": 33.63013651315123,
        "p90": 60.47589835617691,
        "p95": 65.2433642097516,
        "p99": 66.49201792407315,
        "p99.9": 66.87709184800462
      },
      "inter_token_latency": {
        "mean": 0.04103795688207727,
        "min": 6.1909668147563934e-06,
        "max": 32.10892706736922,
        "p0.1": 2.681390568614006e-05,
        "p1": 0.014403224000707269,
        "p5": 0.01885149902664125,
        "p10": 0.023409607633948327,
        "p25": 0.029516064329072833,
        "median": 0.03111869003623724,
        "p75": 0.03276219544932246,
        "p90": 0.035547851119190454,
        "p95": 0.16427290104329578,
        "p99": 0.19868413121439465,
        "p99.9": 0.22934644511062657
      }
    },
    "throughput": {
      "input_tokens_per_sec": 74343.9064670583,
      "output_tokens_per_sec": 9970.574521303524,
      "total_tokens_per_sec": 84314.48098836183,
      "requests_per_sec": 9.953098539118589
    },
    "prompt_len": {
      "mean": 7469.423333333333,
      "min": 7390.0,
      "max": 7544.0,
      "p0.1": 7392.587,
      "p1": 7411.99,
      "p5": 7427.0,
      "p10": 7437.0,
      "p25": 7451.0,
      "median": 7469.0,
      "p75": 7489.0,
      "p90": 7505.0,
      "p95": 7513.0,
      "p99": 7528.0,
      "p99.9": 7542.0
    },
    "output_len": {
      "mean": 1001.7558333333334,
      "min": 993.0,
      "max": 1461.0,
      "p0.1": 995.0,
      "p1": 997.0,
      "p5": 999.0,
      "p10": 1000.0,
      "p25": 1001.0,
      "median": 1001.0,
      "p75": 1002.0,
      "p90": 1004.0,
      "p95": 1004.0,
      "p99": 1008.0,
      "p99.9": 1011.8010000000002
    }
  },
  "failures": {
    "count": 0,
    "request_latency": null,
    "prompt_len": null
  }
}