{
  "load_summary": {
    "count": 900,
    "schedule_delay": {
      "mean": 0.0007653219361479083,
      "min": -0.0008639087900519371,
      "max": 0.0983421909622848,
      "p0.1": -0.0008530512154102326,
      "p1": -0.0006215464463457466,
      "p5": -0.0003476460929960012,
      "p10": -0.00015893680974841118,
      "p25": 0.00016927754040807486,
      "median": 0.0005365738179534674,
      "p75": 0.0008989112684503198,
      "p90": 0.0012346443720161917,
      "p95": 0.0014277308480814099,
      "p99": 0.0018383909296244376,
      "p99.9": 0.07335907204682321
    },
    "send_duration": 29.696583077777177,
    "requested_rate": 30.0,
    "achieved_rate": 30.306517003752408
  },
  "successes": {
    "count": 900,
    "latency": {
      "request_latency": {
        "mean": 49.134908753234065,
        "min": 33.093359106220305,
        "max": 64.55564861511812,
        "p0.1": 35.25213987240242,
        "p1": 38.19982341144234,
        "p5": 39.602528571686705,
        "p10": 40.98436954598874,
        "p25": 42.66778994910419,
        "median": 44.255025782156736,
        "p75": 56.78688287246041,
        "p90": 60.53505624849349,
        "p95": 61.50698555868585,
        "p99": 62.81554382270668,
        "p99.9": 64.3791112462194
      },
      "normalized_time_per_output_token": {
        "mean": 0.049062738114166976,
        "min": 0.03299437597828545,
        "max": 0.06449115745766046,
        "p0.1": 0.0352102647437111,
        "p1": 0.03816166174969265,
        "p5": 0.03952043191359844,
        "p10": 0.04087038483816391,
        "p25": 0.04260261634946654,
        "median": 0.04419284961782469,
        "p75": 0.05673004635503028,
        "p90": 0.06036340458835358,
        "p95": 0.06137009933162856,
        "p99": 0.06274652481615377,
        "p99.9": 0.06431479644976962
      },
      "time_per_output_token": {
        "mean": 0.0386674090164751,
        "min": 0.024610037653241306,
        "max": 0.06329484475776553,
        "p0.1": 0.02474806076008966,
        "p1": 0.025917718661827963,
        "p5": 0.027907344258134254,
        "p10": 0.02930813506608829,
        "p25": 0.032616837149718775,
        "median": 0.04080803512549028,
        "p75": 0.04271532518381719,
        "p90": 0.044159292375063525,
        "p95": 0.052105633885506535,
        "p99": 0.05853175605735741,
        "p99.9": 0.06305244962283273
      },
      "time_to_first_token": {
        "mean": 10.442525915393812,
        "min": 0.08284873561933637,
        "max": 29.381068636197597,
        "p0.1": 0.08492750653158873,
        "p1": 0.09490866378415376,
        "p5": 0.13789413026534023,
        "p10": 0.20294966492801905,
        "p25": 0.3091138490708545,
        "median": 0.7318066696170717,
        "p75": 25.99781448103022,
        "p90": 27.728023951128126,
        "p95": 28.31850234591402,
        "p99": 28.927179665309378,
        "p99.9": 29.221650875273646
      },
      "inter_token_latency": {
        "mean": 0.038667439865470186,
        "min": 5.835201591253281e-06,
        "max": 27.768993543926626,
        "p0.1": 2.6975511573255063e-05,
        "p1": 0.012475534970872105,
        "p5": 0.022191939991898835,
        "p10": 0.02575456746853888,
        "p25": 0.02754429681226611,
        "median": 0.029904130147770047,
        "p75": 0.03165663196705282,
        "p90": 0.034157815389335155,
        "p95": 0.12937127240002155,
        "p99": 0.19450457689818,
        "p99.9": 0.21914498439989993
      }
    },
    "throughput": {
      "input_tokens_per_sec": 79250.71439723884,
      "output_tokens_per_sec": 10625.5679472286,
      "total_tokens_per_sec": 89876.28234446744,
      "requests_per_sec": 10.609983060999
    },
    "prompt_len": {
      "mean": 7469.447777777777,
      "min": 7390.0,
      "max": 7544.0,
      "p0.1": 7390.0,
      "p1": 7410.99,
      "p5": 7427.95,
      "p10": 7437.0,
      "p25": 7451.0,
      "median": 7468.5,
      "p75": 7489.0,
      "p90": 7505.0,
      "p95": 7513.0,
      "p99": 7528.03,
      "p99.9": 7542.202
    },
    "output_len": {
      "mean": 1001.4688888888888,
      "min": 995.0,
      "max": 1012.0,
      "p0.1": 995.0,
      "p1": 998.0,
      "p5": 999.0,
      "p10": 1000.0,
      "p25": 1001.0,
      "median": 1001.0,
      "p75": 1002.0,
      "p90": 1004.0,
      "p95": 1005.0,
      "p99": 1008.0,
      "p99.9": 1012.0
    }
  },
  "failures": {
    "count": 0,
    "request_latency": null,
    "prompt_len": null
  }
}