{
  "load_summary": {
    "count": 600,
    "schedule_delay": {
      "mean": 0.0006740443136853476,
      "min": -0.0009099994786083698,
      "max": 0.03871661564335227,
      "p0.1": -0.0008315768809989095,
      "p1": -0.0005103560024872422,
      "p5": -0.0002924606669694185,
      "p10": -0.0001343558076769113,
      "p25": 0.00021363759879022837,
      "median": 0.000563573557883501,
      "p75": 0.0009470304939895868,
      "p90": 0.001256282301619649,
      "p95": 0.0015604223357513548,
      "p99": 0.0031933028763160088,
      "p99.9": 0.018086181148888998
    },
    "send_duration": 31.00172849232331,
    "requested_rate": 20.0,
    "achieved_rate": 19.353759586294448
  },
  "successes": {
    "count": 600,
    "latency": {
      "request_latency": {
        "mean": 34.24992653663736,
        "min": 20.03924883203581,
        "max": 38.81539007369429,
        "p0.1": 20.312714953261892,
        "p1": 26.46295288356021,
        "p5": 28.937174527952447,
        "p10": 30.030577071895824,
        "p25": 32.0489967407193,
        "median": 34.97451508487575,
        "p75": 36.39196504559368,
        "p90": 37.574095090432095,
        "p95": 38.38539006561041,
        "p99": 38.73353744841181,
        "p99.9": 38.78044330383418
      },
      "normalized_time_per_output_token": {
        "mean": 0.034200589746842085,
        "min": 0.020019229602433377,
        "max": 0.038776613460234054,
        "p0.1": 0.02029242253073116,
        "p1": 0.0264103949812066,
        "p5": 0.028889030341666663,
        "p10": 0.030015218141985593,
        "p25": 0.0320254287902073,
        "median": 0.03491684045444891,
        "p75": 0.03639303426114656,
        "p90": 0.03750346075906741,
        "p95": 0.03827440541250547,
        "p99": 0.038667925287030905,
        "p99.9": 0.03873558607858305
      },
      "time_per_output_token": {
        "mean": 0.03311568339653714,
        "min": 0.019831377804279328,
        "max": 0.03865562776407531,
        "p0.1": 0.019831804212684278,
        "p1": 0.02000339541500575,
        "p5": 0.023160013707051983,
        "p10": 0.027094306966522708,
        "p25": 0.031083404577337208,
        "median": 0.03460501830885187,
        "p75": 0.0361065552087442,
        "p90": 0.03729313228130341,
        "p95": 0.0379074362413333,
        "p99": 0.03859132822860756,
        "p99.9": 0.038641940209040375
      },
      "time_to_first_token": {
        "mean": 1.116868547576014,
        "min": 0.05010844208300114,
        "max": 14.52288312325254,
        "p0.1": 0.05241917072469369,
        "p1": 0.06214810439851135,
        "p5": 0.08586741699837148,
        "p10": 0.10032258690334857,
        "p25": 0.1394752759952098,
        "median": 0.2375657798256725,
        "p75": 0.3485119150718674,
        "p90": 0.8397604079451415,
        "p95": 9.585969833633845,
        "p99": 12.834102980419992,
        "p99.9": 14.359726588370297
      },
      "inter_token_latency": {
        "mean": 0.033115253540785754,
        "min": 6.711110472679138e-06,
        "max": 12.498506912961602,
        "p0.1": 2.8992872685194016e-05,
        "p1": 0.008031879272311925,
        "p5": 0.014455754775553942,
        "p10": 0.01735975919291377,
        "p25": 0.024453135207295418,
        "median": 0.029096147045493126,
        "p75": 0.03128638304769993,
        "p90": 0.03383838478475809,
        "p95": 0.06450197612866759,
        "p99": 0.18425698624923825,
        "p99.9": 0.19720311814919114
      }
    },
    "throughput": {
      "input_tokens_per_sec": 71296.23679437728,
      "output_tokens_per_sec": 9558.913099025089,
      "total_tokens_per_sec": 80855.14989340238,
      "requests_per_sec": 9.545072743546946
    },
    "prompt_len": {
      "mean": 7469.428333333333,
      "min": 7390.0,
      "max": 7542.0,
      "p0.1": 7398.386,
      "p1": 7411.99,
      "p5": 7426.0,
      "p10": 7437.0,
      "p25": 7451.0,
      "median": 7469.0,
      "p75": 7490.0,
      "p90": 7505.0,
      "p95": 7513.0,
      "p99": 7527.01,
      "p99.9": 7538.406000000001
    },
    "output_len": {
      "mean": 1001.45,
      "min": 993.0,
      "max": 1014.0,
      "p0.1": 993.0,
      "p1": 997.0,
      "p5": 999.0,
      "p10": 1000.0,
      "p25": 1001.0,
      "median": 1001.0,
      "p75": 1002.0,
      "p90": 1004.0,
      "p95": 1005.0,
      "p99": 1009.01,
      "p99.9": 1012.2030000000002
    }
  },
  "failures": {
    "count": 0,
    "request_latency": null,
    "prompt_len": null
  }
}