{
  "load_summary": {
    "count": 1500,
    "schedule_delay": {
      "mean": 0.0005966556044295431,
      "min": -0.0009868200868368149,
      "max": 0.07673138566315174,
      "p0.1": -0.0009617193462327123,
      "p1": -0.0006855046423152089,
      "p5": -0.00038479063659906386,
      "p10": -0.00017554289661347866,
      "p25": 0.00014591834042221308,
      "median": 0.0005117869004607201,
      "p75": 0.0008773209992796183,
      "p90": 0.0011759812477976088,
      "p95": 0.0013676702510565517,
      "p99": 0.0017661587893962858,
      "p99.9": 0.032647068369203246
    },
    "send_duration": 29.91531552001834,
    "requested_rate": 50.0,
    "achieved_rate": 50.141540342312275
  },
  "successes": {
    "count": 1500,
    "latency": {
      "request_latency": {
        "mean": 73.64035047963728,
        "min": 35.48193078767508,
        "max": 118.11101746419445,
        "p0.1": 36.316211721183265,
        "p1": 37.924034234881404,
        "p5": 40.419141307799144,
        "p10": 41.318164329836144,
        "p25": 44.071505096857436,
        "median": 76.78332522884011,
        "p75": 98.61681934108492,
        "p90": 104.89105737260543,
        "p95": 112.74646926601417,
        "p99": 115.39703034093604,
        "p99.9": 117.94126455220537
      },
      "normalized_time_per_output_token": {
        "mean": 0.07353521101522394,
        "min": 0.03544648430337171,
        "max": 0.11799302443975469,
        "p0.1": 0.03627993178939387,
        "p1": 0.03784186642671611,
        "p5": 0.04035745421243288,
        "p10": 0.041261466408885665,
        "p25": 0.044010206463176396,
        "median": 0.07661898311752954,
        "p75": 0.09842674994350248,
        "p90": 0.10482787248296505,
        "p95": 0.11271253039263789,
        "p99": 0.1152155935248476,
        "p99.9": 0.11781950857448949
      },
      "time_per_output_token": {
        "mean": 0.04097058409355454,
        "min": 0.01376003681871298,
        "max": 0.0736743139741011,
        "p0.1": 0.013832497781773263,
        "p1": 0.027559595081713052,
        "p5": 0.030717958166217432,
        "p10": 0.03305952830975875,
        "p25": 0.03923009143711534,
        "median": 0.04098947609472089,
        "p75": 0.042632553244708105,
        "p90": 0.0444043969928287,
        "p95": 0.05351570338809397,
        "p99": 0.06971427035602741,
        "p99.9": 0.07328857384521842
      },
      "time_to_first_token": {
        "mean": 32.645041688296324,
        "min": 0.048974839970469475,
        "max": 104.08671070728451,
        "p0.1": 0.05702167196571827,
        "p1": 0.08695173545740545,
        "p5": 0.22779352359939367,
        "p10": 0.4575785459950567,
        "p25": 1.3185165517497808,
        "median": 34.57728264504112,
        "p75": 65.23278129345272,
        "p90": 69.00179430874996,
        "p95": 72.82625939715653,
        "p99": 73.30738130833488,
        "p99.9": 104.00756039740239
      },
      "inter_token_latency": {
        "mean": 0.040970700368850595,
        "min": 5.564186722040176e-06,
        "max": 31.496381406206638,
        "p0.1": 2.8004534542560577e-05,
        "p1": 0.012316436804831028,
        "p5": 0.026154718454927207,
        "p10": 0.02732351329177618,
        "p25": 0.029596090782433748,
        "median": 0.030867379158735275,
        "p75": 0.032211908139288425,
        "p90": 0.03476022994145751,
        "p95": 0.16760731777176263,
        "p99": 0.19871756957843895,
        "p99.9": 0.2315813635364176
      }
    },
    "throughput": {
      "input_tokens_per_sec": 75934.17201521434,
      "output_tokens_per_sec": 10180.221222735345,
      "total_tokens_per_sec": 86114.39323794968,
      "requests_per_sec": 10.165670759321836
    },
    "prompt_len": {
      "mean": 7469.666666666667,
      "min": 7390.0,
      "max": 7544.0,
      "p0.1": 7396.487,
      "p1": 7412.0,
      "p5": 7427.0,
      "p10": 7437.0,
      "p25": 7451.0,
      "median": 7469.0,
      "p75": 7489.0,
      "p90": 7505.0,
      "p95": 7513.0,
      "p99": 7528.0,
      "p99.9": 7543.002
    },
    "output_len": {
      "mean": 1001.4313333333333,
      "min": 989.0,
      "max": 1014.0,
      "p0.1": 992.497,
      "p1": 998.0,
      "p5": 999.0,
      "p10": 1000.0,
      "p25": 1001.0,
      "median": 1001.0,
      "p75": 1002.0,
      "p90": 1003.0,
      "p95": 1004.05,
      "p99": 1008.0,
      "p99.9": 1013.0020000000004
    }
  },
  "failures": {
    "count": 0,
    "request_latency": null,
    "prompt_len": null
  }
}