{
  "load_summary": {
    "count": 500,
    "schedule_delay": {
      "mean": 0.0005077820234000683,
      "min": -0.000940925907343626,
      "max": 0.0020659933798015118,
      "p0.1": -0.0008804101655259728,
      "p1": -0.0006500257086008788,
      "p5": -0.00033317776396870615,
      "p10": -0.0001213320530951023,
      "p25": 0.00016173557378351688,
      "median": 0.0005179098807275295,
      "p75": 0.0008447343716397882,
      "p90": 0.0011524824891239406,
      "p95": 0.0013409813167527315,
      "p99": 0.0016255571972578762,
      "p99.9": 0.0019698367998935346
    },
    "send_duration": 25.024686242919415,
    "requested_rate": 20.0,
    "achieved_rate": 19.98027048756593
  },
  "successes": {
    "count": 500,
    "latency": {
      "request_latency": {
        "mean": 21.343385896632448,
        "min": 9.505208467133343,
        "max": 31.94619207084179,
        "p0.1": 10.067359387021046,
        "p1": 11.258200946957805,
        "p5": 15.323715710849502,
        "p10": 16.21895392262377,
        "p25": 18.06004901556298,
        "median": 20.33935054531321,
        "p75": 23.224956824211404,
        "p90": 30.67949037081562,
        "p95": 31.362112363940106,
        "p99": 31.585123433568516,
        "p99.9": 31.870566474684985
      },
      "normalized_time_per_output_token": {
        "mean": 0.021355198962795207,
        "min": 0.0023336047233828813,
        "max": 0.032139026228211055,
        "p0.1": 0.002407475871668627,
        "p1": 0.01079252248441005,
        "p5": 0.015237436711181026,
        "p10": 0.016288353718070695,
        "p25": 0.018197692102142914,
        "median": 0.020399067435749166,
        "p75": 0.023373108877998174,
        "p90": 0.03081718806168384,
        "p95": 0.03152604028548984,
        "p99": 0.03182267847731404,
        "p99.9": 0.032095124163714024
      },
      "time_per_output_token": {
        "mean": 0.02083942741783742,
        "min": 0.009388041851745622,
        "max": 0.03138885365333408,
        "p0.1": 0.009929412662096808,
        "p1": 0.011125704387743025,
        "p5": 0.015079760725982487,
        "p10": 0.015758821564586835,
        "p25": 0.017689082581899128,
        "median": 0.019846391513478008,
        "p75": 0.022798014657688326,
        "p90": 0.030058997841505335,
        "p95": 0.031035465416451916,
        "p99": 0.031209631124041043,
        "p99.9": 0.03132498041713937
      },
      "time_to_first_token": {
        "mean": 0.4742104777311906,
        "min": 0.07803732808679342,
        "max": 3.3041108110919595,
        "p0.1": 0.08409141018381343,
        "p1": 0.09303818595595657,
        "p5": 0.10402530739083886,
        "p10": 0.11734706894494594,
        "p25": 0.18442866299301386,
        "median": 0.3133493431378156,
        "p75": 0.5241548822959885,
        "p90": 0.9253749009221793,
        "p95": 1.5661267093382751,
        "p99": 2.545630774688907,
        "p99.9": 3.043688106116856
      },
      "inter_token_latency": {
        "mean": 0.02083945032065436,
        "min": 5.384907126426697e-06,
        "max": 2.9622054509818554,
        "p0.1": 5.61913475394249e-06,
        "p1": 5.8319419622421265e-06,
        "p5": 6.166286766529083e-06,
        "p10": 6.482936441898346e-06,
        "p25": 7.572118192911148e-06,
        "median": 1.2339092791080475e-05,
        "p75": 0.02366950549185276,
        "p90": 0.0602280465885997,
        "p95": 0.0892032922245562,
        "p99": 0.15837554590776565,
        "p99.9": 2.2237431926783526
      }
    },
    "throughput": {
      "input_tokens_per_sec": 75851.50006591652,
      "output_tokens_per_sec": 10442.07382088328,
      "total_tokens_per_sec": 86293.5738867998,
      "requests_per_sec": 10.052150887940085
    },
    "prompt_len": {
      "mean": 7545.798,
      "min": 7456.0,
      "max": 7628.0,
      "p0.1": 7461.489,
      "p1": 7489.98,
      "p5": 7502.9,
      "p10": 7513.9,
      "p25": 7529.0,
      "median": 7545.0,
      "p75": 7563.0,
      "p90": 7577.1,
      "p95": 7588.2,
      "p99": 7619.01,
      "p99.9": 7625.505
    },
    "output_len": {
      "mean": 1038.79,
      "min": 837.0,
      "max": 8563.0,
      "p0.1": 847.978,
      "p1": 961.8,
      "p5": 984.0,
      "p10": 989.0,
      "p25": 993.0,
      "median": 996.0,
      "p75": 997.0,
      "p90": 999.0,
      "p95": 1000.0,
      "p99": 1003.01,
      "p99.9": 8552.022
    }
  },
  "failures": {
    "count": 0,
    "request_latency": null,
    "prompt_len": null
  }
}