{
  "load_summary": {
    "count": 1000,
    "schedule_delay": {
      "mean": 0.0004359827688895166,
      "min": -0.001076903659850359,
      "max": 0.006428287830203772,
      "p0.1": -0.0009992494843900203,
      "p1": -0.0007410373305901885,
      "p5": -0.000471866293810308,
      "p10": -0.0002712836023420095,
      "p25": 5.908601451665163e-05,
      "median": 0.0004161528777331114,
      "p75": 0.0008078328100964427,
      "p90": 0.0011479548644274474,
      "p95": 0.001299752271734178,
      "p99": 0.0016286082100123163,
      "p99.9": 0.004788300660904645
    },
    "send_duration": 24.923481080215424,
    "requested_rate": 40.0,
    "achieved_rate": 40.122806151417294
  },
  "successes": {
    "count": 1000,
    "latency": {
      "request_latency": {
        "mean": 41.5956223776103,
        "min": 23.444842934142798,
        "max": 58.98526810714975,
        "p0.1": 24.077183022025043,
        "p1": 27.59172091627028,
        "p5": 32.31355271062348,
        "p10": 34.445721028139815,
        "p25": 37.5886503335787,
        "median": 40.52558975084685,
        "p75": 43.296831680461764,
        "p90": 54.53258502194658,
        "p95": 56.848940974101424,
        "p99": 57.855755796842274,
        "p99.9": 58.983757407148836
      },
      "normalized_time_per_output_token": {
        "mean": 0.041576625658394165,
        "min": 0.003998788863318016,
        "max": 0.06650419932768935,
        "p0.1": 0.004080197071352614,
        "p1": 0.024256077007398017,
        "p5": 0.03081595626713765,
        "p10": 0.03457919030225615,
        "p25": 0.037722298397500284,
        "median": 0.04072679868568284,
        "p75": 0.04366789963873342,
        "p90": 0.05486376266317331,
        "p95": 0.05713609666227547,
        "p99": 0.058308349418723836,
        "p99.9": 0.05958800201654307
      },
      "time_per_output_token": {
        "mean": 0.040785633727578346,
        "min": 0.023401932738044386,
        "max": 0.05726807971239776,
        "p0.1": 0.02395051342328151,
        "p1": 0.027453038658082157,
        "p5": 0.03125092829023488,
        "p10": 0.033772712888102976,
        "p25": 0.036632633157772945,
        "median": 0.03975718408004947,
        "p75": 0.04203779350559288,
        "p90": 0.054011272561892094,
        "p95": 0.055908462115214205,
        "p99": 0.05719355151679057,
        "p99.9": 0.05723224900929944
      },
      "time_to_first_token": {
        "mean": 0.8089167748587206,
        "min": 0.06702421698719263,
        "max": 3.445115204900503,
        "p0.1": 0.09036469484306872,
        "p1": 0.09704580905847252,
        "p5": 0.12058186626527459,
        "p10": 0.1650968097615987,
        "p25": 0.3078929597977549,
        "median": 0.6139577003195882,
        "p75": 1.1298415820347145,
        "p90": 1.7007416716311128,
        "p95": 2.195196847827173,
        "p99": 2.77903722693678,
        "p99.9": 3.228708152567056
      },
      "inter_token_latency": {
        "mean": 0.0407862246861327,
        "min": 5.313195288181305e-06,
        "max": 4.331058721989393,
        "p0.1": 5.583278834819794e-06,
        "p1": 5.772802978754044e-06,
        "p5": 6.042886525392532e-06,
        "p10": 6.269197911024094e-06,
        "p25": 6.9998204708099365e-06,
        "median": 9.557697921991348e-06,
        "p75": 0.029653205769136548,
        "p90": 0.13333082515746358,
        "p95": 0.21214528151322148,
        "p99": 0.3850304611353205,
        "p99.9": 3.1694500359492532
      }
    },
    "throughput": {
      "input_tokens_per_sec": 98609.59394269511,
      "output_tokens_per_sec": 13772.715965677073,
      "total_tokens_per_sec": 112382.30990837219,
      "requests_per_sec": 13.06665904422251
    },
    "prompt_len": {
      "mean": 7546.657,
      "min": 7456.0,
      "max": 7634.0,
      "p0.1": 7456.0,
      "p1": 7489.99,
      "p5": 7502.95,
      "p10": 7513.9,
      "p25": 7530.0,
      "median": 7546.0,
      "p75": 7564.0,
      "p90": 7578.0,
      "p95": 7592.0,
      "p99": 7619.01,
      "p99.9": 7628.006
    },
    "output_len": {
      "mean": 1054.035,
      "min": 704.0,
      "max": 8572.0,
      "p0.1": 915.788,
      "p1": 967.97,
      "p5": 984.95,
      "p10": 989.0,
      "p25": 993.0,
      "median": 995.0,
      "p75": 997.0,
      "p90": 999.0,
      "p95": 1000.0,
      "p99": 1004.0,
      "p99.9": 8564.008000000002
    }
  },
  "failures": {
    "count": 0,
    "request_latency": null,
    "prompt_len": null
  }
}