{
  "load_summary": {
    "count": 1250,
    "schedule_delay": {
      "mean": 0.000403914662450552,
      "min": -0.0009995829313993454,
      "max": 0.001820072066038847,
      "p0.1": -0.0009677070328034461,
      "p1": -0.0006808749446645379,
      "p5": -0.0003930840408429503,
      "p10": -0.00022806031629443165,
      "p25": 4.4242129661142826e-05,
      "median": 0.00040052575059235096,
      "p75": 0.0007468414260074496,
      "p90": 0.0010681083425879481,
      "p95": 0.001237120502628386,
      "p99": 0.0015331155620515345,
      "p99.9": 0.001779878213536024
    },
    "send_duration": 23.808083487208933,
    "requested_rate": 50.0,
    "achieved_rate": 52.503176102838
  },
  "successes": {
    "count": 1250,
    "latency": {
      "request_latency": {
        "mean": 51.577749555199965,
        "min": 33.408780148252845,
        "max": 72.55005986429751,
        "p0.1": 33.648279013679364,
        "p1": 34.75342427766882,
        "p5": 40.232959687546824,
        "p10": 43.60786964586005,
        "p25": 47.242424805415794,
        "median": 50.06851716875099,
        "p75": 53.26019581069704,
        "p90": 66.62041071536953,
        "p95": 69.04775971204508,
        "p99": 71.02048897556028,
        "p99.9": 72.0647716851449
      },
      "normalized_time_per_output_token": {
        "mean": 0.05158071221281415,
        "min": 0.004993731495012682,
        "max": 0.07409068004945422,
        "p0.1": 0.005439973946568411,
        "p1": 0.033886954287238355,
        "p5": 0.040053002168088096,
        "p10": 0.04379211127423653,
        "p25": 0.04749751859971325,
        "median": 0.0503396776904685,
        "p75": 0.053567601847797415,
        "p90": 0.0671517206944983,
        "p95": 0.0695458926762,
        "p99": 0.07182143531766576,
        "p99.9": 0.07328804082938138
      },
      "time_per_output_token": {
        "mean": 0.05064698146032319,
        "min": 0.03325327062699944,
        "max": 0.07068812490813434,
        "p0.1": 0.03352137583024148,
        "p1": 0.03457598761967849,
        "p5": 0.039996757830004205,
        "p10": 0.042730748930683495,
        "p25": 0.04622160432650708,
        "median": 0.049203705539831125,
        "p75": 0.052194594999309625,
        "p90": 0.06598800619039685,
        "p95": 0.06828026525820606,
        "p99": 0.06955403421126771,
        "p99.9": 0.0704946450099783
      },
      "time_to_first_token": {
        "mean": 0.9278739564467221,
        "min": 0.06911039305850863,
        "max": 3.3566621621139348,
        "p0.1": 0.07974050001706928,
        "p1": 0.0970565125811845,
        "p5": 0.1417054085293785,
        "p10": 0.19652434545569122,
        "p25": 0.37065664236433804,
        "median": 0.7993611325509846,
        "p75": 1.3409062989521772,
        "p90": 1.8656850818078967,
        "p95": 2.194854607689194,
        "p99": 2.749173123347573,
        "p99.9": 3.2505177795575215
      },
      "inter_token_latency": {
        "mean": 0.05064863539455621,
        "min": 5.307141691446304e-06,
        "max": 3.6755445143207908,
        "p0.1": 5.580950528383255e-06,
        "p1": 5.76535239815712e-06,
        "p5": 6.017275154590607e-06,
        "p10": 6.226357072591782e-06,
        "p25": 6.909947842359543e-06,
        "median": 9.35327261686325e-06,
        "p75": 0.03527143597602844,
        "p90": 0.18520240765064955,
        "p95": 0.2845670909620822,
        "p99": 0.4662865238310835,
        "p99.9": 2.428646965806907
      }
    },
    "throughput": {
      "input_tokens_per_sec": 107795.99780418091,
      "output_tokens_per_sec": 14968.569417871244,
      "total_tokens_per_sec": 122764.56722205215,
      "requests_per_sec": 14.284796220237874
    },
    "prompt_len": {
      "mean": 7546.2048,
      "min": 7456.0,
      "max": 7634.0,
      "p0.1": 7458.739,
      "p1": 7490.0,
      "p5": 7501.45,
      "p10": 7513.0,
      "p25": 7530.0,
      "median": 7546.0,
      "p75": 7563.0,
      "p90": 7578.0,
      "p95": 7591.0,
      "p99": 7616.55,
      "p99.9": 7628.0
    },
    "output_len": {
      "mean": 1047.8672,
      "min": 683.0,
      "max": 8570.0,
      "p0.1": 756.5310000000001,
      "p1": 954.41,
      "p5": 985.0,
      "p10": 989.9,
      "p25": 993.0,
      "median": 995.0,
      "p75": 997.0,
      "p90": 999.0,
      "p95": 1000.0,
      "p99": 1005.0,
      "p99.9": 8560.004
    }
  },
  "failures": {
    "count": 0,
    "request_latency": null,
    "prompt_len": null
  }
}