{
  "load_summary": {
    "count": 1500,
    "schedule_delay": {
      "mean": 0.000409380572848022,
      "min": -0.0009218654595315456,
      "max": 0.0017688721418380737,
      "p0.1": -0.0009128742576576769,
      "p1": -0.000691677313297987,
      "p5": -0.00044069061987102033,
      "p10": -0.0002290505450218916,
      "p25": 6.637570913881063e-05,
      "median": 0.0004167594015598297,
      "p75": 0.0007556658238172531,
      "p90": 0.0010433007963001732,
      "p95": 0.001242464641109109,
      "p99": 0.0015072055580094457,
      "p99.9": 0.0017204696689732376
    },
    "send_duration": 25.626198736019433,
    "requested_rate": 60.0,
    "achieved_rate": 58.53384715586569
  },
  "successes": {
    "count": 1500,
    "latency": {
      "request_latency": {
        "mean": 58.2615032521924,
        "min": 39.04331324528903,
        "max": 78.11404174100608,
        "p0.1": 39.30332776192483,
        "p1": 40.77351612166036,
        "p5": 45.43347894588951,
        "p10": 50.34284331332892,
        "p25": 54.18624060158618,
        "median": 57.56424250011332,
        "p75": 60.489027854055166,
        "p90": 72.10862009357662,
        "p95": 74.6719386198558,
        "p99": 76.51496278938372,
        "p99.9": 78.09064708477678
      },
      "normalized_time_per_output_token": {
        "mean": 0.058226476080009186,
        "min": 0.005578742659461019,
        "max": 0.10903716651203735,
        "p0.1": 0.0062239185797067,
        "p1": 0.03975373060504232,
        "p5": 0.04519396960056579,
        "p10": 0.04989780306095104,
        "p25": 0.05440683304933464,
        "median": 0.05786166871822484,
        "p75": 0.0607812864118003,
        "p90": 0.07230751794452824,
        "p95": 0.0750968152423659,
        "p99": 0.07694422606766957,
        "p99.9": 0.08243603415828175
      },
      "time_per_output_token": {
        "mean": 0.05697324629978583,
        "min": 0.038905051067937166,
        "max": 0.07588548928312958,
        "p0.1": 0.03917854970214014,
        "p1": 0.04065509479210247,
        "p5": 0.045239163823379204,
        "p10": 0.04878046014648862,
        "p25": 0.05288775850262027,
        "median": 0.056197287640534346,
        "p75": 0.05921203211066313,
        "p90": 0.07101213975311259,
        "p95": 0.07356664172767197,
        "p99": 0.0745188120625401,
        "p99.9": 0.07566797468370108
      },
      "time_to_first_token": {
        "mean": 1.2582193183998267,
        "min": 0.0877861687913537,
        "max": 6.600119897164404,
        "p0.1": 0.08935699144843966,
        "p1": 0.10039648626931012,
        "p5": 0.14932417182717472,
        "p10": 0.2372245117556304,
        "p25": 0.43564043450169265,
        "median": 0.9751676849555224,
        "p75": 1.7424203313421458,
        "p90": 2.8076791015453675,
        "p95": 3.5108640366466717,
        "p99": 4.839909521653316,
        "p99.9": 6.077071062440075
      },
      "inter_token_latency": {
        "mean": 0.05697328082880405,
        "min": 5.1888637244701385e-06,
        "max": 4.035785959567875,
        "p0.1": 5.582813173532486e-06,
        "p1": 5.766283720731735e-06,
        "p5": 6.017275154590607e-06,
        "p10": 6.222166121006012e-06,
        "p25": 6.860122084617615e-06,
        "median": 8.781906217336655e-06,
        "p75": 3.345031291246414e-05,
        "p90": 0.19959282791242006,
        "p95": 0.32481242762878526,
        "p99": 0.5529571977816526,
        "p99.9": 2.976311371371156
      }
    },
    "throughput": {
      "input_tokens_per_sec": 121091.71950281784,
      "output_tokens_per_sec": 16912.2337571473,
      "total_tokens_per_sec": 138003.95325996514,
      "requests_per_sec": 16.046127954666236
    },
    "prompt_len": {
      "mean": 7546.476,
      "min": 7456.0,
      "max": 7634.0,
      "p0.1": 7461.489,
      "p1": 7490.0,
      "p5": 7501.0,
      "p10": 7513.0,
      "p25": 7530.0,
      "median": 7546.0,
      "p75": 7564.0,
      "p90": 7578.0,
      "p95": 7591.0,
      "p99": 7614.0,
      "p99.9": 7631.006000000001
    },
    "output_len": {
      "mean": 1053.976,
      "min": 689.0,
      "max": 8577.0,
      "p0.1": 876.986,
      "p1": 962.98,
      "p5": 984.95,
      "p10": 989.0,
      "p25": 993.0,
      "median": 995.0,
      "p75": 997.0,
      "p90": 999.0,
      "p95": 1000.0,
      "p99": 1006.0,
      "p99.9": 8566.505000000001
    }
  },
  "failures": {
    "count": 0,
    "request_latency": null,
    "prompt_len": null
  }
}