{
  "load_summary": {
    "count": 625,
    "schedule_delay": {
      "mean": 0.0004476226441562176,
      "min": -0.0009186877869069576,
      "max": 0.0020185071043670177,
      "p0.1": -0.0008645866475999356,
      "p1": -0.0006869273260235786,
      "p5": -0.000433010421693325,
      "p10": -0.00020575560629367822,
      "p25": 9.684637188911438e-05,
      "median": 0.00042505841702222824,
      "p75": 0.0008027264848351479,
      "p90": 0.0011172626167535783,
      "p95": 0.001303951162844896,
      "p99": 0.001621182989329099,
      "p99.9": 0.0019924255944788493
    },
    "send_duration": 23.743680395185947,
    "requested_rate": 25.0,
    "achieved_rate": 26.322793669625007
  },
  "successes": {
    "count": 624,
    "latency": {
      "request_latency": {
        "mean": 25.903686463718678,
        "min": 12.183950055856258,
        "max": 38.505525367800146,
        "p0.1": 12.401195875008591,
        "p1": 14.578628977523186,
        "p5": 16.734779451810756,
        "p10": 19.753361344477163,
        "p25": 23.165049770846963,
        "median": 25.303513903170824,
        "p75": 27.532783017260954,
        "p90": 36.36265646135435,
        "p95": 37.47085291594267,
        "p99": 37.93743378068321,
        "p99.9": 38.456931206948596
      },
      "normalized_time_per_output_token": {
        "mean": 0.025901401979343215,
        "min": 0.0026195005277471024,
        "max": 0.038582690749298744,
        "p0.1": 0.002757164908160771,
        "p1": 0.012782077837392247,
        "p5": 0.01649370955462272,
        "p10": 0.019470980290142832,
        "p25": 0.02330480578407046,
        "median": 0.025424133275125105,
        "p75": 0.027708443594707144,
        "p90": 0.036516807171273126,
        "p95": 0.037664976226018394,
        "p99": 0.03811481748550947,
        "p99.9": 0.03856994794188863
      },
      "time_per_output_token": {
        "mean": 0.025306452240212073,
        "min": 0.012060518534854054,
        "max": 0.03771873683994636,
        "p0.1": 0.01224843918796163,
        "p1": 0.014396065035006032,
        "p5": 0.01656821444723755,
        "p10": 0.0195111416681204,
        "p25": 0.022432683445396832,
        "median": 0.024631268377881498,
        "p75": 0.027004917310434393,
        "p90": 0.03594515794916079,
        "p95": 0.03664285135737155,
        "p99": 0.03730047967808321,
        "p99.9": 0.03769112671791389
      },
      "time_to_first_token": {
        "mean": 0.5660042774681455,
        "min": 0.06797693390399218,
        "max": 2.021356565877795,
        "p0.1": 0.07887612876156345,
        "p1": 0.0960179833509028,
        "p5": 0.10735357864759862,
        "p10": 0.13159864638000726,
        "p25": 0.26929435646161437,
        "median": 0.45619541639462113,
        "p75": 0.7541273087263107,
        "p90": 1.2167228357400752,
        "p95": 1.425703308405355,
        "p99": 1.7235864934604612,
        "p99.9": 1.8967151071531831
      },
      "inter_token_latency": {
        "mean": 0.025306452240212073,
        "min": 5.320180207490921e-06,
        "max": 2.132195526268333,
        "p0.1": 5.602836608886719e-06,
        "p1": 5.804002285003662e-06,
        "p5": 6.095971912145615e-06,
        "p10": 6.357207894325256e-06,
        "p25": 7.238239049911499e-06,
        "median": 1.0792165994644165e-05,
        "p75": 0.027051766286604106,
        "p90": 0.07807282991707319,
        "p95": 0.11908229577820743,
        "p99": 0.23593240940943364,
        "p99.9": 1.6993572923410694
      }
    },
    "throughput": {
      "input_tokens_per_sec": 85998.49264790225,
      "output_tokens_per_sec": 11881.141434775342,
      "total_tokens_per_sec": 97879.6340826776,
      "requests_per_sec": 11.396673238732678
    },
    "prompt_len": {
      "mean": 7545.929487179487,
      "min": 7456.0,
      "max": 7634.0,
      "p0.1": 7462.853,
      "p1": 7492.0,
      "p5": 7503.0,
      "p10": 7512.3,
      "p25": 7529.0,
      "median": 7545.0,
      "p75": 7563.0,
      "p90": 7577.0,
      "p95": 7591.85,
      "p99": 7617.85,
      "p99.9": 7630.262000000001
    },
    "output_len": {
      "mean": 1042.5096153846155,
      "min": 934.0,
      "max": 8562.0,
      "p0.1": 935.246,
      "p1": 974.23,
      "p5": 985.0,
      "p10": 990.0,
      "p25": 993.0,
      "median": 995.0,
      "p75": 997.0,
      "p90": 999.0,
      "p95": 1000.0,
      "p99": 1003.0,
      "p99.9": 8545.802000000001
    }
  },
  "failures": {
    "count": 1,
    "request_latency": {
      "mean": 0.7259200480766594,
      "min": 0.7259200480766594,
      "max": 0.7259200480766594,
      "p0.1": 0.7259200480766594,
      "p1": 0.7259200480766594,
      "p5": 0.7259200480766594,
      "p10": 0.7259200480766594,
      "p25": 0.7259200480766594,
      "median": 0.7259200480766594,
      "p75": 0.7259200480766594,
      "p90": 0.7259200480766594,
      "p95": 0.7259200480766594,
      "p99": 0.7259200480766594,
      "p99.9": 0.7259200480766594
    },
    "prompt_len": {
      "mean": 7548.0,
      "min": 7548.0,
      "max": 7548.0,
      "p0.1": 7548.0,
      "p1": 7548.0,
      "p5": 7548.0,
      "p10": 7548.0,
      "p25": 7548.0,
      "median": 7548.0,
      "p75": 7548.0,
      "p90": 7548.0,
      "p95": 7548.0,
      "p99": 7548.0,
      "p99.9": 7548.0
    }
  }
}