{
  "load_summary": {
    "count": 750,
    "schedule_delay": {
      "mean": 0.0007020640404274066,
      "min": -0.0009728521108627319,
      "max": 0.0206867135129869,
      "p0.1": -0.0008850965448655188,
      "p1": -0.0006983866076916457,
      "p5": -0.00026193086523562664,
      "p10": -7.220068946480749e-05,
      "p25": 0.00026266241911798716,
      "median": 0.0006579631008207798,
      "p75": 0.001073753461241722,
      "p90": 0.0014926264993846416,
      "p95": 0.0016510515008121725,
      "p99": 0.0021740983240306376,
      "p99.9": 0.007065259171651451
    },
    "send_duration": 28.879885299131274,
    "requested_rate": 25.0,
    "achieved_rate": 25.969632227817765
  },
  "successes": {
    "count": 750,
    "latency": {
      "request_latency": {
        "mean": 47.1908599983671,
        "min": 28.63745336001739,
        "max": 67.22869757609442,
        "p0.1": 29.77110953031713,
        "p1": 31.705172786917537,
        "p5": 35.982224183063956,
        "p10": 37.92629181337543,
        "p25": 42.067554020904936,
        "median": 47.256772885564715,
        "p75": 51.48843722825404,
        "p90": 57.21204748819582,
        "p95": 58.30365238925442,
        "p99": 65.79641025044955,
        "p99.9": 67.22637864885665
      },
      "normalized_time_per_output_token": {
        "mean": 0.047123187897337306,
        "min": 0.004612949989152768,
        "max": 0.06763138988437561,
        "p0.1": 0.005442950677289251,
        "p1": 0.031240083136181103,
        "p5": 0.0358158844744509,
        "p10": 0.03781981710725945,
        "p25": 0.042088584771993724,
        "median": 0.04724361042036143,
        "p75": 0.051638758760683814,
        "p90": 0.05727030284445364,
        "p95": 0.05839099878874358,
        "p99": 0.06582706162698912,
        "p99.9": 0.06738017804465671
      },
      "time_per_output_token": {
        "mean": 0.045585487916655454,
        "min": 0.015924281848594547,
        "max": 0.06638470482127741,
        "p0.1": 0.01596230063658487,
        "p1": 0.018240006082616746,
        "p5": 0.03397267172190281,
        "p10": 0.036441440877608075,
        "p25": 0.04054260213871021,
        "median": 0.045972321942448616,
        "p75": 0.05009904879576061,
        "p90": 0.055724792288756,
        "p95": 0.05735820484671275,
        "p99": 0.06490590223136823,
        "p99.9": 0.06632948955676193
      },
      "time_to_first_token": {
        "mean": 1.6107542410486688,
        "min": 0.12181845773011446,
        "max": 39.20174190402031,
        "p0.1": 0.1337138872849755,
        "p1": 0.1708240306843072,
        "p5": 0.33833174153696743,
        "p10": 0.4329015249852091,
        "p25": 0.5318678546464071,
        "median": 0.8751565138809383,
        "p75": 1.3573609759332612,
        "p90": 2.107189907738939,
        "p95": 2.598733105231073,
        "p99": 38.07818784489296,
        "p99.9": 39.15278537789779
      },
      "inter_token_latency": {
        "mean": 0.045590538863633207,
        "min": 5.461741238832474e-06,
        "max": 35.52470174757764,
        "p0.1": 6.222291383892298e-06,
        "p1": 0.0001762793445959711,
        "p5": 0.0134926313534379,
        "p10": 0.027508987439796333,
        "p25": 0.03290754172485322,
        "median": 0.036547138588503,
        "p75": 0.03993245563469827,
        "p90": 0.0424404582940042,
        "p95": 0.04683876989874989,
        "p99": 0.4324713118281213,
        "p99.9": 0.523067919802852
      }
    },
    "throughput": {
      "input_tokens_per_sec": 70634.36255753039,
      "output_tokens_per_sec": 9624.299096887951,
      "total_tokens_per_sec": 80258.66165441835,
      "requests_per_sec": 9.36014337077356
    },
    "prompt_len": {
      "mean": 7546.290666666667,
      "min": 7480.0,
      "max": 7626.0,
      "p0.1": 7484.494,
      "p1": 7492.0,
      "p5": 7508.0,
      "p10": 7516.0,
      "p25": 7530.0,
      "median": 7545.0,
      "p75": 7563.75,
      "p90": 7579.0,
      "p95": 7588.55,
      "p99": 7602.0,
      "p99.9": 7622.255
    },
    "output_len": {
      "mean": 1028.2213333333334,
      "min": 939.0,
      "max": 8580.0,
      "p0.1": 949.486,
      "p1": 985.0,
      "p5": 993.0,
      "p10": 994.0,
      "p25": 996.0,
      "median": 998.0,
      "p75": 1000.0,
      "p90": 1003.0,
      "p95": 1004.0,
      "p99": 1007.0,
      "p99.9": 8577.753
    }
  },
  "failures": {
    "count": 0,
    "request_latency": null,
    "prompt_len": null
  }
}