{
  "load_summary": {
    "count": 750,
    "schedule_delay": {
      "mean": 0.0015836533705393472,
      "min": -0.0006370381452143192,
      "max": 0.06962723564356565,
      "p0.1": -0.0005433365725912154,
      "p1": -0.00038755331188440324,
      "p5": -2.5403220206499086e-05,
      "p10": 0.00020039472728967668,
      "p25": 0.0004989106673747301,
      "median": 0.0008755477610975504,
      "p75": 0.0012846756726503372,
      "p90": 0.001832642685621977,
      "p95": 0.005191412381827831,
      "p99": 0.03162100590765476,
      "p99.9": 0.046684422938621566
    },
    "send_duration": 30.393439021892846,
    "requested_rate": 25.0,
    "achieved_rate": 24.676378328222874
  },
  "successes": {
    "count": 750,
    "latency": {
      "request_latency": {
        "mean": 7.156284252934778,
        "min": 1.0000290120951831,
        "max": 17.640507677569985,
        "p0.1": 1.0186508926870301,
        "p1": 1.2457488935114815,
        "p5": 2.2119036317802965,
        "p10": 2.6813375343568624,
        "p25": 3.7001957333413884,
        "median": 5.888178401393816,
        "p75": 10.1132739194436,
        "p90": 14.383710634149613,
        "p95": 15.663989719748495,
        "p99": 16.71949640240986,
        "p99.9": 17.5465363038499
      },
      "normalized_time_per_output_token": {
        "mean": 0.03554996842558087,
        "min": 0.004878190302903333,
        "max": 0.0877637197889054,
        "p0.1": 0.00504354820707918,
        "p1": 0.006197755689111848,
        "p5": 0.01103694391325328,
        "p10": 0.013317403447536631,
        "p25": 0.01839286012899052,
        "median": 0.02920992120095381,
        "p75": 0.050419161187274034,
        "p90": 0.07188260667689668,
        "p95": 0.07784725967786933,
        "p99": 0.08311785287367972,
        "p99.9": 0.08729620051666619
      },
      "time_per_output_token": {
        "mean": 0.03145028582912513,
        "min": 0.0044371420400563496,
        "max": 0.08125814563129097,
        "p0.1": 0.004552620805224821,
        "p1": 0.005487598579692033,
        "p5": 0.009766375555798528,
        "p10": 0.011722528570797294,
        "p25": 0.015796502734035687,
        "median": 0.025185614211959858,
        "p75": 0.04384570611561251,
        "p90": 0.06363462904910558,
        "p95": 0.07220470014901366,
        "p99": 0.07787161389880348,
        "p99.9": 0.08106822328776123
      },
      "time_to_first_token": {
        "mean": 0.8621598156212519,
        "min": 0.07311715465039015,
        "max": 4.668557154014707,
        "p0.1": 0.08029180651484058,
        "p1": 0.08847354729194194,
        "p5": 0.12034680666401983,
        "p10": 0.1385546586010605,
        "p25": 0.2012329912977293,
        "median": 0.48769525857642293,
        "p75": 1.202375685563311,
        "p90": 2.198151558823884,
        "p95": 2.7452353421598663,
        "p99": 3.8611811038153245,
        "p99.9": 4.603517848383177
      },
      "inter_token_latency": {
        "mean": 0.03148130378485656,
        "min": 5.193054676055908e-06,
        "max": 1.1588779259473085,
        "p0.1": 5.653299391269684e-06,
        "p1": 6.6387839615345e-06,
        "p5": 0.0005104498937726054,
        "p10": 0.005704643018543721,
        "p25": 0.009272457100450993,
        "median": 0.01238368358463049,
        "p75": 0.018603334203362465,
        "p90": 0.030662465654313565,
        "p95": 0.13679974284023044,
        "p99": 0.4584957596845925,
        "p99.9": 1.0274343964494768
      }
    },
    "throughput": {
      "input_tokens_per_sec": 234719.78218514426,
      "output_tokens_per_sec": 4063.7263720796,
      "total_tokens_per_sec": 238783.50855722386,
      "requests_per_sec": 20.1891520982744
    },
    "prompt_len": {
      "mean": 11626.034666666666,
      "min": 11503.0,
      "max": 11706.0,
      "p0.1": 11528.466,
      "p1": 11555.98,
      "p5": 11579.0,
      "p10": 11589.0,
      "p25": 11604.0,
      "median": 11623.0,
      "p75": 11644.75,
      "p90": 11672.0,
      "p95": 11680.0,
      "p99": 11697.0,
      "p99.9": 11705.251
    },
    "output_len": {
      "mean": 201.28266666666667,
      "min": 198.0,
      "max": 208.0,
      "p0.1": 198.0,
      "p1": 199.0,
      "p5": 200.0,
      "p10": 200.0,
      "p25": 201.0,
      "median": 201.0,
      "p75": 202.0,
      "p90": 203.0,
      "p95": 203.0,
      "p99": 205.0,
      "p99.9": 207.2510000000001
    }
  },
  "failures": {
    "count": 0,
    "request_latency": null,
    "prompt_len": null
  }
}