{
  "load_summary": {
    "count": 3000,
    "schedule_delay": {
      "mean": 0.0012997996827277044,
      "min": -0.0007268511690199375,
      "max": 0.10457871807739139,
      "p0.1": -0.0006473449980840087,
      "p1": -0.00046932595316320655,
      "p5": -0.00019208202138543124,
      "p10": -8.873827755451171e-06,
      "p25": 0.00030482979491353035,
      "median": 0.0007053231820464134,
      "p75": 0.0011168543715029955,
      "p90": 0.001650137174874544,
      "p95": 0.004952825000509619,
      "p99": 0.006954101338051241,
      "p99.9": 0.07502707728510846
    },
    "send_duration": 29.844239039346576,
    "requested_rate": 100.0,
    "achieved_rate": 100.52191299114067
  },
  "successes": {
    "count": 2999,
    "latency": {
      "request_latency": {
        "mean": 13.371775519516767,
        "min": 4.413891743868589,
        "max": 20.303320605307817,
        "p0.1": 4.505414601359516,
        "p1": 6.258440482961014,
        "p5": 7.630483686411753,
        "p10": 8.632907342817635,
        "p25": 11.191732733976096,
        "median": 13.712908326182514,
        "p75": 15.863321863580495,
        "p90": 17.123813315294683,
        "p95": 18.01627396647818,
        "p99": 19.416708834096788,
        "p99.9": 19.95123025194
      },
      "normalized_time_per_output_token": {
        "mean": 0.06638273361137748,
        "min": 0.022069458719342946,
        "max": 0.10101154530003889,
        "p0.1": 0.02241499801671401,
        "p1": 0.031101057234206305,
        "p5": 0.03780335520709221,
        "p10": 0.04285270387884293,
        "p25": 0.055583288030402356,
        "median": 0.06813860516810771,
        "p75": 0.07873849313261144,
        "p90": 0.08516387245872646,
        "p95": 0.08935718408693756,
        "p99": 0.096454842564346,
        "p99.9": 0.09910256274148918
      },
      "time_per_output_token": {
        "mean": 0.06432984543644608,
        "min": 0.018204831225126224,
        "max": 0.09264420483163313,
        "p0.1": 0.019869634949531274,
        "p1": 0.025086337319304514,
        "p5": 0.03295851951445965,
        "p10": 0.04076937757830213,
        "p25": 0.05639062390959692,
        "median": 0.0670877367314053,
        "p75": 0.07500182623259685,
        "p90": 0.08224425533815673,
        "p95": 0.08511731634568423,
        "p99": 0.08969651471891012,
        "p99.9": 0.09145470812393762
      },
      "time_to_first_token": {
        "mean": 1.1269674363088642,
        "min": 0.07553231064230204,
        "max": 3.939299671910703,
        "p0.1": 0.08834228574484587,
        "p1": 0.1229593974724412,
        "p5": 0.2266020426992327,
        "p10": 0.3375667932443321,
        "p25": 0.5250541574787349,
        "median": 0.8573080538772047,
        "p75": 1.636059311684221,
        "p90": 2.334281859453768,
        "p95": 2.630385542334988,
        "p99": 3.3254101319331673,
        "p99.9": 3.7387327065998743
      },
      "inter_token_latency": {
        "mean": 0.06507910491406722,
        "min": 5.2317045629024506e-06,
        "max": 1.7180998241528869,
        "p0.1": 5.668516270816326e-06,
        "p1": 6.3730403780937195e-06,
        "p5": 1.1351890861988068e-05,
        "p10": 0.01335525829344988,
        "p25": 0.03479872934985906,
        "median": 0.046408900525420904,
        "p75": 0.06115376856178045,
        "p90": 0.12096257037483156,
        "p95": 0.24199979379773126,
        "p99": 0.38361380696762415,
        "p99.9": 0.6168683810439096
      }
    },
    "throughput": {
      "input_tokens_per_sec": 941592.6343586502,
      "output_tokens_per_sec": 16315.697760095736,
      "total_tokens_per_sec": 957908.3321187459,
      "requests_per_sec": 80.99740869111247
    },
    "prompt_len": {
      "mean": 11624.972324108036,
      "min": 11502.0,
      "max": 11716.0,
      "p0.1": 11503.998,
      "p1": 11548.0,
      "p5": 11576.0,
      "p10": 11586.0,
      "p25": 11605.0,
      "median": 11624.0,
      "p75": 11645.0,
      "p90": 11668.0,
      "p95": 11678.0,
      "p99": 11695.02,
      "p99.9": 11707.004
    },
    "output_len": {
      "mean": 201.43481160386796,
      "min": 198.0,
      "max": 212.0,
      "p0.1": 198.0,
      "p1": 199.0,
      "p5": 200.0,
      "p10": 200.0,
      "p25": 201.0,
      "median": 201.0,
      "p75": 202.0,
      "p90": 203.0,
      "p95": 204.0,
      "p99": 206.0,
      "p99.9": 211.0
    }
  },
  "failures": {
    "count": 1,
    "request_latency": {
      "mean": 0.003982874099165201,
      "min": 0.003982874099165201,
      "max": 0.003982874099165201,
      "p0.1": 0.003982874099165201,
      "p1": 0.003982874099165201,
      "p5": 0.003982874099165201,
      "p10": 0.003982874099165201,
      "p25": 0.003982874099165201,
      "median": 0.003982874099165201,
      "p75": 0.003982874099165201,
      "p90": 0.003982874099165201,
      "p95": 0.003982874099165201,
      "p99": 0.003982874099165201,
      "p99.9": 0.003982874099165201
    },
    "prompt_len": {
      "mean": 0.0,
      "min": 0.0,
      "max": 0.0,
      "p0.1": 0.0,
      "p1": 0.0,
      "p5": 0.0,
      "p10": 0.0,
      "p25": 0.0,
      "median": 0.0,
      "p75": 0.0,
      "p90": 0.0,
      "p95": 0.0,
      "p99": 0.0,
      "p99.9": 0.0
    }
  }
}