{
  "load_summary": {
    "count": 27900,
    "schedule_delay": {
      "mean": 0.0011418857986915283,
      "min": -0.0007875883020460606,
      "max": 0.10457871807739139,
      "p0.1": -0.0006613847324624658,
      "p1": -0.0004578447621315718,
      "p5": -0.00016432488337159157,
      "p10": 1.351614482700826e-05,
      "p25": 0.00033556960988789797,
      "median": 0.0007253349758684635,
      "p75": 0.001122701563872397,
      "p90": 0.001609099144116044,
      "p95": 0.0047138601541519155,
      "p99": 0.006378927668556566,
      "p99.9": 0.05209902921505437
    }
  },
  "successes": {
    "count": 27771,
    "latency": {
      "request_latency": {
        "mean": 21.00732568092302,
        "min": 0.9489873792044818,
        "max": 59.06832128064707,
        "p0.1": 1.0470476034609602,
        "p1": 2.3049039098434148,
        "p5": 7.035217613680288,
        "p10": 9.995261365082115,
        "p25": 14.48365459847264,
        "median": 19.193998735398054,
        "p75": 27.3775829563383,
        "p90": 33.11387152597308,
        "p95": 36.965024983510375,
        "p99": 55.13955389703624,
        "p99.9": 58.86853826514446
      },
      "normalized_time_per_output_token": {
        "mean": 0.11929312558040125,
        "min": 0.004697957322794465,
        "max": 11.880593785084784,
        "p0.1": 0.005209768750805719,
        "p1": 0.011378968813407818,
        "p5": 0.03496700248614139,
        "p10": 0.04969560141809544,
        "p25": 0.07195283262758742,
        "median": 0.09542434892617166,
        "p75": 0.13780877967851599,
        "p90": 0.16852062423759612,
        "p95": 0.1927449033150811,
        "p99": 0.2927719016941681,
        "p99.9": 7.536123858654647
      },
      "time_per_output_token": {
        "mean": 0.09217992865627339,
        "min": 9.94885340332985e-06,
        "max": 0.7593223797157407,
        "p0.1": 0.004321768829043402,
        "p1": 0.009908834646702884,
        "p5": 0.029916077610122827,
        "p10": 0.046338081228808906,
        "p25": 0.0682211046815315,
        "median": 0.0837159930358655,
        "p75": 0.11339284057961777,
        "p90": 0.14492545921045044,
        "p95": 0.16673187570601766,
        "p99": 0.2559308377020061,
        "p99.9": 0.26628970337021163
      },
      "time_to_first_token": {
        "mean": 3.4809197044607663,
        "min": 0.06825528293848038,
        "max": 22.307821359019727,
        "p0.1": 0.08234342691488564,
        "p1": 0.1151606832165271,
        "p5": 0.22559005371294916,
        "p10": 0.3665131228044629,
        "p25": 0.7123747016303241,
        "median": 1.7629945361986756,
        "p75": 5.344249230576679,
        "p90": 9.238016224000603,
        "p95": 11.637051200959831,
        "p99": 16.79038725821301,
        "p99.9": 21.45069915392443
      },
      "inter_token_latency": {
        "mean": 0.09246728751189674,
        "min": 5.166046321392059e-06,
        "max": 5.396744160912931,
        "p0.1": 5.699228495359421e-06,
        "p1": 6.499234586954117e-06,
        "p5": 1.2453645467758179e-05,
        "p10": 0.00964259123429656,
        "p25": 0.03609783621504903,
        "median": 0.06426731427200139,
        "p75": 0.10916919901501387,
        "p90": 0.19502167566679424,
        "p95": 0.2861903274431824,
        "p99": 0.514873986770399,
        "p99.9": 1.2528374078231979
      }
    },
    "throughput": {
      "input_tokens_per_sec": 664723.3464843772,
      "output_tokens_per_sec": 11413.784111552224,
      "total_tokens_per_sec": 676137.1305959295,
      "requests_per_sec": 57.180714403446736
    },
    "prompt_len": {
      "mean": 11624.957005509345,
      "min": 11502.0,
      "max": 11716.0,
      "p0.1": 11503.0,
      "p1": 11548.0,
      "p5": 11576.0,
      "p10": 11586.0,
      "p25": 11605.0,
      "median": 11624.0,
      "p75": 11645.0,
      "p90": 11669.0,
      "p95": 11679.0,
      "p99": 11696.0,
      "p99.9": 11707.0
    },
    "output_len": {
      "mean": 199.60898059126427,
      "min": 2.0,
      "max": 218.0,
      "p0.1": 3.0,
      "p1": 104.0,
      "p5": 200.0,
      "p10": 200.0,
      "p25": 201.0,
      "median": 201.0,
      "p75": 202.0,
      "p90": 203.0,
      "p95": 204.0,
      "p99": 206.0,
      "p99.9": 211.0
    }
  },
  "failures": {
    "count": 129,
    "request_latency": {
      "mean": 28.954575960033452,
      "min": 0.002426204737275839,
      "max": 48.828940456267446,
      "p0.1": 0.0024356120191514493,
      "p1": 0.002505131885409355,
      "p5": 0.008578131720423699,
      "p10": 0.2638184999115765,
      "p25": 14.195277790073305,
      "median": 15.721147730015218,
      "p75": 46.8320842362009,
      "p90": 48.01858234982937,
      "p95": 48.305013567954305,
      "p99": 48.593605058826505,
      "p99.9": 48.7998367077671
    },
    "prompt_len": {
      "mean": 4327.829457364341,
      "min": 0.0,
      "max": 11687.0,
      "p0.1": 0.0,
      "p1": 0.0,
      "p5": 0.0,
      "p10": 0.0,
      "p25": 0.0,
      "median": 0.0,
      "p75": 11616.0,
      "p90": 11648.0,
      "p95": 11665.2,
      "p99": 11680.6,
      "p99.9": 11686.36
    }
  }
}