{
  "load_summary": {
    "count": 90,
    "schedule_delay": {
      "mean": 0.0005871635809954669,
      "min": -0.0004164623096585274,
      "max": 0.0017993869259953499,
      "p0.1": -0.00040975350281223657,
      "p1": -0.0003493742411956191,
      "p5": -0.00020876515191048384,
      "p10": -1.5156390145421007e-05,
      "p25": 0.0002316354075446725,
      "median": 0.0004948663990944624,
      "p75": 0.001016193418763578,
      "p90": 0.0012587405275553468,
      "p95": 0.0014799159951508038,
      "p99": 0.0016918873693794012,
      "p99.9": 0.0017886369703337568
    },
    "send_duration": 32.18589635705575,
    "requested_rate": 3.0,
    "achieved_rate": 2.796255819678929
  },
  "successes": {
    "count": 90,
    "latency": {
      "request_latency": {
        "mean": 18.170076743896225,
        "min": 10.604910935740918,
        "max": 32.61631492199376,
        "p0.1": 10.627461919165217,
        "p1": 10.830420769983903,
        "p5": 11.532682873308659,
        "p10": 12.041466079605744,
        "p25": 14.224879306275398,
        "median": 17.313442467944697,
        "p75": 18.373628870700486,
        "p90": 29.550498443050312,
        "p95": 31.363636170211247,
        "p99": 32.49445380283054,
        "p99.9": 32.60412881007744
      },
      "normalized_time_per_output_token": {
        "mean": 0.01821792458664973,
        "min": 0.010615526462203121,
        "max": 0.03281319408651284,
        "p0.1": 0.010641013740305237,
        "p1": 0.010870399243224272,
        "p5": 0.011537908294527825,
        "p10": 0.01219096779410173,
        "p25": 0.014239353614930643,
        "median": 0.017348076415661513,
        "p75": 0.018347102096352385,
        "p90": 0.0295920417663221,
        "p95": 0.03160217794408736,
        "p99": 0.032603091431172605,
        "p99.9": 0.03279218382097882
      },
      "time_per_output_token": {
        "mean": 0.017843719403090083,
        "min": 0.010407063016202301,
        "max": 0.0322222986323759,
        "p0.1": 0.010416468996646814,
        "p1": 0.010501122820647434,
        "p5": 0.011238441771478392,
        "p10": 0.011867007448198274,
        "p25": 0.013859201685641892,
        "median": 0.016964382320051513,
        "p75": 0.018200788329006172,
        "p90": 0.029306818614015358,
        "p95": 0.030973672796553,
        "p99": 0.03173413956834935,
        "p99.9": 0.03217348272597325
      },
      "time_to_first_token": {
        "mean": 0.30141527314359945,
        "min": 0.05972953327000141,
        "max": 0.7765657589770854,
        "p0.1": 0.06054493033327162,
        "p1": 0.06788350390270352,
        "p5": 0.1096862375503406,
        "p10": 0.1347371859010309,
        "p25": 0.16518957761581987,
        "median": 0.33178856084123254,
        "p75": 0.34655575663782656,
        "p90": 0.39640916083008054,
        "p95": 0.5240512852557001,
        "p99": 0.7512344693951308,
        "p99.9": 0.7740326300188903
      },
      "inter_token_latency": {
        "mean": 0.017844401448144767,
        "min": 8.231960237026215e-06,
        "max": 0.5786312837153673,
        "p0.1": 2.46949871070683e-05,
        "p1": 0.00797990689985454,
        "p5": 0.010084860608913004,
        "p10": 0.010449909744784236,
        "p25": 0.012328341486863792,
        "median": 0.016680019674822688,
        "p75": 0.01756442431360483,
        "p90": 0.028033900074660778,
        "p95": 0.03350813698489218,
        "p99": 0.03510331711731849,
        "p99.9": 0.3009241335955449
      }
    },
    "throughput": {
      "input_tokens_per_sec": 12685.225467897199,
      "output_tokens_per_sec": 1677.0675558679523,
      "total_tokens_per_sec": 14362.29302376515,
      "requests_per_sec": 1.68157042779126
    },
    "prompt_len": {
      "mean": 7543.677777777778,
      "min": 7475.0,
      "max": 7594.0,
      "p0.1": 7475.979,
      "p1": 7484.79,
      "p5": 7507.45,
      "p10": 7514.0,
      "p25": 7527.25,
      "median": 7546.0,
      "p75": 7559.0,
      "p90": 7574.0,
      "p95": 7583.4,
      "p99": 7590.44,
      "p99.9": 7593.644
    },
    "output_len": {
      "mean": 997.3222222222222,
      "min": 935.0,
      "max": 1008.0,
      "p0.1": 937.937,
      "p1": 964.37,
      "p5": 992.0,
      "p10": 994.0,
      "p25": 996.0,
      "median": 998.0,
      "p75": 1000.75,
      "p90": 1003.0,
      "p95": 1004.55,
      "p99": 1006.22,
      "p99.9": 1007.822
    }
  },
  "failures": {
    "count": 0,
    "request_latency": null,
    "prompt_len": null
  }
}