{
  "load_summary": {
    "count": 240,
    "schedule_delay": {
      "mean": 0.0005833371193148196,
      "min": -0.0008497685194015503,
      "max": 0.001802991610020399,
      "p0.1": -0.0008136529237963259,
      "p1": -0.0006588624650612474,
      "p5": -0.0003311790060251951,
      "p10": -0.0001400346867740154,
      "p25": 0.0002000702079385519,
      "median": 0.0006102344486862421,
      "p75": 0.0009535639546811581,
      "p90": 0.0013070263899862765,
      "p95": 0.0014444855274632572,
      "p99": 0.0016834119101986284,
      "p99.9": 0.0017815697016194485
    },
    "send_duration": 32.84850582201034,
    "requested_rate": 8.0,
    "achieved_rate": 7.306268397729877
  },
  "successes": {
    "count": 240,
    "latency": {
      "request_latency": {
        "mean": 43.11823903004406,
        "min": 15.598765802569687,
        "max": 60.169790940824896,
        "p0.1": 16.477190347144845,
        "p1": 20.180297697139903,
        "p5": 27.24521008457523,
        "p10": 29.436558756697924,
        "p25": 37.840586112230085,
        "median": 44.26639224216342,
        "p75": 49.77876978041604,
        "p90": 55.04838192765601,
        "p95": 58.16315911607817,
        "p99": 60.00480354812462,
        "p99.9": 60.142043687608094
      },
      "normalized_time_per_output_token": {
        "mean": 0.04327396264173751,
        "min": 0.01569292334262544,
        "max": 0.06098623130620208,
        "p0.1": 0.0165168226790203,
        "p1": 0.020265703899122627,
        "p5": 0.027308591067198688,
        "p10": 0.0294198113940002,
        "p25": 0.03785886253022815,
        "median": 0.044390180496730366,
        "p75": 0.05017159074047761,
        "p90": 0.05513883520449419,
        "p95": 0.058338173636989135,
        "p99": 0.06021623747808192,
        "p99.9": 0.06086453288166365
      },
      "time_per_output_token": {
        "mean": 0.04271924703418666,
        "min": 0.015261517727637553,
        "max": 0.059754491253290326,
        "p0.1": 0.01617992944723495,
        "p1": 0.019940761927780694,
        "p5": 0.027114923256173245,
        "p10": 0.02909596124687232,
        "p25": 0.03751263838389423,
        "median": 0.04385924979229458,
        "p75": 0.049041680261143486,
        "p90": 0.054712077470542866,
        "p95": 0.05766147638754919,
        "p99": 0.059309199489201415,
        "p99.9": 0.05967391010496906
      },
      "time_to_first_token": {
        "mean": 0.37338576789285677,
        "min": 0.04732505697757006,
        "max": 1.0733960578218102,
        "p0.1": 0.04775066418433562,
        "p1": 0.07498717273585498,
        "p5": 0.09762866620440036,
        "p10": 0.1407618042547256,
        "p25": 0.24532526382245123,
        "median": 0.3775454394053668,
        "p75": 0.4352252803510055,
        "p90": 0.6352292908821255,
        "p95": 0.6943381397286428,
        "p99": 0.9058888934552661,
        "p99.9": 1.0676470043216837
      },
      "inter_token_latency": {
        "mean": 0.04271979641360431,
        "min": 7.881782948970795e-06,
        "max": 0.6712289047427475,
        "p0.1": 3.503730613738308e-05,
        "p1": 0.010431979559361934,
        "p5": 0.016676981560885908,
        "p10": 0.018689879775047304,
        "p25": 0.028420137707144022,
        "median": 0.03935092780739069,
        "p75": 0.05543780047446489,
        "p90": 0.056334887724369766,
        "p95": 0.057111599622294305,
        "p99": 0.15538246802054345,
        "p99.9": 0.34490218058228495
      }
    },
    "throughput": {
      "input_tokens_per_sec": 22035.62820017738,
      "output_tokens_per_sec": 2910.097166292984,
      "total_tokens_per_sec": 24945.725366470364,
      "requests_per_sec": 2.9200862948265365
    },
    "prompt_len": {
      "mean": 7546.225,
      "min": 7475.0,
      "max": 7594.0,
      "p0.1": 7477.629,
      "p1": 7488.56,
      "p5": 7510.9,
      "p10": 7519.9,
      "p25": 7532.5,
      "median": 7547.5,
      "p75": 7561.25,
      "p90": 7573.0,
      "p95": 7579.0,
      "p99": 7589.61,
      "p99.9": 7593.283
    },
    "output_len": {
      "mean": 996.5791666666667,
      "min": 943.0,
      "max": 1010.0,
      "p0.1": 944.912,
      "p1": 959.63,
      "p5": 991.0,
      "p10": 993.0,
      "p25": 996.0,
      "median": 997.0,
      "p75": 999.0,
      "p90": 1001.0,
      "p95": 1002.0,
      "p99": 1005.0,
      "p99.9": 1009.2830000000001
    }
  },
  "failures": {
    "count": 0,
    "request_latency": null,
    "prompt_len": null
  }
}