{
  "load_summary": {
    "count": 500,
    "schedule_delay": {
      "mean": 0.0008540291972458363,
      "min": -0.0007881703786551952,
      "max": 0.006734922993928194,
      "p0.1": -0.0007804314629174769,
      "p1": -0.0006784206768497825,
      "p5": -0.0002586954738944768,
      "p10": 4.0228478610516213e-07,
      "p25": 0.00034493906423449516,
      "median": 0.0008715989533811808,
      "p75": 0.0012858802219852805,
      "p90": 0.00166881219483912,
      "p95": 0.0019345210865139956,
      "p99": 0.0023141762800514692,
      "p99.9": 0.006079170192126228
    },
    "send_duration": 47.93688118364662,
    "requested_rate": 10.0,
    "achieved_rate": 10.430382362267073
  },
  "successes": {
    "count": 500,
    "latency": {
      "request_latency": {
        "mean": 92.00377000860125,
        "min": 22.633548985701054,
        "max": 113.66302074398845,
        "p0.1": 23.760885435465724,
        "p1": 60.239955137255606,
        "p5": 68.50976770783309,
        "p10": 74.55822395137511,
        "p25": 84.79961263434961,
        "median": 93.98379782726988,
        "p75": 101.04415449837688,
        "p90": 108.2779809527565,
        "p95": 111.07432736787013,
        "p99": 113.45340456337668,
        "p99.9": 113.6457492502681
      },
      "normalized_time_per_output_token": {
        "mean": 0.09229057851555912,
        "min": 0.022678906799299653,
        "max": 0.11503787758159088,
        "p0.1": 0.02378360970007862,
        "p1": 0.06041912613497953,
        "p5": 0.06856809308059286,
        "p10": 0.07484487424301677,
        "p25": 0.08509752063857866,
        "median": 0.09428611901665587,
        "p75": 0.10132876160601213,
        "p90": 0.10869097838271434,
        "p95": 0.11131170902443345,
        "p99": 0.1135423941482026,
        "p99.9": 0.11457960653911023
      },
      "time_per_output_token": {
        "mean": 0.09055634342606739,
        "min": 0.022180138888768852,
        "max": 0.11323436580598355,
        "p0.1": 0.023300341598106084,
        "p1": 0.03802195841934998,
        "p5": 0.0662256521870615,
        "p10": 0.07282307190522551,
        "p25": 0.08376636525406503,
        "median": 0.09304634123318828,
        "p75": 0.09990525295445696,
        "p90": 0.10590300052855166,
        "p95": 0.11041254895974416,
        "p99": 0.1128893333898671,
        "p99.9": 0.11317436564488337
      },
      "time_to_first_token": {
        "mean": 1.410448753722012,
        "min": 0.15842946013435721,
        "max": 73.73794076684862,
        "p0.1": 0.16813250408880412,
        "p1": 0.22320320088881998,
        "p5": 0.30908378241583706,
        "p10": 0.3322344303596765,
        "p25": 0.3784745665034279,
        "median": 0.4828183953650296,
        "p75": 0.6656099499668926,
        "p90": 0.901222064299509,
        "p95": 1.0583598779514427,
        "p99": 68.93709790527352,
        "p99.9": 73.70800648137275
      },
      "inter_token_latency": {
        "mean": 0.09055634342606739,
        "min": 7.962342351675034e-06,
        "max": 62.687968832906336,
        "p0.1": 2.9745031148195267e-05,
        "p1": 0.012736104521900415,
        "p5": 0.02337125609628856,
        "p10": 0.038059105863794684,
        "p25": 0.0697285532951355,
        "median": 0.1023307649884373,
        "p75": 0.10511740006040782,
        "p90": 0.10624545100145043,
        "p95": 0.10788355972617865,
        "p99": 0.34891420007217677,
        "p99.9": 0.6597498137988151
      }
    },
    "throughput": {
      "input_tokens_per_sec": 24206.506597173866,
      "output_tokens_per_sec": 3198.4947878189855,
      "total_tokens_per_sec": 27405.00138499285,
      "requests_per_sec": 3.2083508416043944
    },
    "prompt_len": {
      "mean": 7544.844,
      "min": 7475.0,
      "max": 7620.0,
      "p0.1": 7477.495,
      "p1": 7486.99,
      "p5": 7506.9,
      "p10": 7516.0,
      "p25": 7530.0,
      "median": 7547.0,
      "p75": 7560.0,
      "p90": 7574.0,
      "p95": 7584.05,
      "p99": 7596.01,
      "p99.9": 7612.0160000000005
    },
    "output_len": {
      "mean": 996.928,
      "min": 925.0,
      "max": 1007.0,
      "p0.1": 931.487,
      "p1": 984.0,
      "p5": 991.0,
      "p10": 993.0,
      "p25": 996.0,
      "median": 998.0,
      "p75": 999.0,
      "p90": 1001.0,
      "p95": 1002.0,
      "p99": 1003.01,
      "p99.9": 1006.501
    }
  },
  "failures": {
    "count": 0,
    "request_latency": null,
    "prompt_len": null
  }
}