{
  "load_summary": {
    "count": 750,
    "schedule_delay": {
      "mean": 0.00045939892220000426,
      "min": -0.000849422998726368,
      "max": 0.002221530769020319,
      "p0.1": -0.0008220304911956191,
      "p1": -0.0006645580660551787,
      "p5": -0.0004123295890167356,
      "p10": -0.00019369530491530893,
      "p25": 0.00011199701111763716,
      "median": 0.0004583320114761591,
      "p75": 0.0007991691818460822,
      "p90": 0.0010914179962128404,
      "p95": 0.0012728529516607516,
      "p99": 0.0016890622954815623,
      "p99.9": 0.001974506072234392
    },
    "send_duration": 30.28250575903803,
    "requested_rate": 25.0,
    "achieved_rate": 24.766774783033174
  },
  "successes": {
    "count": 750,
    "latency": {
      "request_latency": {
        "mean": 127.15558105275656,
        "min": 66.52769010979682,
        "max": 185.81882071727887,
        "p0.1": 66.57157283640746,
        "p1": 67.86361136390828,
        "p5": 77.3874002107652,
        "p10": 90.23725305665285,
        "p25": 117.17442709754687,
        "median": 122.36846046103165,
        "p75": 142.85546578816138,
        "p90": 166.01850184272044,
        "p95": 169.09225414141545,
        "p99": 184.17572646354324,
        "p99.9": 185.25826862102147
      },
      "normalized_time_per_output_token": {
        "mean": 0.12959907032504792,
        "min": 0.0,
        "max": 0.7017236365360163,
        "p0.1": 0.0,
        "p1": 0.0,
        "p5": 0.10848109301047723,
        "p10": 0.11334155451062942,
        "p25": 0.11772517345068968,
        "median": 0.12294282093421993,
        "p75": 0.14479239304943584,
        "p90": 0.16668429906459764,
        "p95": 0.17754777056388693,
        "p99": 0.18524190194648504,
        "p99.9": 0.4293145815204853
      },
      "time_per_output_token": {
        "mean": 0.10366781534256155,
        "min": 9.379815310239792e-06,
        "max": 0.6744055103458394,
        "p0.1": 9.911007713526487e-06,
        "p1": 1.2819962576031685e-05,
        "p5": 0.04417957067752722,
        "p10": 0.05757015601266176,
        "p25": 0.07506431901420002,
        "median": 0.11696123185311444,
        "p75": 0.12122064186504578,
        "p90": 0.12398497820664196,
        "p95": 0.13601088163789826,
        "p99": 0.16399981318788134,
        "p99.9": 0.41494717841534545
      },
      "time_to_first_token": {
        "mean": 27.516666470503434,
        "min": 0.04861941607668996,
        "max": 111.6961161158979,
        "p0.1": 0.0511100297216326,
        "p1": 0.13865709766745568,
        "p5": 0.23425004733726382,
        "p10": 0.3648513050284237,
        "p25": 0.5712286874186248,
        "median": 1.173190347617492,
        "p75": 69.37358991708606,
        "p90": 104.46871411199682,
        "p95": 105.67175532593392,
        "p99": 110.2764094146993,
        "p99.9": 111.59906602425222
      },
      "inter_token_latency": {
        "mean": 0.10551802921589842,
        "min": 8.114613592624664e-06,
        "max": 91.28616406116635,
        "p0.1": 2.6865003630518915e-05,
        "p1": 0.03130572222173214,
        "p5": 0.039348574541509154,
        "p10": 0.05543081578798592,
        "p25": 0.06632428464945406,
        "median": 0.10496283089742064,
        "p75": 0.10594879207201302,
        "p90": 0.10711898752488196,
        "p95": 0.10877991868183016,
        "p99": 0.4981663383916017,
        "p99.9": 1.2436004836894572
      }
    },
    "throughput": {
      "input_tokens_per_sec": 27255.811308225366,
      "output_tokens_per_sec": 3398.7407383680084,
      "total_tokens_per_sec": 30654.552046593373,
      "requests_per_sec": 3.6124022926364807
    },
    "prompt_len": {
      "mean": 7545.065333333333,
      "min": 7475.0,
      "max": 7620.0,
      "p0.1": 7478.745,
      "p1": 7490.49,
      "p5": 7508.0,
      "p10": 7517.9,
      "p25": 7530.0,
      "median": 7546.0,
      "p75": 7560.0,
      "p90": 7574.0,
      "p95": 7585.0,
      "p99": 7597.51,
      "p99.9": 7611.761000000001
    },
    "output_len": {
      "mean": 940.8533333333334,
      "min": 0.0,
      "max": 1006.0,
      "p0.1": 0.0,
      "p1": 0.0,
      "p5": 686.45,
      "p10": 775.9,
      "p25": 994.0,
      "median": 997.0,
      "p75": 998.75,
      "p90": 1000.0,
      "p95": 1001.55,
      "p99": 1003.51,
      "p99.9": 1006.0
    }
  },
  "failures": {
    "count": 0,
    "request_latency": null,
    "prompt_len": null
  }
}