{
  "load_summary": {
    "count": 450,
    "schedule_delay": {
      "mean": 0.00048758662098811735,
      "min": -0.0009008133783936501,
      "max": 0.0019968743436038494,
      "p0.1": -0.0008915677759796381,
      "p1": -0.0008025355637073517,
      "p5": -0.00040223577525466675,
      "p10": -0.0002104989718645811,
      "p25": 0.00016386481001973152,
      "median": 0.0005040632095187902,
      "p75": 0.0008301513735204935,
      "p90": 0.0011756510473787786,
      "p95": 0.0013664232101291412,
      "p99": 0.0016047601914033294,
      "p99.9": 0.00191147776134313
    },
    "send_duration": 28.852310698013753,
    "requested_rate": 15.0,
    "achieved_rate": 15.596671085029556
  },
  "successes": {
    "count": 450,
    "latency": {
      "request_latency": {
        "mean": 92.33267113132402,
        "min": 50.43234153883532,
        "max": 110.20566226029769,
        "p0.1": 50.579418873629066,
        "p1": 57.21837746652775,
        "p5": 69.1666433962062,
        "p10": 72.42066097971983,
        "p25": 78.07958756550215,
        "median": 98.13894890551455,
        "p75": 103.92962955893017,
        "p90": 107.35238637062722,
        "p95": 108.19512926973403,
        "p99": 109.64976832878776,
        "p99.9": 110.20191081300192
      },
      "normalized_time_per_output_token": {
        "mean": 0.09259422591596002,
        "min": 0.05063488106308767,
        "max": 0.11358420950532053,
        "p0.1": 0.050759597485551484,
        "p1": 0.05727645049560804,
        "p5": 0.0693420800056586,
        "p10": 0.07253319623502316,
        "p25": 0.078240172560345,
        "median": 0.0983128503122168,
        "p75": 0.10407315205036383,
        "p90": 0.10750651603486579,
        "p95": 0.10870393728735533,
        "p99": 0.11035937178303025,
        "p99.9": 0.11231212648022358
      },
      "time_per_output_token": {
        "mean": 0.09161920907097766,
        "min": 0.05008683654479682,
        "max": 0.1097901197350584,
        "p0.1": 0.050351612435406076,
        "p1": 0.056871544423275626,
        "p5": 0.06867076350674034,
        "p10": 0.0715248207077384,
        "p25": 0.0774897233932279,
        "median": 0.09702361606271007,
        "p75": 0.10302002031088342,
        "p90": 0.1065886474472005,
        "p95": 0.10772783784910571,
        "p99": 0.10882650617217646,
        "p99.9": 0.10957754439420209
      },
      "time_to_first_token": {
        "mean": 0.6828559542685333,
        "min": 0.045446230098605156,
        "max": 3.2851302502676845,
        "p0.1": 0.046937342540360985,
        "p1": 0.08654112571384757,
        "p5": 0.16480398280546069,
        "p10": 0.21118330284953118,
        "p25": 0.34775501664262265,
        "median": 0.49839912564493716,
        "p75": 0.8191889671143144,
        "p90": 1.4260042198468004,
        "p95": 1.8828174001537263,
        "p99": 2.602839001053944,
        "p99.9": 3.14990533179698
      },
      "inter_token_latency": {
        "mean": 0.09161920907097765,
        "min": 7.317401468753815e-06,
        "max": 45.827599524986,
        "p0.1": 3.236981481313706e-05,
        "p1": 0.01409890058916062,
        "p5": 0.03393532303161919,
        "p10": 0.05479450733400881,
        "p25": 0.07470952754374593,
        "median": 0.10173836490139365,
        "p75": 0.10525396070443094,
        "p90": 0.10623068292625248,
        "p95": 0.10728969313204288,
        "p99": 0.33939208085648714,
        "p99.9": 0.8349727557650769
      }
    },
    "throughput": {
      "input_tokens_per_sec": 25739.601881817754,
      "output_tokens_per_sec": 3401.8067507643896,
      "total_tokens_per_sec": 29141.408632582144,
      "requests_per_sec": 3.4114649871948033
    },
    "prompt_len": {
      "mean": 7545.028888888889,
      "min": 7475.0,
      "max": 7620.0,
      "p0.1": 7479.49,
      "p1": 7489.47,
      "p5": 7508.0,
      "p10": 7518.0,
      "p25": 7530.0,
      "median": 7547.0,
      "p75": 7559.0,
      "p90": 7573.0,
      "p95": 7581.2,
      "p99": 7595.53,
      "p99.9": 7612.816000000001
    },
    "output_len": {
      "mean": 997.1688888888889,
      "min": 956.0,
      "max": 1008.0,
      "p0.1": 962.286,
      "p1": 985.49,
      "p5": 991.45,
      "p10": 994.0,
      "p25": 996.0,
      "median": 997.0,
      "p75": 999.0,
      "p90": 1001.0,
      "p95": 1002.0,
      "p99": 1004.51,
      "p99.9": 1007.551
    }
  },
  "failures": {
    "count": 0,
    "request_latency": null,
    "prompt_len": null
  }
}