{
  "load_summary": {
    "count": 2030,
    "schedule_delay": {
      "mean": 0.0005831642367698142,
      "min": -0.0009008133783936501,
      "max": 0.006734922993928194,
      "p0.1": -0.0008558762576431036,
      "p1": -0.0006888941256329418,
      "p5": -0.0003555232658982277,
      "p10": -0.00016560438089072702,
      "p25": 0.0001903247321024537,
      "median": 0.0005758446641266346,
      "p75": 0.0009631648426875472,
      "p90": 0.0013321721926331522,
      "p95": 0.0015765606425702568,
      "p99": 0.0020334469759836797,
      "p99.9": 0.002478413082659261
    }
  },
  "successes": {
    "count": 2030,
    "latency": {
      "request_latency": {
        "mean": 96.01081629415029,
        "min": 10.604910935740918,
        "max": 185.81882071727887,
        "p0.1": 10.93122747952072,
        "p1": 13.745368812545202,
        "p5": 29.176232177391647,
        "p10": 42.8341501061339,
        "p25": 75.7870973397512,
        "median": 99.22680448601022,
        "p75": 118.85161433881149,
        "p90": 136.9628060295247,
        "p95": 164.0074205108918,
        "p99": 181.54638973645405,
        "p99.9": 184.87147203621458
      },
      "normalized_time_per_output_token": {
        "mean": 0.09706273788697684,
        "min": 0.0,
        "max": 0.7017236365360163,
        "p0.1": 0.0,
        "p1": 0.0,
        "p5": 0.022460308610456312,
        "p10": 0.04064528760998002,
        "p25": 0.07650808686430363,
        "median": 0.1017511783201557,
        "p75": 0.11932800788970807,
        "p90": 0.13850539210414803,
        "p95": 0.1649287204049226,
        "p99": 0.18319310116523285,
        "p99.9": 0.2969660999118854
      },
      "time_per_output_token": {
        "mean": 0.08675676420511216,
        "min": 9.379815310239792e-06,
        "max": 0.6744055103458394,
        "p0.1": 1.0448778048157691e-05,
        "p1": 2.464140299707651e-05,
        "p5": 0.022032459601550366,
        "p10": 0.03916647780188359,
        "p25": 0.06438873538537883,
        "median": 0.09454627191857434,
        "p75": 0.11205511657649186,
        "p90": 0.12101303172092885,
        "p95": 0.12332614909177646,
        "p99": 0.1502063776259765,
        "p99.9": 0.2921822979553537
      },
      "time_to_first_token": {
        "mean": 10.722536634500804,
        "min": 0.045446230098605156,
        "max": 111.6961161158979,
        "p0.1": 0.04862370161386207,
        "p1": 0.0903409751271829,
        "p5": 0.16490781898610293,
        "p10": 0.2580327020492405,
        "p25": 0.36779312777798623,
        "median": 0.5303778236266226,
        "p75": 1.0361817441880703,
        "p90": 67.18014164771886,
        "p95": 102.40015436257235,
        "p99": 107.60746805780101,
        "p99.9": 111.36789312253624
      },
      "inter_token_latency": {
        "mean": 0.08706031508555617,
        "min": 7.317401468753815e-06,
        "max": 91.28616406116635,
        "p0.1": 2.8946205973625183e-05,
        "p1": 0.010519429799169302,
        "p5": 0.017288170102983714,
        "p10": 0.028581940289586782,
        "p25": 0.05571239488199353,
        "median": 0.08044544700533152,
        "p75": 0.10537789575755596,
        "p90": 0.10643780734390021,
        "p95": 0.10777190458029508,
        "p99": 0.3658694757334889,
        "p99.9": 0.935941049076618
      }
    },
    "throughput": {
      "input_tokens_per_sec": 23860.880284781484,
      "output_tokens_per_sec": 3087.304620146199,
      "total_tokens_per_sec": 26948.184904927683,
      "requests_per_sec": 3.162443020018884
    },
    "prompt_len": {
      "mean": 7545.078325123152,
      "min": 7475.0,
      "max": 7620.0,
      "p0.1": 7475.0,
      "p1": 7487.29,
      "p5": 7507.45,
      "p10": 7517.0,
      "p25": 7530.0,
      "median": 7547.0,
      "p75": 7560.0,
      "p90": 7574.0,
      "p95": 7584.0,
      "p99": 7596.0,
      "p99.9": 7619.681000000002
    },
    "output_len": {
      "mean": 976.24039408867,
      "min": 0.0,
      "max": 1010.0,
      "p0.1": 0.0,
      "p1": 0.0,
      "p5": 968.9,
      "p10": 992.0,
      "p25": 995.0,
      "median": 997.0,
      "p75": 999.0,
      "p90": 1001.0,
      "p95": 1002.0,
      "p99": 1004.71,
      "p99.9": 1007.9710000000002
    }
  },
  "failures": {
    "count": 0,
    "request_latency": null,
    "prompt_len": null
  }
}