{
  "load_summary": {
    "count": 60,
    "schedule_delay": {
      "mean": 0.0010721664332474271,
      "min": -0.0007612258195877075,
      "max": 0.0044915457256138325,
      "p0.1": -0.0007193714641034603,
      "p1": -0.00034268226474523547,
      "p5": 0.0003133933758363128,
      "p10": 0.00038599646650254725,
      "p25": 0.0005117467371746898,
      "median": 0.0009363996796309948,
      "p75": 0.0014664536574855447,
      "p90": 0.0018342352937906982,
      "p95": 0.0022016689879819744,
      "p99": 0.0034941894933581295,
      "p99.9": 0.004391810102388279
    },
    "send_duration": 58.137358801905066,
    "requested_rate": 1.0,
    "achieved_rate": 1.032038627768448
  },
  "successes": {
    "count": 60,
    "latency": {
      "request_latency": {
        "mean": 91.11015130479355,
        "min": 63.50558183481917,
        "max": 104.60987050598487,
        "p0.1": 63.79251375735225,
        "p1": 66.37490106015001,
        "p5": 75.96778484289534,
        "p10": 82.85862985458225,
        "p25": 88.36652235523798,
        "median": 90.35636818292551,
        "p75": 97.31348829239141,
        "p90": 103.86804613023996,
        "p95": 104.37602937812918,
        "p99": 104.47850893884431,
        "p99.9": 104.59673434927082
      },
      "normalized_time_per_output_token": {
        "mean": 0.015186678154576859,
        "min": 0.010586027977132716,
        "max": 0.017449519684067535,
        "p0.1": 0.010633857935881355,
        "p1": 0.011064327564619104,
        "p5": 0.01265583771542142,
        "p10": 0.013821987609834465,
        "p25": 0.014733895081084164,
        "median": 0.015055464786305588,
        "p75": 0.016216892254474428,
        "p90": 0.017274209415976304,
        "p95": 0.017409292561670738,
        "p99": 0.017431496613202344,
        "p99.9": 0.017447717376981017
      },
      "time_per_output_token": {
        "mean": 0.015147300155929798,
        "min": 0.010531373543036062,
        "max": 0.017368876115841397,
        "p0.1": 0.01058104213184725,
        "p1": 0.011028059431147944,
        "p5": 0.012514785739931094,
        "p10": 0.0137835737180092,
        "p25": 0.014658378536968338,
        "median": 0.015033310664726716,
        "p75": 0.01618669931547407,
        "p90": 0.017237957505747407,
        "p95": 0.017360081720707098,
        "p99": 0.017368685792538394,
        "p99.9": 0.017368857083511095
      },
      "time_to_first_token": {
        "mean": 0.22136812262857955,
        "min": 0.09162063291296363,
        "max": 1.1735538900829852,
        "p0.1": 0.09296496277861298,
        "p1": 0.10506393156945705,
        "p5": 0.12027914600912482,
        "p10": 0.13233535140752792,
        "p25": 0.14774045324884355,
        "median": 0.1666806300636381,
        "p75": 0.18702006351668388,
        "p90": 0.24709071181714534,
        "p95": 0.5212850876152504,
        "p99": 1.1435451395530252,
        "p99.9": 1.1705530150299897
      },
      "inter_token_latency": {
        "mean": 0.015147359108040789,
        "min": 5.951151251792908e-06,
        "max": 0.11687292205169797,
        "p0.1": 0.0023458147682249545,
        "p1": 0.005191053450107575,
        "p5": 0.008509052451699972,
        "p10": 0.011580179166048764,
        "p25": 0.014101866399869323,
        "median": 0.015828419011086226,
        "p75": 0.01663690945133567,
        "p90": 0.017572127468883994,
        "p95": 0.0191280213650316,
        "p99": 0.024707465497776866,
        "p99.9": 0.028575284761376687
      }
    },
    "throughput": {
      "input_tokens_per_sec": 869.8633065281118,
      "output_tokens_per_sec": 2513.2991851374627,
      "total_tokens_per_sec": 3383.1624916655746,
      "requests_per_sec": 0.41892858145256784
    },
    "prompt_len": {
      "mean": 2076.4,
      "min": 2043.0,
      "max": 2106.0,
      "p0.1": 2043.354,
      "p1": 2046.54,
      "p5": 2055.75,
      "p10": 2056.0,
      "p25": 2061.75,
      "median": 2078.0,
      "p75": 2089.0,
      "p90": 2095.0,
      "p95": 2098.15,
      "p99": 2104.23,
      "p99.9": 2105.823
    },
    "output_len": {
      "mean": 5999.35,
      "min": 5986.0,
      "max": 6014.0,
      "p0.1": 5986.236,
      "p1": 5988.36,
      "p5": 5992.9,
      "p10": 5994.0,
      "p25": 5997.75,
      "median": 5999.5,
      "p75": 6001.0,
      "p90": 6003.0,
      "p95": 6005.15,
      "p99": 6011.64,
      "p99.9": 6013.764
    }
  },
  "failures": {
    "count": 0,
    "request_latency": null,
    "prompt_len": null
  }
}