{
  "load_summary": {
    "count": 720,
    "schedule_delay": {
      "mean": 0.00039536460212224886,
      "min": -0.0009577400051057339,
      "max": 0.03920752927660942,
      "p0.1": -0.0009453319292515517,
      "p1": -0.0008140750322490931,
      "p5": -0.00047733306419104336,
      "p10": -0.0003146026749163866,
      "p25": -1.6996520571410656e-05,
      "median": 0.00035012001171708107,
      "p75": 0.00067474867682904,
      "p90": 0.0010108207352459433,
      "p95": 0.0012130852555856106,
      "p99": 0.0014486138336360448,
      "p99.9": 0.012267866966316964
    },
    "send_duration": 59.9559709453024,
    "requested_rate": 12.0,
    "achieved_rate": 12.008812277543687
  },
  "successes": {
    "count": 542,
    "latency": {
      "request_latency": {
        "mean": 237.482624904677,
        "min": 183.37461289390922,
        "max": 300.3638447211124,
        "p0.1": 184.54148179472006,
        "p1": 188.8934511109302,
        "p5": 199.67212420273572,
        "p10": 206.2851230424829,
        "p25": 218.39494545781054,
        "median": 230.18757805414498,
        "p75": 257.9775308497483,
        "p90": 283.34307267875414,
        "p95": 286.8302421226399,
        "p99": 295.9938730364573,
        "p99.9": 299.64795067989274
      },
      "normalized_time_per_output_token": {
        "mean": 0.03959687471407216,
        "min": 0.030557342591886222,
        "max": 0.05156161022975263,
        "p0.1": 0.03077691078312299,
        "p1": 0.031494618640520236,
        "p5": 0.033282902130565006,
        "p10": 0.03437627146919224,
        "p25": 0.036402396432371295,
        "median": 0.03836683645490305,
        "p75": 0.04299983370988668,
        "p90": 0.04725924711181545,
        "p95": 0.047822948052795904,
        "p99": 0.049426466831930256,
        "p99.9": 0.05076313393856507
      },
      "time_per_output_token": {
        "mean": 0.039553953492222384,
        "min": 0.030543784843641276,
        "max": 0.050020008081337435,
        "p0.1": 0.030746036284595678,
        "p1": 0.03147515591772918,
        "p5": 0.03326526026030855,
        "p10": 0.03436469688836737,
        "p25": 0.03637122116243699,
        "median": 0.038332834215757124,
        "p75": 0.042978273815919094,
        "p90": 0.04720301729590802,
        "p95": 0.04777389175329715,
        "p99": 0.04929288308287738,
        "p99.9": 0.04990018626361877
      },
      "time_to_first_token": {
        "mean": 0.18885052269685504,
        "min": 0.04864454595372081,
        "max": 0.5389195163734257,
        "p0.1": 0.051027317037805914,
        "p1": 0.07037069802638143,
        "p5": 0.08843928857240826,
        "p10": 0.10546864662319422,
        "p25": 0.15310126671101898,
        "median": 0.19353308039717376,
        "p75": 0.2233237960608676,
        "p90": 0.25808970900252465,
        "p95": 0.2780409093247726,
        "p99": 0.3217759654251859,
        "p99.9": 0.47510798198357934
      },
      "inter_token_latency": {
        "mean": 0.039553389041008725,
        "min": 5.715060979127884e-06,
        "max": 117.50701135210693,
        "p0.1": 0.007315149990841746,
        "p1": 0.014733961094170809,
        "p5": 0.022447422402910887,
        "p10": 0.026002157293260098,
        "p25": 0.03187633876223117,
        "median": 0.036050997441634536,
        "p75": 0.03873601334635168,
        "p90": 0.041662458283826705,
        "p95": 0.04348614376503974,
        "p99": 0.11935575272422273,
        "p99.9": 0.18878134264703872
      }
    },
    "throughput": {
      "input_tokens_per_sec": 3127.575063543257,
      "output_tokens_per_sec": 9027.731647904639,
      "total_tokens_per_sec": 12155.306711447896,
      "requests_per_sec": 1.505186617723843
    },
    "prompt_len": {
      "mean": 2077.8653136531366,
      "min": 2035.0,
      "max": 2124.0,
      "p0.1": 2037.164,
      "p1": 2044.41,
      "p5": 2053.05,
      "p10": 2059.0,
      "p25": 2066.25,
      "median": 2078.0,
      "p75": 2089.0,
      "p90": 2098.0,
      "p95": 2102.0,
      "p99": 2109.0,
      "p99.9": 2117.5080000000007
    },
    "output_len": {
      "mean": 5997.749077490775,
      "min": 5555.0,
      "max": 6016.0,
      "p0.1": 5728.12,
      "p1": 5977.41,
      "p5": 5991.0,
      "p10": 5994.0,
      "p25": 5997.0,
      "median": 5999.0,
      "p75": 6001.0,
      "p90": 6003.0,
      "p95": 6004.0,
      "p99": 6011.18,
      "p99.9": 6016.0
    }
  },
  "failures": {
    "count": 178,
    "request_latency": {
      "mean": 300.50599278270244,
      "min": 300.00733698671684,
      "max": 301.00054722605273,
      "p0.1": 300.0102491023182,
      "p1": 300.0263645738503,
      "p5": 300.0574240006739,
      "p10": 300.1181197401602,
      "p25": 300.24912283488084,
      "median": 300.4745769035071,
      "p75": 300.7771584071452,
      "p90": 300.94596568839626,
      "p95": 300.97426896286197,
      "p99": 300.9983576314617,
      "p99.9": 301.0004519655346
    },
    "prompt_len": {
      "mean": 0.0,
      "min": 0.0,
      "max": 0.0,
      "p0.1": 0.0,
      "p1": 0.0,
      "p5": 0.0,
      "p10": 0.0,
      "p25": 0.0,
      "median": 0.0,
      "p75": 0.0,
      "p90": 0.0,
      "p95": 0.0,
      "p99": 0.0,
      "p99.9": 0.0
    }
  }
}