{
  "load_summary": {
    "count": 300,
    "schedule_delay": {
      "mean": 0.00048204512956241766,
      "min": -0.0008511729538440704,
      "max": 0.0018862159922719002,
      "p0.1": -0.0008373936479911208,
      "p1": -0.0006753439037129283,
      "p5": -0.00047147795557975767,
      "p10": -0.00029450259171426296,
      "p25": 0.0001030114945024252,
      "median": 0.0004598910454660654,
      "p75": 0.0008856304921209812,
      "p90": 0.0012543904129415752,
      "p95": 0.0014170145383104688,
      "p99": 0.0018060391210019588,
      "p99.9": 0.001882226835470647
    },
    "send_duration": 59.92659157514572,
    "requested_rate": 5.0,
    "achieved_rate": 5.0061248623461445
  },
  "successes": {
    "count": 300,
    "latency": {
      "request_latency": {
        "mean": 166.05360859947123,
        "min": 137.96944904979318,
        "max": 177.7188445031643,
        "p0.1": 138.93951714075357,
        "p1": 144.5444949140167,
        "p5": 149.08589124393183,
        "p10": 155.2235548031982,
        "p25": 160.12113683507778,
        "median": 163.88230785704218,
        "p75": 175.15050174854696,
        "p90": 177.27052978221326,
        "p95": 177.47561886615586,
        "p99": 177.69498610004317,
        "p99.9": 177.7145093523455
      },
      "normalized_time_per_output_token": {
        "mean": 0.027682881647677748,
        "min": 0.023033297003304372,
        "max": 0.030064986509424622,
        "p0.1": 0.023182324094975178,
        "p1": 0.024075573604276757,
        "p5": 0.024847648540655305,
        "p10": 0.025878787614679617,
        "p25": 0.026684117725031244,
        "median": 0.02732508907004931,
        "p75": 0.029205008484519655,
        "p90": 0.029550706335594906,
        "p95": 0.029598729301498997,
        "p99": 0.029657475338668374,
        "p99.9": 0.02995110832520891
      },
      "time_per_output_token": {
        "mean": 0.027649594159781698,
        "min": 0.022990241719883175,
        "max": 0.029584533318220217,
        "p0.1": 0.023153059918527646,
        "p1": 0.024081316535619988,
        "p5": 0.02483752282387292,
        "p10": 0.02584884875609229,
        "p25": 0.026654687328070092,
        "median": 0.027290237597110654,
        "p75": 0.029153763054850665,
        "p90": 0.029502259551441506,
        "p95": 0.029551922618188755,
        "p99": 0.029584116638186466,
        "p99.9": 0.029584529106145976
      },
      "time_to_first_token": {
        "mean": 0.16895032629991572,
        "min": 0.02758814115077257,
        "max": 0.2700292430818081,
        "p0.1": 0.03190892050694674,
        "p1": 0.053248886102810505,
        "p5": 0.06793328244239091,
        "p10": 0.08766283071599901,
        "p25": 0.1353514799848199,
        "median": 0.17500882199965417,
        "p75": 0.21175175672397017,
        "p90": 0.22519421190954747,
        "p95": 0.23639946288894864,
        "p99": 0.2619842014973983,
        "p99.9": 0.26912717709131545
      },
      "inter_token_latency": {
        "mean": 0.027649758938510873,
        "min": 6.093643605709076e-06,
        "max": 0.1060952921397984,
        "p0.1": 0.005126199634745717,
        "p1": 0.011923340894281865,
        "p5": 0.018514510150998833,
        "p10": 0.021470402367413044,
        "p25": 0.025554891675710678,
        "median": 0.028689465951174498,
        "p75": 0.030530542135238647,
        "p90": 0.0320504879578948,
        "p95": 0.03295904025435448,
        "p99": 0.0362692650593817,
        "p99.9": 0.05470936096832197
      }
    },
    "throughput": {
      "input_tokens_per_sec": 2695.0063647935976,
      "output_tokens_per_sec": 7783.788507334289,
      "total_tokens_per_sec": 10478.794872127886,
      "requests_per_sec": 1.2976246534268272
    },
    "prompt_len": {
      "mean": 2076.8766666666666,
      "min": 2041.0,
      "max": 2124.0,
      "p0.1": 2041.598,
      "p1": 2046.98,
      "p5": 2053.95,
      "p10": 2058.0,
      "p25": 2066.0,
      "median": 2077.0,
      "p75": 2088.0,
      "p90": 2095.0,
      "p95": 2100.0,
      "p99": 2109.01,
      "p99.9": 2120.4120000000003
    },
    "output_len": {
      "mean": 5998.49,
      "min": 5861.0,
      "max": 6039.0,
      "p0.1": 5890.302,
      "p1": 5983.0,
      "p5": 5992.0,
      "p10": 5995.0,
      "p25": 5997.0,
      "median": 5999.0,
      "p75": 6001.0,
      "p90": 6003.0,
      "p95": 6004.0,
      "p99": 6007.01,
      "p99.9": 6030.030000000001
    }
  },
  "failures": {
    "count": 0,
    "request_latency": null,
    "prompt_len": null
  }
}