{
  "load_summary": {
    "count": 420,
    "schedule_delay": {
      "mean": 0.0018203769045482788,
      "min": -0.00014110514894127846,
      "max": 0.08176427381113172,
      "p0.1": -0.00010937543725594878,
      "p1": 0.00017895823810249568,
      "p5": 0.0005160982953384519,
      "p10": 0.0006699744611978531,
      "p25": 0.0010567905846983194,
      "median": 0.001423483481630683,
      "p75": 0.0017721273470669985,
      "p90": 0.0021084154490381484,
      "p95": 0.0023111735703423616,
      "p99": 0.002635846370831132,
      "p99.9": 0.07683213525870902
    },
    "send_duration": 59.8803273816593,
    "requested_rate": 7.0,
    "achieved_rate": 7.013989708557296
  },
  "successes": {
    "count": 420,
    "latency": {
      "request_latency": {
        "mean": 192.69100328706693,
        "min": 153.9702970329672,
        "max": 214.27313740784302,
        "p0.1": 155.97095051927818,
        "p1": 160.7121058131475,
        "p5": 171.93196547275875,
        "p10": 176.16669865902514,
        "p25": 182.04927200544626,
        "median": 185.56679869862273,
        "p75": 207.52198604180012,
        "p90": 209.11389463939705,
        "p95": 209.26313979304396,
        "p99": 213.82846082177014,
        "p99.9": 214.2722466058894
      },
      "normalized_time_per_output_token": {
        "mean": 0.032114980939418974,
        "min": 0.0257088490621084,
        "max": 0.03574161991473906,
        "p0.1": 0.02602623909486895,
        "p1": 0.02679236818370728,
        "p5": 0.028650790782497212,
        "p10": 0.02936197007855641,
        "p25": 0.030331865322049956,
        "median": 0.03095047047129077,
        "p75": 0.034607978065782245,
        "p90": 0.03484973896887727,
        "p95": 0.03489736641698328,
        "p99": 0.035649960123669576,
        "p99.9": 0.035729288599444436
      },
      "time_per_output_token": {
        "mean": 0.03209033042642104,
        "min": 0.02567839664483285,
        "max": 0.03568110357232146,
        "p0.1": 0.026013021421676455,
        "p1": 0.026803748232500726,
        "p5": 0.028644669505592902,
        "p10": 0.029358174856148046,
        "p25": 0.030322414435703365,
        "median": 0.030917419484576478,
        "p75": 0.034545497701561546,
        "p90": 0.034814826797142935,
        "p95": 0.03483977739285522,
        "p99": 0.035592902881341676,
        "p99.9": 0.03567524766503045
      },
      "time_to_first_token": {
        "mean": 0.18088234022725375,
        "min": 0.040224929340183735,
        "max": 0.5820728922262788,
        "p0.1": 0.044387838324531914,
        "p1": 0.05638115107081831,
        "p5": 0.07680453937500716,
        "p10": 0.09315782338380814,
        "p25": 0.14694990904536098,
        "median": 0.1863875798881054,
        "p75": 0.22234776383265853,
        "p90": 0.2474740754812956,
        "p95": 0.25732405697926874,
        "p99": 0.2731130394712091,
        "p99.9": 0.468049804526867
      },
      "inter_token_latency": {
        "mean": 0.03209095022195359,
        "min": 5.895737558603287e-06,
        "max": 40.647665948141366,
        "p0.1": 0.005876701583620161,
        "p1": 0.012358418619260193,
        "p5": 0.02036447476129979,
        "p10": 0.023965130234137176,
        "p25": 0.029287822311744094,
        "median": 0.032742627430707216,
        "p75": 0.03537671663798392,
        "p90": 0.037136188428848985,
        "p95": 0.03804750929120928,
        "p99": 0.042076189354993423,
        "p99.9": 0.141489826725331
      }
    },
    "throughput": {
      "input_tokens_per_sec": 3182.046545035816,
      "output_tokens_per_sec": 9193.037332277021,
      "total_tokens_per_sec": 12375.083877312838,
      "requests_per_sec": 1.5321345853482031
    },
    "prompt_len": {
      "mean": 2076.8714285714286,
      "min": 2039.0,
      "max": 2124.0,
      "p0.1": 2039.838,
      "p1": 2045.38,
      "p5": 2053.0,
      "p10": 2058.0,
      "p25": 2066.0,
      "median": 2077.0,
      "p75": 2088.0,
      "p90": 2096.0,
      "p95": 2101.0,
      "p99": 2108.62,
      "p99.9": 2118.9720000000007
    },
    "output_len": {
      "mean": 6000.15,
      "min": 5927.0,
      "max": 6667.0,
      "p0.1": 5940.408,
      "p1": 5981.38,
      "p5": 5991.0,
      "p10": 5994.0,
      "p25": 5997.0,
      "median": 5999.5,
      "p75": 6001.0,
      "p90": 6003.0,
      "p95": 6005.0,
      "p99": 6008.81,
      "p99.9": 6391.298000000049
    }
  },
  "failures": {
    "count": 0,
    "request_latency": null,
    "prompt_len": null
  }
}