{
  "load_summary": {
    "count": 600,
    "schedule_delay": {
      "mean": 0.00045021628883356847,
      "min": -0.0011203065514564514,
      "max": 0.04389662994071841,
      "p0.1": -0.0010299443076364696,
      "p1": -0.0007771383458748459,
      "p5": -0.000520046753808856,
      "p10": -0.0003246054518967867,
      "p25": -1.9625178538262844e-05,
      "median": 0.00035562971606850624,
      "p75": 0.0007460201159119606,
      "p90": 0.001063944259658456,
      "p95": 0.0012072486570104952,
      "p99": 0.0017168680718168614,
      "p99.9": 0.025076772712638855
    },
    "send_duration": 59.77815994806588,
    "requested_rate": 10.0,
    "achieved_rate": 10.03711055210245
  },
  "successes": {
    "count": 535,
    "latency": {
      "request_latency": {
        "mean": 225.58240387809732,
        "min": 172.24251518119127,
        "max": 300.66916142683476,
        "p0.1": 174.84843414346037,
        "p1": 180.90808074494825,
        "p5": 190.03631308441982,
        "p10": 198.21603909023105,
        "p25": 208.2550887207035,
        "median": 221.6410157121718,
        "p75": 233.7509262789972,
        "p90": 267.907728363853,
        "p95": 288.00027622128835,
        "p99": 298.9180243037455,
        "p99.9": 300.47228398540153
      },
      "normalized_time_per_output_token": {
        "mean": 0.03761136621728638,
        "min": 0.02872144658682529,
        "max": 0.050128236316577986,
        "p0.1": 0.02915861406760355,
        "p1": 0.030148036522012523,
        "p5": 0.03169137503055067,
        "p10": 0.03303191789513138,
        "p25": 0.03471486861751287,
        "median": 0.036940169285361965,
        "p75": 0.03896732590058303,
        "p90": 0.044643847419405594,
        "p95": 0.04796005296263102,
        "p99": 0.04982249316542505,
        "p99.9": 0.05008650058360809
      },
      "time_per_output_token": {
        "mean": 0.03756608106296363,
        "min": 0.028691931464134644,
        "max": 0.05006027985472853,
        "p0.1": 0.02913119550766823,
        "p1": 0.030142396275337914,
        "p5": 0.03165796775857669,
        "p10": 0.0330196032215347,
        "p25": 0.03467786505222792,
        "median": 0.03692115487996489,
        "p75": 0.03891897166609609,
        "p90": 0.044611698203456285,
        "p95": 0.04795104871302998,
        "p99": 0.0497736238284766,
        "p99.9": 0.050029655559447286
      },
      "time_to_first_token": {
        "mean": 0.19286858149342864,
        "min": 0.05062045808881521,
        "max": 0.6241594241000712,
        "p0.1": 0.057884801736101506,
        "p1": 0.0701358412951231,
        "p5": 0.08589974860660732,
        "p10": 0.10320513704791666,
        "p25": 0.1555590103380382,
        "median": 0.1963871312327683,
        "p75": 0.23384941439144313,
        "p90": 0.26070208083838226,
        "p95": 0.2738523637875914,
        "p99": 0.34798344184644414,
        "p99.9": 0.5957993136020382
      },
      "inter_token_latency": {
        "mean": 0.037566337550143755,
        "min": 5.743000656366348e-06,
        "max": 95.80465229786932,
        "p0.1": 0.006202446146402508,
        "p1": 0.014347724919207393,
        "p5": 0.02152491270098835,
        "p10": 0.02501904862001538,
        "p25": 0.03095367446076125,
        "median": 0.03520720568485558,
        "p75": 0.037647864781320095,
        "p90": 0.03996012187562883,
        "p95": 0.04140285851899534,
        "p99": 0.10125299626961097,
        "p99.9": 0.1882464436222806
      }
    },
    "throughput": {
      "input_tokens_per_sec": 3084.039237547652,
      "output_tokens_per_sec": 8905.10033491311,
      "total_tokens_per_sec": 11989.139572460761,
      "requests_per_sec": 1.4847592537225538
    },
    "prompt_len": {
      "mean": 2077.1308411214955,
      "min": 2039.0,
      "max": 2124.0,
      "p0.1": 2040.068,
      "p1": 2045.34,
      "p5": 2053.0,
      "p10": 2058.0,
      "p25": 2066.0,
      "median": 2077.0,
      "p75": 2088.5,
      "p90": 2096.6,
      "p95": 2101.0,
      "p99": 2109.0,
      "p99.9": 2118.126
    },
    "output_len": {
      "mean": 5997.672897196262,
      "min": 5720.0,
      "max": 6031.0,
      "p0.1": 5792.624,
      "p1": 5972.34,
      "p5": 5991.0,
      "p10": 5994.0,
      "p25": 5997.0,
      "median": 5999.0,
      "p75": 6001.0,
      "p90": 6002.0,
      "p95": 6004.0,
      "p99": 6010.0,
      "p99.9": 6024.058
    }
  },
  "failures": {
    "count": 65,
    "request_latency": {
      "mean": 300.5332761248287,
      "min": 300.00551151530817,
      "max": 300.9862721967511,
      "p0.1": 300.0059654324241,
      "p1": 300.0100506864674,
      "p5": 300.03785131359473,
      "p10": 300.07833895785734,
      "p25": 300.31001282064244,
      "median": 300.5534888287075,
      "p75": 300.809660367202,
      "p90": 300.90139539055525,
      "p95": 300.9223517541774,
      "p99": 300.9810287377052,
      "p99.9": 300.9857478508465
    },
    "prompt_len": {
      "mean": 0.0,
      "min": 0.0,
      "max": 0.0,
      "p0.1": 0.0,
      "p1": 0.0,
      "p5": 0.0,
      "p10": 0.0,
      "p25": 0.0,
      "median": 0.0,
      "p75": 0.0,
      "p90": 0.0,
      "p95": 0.0,
      "p99": 0.0,
      "p99.9": 0.0
    }
  }
}