{
  "load_summary": {
    "count": 120,
    "schedule_delay": {
      "mean": 0.0007882332080043853,
      "min": -0.00084265461191535,
      "max": 0.0022841948084533215,
      "p0.1": -0.0008316383697092533,
      "p1": -0.0007016436522826552,
      "p5": -0.0002005961025133729,
      "p10": -3.0285213142633264e-06,
      "p25": 0.00040447863284498453,
      "median": 0.0007699886336922646,
      "p75": 0.0011330636916682124,
      "p90": 0.0015577518846839674,
      "p95": 0.0018219456542283297,
      "p99": 0.002193439356051386,
      "p99.9": 0.00227827296871692
    },
    "send_duration": 59.067439526785165,
    "requested_rate": 2.0,
    "achieved_rate": 2.0315761265660397
  },
  "successes": {
    "count": 120,
    "latency": {
      "request_latency": {
        "mean": 114.76278413226828,
        "min": 91.54619963793084,
        "max": 121.30101297562942,
        "p0.1": 91.65682741875668,
        "p1": 92.6220202641748,
        "p5": 99.16834450010211,
        "p10": 106.41231742412783,
        "p25": 112.76527411537245,
        "median": 116.92301461752504,
        "p75": 119.09824588114861,
        "p90": 120.61491652987898,
        "p95": 121.0679998968495,
        "p99": 121.28221510253847,
        "p99.9": 121.29908839162393
      },
      "normalized_time_per_output_token": {
        "mean": 0.01916955380278077,
        "min": 0.015262787535500307,
        "max": 0.023242304828951253,
        "p0.1": 0.015280620075065704,
        "p1": 0.015438480498083797,
        "p5": 0.016529291323563264,
        "p10": 0.01773451014875839,
        "p25": 0.018784636866334782,
        "median": 0.019493667916962526,
        "p75": 0.01985662571584307,
        "p90": 0.020145884798594155,
        "p95": 0.020191408012480698,
        "p99": 0.02112934599556714,
        "p99.9": 0.023016191442484516
      },
      "time_per_output_token": {
        "mean": 0.019107084893828796,
        "min": 0.015244590474817679,
        "max": 0.020200257251012738,
        "p0.1": 0.015263010162106124,
        "p1": 0.015424957737077607,
        "p5": 0.01652243719305346,
        "p10": 0.0177277895399339,
        "p25": 0.01876955348592795,
        "median": 0.019457445358741096,
        "p75": 0.01983566373364111,
        "p90": 0.02010258864590415,
        "p95": 0.020162987530160013,
        "p99": 0.02019959764214026,
        "p99.9": 0.02020019556339877
      },
      "time_to_first_token": {
        "mean": 0.1443667653715238,
        "min": 0.03240316826850176,
        "max": 0.3600181136280298,
        "p0.1": 0.0338761820984073,
        "p1": 0.0466727347439155,
        "p5": 0.06547279669903219,
        "p10": 0.0787447223905474,
        "p25": 0.11261501768603921,
        "median": 0.15103702736087143,
        "p75": 0.17744637944269925,
        "p90": 0.18497291947714983,
        "p95": 0.1872191598638892,
        "p99": 0.3039615681627766,
        "p99.9": 0.35416089318459926
      },
      "inter_token_latency": {
        "mean": 0.01910706284334903,
        "min": 6.295740604400635e-06,
        "max": 0.07475049002096057,
        "p0.1": 0.0034253640472888948,
        "p1": 0.007680089082568884,
        "p5": 0.01207535406574607,
        "p10": 0.014209168870002032,
        "p25": 0.0175674045458436,
        "median": 0.020218841265887022,
        "p75": 0.021174502559006214,
        "p90": 0.021832891367375852,
        "p95": 0.022748694056645032,
        "p99": 0.025558772925287486,
        "p99.9": 0.037874010210856957
      }
    },
    "throughput": {
      "input_tokens_per_sec": 1458.4900435536856,
      "output_tokens_per_sec": 4209.472229747502,
      "total_tokens_per_sec": 5667.962273301187,
      "requests_per_sec": 0.7029093514106568
    },
    "prompt_len": {
      "mean": 2074.9333333333334,
      "min": 2043.0,
      "max": 2106.0,
      "p0.1": 2043.238,
      "p1": 2045.38,
      "p5": 2052.9,
      "p10": 2056.0,
      "p25": 2063.0,
      "median": 2076.5,
      "p75": 2086.0,
      "p90": 2094.1,
      "p95": 2098.1,
      "p99": 2103.81,
      "p99.9": 2105.762
    },
    "output_len": {
      "mean": 5988.641666666666,
      "min": 5169.0,
      "max": 6011.0,
      "p0.1": 5213.625,
      "p1": 5623.8,
      "p5": 5994.0,
      "p10": 5996.0,
      "p25": 5997.75,
      "median": 6000.0,
      "p75": 6001.0,
      "p90": 6003.0,
      "p95": 6004.0,
      "p99": 6010.24,
      "p99.9": 6011.0
    }
  },
  "failures": {
    "count": 0,
    "request_latency": null,
    "prompt_len": null
  }
}