{
  "load_summary": {
    "count": 2400,
    "schedule_delay": {
      "mean": 0.0007304451358504594,
      "min": -0.0011203065514564514,
      "max": 0.08176427381113172,
      "p0.1": -0.0009615632058121264,
      "p1": -0.0007612258475273848,
      "p5": -0.0004189403960481286,
      "p10": -0.00022555347532033921,
      "p25": 0.00014138896949589252,
      "median": 0.0005716818850487471,
      "p75": 0.0010605761781334877,
      "p90": 0.0015174818690866225,
      "p95": 0.0018261641031131147,
      "p99": 0.0023554427502676823,
      "p99.9": 0.042025678775739456
    }
  },
  "successes": {
    "count": 2157,
    "latency": {
      "request_latency": {
        "mean": 196.45054035484324,
        "min": 63.50558183481917,
        "max": 300.66916142683476,
        "p0.1": 70.46461211356893,
        "p1": 89.21129002125934,
        "p5": 115.06726753395051,
        "p10": 131.20033909548073,
        "p25": 166.3273808779195,
        "median": 205.24002927914262,
        "p75": 225.76687382301316,
        "p90": 250.70586048318086,
        "p95": 279.97164667434987,
        "p99": 295.57296474026515,
        "p99.9": 300.2116910768189
      },
      "normalized_time_per_output_token": {
        "mean": 0.03275458713004344,
        "min": 0.010586027977132716,
        "max": 0.05156161022975263,
        "p0.1": 0.011752880127483909,
        "p1": 0.014866070658433483,
        "p5": 0.01918316862300493,
        "p10": 0.02191124096595625,
        "p25": 0.027721230146319917,
        "median": 0.034208231296597016,
        "p75": 0.037634084651277405,
        "p90": 0.04176764100853214,
        "p95": 0.046693749972030976,
        "p99": 0.04930793037631828,
        "p99.9": 0.05008012938666356
      },
      "time_per_output_token": {
        "mean": 0.0327150355629424,
        "min": 0.010531373543036062,
        "max": 0.05006027985472853,
        "p0.1": 0.011701354842657162,
        "p1": 0.014840532860014315,
        "p5": 0.019154917265513025,
        "p10": 0.02185720747795674,
        "p25": 0.02770206417250651,
        "median": 0.03417397581599653,
        "p75": 0.037594398218517504,
        "p90": 0.04177428797707063,
        "p95": 0.0466474116638519,
        "p99": 0.04921845900849129,
        "p99.9": 0.049987946831382815
      },
      "time_to_first_token": {
        "mean": 0.18142905367273227,
        "min": 0.02758814115077257,
        "max": 1.1835998240858316,
        "p0.1": 0.03362336299568415,
        "p1": 0.059175216127187014,
        "p5": 0.08011855259537698,
        "p10": 0.09512160690501333,
        "p25": 0.14120043069124222,
        "median": 0.18382649775594473,
        "p75": 0.217907571233809,
        "p90": 0.24877367904409767,
        "p95": 0.2649117566645145,
        "p99": 0.32163957279175526,
        "p99.9": 1.0883655002266281
      },
      "inter_token_latency": {
        "mean": 0.03271558902053665,
        "min": 5.715060979127884e-06,
        "max": 117.50701135210693,
        "p0.1": 0.00489539666287601,
        "p1": 0.011178392348811031,
        "p5": 0.016242970526218415,
        "p10": 0.01989736752584577,
        "p25": 0.02497188374400139,
        "median": 0.031760104931890965,
        "p75": 0.036286635557189584,
        "p90": 0.0390883382409811,
        "p95": 0.040977927716448884,
        "p99": 0.049050636794418144,
        "p99.9": 0.17394242067170718
      }
    },
    "throughput": {
      "input_tokens_per_sec": 2563.2944832764088,
      "output_tokens_per_sec": 7401.823320098449,
      "total_tokens_per_sec": 9965.117803374857,
      "requests_per_sec": 1.23413146382548
    },
    "prompt_len": {
      "mean": 2077.0027816411684,
      "min": 2035.0,
      "max": 2124.0,
      "p0.1": 2039.0,
      "p1": 2045.0,
      "p5": 2053.0,
      "p10": 2057.6,
      "p25": 2066.0,
      "median": 2078.0,
      "p75": 2088.0,
      "p90": 2096.0,
      "p95": 2101.0,
      "p99": 2109.0,
      "p99.9": 2124.0
    },
    "output_len": {
      "mean": 5997.59712563746,
      "min": 5169.0,
      "max": 6667.0,
      "p0.1": 5545.716,
      "p1": 5975.0,
      "p5": 5991.0,
      "p10": 5994.0,
      "p25": 5997.0,
      "median": 5999.0,
      "p75": 6001.0,
      "p90": 6003.0,
      "p95": 6004.0,
      "p99": 6009.4400000000005,
      "p99.9": 6028.972000000001
    }
  },
  "failures": {
    "count": 243,
    "request_latency": {
      "mean": 300.5132907960284,
      "min": 300.00551151530817,
      "max": 301.00054722605273,
      "p0.1": 300.0059532793891,
      "p1": 300.01730194197967,
      "p5": 300.044684100477,
      "p10": 300.1092893990688,
      "p25": 300.26163920527324,
      "median": 300.49629496596754,
      "p75": 300.8005801860709,
      "p90": 300.9162000649609,
      "p95": 300.963614992192,
      "p99": 300.9969320970215,
      "p99.9": 301.00041698285844
    },
    "prompt_len": {
      "mean": 0.0,
      "min": 0.0,
      "max": 0.0,
      "p0.1": 0.0,
      "p1": 0.0,
      "p5": 0.0,
      "p10": 0.0,
      "p25": 0.0,
      "median": 0.0,
      "p75": 0.0,
      "p90": 0.0,
      "p95": 0.0,
      "p99": 0.0,
      "p99.9": 0.0
    }
  }
}