{
  "load_summary": {
    "count": 540,
    "schedule_delay": {
      "mean": 0.00029348030306950763,
      "min": -0.0012260624207556248,
      "max": 0.001713661476969719,
      "p0.1": -0.001164489955175668,
      "p1": -0.0009375404287129642,
      "p5": -0.0005756798665970564,
      "p10": -0.00039865598082542417,
      "p25": -8.256768342107534e-05,
      "median": 0.0002815274056047201,
      "p75": 0.0006768120219931006,
      "p90": 0.0009830454364418983,
      "p95": 0.0011511891148984425,
      "p99": 0.0014593144459649928,
      "p99.9": 0.0016804362349212177
    },
    "send_duration": 30.46368895517662,
    "requested_rate": 18.0,
    "achieved_rate": 17.726021323108313
  },
  "successes": {
    "count": 540,
    "latency": {
      "request_latency": {
        "mean": 60.224295992889715,
        "min": 45.26241181604564,
        "max": 68.75792519096285,
        "p0.1": 45.34771343144029,
        "p1": 46.41930704894476,
        "p5": 51.024482110282406,
        "p10": 52.38370769694448,
        "p25": 55.86740275088232,
        "median": 60.88294328167103,
        "p75": 65.15991030284204,
        "p90": 67.71248870887794,
        "p95": 68.2476149629103,
        "p99": 68.66532139415386,
        "p99.9": 68.72313963807653
      },
      "normalized_time_per_output_token": {
        "mean": 0.015109419471112568,
        "min": 0.011349651909740632,
        "max": 0.01727892670986183,
        "p0.1": 0.011369502537220025,
        "p1": 0.011606545009213008,
        "p5": 0.012788300104481284,
        "p10": 0.013136560709607057,
        "p25": 0.01399727830879376,
        "median": 0.015308904931110982,
        "p75": 0.016375049935787034,
        "p90": 0.017002293495127954,
        "p95": 0.017127807954674227,
        "p99": 0.017230334906714564,
        "p99.9": 0.017271938454969677
      },
      "time_per_output_token": {
        "mean": 0.01568478666375294,
        "min": 0.01154393705159361,
        "max": 0.018123919482083747,
        "p0.1": 0.011567019284796422,
        "p1": 0.011796447047013457,
        "p5": 0.013253297170151546,
        "p10": 0.01361020058953625,
        "p25": 0.014294531962648129,
        "median": 0.015865828664103333,
        "p75": 0.017051874968550155,
        "p90": 0.017651775639772667,
        "p95": 0.01784791640169342,
        "p99": 0.018093026371206397,
        "p99.9": 0.018113413423402093
      },
      "time_to_first_token": {
        "mean": 0.1498783874515168,
        "min": 0.024542737752199173,
        "max": 0.5025679813697934,
        "p0.1": 0.027519308667164295,
        "p1": 0.03316779975779355,
        "p5": 0.04033261714503169,
        "p10": 0.047148080868646504,
        "p25": 0.07246087573003024,
        "median": 0.11919673159718513,
        "p75": 0.22377714538015425,
        "p90": 0.2953201957978308,
        "p95": 0.3282835315214469,
        "p99": 0.390040554641746,
        "p99.9": 0.48035954899620315
      },
      "inter_token_latency": {
        "mean": 0.015672918308204047,
        "min": 5.3211115300655365e-06,
        "max": 1.3703966778703034,
        "p0.1": 5.657920148223639e-06,
        "p1": 6.145332008600235e-06,
        "p5": 0.0004770329222083094,
        "p10": 0.008198709366843105,
        "p25": 0.011964724399149418,
        "median": 0.01569118001498282,
        "p75": 0.018525324179790914,
        "p90": 0.020712743094190956,
        "p95": 0.022244900558143852,
        "p99": 0.028188547831960065,
        "p99.9": 0.2823946543200877
      }
    },
    "throughput": {
      "input_tokens_per_sec": 5936.155389259603,
      "output_tokens_per_sec": 22563.25283636472,
      "total_tokens_per_sec": 28499.408225624324,
      "requests_per_sec": 5.65905054745267
    },
    "prompt_len": {
      "mean": 1048.9666666666667,
      "min": 1024.0,
      "max": 1085.0,
      "p0.1": 1024.0,
      "p1": 1028.39,
      "p5": 1033.0,
      "p10": 1036.0,
      "p25": 1042.0,
      "median": 1049.0,
      "p75": 1055.0,
      "p90": 1062.0,
      "p95": 1066.0,
      "p99": 1074.0,
      "p99.9": 1083.383
    },
    "output_len": {
      "mean": 3987.109259259259,
      "min": 3723.0,
      "max": 5042.0,
      "p0.1": 3759.113,
      "p1": 3861.12,
      "p5": 3952.95,
      "p10": 3967.0,
      "p25": 3981.0,
      "median": 3987.0,
      "p75": 3991.0,
      "p90": 3994.0,
      "p95": 3996.05,
      "p99": 4006.61,
      "p99.9": 5036.071
    }
  },
  "failures": {
    "count": 0,
    "request_latency": null,
    "prompt_len": null
  }
}