{
  "load_summary": {
    "count": 240,
    "schedule_delay": {
      "mean": 0.0004341176187153906,
      "min": -0.001116165891289711,
      "max": 0.00226797116920352,
      "p0.1": -0.001102011085022241,
      "p1": -0.0009016590565443039,
      "p5": -0.0004484521225094795,
      "p10": -0.0002553880680352449,
      "p25": 6.261584348976612e-05,
      "median": 0.0004426185041666031,
      "p75": 0.0007985321572050452,
      "p90": 0.001175539009273052,
      "p95": 0.0014105820562690494,
      "p99": 0.0016910735378041864,
      "p99.9": 0.0022018391708843476
    },
    "send_duration": 28.31721549294889,
    "requested_rate": 8.0,
    "achieved_rate": 8.47540959879198
  },
  "successes": {
    "count": 240,
    "latency": {
      "request_latency": {
        "mean": 40.601834595172356,
        "min": 33.399678603746,
        "max": 44.35531381703913,
        "p0.1": 33.48955379329948,
        "p1": 34.177154248701406,
        "p5": 36.31258204935584,
        "p10": 37.67086847419851,
        "p25": 39.39180189347826,
        "median": 40.58360934793018,
        "p75": 42.288639390841126,
        "p90": 43.82493349071592,
        "p95": 44.01505303659942,
        "p99": 44.31732675760519,
        "p99.9": 44.35133983823518
      },
      "normalized_time_per_output_token": {
        "mean": 0.010186691944435085,
        "min": 0.00818543965497346,
        "max": 0.011165163537469085,
        "p0.1": 0.008237806841223251,
        "p1": 0.008500567531401665,
        "p5": 0.009081008837434236,
        "p10": 0.009435041683099036,
        "p25": 0.009876344963488853,
        "median": 0.010204875526682994,
        "p75": 0.010621419862073817,
        "p90": 0.010994274053705986,
        "p95": 0.011058848581403382,
        "p99": 0.011128783286118202,
        "p99.9": 0.011164175361263894
      },
      "time_per_output_token": {
        "mean": 0.010127663900229612,
        "min": 0.008327635127701797,
        "max": 0.011068900218233466,
        "p0.1": 0.008351912231473019,
        "p1": 0.008524897546172142,
        "p5": 0.009032565514551243,
        "p10": 0.009394549243326764,
        "p25": 0.009830231227912009,
        "median": 0.010119820419000461,
        "p75": 0.010515511933539529,
        "p90": 0.010925684176152573,
        "p95": 0.010976239551900652,
        "p99": 0.01105428857872612,
        "p99.9": 0.011067422022471903
      },
      "time_to_first_token": {
        "mean": 0.08424639137422976,
        "min": 0.030658072791993618,
        "max": 0.392582300119102,
        "p0.1": 0.031178445472382008,
        "p1": 0.03510796518996358,
        "p5": 0.038153734826482835,
        "p10": 0.04320671185851097,
        "p25": 0.06429020618088543,
        "median": 0.07737030205316842,
        "p75": 0.09194704121910036,
        "p90": 0.11693886057473718,
        "p95": 0.13945851481985294,
        "p99": 0.3062660457100713,
        "p99.9": 0.3897832747395153
      },
      "inter_token_latency": {
        "mean": 0.01012769617632245,
        "min": 5.112960934638977e-06,
        "max": 0.9613660220056772,
        "p0.1": 5.57582825422287e-06,
        "p1": 6.0670217499136924e-06,
        "p5": 4.66950703412295e-05,
        "p10": 0.006511056749150157,
        "p25": 0.008240235969424248,
        "median": 0.009838793659582734,
        "p75": 0.011356397531926632,
        "p90": 0.012772965524345637,
        "p95": 0.01387478969991207,
        "p99": 0.01700942351482809,
        "p99.9": 0.26816817450849534
      }
    },
    "throughput": {
      "input_tokens_per_sec": 3564.385117036462,
      "output_tokens_per_sec": 13547.605636915212,
      "total_tokens_per_sec": 17111.99075395167,
      "requests_per_sec": 3.39810453511802
    },
    "prompt_len": {
      "mean": 1048.9333333333334,
      "min": 1024.0,
      "max": 1082.0,
      "p0.1": 1024.0,
      "p1": 1026.17,
      "p5": 1032.95,
      "p10": 1036.0,
      "p25": 1043.0,
      "median": 1048.5,
      "p75": 1055.0,
      "p90": 1062.0,
      "p95": 1066.0,
      "p99": 1071.0,
      "p99.9": 1080.0880000000002
    },
    "output_len": {
      "mean": 3986.8125,
      "min": 3841.0,
      "max": 5025.0,
      "p0.1": 3842.912,
      "p1": 3898.51,
      "p5": 3953.85,
      "p10": 3968.9,
      "p25": 3981.0,
      "median": 3988.0,
      "p75": 3992.0,
      "p90": 3995.0,
      "p95": 3996.0,
      "p99": 4000.0,
      "p99.9": 4780.503000000024
    }
  },
  "failures": {
    "count": 0,
    "request_latency": null,
    "prompt_len": null
  }
}