{
  "load_summary": {
    "count": 360,
    "schedule_delay": {
      "mean": 0.0005882298923097551,
      "min": -0.000977831892669201,
      "max": 0.1002880148589611,
      "p0.1": -0.0009465099698863923,
      "p1": -0.0008198813023045659,
      "p5": -0.0005306260427460074,
      "p10": -0.00040667885914444927,
      "p25": -8.472579065710306e-05,
      "median": 0.0003120577894151211,
      "p75": 0.0006746522849425673,
      "p90": 0.0009855092037469148,
      "p95": 0.001121602230705321,
      "p99": 0.001584089105017484,
      "p99.9": 0.06521694252500501
    },
    "send_duration": 31.880860993638635,
    "requested_rate": 12.0,
    "achieved_rate": 11.292041330748024
  },
  "successes": {
    "count": 360,
    "latency": {
      "request_latency": {
        "mean": 47.45652905448547,
        "min": 36.882864055689424,
        "max": 53.41261708037928,
        "p0.1": 36.923682858748364,
        "p1": 37.43894977137447,
        "p5": 40.62005181503482,
        "p10": 42.33086583693512,
        "p25": 44.73944342031609,
        "median": 47.407366583356634,
        "p75": 51.12009956280235,
        "p90": 52.34797739526257,
        "p95": 52.96440505799838,
        "p99": 53.3411447176151,
        "p99.9": 53.40209081580909
      },
      "normalized_time_per_output_token": {
        "mean": 0.011911193209055416,
        "min": 0.008904015134086837,
        "max": 0.013441720350718205,
        "p0.1": 0.009029337272448033,
        "p1": 0.00935603067546638,
        "p5": 0.01017829259623365,
        "p10": 0.010585716547688553,
        "p25": 0.011258129087506672,
        "median": 0.011928628805268727,
        "p75": 0.012822271289089316,
        "p90": 0.013137849810487,
        "p95": 0.013277406899934027,
        "p99": 0.013384439254306716,
        "p99.9": 0.013431039852756019
      },
      "time_per_output_token": {
        "mean": 0.011881939682930281,
        "min": 0.009182782478397713,
        "max": 0.01340957893978239,
        "p0.1": 0.009202210015266086,
        "p1": 0.009339069217896323,
        "p5": 0.010129779596580193,
        "p10": 0.0105678359778702,
        "p25": 0.011189778980006738,
        "median": 0.011858692222079414,
        "p75": 0.012833648029318726,
        "p90": 0.013137967038497924,
        "p95": 0.013312709151906929,
        "p99": 0.013365843748442312,
        "p99.9": 0.01340222700904663
      },
      "time_to_first_token": {
        "mean": 0.10093424351135682,
        "min": 0.03313571307808161,
        "max": 0.24445333192124963,
        "p0.1": 0.03320538585446775,
        "p1": 0.035812148693948984,
        "p5": 0.03996827534865588,
        "p10": 0.04669083054177463,
        "p25": 0.06621847685892135,
        "median": 0.08766240859404206,
        "p75": 0.13412052439525723,
        "p90": 0.17687849942594766,
        "p95": 0.18892387661617252,
        "p99": 0.2247034826222808,
        "p99.9": 0.24158932245848716
      },
      "inter_token_latency": {
        "mean": 0.011879769070774749,
        "min": 5.273614078760147e-06,
        "max": 0.7626523119397461,
        "p0.1": 5.655921995639801e-06,
        "p1": 6.39772042632103e-06,
        "p5": 0.00580758792348206,
        "p10": 0.007516540586948395,
        "p25": 0.009517321363091469,
        "median": 0.011617012321949005,
        "p75": 0.01354265189729631,
        "p90": 0.015442795678973198,
        "p95": 0.01670719343237579,
        "p99": 0.021478175660595282,
        "p99.9": 0.23670504549332058
      }
    },
    "throughput": {
      "input_tokens_per_sec": 4613.861028458384,
      "output_tokens_per_sec": 17523.85265667901,
      "total_tokens_per_sec": 22137.71368513739,
      "requests_per_sec": 4.397410701697072
    },
    "prompt_len": {
      "mean": 1049.2222222222222,
      "min": 1024.0,
      "max": 1085.0,
      "p0.1": 1024.0,
      "p1": 1028.0,
      "p5": 1033.0,
      "p10": 1037.0,
      "p25": 1042.0,
      "median": 1049.0,
      "p75": 1055.25,
      "p90": 1062.0,
      "p95": 1067.0,
      "p99": 1073.41,
      "p99.9": 1083.923
    },
    "output_len": {
      "mean": 3985.038888888889,
      "min": 3821.0,
      "max": 5010.0,
      "p0.1": 3828.898,
      "p1": 3879.36,
      "p5": 3956.0,
      "p10": 3970.9,
      "p25": 3981.0,
      "median": 3987.0,
      "p75": 3991.0,
      "p90": 3994.0,
      "p95": 3996.0,
      "p99": 4002.41,
      "p99.9": 4656.385000000019
    }
  },
  "failures": {
    "count": 0,
    "request_latency": null,
    "prompt_len": null
  }
}