{
  "load_summary": {
    "count": 250,
    "schedule_delay": {
      "mean": 0.0009241637196391821,
      "min": -0.0008565443567931652,
      "max": 0.002270180732011795,
      "p0.1": -0.0007221200889907778,
      "p1": -0.0002566579775884747,
      "p5": -3.942642360925674e-05,
      "p10": 0.00022423495538532735,
      "p25": 0.0006126480875536799,
      "median": 0.000952006783336401,
      "p75": 0.0012504501501098275,
      "p90": 0.001618496561422944,
      "p95": 0.0017456303350627414,
      "p99": 0.0020256967097520826,
      "p99.9": 0.0022252641525119603
    },
    "send_duration": 45.93242451176047,
    "requested_rate": 5.0,
    "achieved_rate": 5.442778226000031
  },
  "successes": {
    "count": 250,
    "latency": {
      "request_latency": {
        "mean": 37.513303424630315,
        "min": 29.319797531701624,
        "max": 43.06663021305576,
        "p0.1": 29.322202075470706,
        "p1": 30.18716381177772,
        "p5": 32.19355554089416,
        "p10": 32.78234284990467,
        "p25": 35.00823393894825,
        "median": 37.413484836928546,
        "p75": 40.38806782057509,
        "p90": 41.94602093072608,
        "p95": 42.18100052489899,
        "p99": 42.792917977343315,
        "p99.9": 43.025877529759434
      },
      "normalized_time_per_output_token": {
        "mean": 0.009419339316044514,
        "min": 0.007350162329331066,
        "max": 0.010973259349061638,
        "p0.1": 0.007372593454016313,
        "p1": 0.007574194693833185,
        "p5": 0.008079057146574383,
        "p10": 0.008232220694584198,
        "p25": 0.00876701472308212,
        "median": 0.009429144092761747,
        "p75": 0.010120570100304796,
        "p90": 0.010530300458833755,
        "p95": 0.010591043710464694,
        "p99": 0.010783646202488062,
        "p99.9": 0.01095491103712314
      },
      "time_per_output_token": {
        "mean": 0.009358208381273556,
        "min": 0.007303625790518709,
        "max": 0.010737528261030093,
        "p0.1": 0.0073045919657334455,
        "p1": 0.0075434123257414835,
        "p5": 0.00803101478551398,
        "p10": 0.008182386536356572,
        "p25": 0.008779022358788883,
        "median": 0.00933377682347782,
        "p75": 0.010072619880636922,
        "p90": 0.010474490254904998,
        "p95": 0.010532677388893399,
        "p99": 0.010672712717280956,
        "p99.9": 0.010727360735014083
      },
      "time_to_first_token": {
        "mean": 0.10109711300767958,
        "min": 0.04028686787933111,
        "max": 1.1629792000167072,
        "p0.1": 0.04139858464431018,
        "p1": 0.05099701843690127,
        "p5": 0.06520963616203516,
        "p10": 0.06859731860458851,
        "p25": 0.07549174642190337,
        "median": 0.08575904835015535,
        "p75": 0.09832924767397344,
        "p90": 0.11915009855292738,
        "p95": 0.17002045833505672,
        "p99": 0.4797508680727315,
        "p99.9": 1.0637205358971973
      },
      "inter_token_latency": {
        "mean": 0.00935882609441908,
        "min": 5.30807301402092e-06,
        "max": 0.5049527091905475,
        "p0.1": 5.644654389470816e-06,
        "p1": 6.806105375289917e-06,
        "p5": 0.005439948872663081,
        "p10": 0.006642558937892317,
        "p25": 0.007795714889653027,
        "median": 0.009047887288033962,
        "p75": 0.010350568918511271,
        "p90": 0.011578589165583254,
        "p95": 0.012597461719997228,
        "p99": 0.01585560774896293,
        "p99.9": 0.17134318488650907
      }
    },
    "throughput": {
      "input_tokens_per_sec": 3147.3409900478064,
      "output_tokens_per_sec": 11950.383966844513,
      "total_tokens_per_sec": 15097.72495689232,
      "requests_per_sec": 3.0001877798230456
    },
    "prompt_len": {
      "mean": 1049.048,
      "min": 1024.0,
      "max": 1082.0,
      "p0.1": 1024.0,
      "p1": 1026.47,
      "p5": 1032.45,
      "p10": 1036.0,
      "p25": 1043.0,
      "median": 1049.0,
      "p75": 1055.0,
      "p90": 1062.0,
      "p95": 1066.0,
      "p99": 1071.51,
      "p99.9": 1080.0080000000003
    },
    "output_len": {
      "mean": 3983.212,
      "min": 3776.0,
      "max": 5026.0,
      "p0.1": 3781.727,
      "p1": 3855.78,
      "p5": 3939.8,
      "p10": 3964.7,
      "p25": 3978.0,
      "median": 3987.0,
      "p75": 3990.0,
      "p90": 3994.0,
      "p95": 3995.0,
      "p99": 3997.51,
      "p99.9": 4770.526000000034
    }
  },
  "failures": {
    "count": 0,
    "request_latency": null,
    "prompt_len": null
  }
}