{
  "load_summary": {
    "count": 90,
    "schedule_delay": {
      "mean": 0.0005204215801010529,
      "min": -0.000648819375783205,
      "max": 0.0021831849589943886,
      "p0.1": -0.0006427080235444009,
      "p1": -0.000587705853395164,
      "p5": -0.00033849559258669615,
      "p10": -0.00023289495147764682,
      "p25": 0.00014348316472023726,
      "median": 0.0005369177088141441,
      "p75": 0.0008626896888017654,
      "p90": 0.0011986274737864734,
      "p95": 0.0014568141894415018,
      "p99": 0.0018233544938266275,
      "p99.9": 0.0021472019124776187
    },
    "send_duration": 32.285819115582854,
    "requested_rate": 3.0,
    "achieved_rate": 2.787601568286097
  },
  "successes": {
    "count": 90,
    "latency": {
      "request_latency": {
        "mean": 30.060498719714168,
        "min": 23.02226429991424,
        "max": 33.843484584242105,
        "p0.1": 23.031167569759766,
        "p1": 23.111296998369507,
        "p5": 26.11500217192806,
        "p10": 27.322908695042134,
        "p25": 28.720549939083867,
        "median": 30.515701623400673,
        "p75": 31.54588954569772,
        "p90": 32.53471193625592,
        "p95": 33.61666720500216,
        "p99": 33.792366013680585,
        "p99.9": 33.838372727185956
      },
      "normalized_time_per_output_token": {
        "mean": 0.00755601993597094,
        "min": 0.00576710027552962,
        "max": 0.008643143511922632,
        "p0.1": 0.0057706251346684315,
        "p1": 0.005802348866917736,
        "p5": 0.006577866455528901,
        "p10": 0.006876965928801844,
        "p25": 0.007231849731655836,
        "median": 0.007660053230887223,
        "p75": 0.007922581534087451,
        "p90": 0.008190361000647314,
        "p95": 0.008439399420761565,
        "p99": 0.00853620837282393,
        "p99.9": 0.008632449998012763
      },
      "time_per_output_token": {
        "mean": 0.007495328631429497,
        "min": 0.005832419549165861,
        "max": 0.00843285738560371,
        "p0.1": 0.005833878407795583,
        "p1": 0.005847008135463075,
        "p5": 0.006511737735569477,
        "p10": 0.006809504649671725,
        "p25": 0.007158183658757479,
        "median": 0.00760912466829177,
        "p75": 0.007861443339235847,
        "p90": 0.008115046841685576,
        "p95": 0.008383848125184886,
        "p99": 0.0084295863160328,
        "p99.9": 0.00843253027864662
      },
      "time_to_first_token": {
        "mean": 0.07168328976776037,
        "min": 0.031980604864656925,
        "max": 0.16968504199758172,
        "p0.1": 0.03203241150639951,
        "p1": 0.032498671282082794,
        "p5": 0.03790355720557272,
        "p10": 0.041276758164167406,
        "p25": 0.06363004317972809,
        "median": 0.07165322150103748,
        "p75": 0.07861017587129027,
        "p90": 0.09235969586297871,
        "p95": 0.11422196549829094,
        "p99": 0.16503466106019915,
        "p99.9": 0.16922000390384354
      },
      "inter_token_latency": {
        "mean": 0.00749589847716259,
        "min": 5.281064659357071e-06,
        "max": 0.35216845804825425,
        "p0.1": 5.594920367002487e-06,
        "p1": 6.13601878285408e-06,
        "p5": 0.0031941800378263003,
        "p10": 0.005372857488691807,
        "p25": 0.006443928927183151,
        "median": 0.007447709795087576,
        "p75": 0.00803225114941597,
        "p90": 0.008938167896121743,
        "p95": 0.00975640695542097,
        "p99": 0.011945614498108624,
        "p99.9": 0.19611363912001467
      }
    },
    "throughput": {
      "input_tokens_per_sec": 1528.1147347836175,
      "output_tokens_per_sec": 5794.934489620531,
      "total_tokens_per_sec": 7323.049224404149,
      "requests_per_sec": 1.4565341720822846
    },
    "prompt_len": {
      "mean": 1049.1444444444444,
      "min": 1025.0,
      "max": 1082.0,
      "p0.1": 1025.267,
      "p1": 1027.67,
      "p5": 1033.0,
      "p10": 1036.0,
      "p25": 1042.0,
      "median": 1049.5,
      "p75": 1054.0,
      "p90": 1062.0,
      "p95": 1067.65,
      "p99": 1074.88,
      "p99.9": 1081.288
    },
    "output_len": {
      "mean": 3978.5777777777776,
      "min": 3852.0,
      "max": 3998.0,
      "p0.1": 3856.984,
      "p1": 3901.84,
      "p5": 3936.6,
      "p10": 3954.9,
      "p25": 3976.0,
      "median": 3985.5,
      "p75": 3991.0,
      "p90": 3994.0,
      "p95": 3996.0,
      "p99": 3997.11,
      "p99.9": 3997.911
    }
  },
  "failures": {
    "count": 0,
    "request_latency": null,
    "prompt_len": null
  }
}