{
  "load_summary": {
    "count": 1000,
    "schedule_delay": {
      "mean": 0.0003757222252897918,
      "min": -0.0017499970272183418,
      "max": 0.002813840750604868,
      "p0.1": -0.0011005132235586642,
      "p1": -0.0007573270471766591,
      "p5": -0.0004931670613586902,
      "p10": -0.00031284191645681854,
      "p25": 7.543712854385376e-07,
      "median": 0.0003803956788033247,
      "p75": 0.0007425661897286773,
      "p90": 0.0010469360742717984,
      "p95": 0.0012667794944718471,
      "p99": 0.0015523192752152678,
      "p99.9": 0.001986972272396162
    },
    "send_duration": 25.946220837999135,
    "requested_rate": 40.0,
    "achieved_rate": 38.541258329824494
  },
  "successes": {
    "count": 1000,
    "latency": {
      "request_latency": {
        "mean": 64.66364383663051,
        "min": 41.21171060111374,
        "max": 81.48592575779185,
        "p0.1": 41.28738489887258,
        "p1": 43.97139450129587,
        "p5": 48.29653984794859,
        "p10": 50.8164283615537,
        "p25": 59.401973875123076,
        "median": 66.76581114670262,
        "p75": 70.43979695800226,
        "p90": 72.62497289413587,
        "p95": 77.9369521228131,
        "p99": 81.2556398848677,
        "p99.9": 81.45230863219686
      },
      "normalized_time_per_output_token": {
        "mean": 0.06480466853915408,
        "min": 0.04145327374389597,
        "max": 0.08196443789624511,
        "p0.1": 0.041585851750547756,
        "p1": 0.0439621819316872,
        "p5": 0.048253107746429415,
        "p10": 0.050990671409085885,
        "p25": 0.05952715318680222,
        "median": 0.0669195492118205,
        "p75": 0.0705283864735603,
        "p90": 0.07330400657579828,
        "p95": 0.07817573499315428,
        "p99": 0.08138537165551446,
        "p99.9": 0.0818954718067747
      },
      "time_per_output_token": {
        "mean": 0.06415811850002333,
        "min": 0.04080365102458745,
        "max": 0.0812048242832534,
        "p0.1": 0.04099001973895775,
        "p1": 0.04330396563890856,
        "p5": 0.04815907148287206,
        "p10": 0.050567661915905775,
        "p25": 0.05898646537133027,
        "median": 0.0661593987387605,
        "p75": 0.06990221349068451,
        "p90": 0.0721214404260274,
        "p95": 0.07722307874671265,
        "p99": 0.08080607250683385,
        "p99.9": 0.08117696629206883
      },
      "time_to_first_token": {
        "mean": 0.49952952010463925,
        "min": 0.045041837729513645,
        "max": 1.8135515530593693,
        "p0.1": 0.046943155984859916,
        "p1": 0.06620397848542779,
        "p5": 0.1093951198272407,
        "p10": 0.15179575891233982,
        "p25": 0.2371506622293964,
        "median": 0.45027714455500245,
        "p75": 0.7111738739768043,
        "p90": 0.9357561758719386,
        "p95": 1.064580462547019,
        "p99": 1.3634660409158095,
        "p99.9": 1.7796193620967709
      },
      "inter_token_latency": {
        "mean": 0.06416088095491036,
        "min": 5.5031850934028625e-06,
        "max": 0.8641124162822962,
        "p0.1": 6.218526512384414e-06,
        "p1": 1.0427050292491912e-05,
        "p5": 0.029334478359669448,
        "p10": 0.036797885224223136,
        "p25": 0.04594733892008662,
        "median": 0.06372757395729423,
        "p75": 0.06716600991785526,
        "p90": 0.070705153234303,
        "p95": 0.07401778604835267,
        "p99": 0.40982375049963576,
        "p99.9": 0.4932555557861934
      }
    },
    "throughput": {
      "input_tokens_per_sec": 82613.84792663083,
      "output_tokens_per_sec": 10923.80446662009,
      "total_tokens_per_sec": 93537.65239325092,
      "requests_per_sec": 10.94699019184642
    },
    "prompt_len": {
      "mean": 7546.718,
      "min": 7479.0,
      "max": 7615.0,
      "p0.1": 7479.999,
      "p1": 7495.98,
      "p5": 7508.0,
      "p10": 7516.0,
      "p25": 7531.0,
      "median": 7546.0,
      "p75": 7563.0,
      "p90": 7577.1,
      "p95": 7585.0,
      "p99": 7601.03,
      "p99.9": 7613.002
    },
    "output_len": {
      "mean": 997.882,
      "min": 838.0,
      "max": 1011.0,
      "p0.1": 875.962,
      "p1": 979.0,
      "p5": 992.0,
      "p10": 994.0,
      "p25": 996.0,
      "median": 998.0,
      "p75": 1001.0,
      "p90": 1003.0,
      "p95": 1004.0,
      "p99": 1007.0,
      "p99.9": 1009.0020000000002
    }
  },
  "failures": {
    "count": 0,
    "request_latency": null,
    "prompt_len": null
  }
}