{
  "load_summary": {
    "count": 500,
    "schedule_delay": {
      "mean": 0.00042685503512620925,
      "min": -0.0008676499128341675,
      "max": 0.0018739239312708378,
      "p0.1": -0.0008422222128137946,
      "p1": -0.0006968387914821505,
      "p5": -0.0004232733743265271,
      "p10": -0.00022351411171257492,
      "p25": 6.654718890786171e-05,
      "median": 0.00040169316343963146,
      "p75": 0.0008124599698930979,
      "p90": 0.0011128250043839218,
      "p95": 0.0013105699326843021,
      "p99": 0.0014996041823178523,
      "p99.9": 0.0017689860463142464
    },
    "send_duration": 27.049721658229828,
    "requested_rate": 20.0,
    "achieved_rate": 18.48447855831729
  },
  "successes": {
    "count": 500,
    "latency": {
      "request_latency": {
        "mean": 37.54580774901062,
        "min": 13.770386288873851,
        "max": 47.25767063582316,
        "p0.1": 13.83798762765061,
        "p1": 23.476874949759804,
        "p5": 29.05641187459696,
        "p10": 31.36896653417498,
        "p25": 34.89436162414495,
        "median": 38.06088520842604,
        "p75": 40.76031066570431,
        "p90": 44.039117379998785,
        "p95": 45.895839950023216,
        "p99": 47.09294497388415,
        "p99.9": 47.253471940940244
      },
      "normalized_time_per_output_token": {
        "mean": 0.03762285030941532,
        "min": 0.013742900487898056,
        "max": 0.04745553182949842,
        "p0.1": 0.01385908670918548,
        "p1": 0.02355655353017806,
        "p5": 0.0290551648175624,
        "p10": 0.03135610886422607,
        "p25": 0.034952447613736504,
        "median": 0.03810007536468965,
        "p75": 0.04084954454790127,
        "p90": 0.044204644142572205,
        "p95": 0.046035243214630296,
        "p99": 0.04726248197210808,
        "p99.9": 0.04745490408185174
      },
      "time_per_output_token": {
        "mean": 0.037155100438392735,
        "min": 0.013418512453790754,
        "max": 0.046958400450181216,
        "p0.1": 0.013430742160903756,
        "p1": 0.02331815898884088,
        "p5": 0.028704855146468616,
        "p10": 0.031147621411737058,
        "p25": 0.034361924806144084,
        "median": 0.037679144058143724,
        "p75": 0.040387917217135104,
        "p90": 0.043345305651622305,
        "p95": 0.04567520542957354,
        "p99": 0.04665946089790203,
        "p99.9": 0.0468627735797111
      },
      "time_to_first_token": {
        "mean": 0.38656191917974503,
        "min": 0.044270079117268324,
        "max": 1.7412861320190132,
        "p0.1": 0.0447566685853526,
        "p1": 0.06334039335604758,
        "p5": 0.07280222789850087,
        "p10": 0.11248869500122964,
        "p25": 0.19878073455765843,
        "median": 0.29116902756504714,
        "p75": 0.5251145780785009,
        "p90": 0.7384764413814995,
        "p95": 0.8970935083227229,
        "p99": 1.2535375213902442,
        "p99.9": 1.7129212542730403
      },
      "inter_token_latency": {
        "mean": 0.03715402738302153,
        "min": 5.3979456424713135e-06,
        "max": 0.5469550369307399,
        "p0.1": 6.021630950272083e-06,
        "p1": 8.291099220514297e-06,
        "p5": 0.008496416849084198,
        "p10": 0.02208513622172178,
        "p25": 0.03136943688150495,
        "median": 0.03363645519129932,
        "p75": 0.037165828282013535,
        "p90": 0.040099090058356525,
        "p95": 0.04139058906584978,
        "p99": 0.21902469097170973,
        "p99.9": 0.45858079097326854
      }
    },
    "throughput": {
      "input_tokens_per_sec": 59714.911444233505,
      "output_tokens_per_sec": 7897.35330335979,
      "total_tokens_per_sec": 67612.26474759329,
      "requests_per_sec": 7.912925941612883
    },
    "prompt_len": {
      "mean": 7546.502,
      "min": 7480.0,
      "max": 7613.0,
      "p0.1": 7480.998,
      "p1": 7492.99,
      "p5": 7508.0,
      "p10": 7516.0,
      "p25": 7531.0,
      "median": 7547.0,
      "p75": 7562.0,
      "p90": 7578.0,
      "p95": 7585.0,
      "p99": 7601.03,
      "p99.9": 7612.501
    },
    "output_len": {
      "mean": 998.032,
      "min": 928.0,
      "max": 1013.0,
      "p0.1": 941.473,
      "p1": 983.96,
      "p5": 992.0,
      "p10": 994.0,
      "p25": 996.0,
      "median": 999.0,
      "p75": 1001.0,
      "p90": 1002.1,
      "p95": 1004.0,
      "p99": 1007.0,
      "p99.9": 1010.5050000000001
    }
  },
  "failures": {
    "count": 0,
    "request_latency": null,
    "prompt_len": null
  }
}