{
  "load_summary": {
    "count": 300,
    "schedule_delay": {
      "mean": 0.0005501575566207369,
      "min": -0.0007969452999532223,
      "max": 0.00214508268982172,
      "p0.1": -0.0007258593360893428,
      "p1": -0.0005490425415337085,
      "p5": -0.00031637814827263356,
      "p10": -0.00015279008075594903,
      "p25": 0.00014497165102511644,
      "median": 0.0005494637880474329,
      "p75": 0.000930009875446558,
      "p90": 0.0012293749023228884,
      "p95": 0.0014071548124775291,
      "p99": 0.001742844698019325,
      "p99.9": 0.0020896740523166993
    },
    "send_duration": 20.32085920171812,
    "requested_rate": 15.0,
    "achieved_rate": 14.763155288957226
  },
  "successes": {
    "count": 300,
    "latency": {
      "request_latency": {
        "mean": 30.56854700782181,
        "min": 14.682646499946713,
        "max": 43.88901877589524,
        "p0.1": 14.74901071968628,
        "p1": 15.13747371725738,
        "p5": 18.594572411407718,
        "p10": 21.252987865218895,
        "p25": 26.06249751802534,
        "median": 31.11196900648065,
        "p75": 35.86804752529133,
        "p90": 38.138054576795554,
        "p95": 41.36347363740206,
        "p99": 43.52598865426611,
        "p99.9": 43.83569020234235
      },
      "normalized_time_per_output_token": {
        "mean": 0.03075206038315157,
        "min": 0.014771274144815607,
        "max": 0.04442208378127049,
        "p0.1": 0.014824548354275656,
        "p1": 0.015235802580816043,
        "p5": 0.018638342070563568,
        "p10": 0.021325186857413594,
        "p25": 0.026141503489592727,
        "median": 0.031394519683633354,
        "p75": 0.03607884871616331,
        "p90": 0.0383082826608384,
        "p95": 0.04156131191438189,
        "p99": 0.04387580985733313,
        "p99.9": 0.044297582225462
      },
      "time_per_output_token": {
        "mean": 0.028477074033649023,
        "min": 0.013853962118271739,
        "max": 0.04345429848181084,
        "p0.1": 0.013896779278690461,
        "p1": 0.014292776007908396,
        "p5": 0.016658624000288544,
        "p10": 0.02031223588446155,
        "p25": 0.02223710194567684,
        "median": 0.02831059527560137,
        "p75": 0.03474530366319231,
        "p90": 0.037352989809541035,
        "p95": 0.041056760094943454,
        "p99": 0.04250940226841717,
        "p99.9": 0.04329924958433212
      },
      "time_to_first_token": {
        "mean": 2.060732972367356,
        "min": 0.08487980905920267,
        "max": 7.923452788032591,
        "p0.1": 0.08607900589937344,
        "p1": 0.09367247542832047,
        "p5": 0.10553653351962566,
        "p10": 0.17676119222305714,
        "p25": 0.5184916915604845,
        "median": 1.2981915455311537,
        "p75": 3.202638135990128,
        "p90": 5.078129624715076,
        "p95": 6.002565295645037,
        "p99": 7.500722333332523,
        "p99.9": 7.850966866827109
      },
      "inter_token_latency": {
        "mean": 0.02847707403364902,
        "min": 5.402136594057083e-06,
        "max": 4.0425285692326725,
        "p0.1": 5.921346601098776e-06,
        "p1": 8.101090788841247e-06,
        "p5": 0.009279024577699602,
        "p10": 0.011698947194963694,
        "p25": 0.01688643591478467,
        "median": 0.020920488983392715,
        "p75": 0.022997239604592323,
        "p90": 0.027897685021162036,
        "p95": 0.028764568967744705,
        "p99": 0.311314005679451,
        "p99.9": 1.4271616147952157
      }
    },
    "throughput": {
      "input_tokens_per_sec": 44445.183463127025,
      "output_tokens_per_sec": 5854.808286910178,
      "total_tokens_per_sec": 50299.9917500372,
      "requests_per_sec": 5.889852911735002
    },
    "prompt_len": {
      "mean": 7546.06,
      "min": 7475.0,
      "max": 7616.0,
      "p0.1": 7477.392,
      "p1": 7495.92,
      "p5": 7509.0,
      "p10": 7517.9,
      "p25": 7531.0,
      "median": 7545.0,
      "p75": 7560.0,
      "p90": 7578.0,
      "p95": 7587.05,
      "p99": 7598.0,
      "p99.9": 7610.917
    },
    "output_len": {
      "mean": 994.05,
      "min": 968.0,
      "max": 1005.0,
      "p0.1": 968.598,
      "p1": 977.96,
      "p5": 985.95,
      "p10": 988.0,
      "p25": 992.0,
      "median": 995.0,
      "p75": 997.0,
      "p90": 998.0,
      "p95": 999.0,
      "p99": 1003.01,
      "p99.9": 1004.701
    }
  },
  "failures": {
    "count": 0,
    "request_latency": null,
    "prompt_len": null
  }
}