{
  "load_summary": {
    "count": 1000,
    "schedule_delay": {
      "mean": 0.0004845163864083588,
      "min": -0.0009082253091037273,
      "max": 0.002015889622271061,
      "p0.1": -0.0009052201453596353,
      "p1": -0.0006656528124585748,
      "p5": -0.00035043233074247835,
      "p10": -0.00013988995924592017,
      "p25": 0.00015709013678133488,
      "median": 0.0004815224092453718,
      "p75": 0.0008383507374674082,
      "p90": 0.001106142718344927,
      "p95": 0.0012543151853606103,
      "p99": 0.0015783928846940397,
      "p99.9": 0.001856027471367284
    },
    "send_duration": 24.438416553195566,
    "requested_rate": 40.0,
    "achieved_rate": 40.91918139717772
  },
  "successes": {
    "count": 1000,
    "latency": {
      "request_latency": {
        "mean": 86.8491412662547,
        "min": 59.45152886537835,
        "max": 112.09249090589583,
        "p0.1": 59.768260861914136,
        "p1": 61.97103513129987,
        "p5": 69.56788648481015,
        "p10": 71.78302897913382,
        "p25": 77.28804916818626,
        "median": 86.72060839738697,
        "p75": 95.58568497351371,
        "p90": 103.17677918616683,
        "p95": 107.07164231594652,
        "p99": 110.9467525347136,
        "p99.9": 112.00947206516891
      },
      "normalized_time_per_output_token": {
        "mean": 0.08719545967427668,
        "min": 0.007841734249299142,
        "max": 0.11652977087469713,
        "p0.1": 0.009537248106708772,
        "p1": 0.06135531162714352,
        "p5": 0.06973791227724778,
        "p10": 0.07209106245360855,
        "p25": 0.07755619572000175,
        "median": 0.08738631616191325,
        "p75": 0.09639020482100426,
        "p90": 0.10389287486456894,
        "p95": 0.10778716802862254,
        "p99": 0.11156619048557509,
        "p99.9": 0.11348773501328936
      },
      "time_per_output_token": {
        "mean": 0.07585737024148646,
        "min": 0.047388421998824926,
        "max": 0.11175038781110197,
        "p0.1": 0.04738884638330387,
        "p1": 0.047932632587961856,
        "p5": 0.05327623774656095,
        "p10": 0.056705261768121275,
        "p25": 0.06428046530752908,
        "median": 0.07522833236074075,
        "p75": 0.08653217730973847,
        "p90": 0.09718241946808993,
        "p95": 0.10264889535813126,
        "p99": 0.10883092492925468,
        "p99.9": 0.11116419219440181
      },
      "time_to_first_token": {
        "mean": 10.960544380311388,
        "min": 0.09014507569372654,
        "max": 30.50200132187456,
        "p0.1": 0.09149059542734175,
        "p1": 0.16119809980969876,
        "p5": 0.42412095663603394,
        "p10": 1.0038155532442035,
        "p25": 4.736805040854961,
        "median": 10.81517640198581,
        "p75": 16.606944913044572,
        "p90": 19.92820972763002,
        "p95": 23.754658826161176,
        "p99": 29.777375605627896,
        "p99.9": 30.189941098467475
      },
      "inter_token_latency": {
        "mean": 0.07585737024148646,
        "min": 5.4300762712955475e-06,
        "max": 3.825087388046086,
        "p0.1": 6.139743607491255e-06,
        "p1": 1.1777970939874649e-05,
        "p5": 0.04536945328582078,
        "p10": 0.04823575606569648,
        "p25": 0.052125827642157674,
        "median": 0.05582676874473691,
        "p75": 0.060687860823236406,
        "p90": 0.06329565849155187,
        "p95": 0.06539954124018549,
        "p99": 0.8174823251739144,
        "p99.9": 2.0897394117917907
      }
    },
    "throughput": {
      "input_tokens_per_sec": 65623.65392102815,
      "output_tokens_per_sec": 8838.865729815212,
      "total_tokens_per_sec": 74462.51965084336,
      "requests_per_sec": 8.695254899888651
    },
    "prompt_len": {
      "mean": 7547.065,
      "min": 7474.0,
      "max": 7621.0,
      "p0.1": 7474.999,
      "p1": 7495.99,
      "p5": 7510.0,
      "p10": 7518.0,
      "p25": 7531.0,
      "median": 7546.0,
      "p75": 7561.0,
      "p90": 7578.0,
      "p95": 7587.0,
      "p99": 7599.0,
      "p99.9": 7616.005
    },
    "output_len": {
      "mean": 1016.516,
      "min": 858.0,
      "max": 8609.0,
      "p0.1": 874.983,
      "p1": 972.97,
      "p5": 985.95,
      "p10": 989.0,
      "p25": 993.0,
      "median": 995.0,
      "p75": 997.0,
      "p90": 999.0,
      "p95": 1000.0,
      "p99": 1003.0,
      "p99.9": 8544.065000000006
    }
  },
  "failures": {
    "count": 0,
    "request_latency": null,
    "prompt_len": null
  }
}