{
  "load_summary": {
    "count": 200,
    "schedule_delay": {
      "mean": 0.000577696377877146,
      "min": -0.0007555969059467316,
      "max": 0.0036767879500985146,
      "p0.1": -0.0007417499218136072,
      "p1": -0.0006348808156326413,
      "p5": -0.0003213612595573068,
      "p10": -7.872004061937328e-05,
      "p25": 0.00015829456970095634,
      "median": 0.0005604436155408621,
      "p75": 0.000957840820774436,
      "p90": 0.0012315049301832913,
      "p95": 0.0014193190960213537,
      "p99": 0.0018169283540919296,
      "p99.9": 0.003583041788078852
    },
    "send_duration": 19.31026343628764,
    "requested_rate": 10.0,
    "achieved_rate": 10.357186511715947
  },
  "successes": {
    "count": 200,
    "latency": {
      "request_latency": {
        "mean": 20.585008952205534,
        "min": 9.384254835080355,
        "max": 33.59456583298743,
        "p0.1": 9.700745913596359,
        "p1": 12.280736181358806,
        "p5": 13.191770172165707,
        "p10": 14.200798630667851,
        "p25": 16.532439312897623,
        "median": 19.7765141853597,
        "p75": 23.616721244878136,
        "p90": 28.85549924271181,
        "p95": 32.309599281381814,
        "p99": 33.37382286181207,
        "p99.9": 33.58526991537493
      },
      "normalized_time_per_output_token": {
        "mean": 0.020733161327118804,
        "min": 0.009421942605502364,
        "max": 0.033797349932582925,
        "p0.1": 0.009755224551473514,
        "p1": 0.012306347581885401,
        "p5": 0.01324673865292604,
        "p10": 0.014305182594440805,
        "p25": 0.016597770805456272,
        "median": 0.019874926342972134,
        "p75": 0.02379614070757066,
        "p90": 0.0289577542224218,
        "p95": 0.03239239041712836,
        "p99": 0.03368310263329344,
        "p99.9": 0.03378485179487585
      },
      "time_per_output_token": {
        "mean": 0.019616549398195397,
        "min": 0.008930606867186726,
        "max": 0.032967369666788725,
        "p0.1": 0.009217227575472092,
        "p1": 0.011107692874534987,
        "p5": 0.012797825360162725,
        "p10": 0.013561165362736211,
        "p25": 0.01581330004869485,
        "median": 0.018654406591437342,
        "p75": 0.02297283569548745,
        "p90": 0.027434552727267147,
        "p95": 0.029051764905336296,
        "p99": 0.031874530888088046,
        "p99.9": 0.03285962920901134
      },
      "time_to_first_token": {
        "mean": 0.981428674000781,
        "min": 0.051311306189745665,
        "max": 3.949174091219902,
        "p0.1": 0.05147514925710857,
        "p1": 0.0898412431590259,
        "p5": 0.11077147163450718,
        "p10": 0.167120250640437,
        "p25": 0.23816195141989738,
        "median": 0.5318448790349066,
        "p75": 1.421962550492026,
        "p90": 2.7880671783816067,
        "p95": 2.998556620185262,
        "p99": 3.8246522799413647,
        "p99.9": 3.930963136740496
      },
      "inter_token_latency": {
        "mean": 0.01962439591950338,
        "min": 5.4151751101017e-06,
        "max": 1.8003787519410253,
        "p0.1": 5.78442495316267e-06,
        "p1": 7.004942744970322e-06,
        "p5": 0.006182270823046565,
        "p10": 0.008805057825520634,
        "p25": 0.0117839309386909,
        "median": 0.01480623334646225,
        "p75": 0.018149567767977715,
        "p90": 0.0210882265586406,
        "p95": 0.02185205842833966,
        "p99": 0.200861544474028,
        "p99.9": 0.8192931159026922
      }
    },
    "throughput": {
      "input_tokens_per_sec": 39653.197554560706,
      "output_tokens_per_sec": 5218.736552886621,
      "total_tokens_per_sec": 44871.93410744733,
      "requests_per_sec": 5.254281769054273
    },
    "prompt_len": {
      "mean": 7546.835,
      "min": 7483.0,
      "max": 7598.0,
      "p0.1": 7483.995,
      "p1": 7501.86,
      "p5": 7513.0,
      "p10": 7519.0,
      "p25": 7532.0,
      "median": 7546.0,
      "p75": 7559.0,
      "p90": 7577.1,
      "p95": 7587.05,
      "p99": 7594.04,
      "p99.9": 7598.0
    },
    "output_len": {
      "mean": 993.235,
      "min": 784.0,
      "max": 1004.0,
      "p0.1": 820.417,
      "p1": 967.0,
      "p5": 985.9,
      "p10": 989.0,
      "p25": 993.0,
      "median": 996.0,
      "p75": 997.0,
      "p90": 998.0,
      "p95": 999.0,
      "p99": 1002.01,
      "p99.9": 1003.801
    }
  },
  "failures": {
    "count": 0,
    "request_latency": null,
    "prompt_len": null
  }
}