{
  "load_summary": {
    "count": 1000,
    "schedule_delay": {
      "mean": 0.0006367693259380758,
      "min": -0.0009811907075345516,
      "max": 0.00799610698595643,
      "p0.1": -0.0009270233288407325,
      "p1": -0.0005619226116687059,
      "p5": -0.000343270949088037,
      "p10": -0.00014062919653952117,
      "p25": 0.00018141872715204954,
      "median": 0.000613063108175993,
      "p75": 0.0010451331036165357,
      "p90": 0.0014470649417489766,
      "p95": 0.0017164977965876452,
      "p99": 0.002183486595749855,
      "p99.9": 0.0026266311313961816
    },
    "send_duration": 48.200735315680504,
    "requested_rate": 20.0,
    "achieved_rate": 20.746571467234098
  },
  "successes": {
    "count": 1000,
    "latency": {
      "request_latency": {
        "mean": 83.41643411254044,
        "min": 12.228668121155351,
        "max": 244.20829823520035,
        "p0.1": 14.499341768378857,
        "p1": 17.429838196705095,
        "p5": 23.28450360891875,
        "p10": 26.378747338196263,
        "p25": 33.12844708526973,
        "median": 40.6763022353407,
        "p75": 156.39118598832283,
        "p90": 173.19362175986177,
        "p95": 202.94620263627718,
        "p99": 242.36886041273362,
        "p99.9": 243.68021021949784
      },
      "normalized_time_per_output_token": {
        "mean": 0.0836337137738303,
        "min": 0.003887694514501858,
        "max": 0.2499573165150464,
        "p0.1": 0.012244808990139949,
        "p1": 0.017384274371755236,
        "p5": 0.023068679826273437,
        "p10": 0.02631646132092934,
        "p25": 0.03315224577006217,
        "median": 0.04074209177167129,
        "p75": 0.1564718041747684,
        "p90": 0.176135104614157,
        "p95": 0.20432504094718404,
        "p99": 0.24296826118188974,
        "p99.9": 0.24755321119044102
      },
      "time_per_output_token": {
        "mean": 0.08200990707206145,
        "min": 0.011720104204956443,
        "max": 0.2414694236717187,
        "p0.1": 0.013997105104422662,
        "p1": 0.01692417947210837,
        "p5": 0.02228288088263944,
        "p10": 0.025791037681838498,
        "p25": 0.032453946928842924,
        "median": 0.04014556963252835,
        "p75": 0.1542185120433569,
        "p90": 0.16870438119904138,
        "p95": 0.19642113757112525,
        "p99": 0.24117040142475626,
        "p99.9": 0.2414328540085652
      },
      "time_to_first_token": {
        "mean": 1.3780892233541235,
        "min": 0.11320580122992396,
        "max": 13.41783150518313,
        "p0.1": 0.11325458303885534,
        "p1": 0.14722453854978085,
        "p5": 0.23234819660428913,
        "p10": 0.41111182649619876,
        "p25": 0.4743973814183846,
        "median": 0.638906016247347,
        "p75": 1.2882414717460051,
        "p90": 3.3546938124578447,
        "p95": 6.133702800446188,
        "p99": 9.992001481088808,
        "p99.9": 12.471353205039252
      },
      "inter_token_latency": {
        "mean": 0.08201690820792358,
        "min": 5.418900400400162e-06,
        "max": 2.0308877448551357,
        "p0.1": 6.636139005422592e-06,
        "p1": 0.006341848354786635,
        "p5": 0.010139775020070374,
        "p10": 0.014785917568951848,
        "p25": 0.02780719893053174,
        "median": 0.03235166147351265,
        "p75": 0.1535732178017497,
        "p90": 0.16260039592161776,
        "p95": 0.25624913726933296,
        "p99": 0.39361404166091235,
        "p99.9": 0.6356296870736408
      }
    },
    "throughput": {
      "input_tokens_per_sec": 28067.850165419546,
      "output_tokens_per_sec": 3738.41915009,
      "total_tokens_per_sec": 31806.269315509548,
      "requests_per_sec": 3.7195942834216034
    },
    "prompt_len": {
      "mean": 7545.944,
      "min": 7485.0,
      "max": 7612.0,
      "p0.1": 7488.996,
      "p1": 7496.0,
      "p5": 7508.0,
      "p10": 7515.0,
      "p25": 7529.0,
      "median": 7546.0,
      "p75": 7564.0,
      "p90": 7576.1,
      "p95": 7583.0,
      "p99": 7595.0,
      "p99.9": 7605.0070000000005
    },
    "output_len": {
      "mean": 1005.061,
      "min": 909.0,
      "max": 8531.0,
      "p0.1": 946.962,
      "p1": 979.97,
      "p5": 992.0,
      "p10": 993.0,
      "p25": 996.0,
      "median": 998.0,
      "p75": 1000.0,
      "p90": 1002.0,
      "p95": 1003.0,
      "p99": 1006.0,
      "p99.9": 1016.5220000006773
    }
  },
  "failures": {
    "count": 0,
    "request_latency": null,
    "prompt_len": null
  }
}