{
  "load_summary": {
    "count": 3050,
    "schedule_delay": {
      "mean": 0.0005198666596876793,
      "min": -0.0009811907075345516,
      "max": 0.00799610698595643,
      "p0.1": -0.0009451822619885206,
      "p1": -0.000722050778567791,
      "p5": -0.00040004833135753865,
      "p10": -0.00019814060069620607,
      "p25": 0.0001345789059996605,
      "median": 0.000508918659761548,
      "p75": 0.0008918952662497759,
      "p90": 0.001236287085339427,
      "p95": 0.0014447513967752454,
      "p99": 0.0018892186181619745,
      "p99.9": 0.002495033317711242
    }
  },
  "successes": {
    "count": 3050,
    "latency": {
      "request_latency": {
        "mean": 76.20616498473085,
        "min": 6.575241829734296,
        "max": 245.61068011634052,
        "p0.1": 6.689586790884845,
        "p1": 7.727065553870052,
        "p5": 12.158309461246244,
        "p10": 17.428399400785565,
        "p25": 27.114906527567655,
        "median": 37.39756487379782,
        "p75": 150.8883408519905,
        "p90": 166.73271034867503,
        "p95": 207.47587971673346,
        "p99": 243.59426852175966,
        "p99.9": 245.0157490841552
      },
      "normalized_time_per_output_token": {
        "mean": 0.07641931916157059,
        "min": 0.0032126247198836755,
        "max": 0.2499573165150464,
        "p0.1": 0.006600212060728982,
        "p1": 0.007719525155963576,
        "p5": 0.01207631723946067,
        "p10": 0.017411451675107263,
        "p25": 0.027185558607453017,
        "median": 0.03749342616449554,
        "p75": 0.1514946384771784,
        "p90": 0.16741014493678477,
        "p95": 0.20827126759193607,
        "p99": 0.24415471052399246,
        "p99.9": 0.24723992253210075
      },
      "time_per_output_token": {
        "mean": 0.07525753637750536,
        "min": 0.0062481100200675425,
        "max": 0.24378291993401946,
        "p0.1": 0.006316244777616934,
        "p1": 0.0075238815422449265,
        "p5": 0.011806835121451878,
        "p10": 0.016982911367481576,
        "p25": 0.026750393613707277,
        "median": 0.036873238170752304,
        "p75": 0.14966259754018393,
        "p90": 0.16522419665940105,
        "p95": 0.20615127305083442,
        "p99": 0.24192502391914372,
        "p99.9": 0.2434874472298501
      },
      "time_to_first_token": {
        "mean": 0.9199020289425113,
        "min": 0.0464117219671607,
        "max": 13.41783150518313,
        "p0.1": 0.0483229225827381,
        "p1": 0.06856944533996284,
        "p5": 0.1274136916967109,
        "p10": 0.1615161187481135,
        "p25": 0.3836412444943562,
        "median": 0.5163853666745126,
        "p75": 0.8847283587092534,
        "p90": 1.7874327946919946,
        "p95": 3.189045356353741,
        "p99": 7.365026669511563,
        "p99.9": 11.516270587226417
      },
      "inter_token_latency": {
        "mean": 0.0752627612854647,
        "min": 5.418900400400162e-06,
        "max": 2.0308877448551357,
        "p0.1": 6.481073796749115e-06,
        "p1": 0.00566592363640666,
        "p5": 0.007885739766061306,
        "p10": 0.010175737738609313,
        "p25": 0.020468418020755053,
        "median": 0.031993578653782606,
        "p75": 0.15346757182851434,
        "p90": 0.16687044771388176,
        "p95": 0.2569063981994987,
        "p99": 0.3008663611486554,
        "p99.9": 0.4415954365953804
      }
    },
    "throughput": {
      "input_tokens_per_sec": 23438.65927441228,
      "output_tokens_per_sec": 3113.776299346851,
      "total_tokens_per_sec": 26552.43557375913,
      "requests_per_sec": 3.106108793410592
    },
    "prompt_len": {
      "mean": 7545.987868852459,
      "min": 7485.0,
      "max": 7612.0,
      "p0.1": 7489.0,
      "p1": 7496.0,
      "p5": 7508.45,
      "p10": 7516.0,
      "p25": 7529.0,
      "median": 7546.0,
      "p75": 7564.0,
      "p90": 7576.0,
      "p95": 7582.549999999999,
      "p99": 7595.0,
      "p99.9": 7605.0
    },
    "output_len": {
      "mean": 1002.468524590164,
      "min": 867.0,
      "max": 8567.0,
      "p0.1": 939.0,
      "p1": 979.49,
      "p5": 992.0,
      "p10": 994.0,
      "p25": 996.0,
      "median": 998.0,
      "p75": 1000.0,
      "p90": 1002.0,
      "p95": 1003.0,
      "p99": 1006.0,
      "p99.9": 1008.9510000000005
    }
  },
  "failures": {
    "count": 0,
    "request_latency": null,
    "prompt_len": null
  }
}