{
  "load_summary": {
    "count": 1650,
    "schedule_delay": {
      "mean": 0.00043581336172241153,
      "min": -0.001032139640301466,
      "max": 0.002151935361325741,
      "p0.1": -0.0009241255125962197,
      "p1": -0.0007595831993967295,
      "p5": -0.00043848578352481124,
      "p10": -0.0002528123091906309,
      "p25": 8.05179588496685e-05,
      "median": 0.00042841630056500435,
      "p75": 0.0008155476534739137,
      "p90": 0.0011243187822401524,
      "p95": 0.001305897301062941,
      "p99": 0.0015682510193437338,
      "p99.9": 0.0020114438738674124
    },
    "send_duration": 30.700606749393046,
    "requested_rate": 55.0,
    "achieved_rate": 53.744866134693595
  },
  "successes": {
    "count": 1650,
    "latency": {
      "request_latency": {
        "mean": 84.42382241455047,
        "min": 55.76432768860832,
        "max": 126.77638202393427,
        "p0.1": 56.0164375349097,
        "p1": 56.963955289097505,
        "p5": 59.09913430288434,
        "p10": 61.127382637839766,
        "p25": 72.06591456767637,
        "median": 83.49436655710451,
        "p75": 95.78334690933116,
        "p90": 106.31352822408081,
        "p95": 116.10824758915696,
        "p99": 124.7223099658871,
        "p99.9": 126.30490598899918
      },
      "normalized_time_per_output_token": {
        "mean": 0.08423412128620163,
        "min": 0.006565315543251393,
        "max": 0.12705966244656366,
        "p0.1": 0.007025335920241908,
        "p1": 0.05653115871305977,
        "p5": 0.05891952709498291,
        "p10": 0.06098659484173859,
        "p25": 0.07208498774186402,
        "median": 0.08352186292141675,
        "p75": 0.0958008145661434,
        "p90": 0.10621689348204583,
        "p95": 0.11623521379095698,
        "p99": 0.12488385080049444,
        "p99.9": 0.12681967835425628
      },
      "time_per_output_token": {
        "mean": 0.06935963693624439,
        "min": 0.013885856850072742,
        "max": 0.09959051548177376,
        "p0.1": 0.014223464448364918,
        "p1": 0.018710863823606632,
        "p5": 0.03292372085808311,
        "p10": 0.05327275410080329,
        "p25": 0.05723820314393379,
        "median": 0.07114282664796337,
        "p75": 0.08164958980598022,
        "p90": 0.09037115326118655,
        "p95": 0.0939856309116818,
        "p99": 0.09764227191472426,
        "p99.9": 0.09907039810863232
      },
      "time_to_first_token": {
        "mean": 15.068468325944673,
        "min": 0.15207264013588428,
        "max": 97.96412510471418,
        "p0.1": 0.1665767066865228,
        "p1": 0.3493003054335713,
        "p5": 0.6559809258207678,
        "p10": 0.9436833317391574,
        "p25": 2.0343381902202964,
        "median": 3.8375112351495773,
        "p75": 6.9058147120522335,
        "p90": 50.51708293617703,
        "p95": 90.08507542381994,
        "p99": 96.84805199739523,
        "p99.9": 97.73959148955299
      },
      "inter_token_latency": {
        "mean": 0.06935628658482784,
        "min": 5.4282136261463165e-06,
        "max": 41.428052539005876,
        "p0.1": 6.178859621286392e-06,
        "p1": 1.0999953374266625e-05,
        "p5": 0.024432849860750137,
        "p10": 0.037202269630506636,
        "p25": 0.040416468400508165,
        "median": 0.06382712651975453,
        "p75": 0.06898883858229965,
        "p90": 0.07257422669790686,
        "p95": 0.07569299861788749,
        "p99": 0.4807992832036687,
        "p99.9": 0.6199544741497425
      }
    },
    "throughput": {
      "input_tokens_per_sec": 81566.09249835188,
      "output_tokens_per_sec": 11183.713343392577,
      "total_tokens_per_sec": 92749.80584174446,
      "requests_per_sec": 10.809064612959162
    },
    "prompt_len": {
      "mean": 7546.082424242424,
      "min": 7480.0,
      "max": 7626.0,
      "p0.1": 7483.894,
      "p1": 7492.0,
      "p5": 7508.0,
      "p10": 7516.0,
      "p25": 7530.0,
      "median": 7545.0,
      "p75": 7563.0,
      "p90": 7578.0,
      "p95": 7588.0,
      "p99": 7602.0,
      "p99.9": 7622.755000000001
    },
    "output_len": {
      "mean": 1034.6606060606061,
      "min": 754.0,
      "max": 8585.0,
      "p0.1": 949.066,
      "p1": 983.0,
      "p5": 993.0,
      "p10": 994.0,
      "p25": 996.0,
      "median": 998.0,
      "p75": 1001.0,
      "p90": 1003.0,
      "p95": 1004.0,
      "p99": 1007.0,
      "p99.9": 8578.0
    }
  },
  "failures": {
    "count": 0,
    "request_latency": null,
    "prompt_len": null
  }
}