{
  "load_summary": {
    "count": 4350,
    "schedule_delay": {
      "mean": 0.0004584296780970247,
      "min": -0.001052111852914095,
      "max": 0.0206867135129869,
      "p0.1": -0.000964525614399463,
      "p1": -0.0007548059523105621,
      "p5": -0.0004436729708686471,
      "p10": -0.0002431964501738548,
      "p25": 7.860560435801744e-05,
      "median": 0.0004378205630928278,
      "p75": 0.000828096061013639,
      "p90": 0.0011530459858477115,
      "p95": 0.0013702912721782923,
      "p99": 0.0017373042320832615,
      "p99.9": 0.0023533441377804397
    }
  },
  "successes": {
    "count": 4350,
    "latency": {
      "request_latency": {
        "mean": 78.56965098202785,
        "min": 28.63745336001739,
        "max": 158.60912647517398,
        "p0.1": 31.24105576250935,
        "p1": 36.47541172611993,
        "p5": 42.90878197639249,
        "p10": 48.517148395162074,
        "p25": 62.065467240987346,
        "median": 77.0765278940089,
        "p75": 89.81472590065096,
        "p90": 107.7250510939397,
        "p95": 123.59044701070528,
        "p99": 152.9800668070838,
        "p99.9": 156.38150918006957
      },
      "normalized_time_per_output_token": {
        "mean": 0.07846883943646277,
        "min": 0.004612949989152768,
        "max": 0.16126581952719315,
        "p0.1": 0.007017189651632666,
        "p1": 0.035125076155929136,
        "p5": 0.04263851491342244,
        "p10": 0.048449741726032114,
        "p25": 0.062077626003370315,
        "median": 0.07714375485641284,
        "p75": 0.08994116310972958,
        "p90": 0.1077976592643003,
        "p95": 0.12371466217266927,
        "p99": 0.15329822615233946,
        "p99.9": 0.15824774261969354
      },
      "time_per_output_token": {
        "mean": 0.06486888471564468,
        "min": 0.01030902193300426,
        "max": 0.09959051548177376,
        "p0.1": 0.011200858603010198,
        "p1": 0.019861584537839518,
        "p5": 0.03635748559338972,
        "p10": 0.04319820304238237,
        "p25": 0.053803335389471615,
        "median": 0.06732578648347408,
        "p75": 0.078357713755453,
        "p90": 0.08585611575352958,
        "p95": 0.08987081033929717,
        "p99": 0.09618783005886712,
        "p99.9": 0.09885472053798057
      },
      "time_to_first_token": {
        "mean": 13.6903170289506,
        "min": 0.0631591621786356,
        "max": 148.26954871602356,
        "p0.1": 0.07250175961013883,
        "p1": 0.14964850534684956,
        "p5": 0.2535415966529399,
        "p10": 0.3857727236580104,
        "p25": 0.7190381027758121,
        "median": 1.7021532808430493,
        "p75": 5.688556676846929,
        "p90": 52.181009171018374,
        "p95": 93.70572274285372,
        "p99": 104.0717034401698,
        "p99.9": 139.78410489929712
      },
      "inter_token_latency": {
        "mean": 0.06487087090857149,
        "min": 5.4282136261463165e-06,
        "max": 41.428052539005876,
        "p0.1": 6.2319450080394745e-06,
        "p1": 1.2761410325765609e-05,
        "p5": 0.024288792070001362,
        "p10": 0.032564064301550386,
        "p25": 0.038928119000047445,
        "median": 0.05847549997270107,
        "p75": 0.07040401268750429,
        "p90": 0.0751353982836008,
        "p95": 0.07937526777386662,
        "p99": 0.4542622331622988,
        "p99.9": 0.57967230465077
      }
    },
    "throughput": {
      "input_tokens_per_sec": 77031.03136278395,
      "output_tokens_per_sec": 10454.672173335326,
      "total_tokens_per_sec": 87485.70353611927,
      "requests_per_sec": 10.208135149338979
    },
    "prompt_len": {
      "mean": 7546.043448275862,
      "min": 7480.0,
      "max": 7626.0,
      "p0.1": 7480.0,
      "p1": 7492.0,
      "p5": 7508.0,
      "p10": 7516.0,
      "p25": 7530.0,
      "median": 7545.0,
      "p75": 7563.0,
      "p90": 7578.0,
      "p95": 7588.0,
      "p99": 7602.0,
      "p99.9": 7624.255000000004
    },
    "output_len": {
      "mean": 1024.1510344827586,
      "min": 754.0,
      "max": 8585.0,
      "p0.1": 939.698,
      "p1": 983.49,
      "p5": 993.0,
      "p10": 994.0,
      "p25": 996.0,
      "median": 998.0,
      "p75": 1001.0,
      "p90": 1003.0,
      "p95": 1004.0,
      "p99": 1007.0,
      "p99.9": 8566.879000000023
    }
  },
  "failures": {
    "count": 0,
    "request_latency": null,
    "prompt_len": null
  }
}