{
  "load_summary": {
    "count": 300,
    "schedule_delay": {
      "mean": 0.0004603675038864215,
      "min": -0.0009461003355681896,
      "max": 0.0024037701077759266,
      "p0.1": -0.0009272217703983188,
      "p1": -0.0006808902975171805,
      "p5": -0.000458857580088079,
      "p10": -0.000241878954693675,
      "p25": 9.912822861224413e-05,
      "median": 0.0004581769462674856,
      "p75": 0.0008178348653018475,
      "p90": 0.0011726852506399156,
      "p95": 0.0013256440870463848,
      "p99": 0.0017229171050712458,
      "p99.9": 0.0022380156372673933
    },
    "send_duration": 59.595924543682486,
    "requested_rate": 5.0,
    "achieved_rate": 5.0339012658509334
  },
  "successes": {
    "count": 300,
    "latency": {
      "request_latency": {
        "mean": 37.8914468523503,
        "min": 14.67184777976945,
        "max": 49.094358277041465,
        "p0.1": 15.335431476447265,
        "p1": 18.323490408281796,
        "p5": 23.03106092971284,
        "p10": 27.417300937324764,
        "p25": 33.654544292832725,
        "median": 37.72534249792807,
        "p75": 45.21328245825134,
        "p90": 47.660871542152016,
        "p95": 48.55810037616175,
        "p99": 49.000563301383515,
        "p99.9": 49.07868220252404
      },
      "normalized_time_per_output_token": {
        "mean": 0.01893863790848886,
        "min": 0.0073395936867280895,
        "max": 0.024547179138520732,
        "p0.1": 0.0076690262802579,
        "p1": 0.009147935879387175,
        "p5": 0.011510055435098011,
        "p10": 0.013732749979779496,
        "p25": 0.016823065821400494,
        "median": 0.018859217419516648,
        "p75": 0.02258973445936673,
        "p90": 0.023823833625729308,
        "p95": 0.024248882179750762,
        "p99": 0.024488160175367216,
        "p99.9": 0.02454300881938366
      },
      "time_per_output_token": {
        "mean": 0.018875383160603908,
        "min": 0.007264937657862901,
        "max": 0.02448682165844366,
        "p0.1": 0.007611580511191394,
        "p1": 0.009138898505654651,
        "p5": 0.011486450820800383,
        "p10": 0.013675681659346446,
        "p25": 0.016704940701951273,
        "median": 0.018804429770214483,
        "p75": 0.022514723522996063,
        "p90": 0.023729425046406686,
        "p95": 0.024190380287577862,
        "p99": 0.024450531433615835,
        "p99.9": 0.02448227391018369
      },
      "time_to_first_token": {
        "mean": 0.1283685594641914,
        "min": 0.02969027915969491,
        "max": 0.36440357100218534,
        "p0.1": 0.029752067440655082,
        "p1": 0.030967159853316845,
        "p5": 0.037712574983015654,
        "p10": 0.042788914684206245,
        "p25": 0.05984123016241938,
        "median": 0.12776734493672848,
        "p75": 0.16561165277380496,
        "p90": 0.21776770045980812,
        "p95": 0.2799308836692945,
        "p99": 0.32986415905412286,
        "p99.9": 0.3544608322125867
      },
      "inter_token_latency": {
        "mean": 0.018875443553579892,
        "min": 7.776077836751938e-06,
        "max": 0.2605539239011705,
        "p0.1": 0.002899241106584668,
        "p1": 0.005790690248832107,
        "p5": 0.010064454516395926,
        "p10": 0.01175965517759323,
        "p25": 0.014113718643784523,
        "median": 0.016137293074280024,
        "p75": 0.01857299148105085,
        "p90": 0.025470776390284295,
        "p95": 0.03453894783742724,
        "p99": 0.09000419818796213,
        "p99.9": 0.1586501361895353
      }
    },
    "throughput": {
      "input_tokens_per_sec": 6457.9669991221235,
      "output_tokens_per_sec": 6076.109637712234,
      "total_tokens_per_sec": 12534.076636834357,
      "requests_per_sec": 3.0368805583735456
    },
    "prompt_len": {
      "mean": 2126.5133333333333,
      "min": 2099.0,
      "max": 2176.0,
      "p0.1": 2099.0,
      "p1": 2101.0,
      "p5": 2105.0,
      "p10": 2110.0,
      "p25": 2118.0,
      "median": 2127.0,
      "p75": 2134.0,
      "p90": 2142.1,
      "p95": 2148.05,
      "p99": 2155.12,
      "p99.9": 2174.804
    },
    "output_len": {
      "mean": 2000.7733333333333,
      "min": 1975.0,
      "max": 2010.0,
      "p0.1": 1980.382,
      "p1": 1994.99,
      "p5": 1998.0,
      "p10": 1999.0,
      "p25": 2000.0,
      "median": 2001.0,
      "p75": 2001.25,
      "p90": 2003.0,
      "p95": 2004.0,
      "p99": 2007.01,
      "p99.9": 2010.0
    }
  },
  "failures": {
    "count": 0,
    "request_latency": null,
    "prompt_len": null
  }
}