{
  "load_summary": {
    "count": 420,
    "schedule_delay": {
      "mean": 0.0003760214950445862,
      "min": -0.000939865130931139,
      "max": 0.0018850681371986866,
      "p0.1": -0.0009244772265665233,
      "p1": -0.000830371961928904,
      "p5": -0.0005508658243343234,
      "p10": -0.000394458882510662,
      "p25": 7.899245247244835e-06,
      "median": 0.0003582707140594721,
      "p75": 0.0007710909703746438,
      "p90": 0.00108115216717124,
      "p95": 0.0012300669215619547,
      "p99": 0.0015229138638824225,
      "p99.9": 0.0018622033428400795
    },
    "send_duration": 59.88988144462928,
    "requested_rate": 7.0,
    "achieved_rate": 7.012870786667155
  },
  "successes": {
    "count": 420,
    "latency": {
      "request_latency": {
        "mean": 47.24389063803191,
        "min": 16.77861605072394,
        "max": 57.99495043186471,
        "p0.1": 17.153107505007647,
        "p1": 24.741240216977893,
        "p5": 31.066543934633955,
        "p10": 35.346496009547266,
        "p25": 43.31250600644853,
        "median": 48.3232359259855,
        "p75": 54.34255807520822,
        "p90": 57.34773914925754,
        "p95": 57.812542633363044,
        "p99": 57.95600348871667,
        "p99.9": 57.98688465439761
      },
      "normalized_time_per_output_token": {
        "mean": 0.02360785046981647,
        "min": 0.008368387057717676,
        "max": 0.029005586550910067,
        "p0.1": 0.008564398670302488,
        "p1": 0.0123486985360941,
        "p5": 0.015510006956881655,
        "p10": 0.017569572923938157,
        "p25": 0.02160762616256491,
        "median": 0.02415158868408341,
        "p75": 0.027174451431044366,
        "p90": 0.028659004096391605,
        "p95": 0.02888994803073411,
        "p99": 0.028964064367843823,
        "p99.9": 0.029002187901554406
      },
      "time_per_output_token": {
        "mean": 0.023549508187721394,
        "min": 0.008313748963875696,
        "max": 0.02893561558937654,
        "p0.1": 0.008519510682772844,
        "p1": 0.01234900799080031,
        "p5": 0.015505745495599695,
        "p10": 0.017638152121985332,
        "p25": 0.02158153176808264,
        "median": 0.024116483986726965,
        "p75": 0.02711714947159635,
        "p90": 0.02859661101412494,
        "p95": 0.028845870298345108,
        "p99": 0.028906439492686186,
        "p99.9": 0.028929711983976186
      },
      "time_to_first_token": {
        "mean": 0.13334654903128035,
        "min": 0.02938116481527686,
        "max": 0.4933496988378465,
        "p0.1": 0.029605480295140298,
        "p1": 0.03112456863746047,
        "p5": 0.04037857293151319,
        "p10": 0.04642689088359475,
        "p25": 0.06298129097558558,
        "median": 0.1331454033497721,
        "p75": 0.18028236832469702,
        "p90": 0.23789931018836796,
        "p95": 0.28026469466276466,
        "p99": 0.3656656439136714,
        "p99.9": 0.4826825919137355
      },
      "inter_token_latency": {
        "mean": 0.023549508187721394,
        "min": 7.227994501590729e-06,
        "max": 0.23090634401887655,
        "p0.1": 0.002799949635285884,
        "p1": 0.007374682361260056,
        "p5": 0.011608079168945552,
        "p10": 0.013724615564569831,
        "p25": 0.017385803628712893,
        "median": 0.020696451887488365,
        "p75": 0.023666850989684463,
        "p90": 0.029166660225018858,
        "p95": 0.04014883262570946,
        "p99": 0.10216061067301788,
        "p99.9": 0.17788787325378522
      }
    },
    "throughput": {
      "input_tokens_per_sec": 8545.500149400052,
      "output_tokens_per_sec": 8044.286287388151,
      "total_tokens_per_sec": 16589.786436788203,
      "requests_per_sec": 4.019664350677824
    },
    "prompt_len": {
      "mean": 2125.9238095238097,
      "min": 2096.0,
      "max": 2176.0,
      "p0.1": 2096.419,
      "p1": 2099.0,
      "p5": 2104.0,
      "p10": 2110.0,
      "p25": 2117.0,
      "median": 2127.0,
      "p75": 2134.0,
      "p90": 2143.0,
      "p95": 2148.05,
      "p99": 2162.67,
      "p99.9": 2174.3240000000005
    },
    "output_len": {
      "mean": 2001.2333333333333,
      "min": 1974.0,
      "max": 2016.0,
      "p0.1": 1981.123,
      "p1": 1993.38,
      "p5": 1998.0,
      "p10": 1999.0,
      "p25": 2000.0,
      "median": 2001.0,
      "p75": 2002.0,
      "p90": 2004.0,
      "p95": 2005.0,
      "p99": 2010.0,
      "p99.9": 2014.7430000000002
    }
  },
  "failures": {
    "count": 0,
    "request_latency": null,
    "prompt_len": null
  }
}