{
  "load_summary": {
    "count": 900,
    "schedule_delay": {
      "mean": 0.0002719203791477614,
      "min": -0.0010586697608232498,
      "max": 0.0017913607880473137,
      "p0.1": -0.0010302724475041033,
      "p1": -0.0008247555093839764,
      "p5": -0.0005713842343539,
      "p10": -0.0004181082360446453,
      "p25": -9.27590299397707e-05,
      "median": 0.00025505642406642437,
      "p75": 0.0006393610965460539,
      "p90": 0.0009614867158234119,
      "p95": 0.0011306242784485218,
      "p99": 0.0013493204629048705,
      "p99.9": 0.0016439295262098497
    },
    "send_duration": 59.965599722694606,
    "requested_rate": 15.0,
    "achieved_rate": 15.008605002901115
  },
  "successes": {
    "count": 900,
    "latency": {
      "request_latency": {
        "mean": 89.21742390176695,
        "min": 32.66115038609132,
        "max": 107.73470353707671,
        "p0.1": 33.20824653615942,
        "p1": 38.48240213663317,
        "p5": 65.6230975978775,
        "p10": 72.04036712134257,
        "p25": 80.94426744722296,
        "median": 86.3716234783642,
        "p75": 103.367699298542,
        "p90": 107.0970268194098,
        "p95": 107.47427932382561,
        "p99": 107.66844267144799,
        "p99.9": 107.713927678518
      },
      "normalized_time_per_output_token": {
        "mean": 0.04459150306103316,
        "min": 0.016322413986052636,
        "max": 0.07926383348590416,
        "p0.1": 0.01656600538224927,
        "p1": 0.019050401924379304,
        "p5": 0.03248839245413893,
        "p10": 0.035980046289669,
        "p25": 0.04042115001270719,
        "median": 0.04318788019649219,
        "p75": 0.05163721872580308,
        "p90": 0.05354606849380069,
        "p95": 0.053704785237107235,
        "p99": 0.053813299971057535,
        "p99.9": 0.056496400424787145
      },
      "time_per_output_token": {
        "mean": 0.04450037959855593,
        "min": 0.016303791190497578,
        "max": 0.05376418897532858,
        "p0.1": 0.016582308729009704,
        "p1": 0.019216710722362623,
        "p5": 0.0327855294889072,
        "p10": 0.03576953705886844,
        "p25": 0.04038854773505591,
        "median": 0.043135867265984416,
        "p75": 0.05154623814823572,
        "p90": 0.05341207293760963,
        "p95": 0.05366226043398492,
        "p99": 0.05373204184525181,
        "p99.9": 0.05376060994681623
      },
      "time_to_first_token": {
        "mean": 0.2058483263788124,
        "min": 0.02586530428379774,
        "max": 1.030674154870212,
        "p0.1": 0.027769947931170463,
        "p1": 0.033681650608778,
        "p5": 0.0479252657154575,
        "p10": 0.05781429028138518,
        "p25": 0.0835200963774696,
        "median": 0.1404342178720981,
        "p75": 0.25571533606853336,
        "p90": 0.4496185552328825,
        "p95": 0.6227464394876725,
        "p99": 0.8129115450149401,
        "p99.9": 1.0151304378681836
      },
      "inter_token_latency": {
        "mean": 0.044500379598555934,
        "min": 6.2230974435806274e-06,
        "max": 0.4714520019479096,
        "p0.1": 0.0052249627825804055,
        "p1": 0.010593721438199281,
        "p5": 0.017410580557771026,
        "p10": 0.022287920443341137,
        "p25": 0.03158079634886235,
        "median": 0.040627941489219666,
        "p75": 0.04695461655501276,
        "p90": 0.060034160921350124,
        "p95": 0.0834339303895831,
        "p99": 0.1903099305089563,
        "p99.9": 0.39968512123869804
      }
    },
    "throughput": {
      "input_tokens_per_sec": 13010.516819746448,
      "output_tokens_per_sec": 12254.876247225307,
      "total_tokens_per_sec": 25265.393066971756,
      "requests_per_sec": 6.119207789136265
    },
    "prompt_len": {
      "mean": 2126.1766666666667,
      "min": 2091.0,
      "max": 2176.0,
      "p0.1": 2093.697,
      "p1": 2099.0,
      "p5": 2104.95,
      "p10": 2110.0,
      "p25": 2117.0,
      "median": 2126.0,
      "p75": 2134.0,
      "p90": 2143.0,
      "p95": 2149.0,
      "p99": 2159.02,
      "p99.9": 2172.4040000000005
    },
    "output_len": {
      "mean": 2002.69,
      "min": 1354.0,
      "max": 4121.0,
      "p0.1": 1922.1680000000001,
      "p1": 1994.0,
      "p5": 1998.0,
      "p10": 1999.0,
      "p25": 2000.0,
      "median": 2001.0,
      "p75": 2002.0,
      "p90": 2003.0,
      "p95": 2005.0,
      "p99": 2008.0,
      "p99.9": 2225.009000000238
    }
  },
  "failures": {
    "count": 0,
    "request_latency": null,
    "prompt_len": null
  }
}