{
  "load_summary": {
    "count": 180,
    "schedule_delay": {
      "mean": 0.0006246957436410917,
      "min": -0.0008725556544959545,
      "max": 0.0024820463731884956,
      "p0.1": -0.0008181960871443153,
      "p1": -0.0005601023137569428,
      "p5": -0.00018979799933731552,
      "p10": -5.0550326704978936e-05,
      "p25": 0.0001751038944348693,
      "median": 0.0006202470976859331,
      "p75": 0.001013551140204072,
      "p90": 0.0014021128881722687,
      "p95": 0.001559052686206996,
      "p99": 0.002009432907216252,
      "p99.9": 0.0024167101671919325
    },
    "send_duration": 59.11338261095807,
    "requested_rate": 3.0,
    "achieved_rate": 3.044995769987162
  },
  "successes": {
    "count": 180,
    "latency": {
      "request_latency": {
        "mean": 26.31089984571251,
        "min": 12.986752818338573,
        "max": 33.66273407777771,
        "p0.1": 13.046415269269607,
        "p1": 13.511872447752394,
        "p5": 17.6720486841863,
        "p10": 18.906305174343288,
        "p25": 22.64380450430326,
        "median": 26.61891062837094,
        "p75": 30.62056435109116,
        "p90": 33.08430820470676,
        "p95": 33.545215769903734,
        "p99": 33.64333882312756,
        "p99.9": 33.6607299864362
      },
      "normalized_time_per_output_token": {
        "mean": 0.013150635241394834,
        "min": 0.006490131343497537,
        "max": 0.0168374170597225,
        "p0.1": 0.006520543435718298,
        "p1": 0.006755936223876197,
        "p5": 0.008823449400240784,
        "p10": 0.00944795727022806,
        "p25": 0.011319068624654469,
        "median": 0.013296573935447446,
        "p75": 0.015300718823415398,
        "p90": 0.016535542904428976,
        "p95": 0.016749610242947237,
        "p99": 0.016820692418344982,
        "p99.9": 0.016835332060322523
      },
      "time_per_output_token": {
        "mean": 0.013093216067222446,
        "min": 0.006465799903031438,
        "max": 0.016787417067913337,
        "p0.1": 0.006496154959669337,
        "p1": 0.006730729922647588,
        "p5": 0.008774955437949393,
        "p10": 0.009415749219385906,
        "p25": 0.011258424625440966,
        "median": 0.01323392244952265,
        "p75": 0.01521597430598922,
        "p90": 0.01647140349643305,
        "p95": 0.016704017069900875,
        "p99": 0.016781254988014697,
        "p99.9": 0.01678632513196743
      },
      "time_to_first_token": {
        "mean": 0.11039453328638855,
        "min": 0.029489720705896616,
        "max": 0.327193436678499,
        "p0.1": 0.029720372318290174,
        "p1": 0.032813337477855385,
        "p5": 0.03810643928591162,
        "p10": 0.04242931888438761,
        "p25": 0.05316374450922012,
        "median": 0.11363459634594619,
        "p75": 0.13453019503504038,
        "p90": 0.18652495592832563,
        "p95": 0.22658247442450358,
        "p99": 0.30607767536770575,
        "p99.9": 0.3270120394062251
      },
      "inter_token_latency": {
        "mean": 0.013093283875431615,
        "min": 8.001923561096191e-06,
        "max": 0.24784204084426165,
        "p0.1": 0.002669938331004232,
        "p1": 0.004341212292201817,
        "p5": 0.007401557732373476,
        "p10": 0.00785454479046166,
        "p25": 0.009679813869297504,
        "median": 0.011967906961217523,
        "p75": 0.013228712952695787,
        "p90": 0.016292309621348984,
        "p95": 0.02196594383567569,
        "p99": 0.05683854043483735,
        "p99.9": 0.13509252137318264
      }
    },
    "throughput": {
      "input_tokens_per_sec": 4591.091941335577,
      "output_tokens_per_sec": 4319.409895106753,
      "total_tokens_per_sec": 8910.501836442329,
      "requests_per_sec": 2.158967300392409
    },
    "prompt_len": {
      "mean": 2126.5222222222224,
      "min": 2099.0,
      "max": 2154.0,
      "p0.1": 2099.358,
      "p1": 2101.0,
      "p5": 2107.95,
      "p10": 2111.0,
      "p25": 2120.0,
      "median": 2127.0,
      "p75": 2134.0,
      "p90": 2139.1,
      "p95": 2148.0,
      "p99": 2152.21,
      "p99.9": 2153.821
    },
    "output_len": {
      "mean": 2000.6833333333334,
      "min": 1992.0,
      "max": 2009.0,
      "p0.1": 1992.358,
      "p1": 1994.0,
      "p5": 1997.0,
      "p10": 1998.0,
      "p25": 2000.0,
      "median": 2001.0,
      "p75": 2001.0,
      "p90": 2003.0,
      "p95": 2004.0,
      "p99": 2006.21,
      "p99.9": 2008.642
    }
  },
  "failures": {
    "count": 0,
    "request_latency": null,
    "prompt_len": null
  }
}