{
  "load_summary": {
    "count": 120,
    "schedule_delay": {
      "mean": 0.0009084832233687242,
      "min": -0.0011670365929603577,
      "max": 0.0020797299221158028,
      "p0.1": -0.0010987280225381254,
      "p1": -0.0005800037644803524,
      "p5": -0.00019932310096919536,
      "p10": 4.349965602159501e-05,
      "p25": 0.0005112554645165801,
      "median": 0.0010108067654073238,
      "p75": 0.0012942926259711385,
      "p90": 0.0016302010510116823,
      "p95": 0.0019086353247985243,
      "p99": 0.002044593109749258,
      "p99.9": 0.0020765674626454715
    },
    "send_duration": 59.38976646400988,
    "requested_rate": 2.0,
    "achieved_rate": 2.02055012411473
  },
  "successes": {
    "count": 120,
    "latency": {
      "request_latency": {
        "mean": 22.794860753176422,
        "min": 8.027423564810306,
        "max": 32.53608476603404,
        "p0.1": 8.321271970665082,
        "p1": 10.788361695390195,
        "p5": 14.041131487162783,
        "p10": 15.550129447877406,
        "p25": 16.53323200054001,
        "median": 20.475125985918567,
        "p75": 29.413011568249203,
        "p90": 31.541712831147017,
        "p95": 32.31195903476328,
        "p99": 32.50529208811,
        "p99.9": 32.533051155646795
      },
      "normalized_time_per_output_token": {
        "mean": 0.011390474230323808,
        "min": 0.004009702080324828,
        "max": 0.016251790592424594,
        "p0.1": 0.004156791315908204,
        "p1": 0.005390914460395815,
        "p5": 0.007000592101059804,
        "p10": 0.007771179134371518,
        "p25": 0.008270817339133126,
        "median": 0.010210267270962428,
        "p75": 0.014702598043044697,
        "p90": 0.01574717699229589,
        "p95": 0.01615999878332798,
        "p99": 0.016247874639999157,
        "p99.9": 0.016251514808997586
      },
      "time_per_output_token": {
        "mean": 0.011320954235538376,
        "min": 0.003983656792435795,
        "max": 0.016202749345451593,
        "p0.1": 0.004125057435617317,
        "p1": 0.0053272384194238106,
        "p5": 0.006933481758693233,
        "p10": 0.007708958658319898,
        "p25": 0.008205113505362533,
        "median": 0.0101409979974851,
        "p75": 0.014636319994460792,
        "p90": 0.015650776826310903,
        "p95": 0.016065556129161267,
        "p99": 0.016175709567705636,
        "p99.9": 0.016199852129746926
      },
      "time_to_first_token": {
        "mean": 0.13605344356425728,
        "min": 0.03405940718948841,
        "max": 0.3911013398319483,
        "p0.1": 0.03406532476237044,
        "p1": 0.03417562352027744,
        "p5": 0.038296264805831016,
        "p10": 0.040323894331231715,
        "p25": 0.08327386726159602,
        "median": 0.11705557280220091,
        "p75": 0.17084957554470748,
        "p90": 0.23852646984159948,
        "p95": 0.3209170516347512,
        "p99": 0.3657028737897054,
        "p99.9": 0.3884424005420882
      },
      "inter_token_latency": {
        "mean": 0.011320954235538375,
        "min": 8.676201105117798e-06,
        "max": 0.2980707730166614,
        "p0.1": 0.0026443398837000132,
        "p1": 0.003444757261313498,
        "p5": 0.0055213644169271,
        "p10": 0.007035434944555163,
        "p25": 0.00762334605678916,
        "median": 0.009139158530160785,
        "p75": 0.010801089578308165,
        "p90": 0.0172283754684031,
        "p95": 0.02397505952976644,
        "p99": 0.04538606797344983,
        "p99.9": 0.14579396002087758
      }
    },
    "throughput": {
      "input_tokens_per_sec": 3048.4123566945814,
      "output_tokens_per_sec": 2867.878665047462,
      "total_tokens_per_sec": 5916.291021742043,
      "requests_per_sec": 1.4330914201001719
    },
    "prompt_len": {
      "mean": 2127.1583333333333,
      "min": 2099.0,
      "max": 2154.0,
      "p0.1": 2099.357,
      "p1": 2102.38,
      "p5": 2109.9,
      "p10": 2112.0,
      "p25": 2120.0,
      "median": 2127.5,
      "p75": 2134.0,
      "p90": 2139.0,
      "p95": 2148.05,
      "p99": 2152.43,
      "p99.9": 2153.881
    },
    "output_len": {
      "mean": 2001.1833333333334,
      "min": 1986.0,
      "max": 2015.0,
      "p0.1": 1987.19,
      "p1": 1996.19,
      "p5": 1998.0,
      "p10": 1999.0,
      "p25": 2000.0,
      "median": 2001.0,
      "p75": 2002.0,
      "p90": 2004.0,
      "p95": 2005.05,
      "p99": 2014.24,
      "p99.9": 2015.0
    }
  },
  "failures": {
    "count": 0,
    "request_latency": null,
    "prompt_len": null
  }
}