{
  "load_summary": {
    "count": 720,
    "schedule_delay": {
      "mean": 0.0003037849939169569,
      "min": -0.0011931024491786957,
      "max": 0.001715207938104868,
      "p0.1": -0.0010523116351105273,
      "p1": -0.000866426844149828,
      "p5": -0.0005021621473133564,
      "p10": -0.0003358546178787946,
      "p25": -4.7552515752613544e-05,
      "median": 0.00030037667602300644,
      "p75": 0.0006480031879618764,
      "p90": 0.0009565560147166255,
      "p95": 0.0011462484952062368,
      "p99": 0.0014968262240290641,
      "p99.9": 0.001651926751248544
    },
    "send_duration": 59.93935493379831,
    "requested_rate": 12.0,
    "achieved_rate": 12.012141285057606
  },
  "successes": {
    "count": 720,
    "latency": {
      "request_latency": {
        "mean": 71.54955372933182,
        "min": 26.19278030283749,
        "max": 81.91412378195673,
        "p0.1": 27.348096199416556,
        "p1": 41.129554076828065,
        "p5": 58.33511498665903,
        "p10": 61.59365637721494,
        "p25": 67.05805133807007,
        "median": 73.48155781952664,
        "p75": 77.19273331295699,
        "p90": 81.05604063249193,
        "p95": 81.6418935503345,
        "p99": 81.76380861812737,
        "p99.9": 81.86060971780914
      },
      "normalized_time_per_output_token": {
        "mean": 0.03575383504318135,
        "min": 0.013102941622229861,
        "max": 0.040960808468467974,
        "p0.1": 0.013670894579014617,
        "p1": 0.020560840323943837,
        "p5": 0.02913105647492666,
        "p10": 0.03079589221344795,
        "p25": 0.03347339036930225,
        "median": 0.036704075271868516,
        "p75": 0.03859439073534422,
        "p90": 0.040476917053278855,
        "p95": 0.0407958702598375,
        "p99": 0.040877808696975854,
        "p99.9": 0.040957359535087536
      },
      "time_per_output_token": {
        "mean": 0.03568023017657106,
        "min": 0.013020828579552472,
        "max": 0.040852003421634434,
        "p0.1": 0.013636456976617686,
        "p1": 0.02054358283968177,
        "p5": 0.029132380805676802,
        "p10": 0.030749342452944257,
        "p25": 0.03340581115725217,
        "median": 0.03665468878799584,
        "p75": 0.03847377413819777,
        "p90": 0.04043110839279834,
        "p95": 0.040754042339429725,
        "p99": 0.04081109778634971,
        "p99.9": 0.04085190234905109
      },
      "time_to_first_token": {
        "mean": 0.17790443956295754,
        "min": 0.028598846402019262,
        "max": 0.838629350066185,
        "p0.1": 0.02872502910066396,
        "p1": 0.032539790789596734,
        "p5": 0.046338742785155776,
        "p10": 0.05761697767302394,
        "p25": 0.08152001479174942,
        "median": 0.13108372525312006,
        "p75": 0.23021792725194246,
        "p90": 0.34881378929130735,
        "p95": 0.44778251650277523,
        "p99": 0.7731402688659703,
        "p99.9": 0.8337254866422158
      },
      "inter_token_latency": {
        "mean": 0.03568023017657106,
        "min": 7.107388228178024e-06,
        "max": 0.5466686771251261,
        "p0.1": 0.0033767460179515182,
        "p1": 0.010151220061816275,
        "p5": 0.01613115023355931,
        "p10": 0.019705157075077296,
        "p25": 0.025916358456015587,
        "median": 0.032733846455812454,
        "p75": 0.037347056553699076,
        "p90": 0.04309284240007401,
        "p95": 0.06009093723259867,
        "p99": 0.13829473908059298,
        "p99.9": 0.3138071502521684
      }
    },
    "throughput": {
      "input_tokens_per_sec": 12358.905157323608,
      "output_tokens_per_sec": 11632.848221271159,
      "total_tokens_per_sec": 23991.753378594767,
      "requests_per_sec": 5.812976692513769
    },
    "prompt_len": {
      "mean": 2126.088888888889,
      "min": 2091.0,
      "max": 2176.0,
      "p0.1": 2094.595,
      "p1": 2099.0,
      "p5": 2104.0,
      "p10": 2109.0,
      "p25": 2117.0,
      "median": 2126.0,
      "p75": 2134.0,
      "p90": 2143.0,
      "p95": 2148.05,
      "p99": 2160.43,
      "p99.9": 2173.1240000000003
    },
    "output_len": {
      "mean": 2001.1861111111111,
      "min": 1990.0,
      "max": 2025.0,
      "p0.1": 1992.157,
      "p1": 1996.0,
      "p5": 1998.0,
      "p10": 1999.0,
      "p25": 2000.0,
      "median": 2001.0,
      "p75": 2002.0,
      "p90": 2003.0,
      "p95": 2005.0,
      "p99": 2009.81,
      "p99.9": 2021.4050000000002
    }
  },
  "failures": {
    "count": 0,
    "request_latency": null,
    "prompt_len": null
  }
}