{
  "load_summary": {
    "count": 720,
    "schedule_delay": {
      "mean": 0.0002831320058450931,
      "min": -0.0011501917615532875,
      "max": 0.0016690664924681187,
      "p0.1": -0.0011311993030831218,
      "p1": -0.0008443731954321265,
      "p5": -0.0005650668172165751,
      "p10": -0.00042421906255185604,
      "p25": -9.763590060174465e-05,
      "median": 0.00030133151449263096,
      "p75": 0.0006433407543227077,
      "p90": 0.0009818267077207567,
      "p95": 0.0011641116347163912,
      "p99": 0.0014545860048383425,
      "p99.9": 0.001658685359172524
    },
    "send_duration": 59.95027573732659,
    "requested_rate": 12.0,
    "achieved_rate": 12.00995310104486
  },
  "successes": {
    "count": 720,
    "latency": {
      "request_latency": {
        "mean": 176.56651610947253,
        "min": 143.2770874798298,
        "max": 185.24741281289607,
        "p0.1": 145.04427915081382,
        "p1": 153.55808180149646,
        "p5": 164.1124705037335,
        "p10": 168.57797050988302,
        "p25": 174.2732383752009,
        "median": 178.1625005675014,
        "p75": 180.00175018352456,
        "p90": 183.65997160142288,
        "p95": 184.89430154841392,
        "p99": 185.17147447560447,
        "p99.9": 185.23216875345213
      },
      "normalized_time_per_output_token": {
        "mean": 0.02942714400582266,
        "min": 0.02183197640175029,
        "max": 0.03406072239216647,
        "p0.1": 0.023309881383896437,
        "p1": 0.02559379371302179,
        "p5": 0.027321995642560232,
        "p10": 0.028091140342535403,
        "p25": 0.02904796108549352,
        "median": 0.0297049952294762,
        "p75": 0.0300070826265827,
        "p90": 0.030615658703027713,
        "p95": 0.030820817546945472,
        "p99": 0.030875725167117146,
        "p99.9": 0.03178918953659687
      },
      "time_per_output_token": {
        "mean": 0.02941004758175814,
        "min": 0.023867416440198817,
        "max": 0.030847746226005255,
        "p0.1": 0.02416007389183032,
        "p1": 0.025583836373587448,
        "p5": 0.027340342347614933,
        "p10": 0.028080211194076887,
        "p25": 0.029029006439144724,
        "median": 0.029677764831576497,
        "p75": 0.029981110619419875,
        "p90": 0.030586822824917426,
        "p95": 0.03079626536501649,
        "p99": 0.030842430414580742,
        "p99.9": 0.030846602562671993
      },
      "time_to_first_token": {
        "mean": 0.08783576914768977,
        "min": 0.0297866128385067,
        "max": 0.20535504585132003,
        "p0.1": 0.03325362241780385,
        "p1": 0.04218312943354249,
        "p5": 0.050895909778773785,
        "p10": 0.058997468231245874,
        "p25": 0.07358640036545694,
        "median": 0.0877844572532922,
        "p75": 0.10102029074914753,
        "p90": 0.11570500279776753,
        "p95": 0.12211786825209853,
        "p99": 0.13909456066787237,
        "p99.9": 0.18418670606101117
      },
      "inter_token_latency": {
        "mean": 0.02941004758175814,
        "min": 5.67268580198288e-06,
        "max": 0.13204148085787892,
        "p0.1": 0.00571638062922284,
        "p1": 0.013906128765083849,
        "p5": 0.020396962086670103,
        "p10": 0.023279456375166773,
        "p25": 0.027946555754169822,
        "median": 0.03032576385885477,
        "p75": 0.03202060214243829,
        "p90": 0.03336423016153276,
        "p95": 0.034281588695012036,
        "p99": 0.041685114977881306,
        "p99.9": 0.05675973638100555
      }
    },
    "throughput": {
      "input_tokens_per_sec": 6357.87458625011,
      "output_tokens_per_sec": 18329.824173826335,
      "total_tokens_per_sec": 24687.698760076444,
      "requests_per_sec": 3.0544616187012723
    },
    "prompt_len": {
      "mean": 2081.5041666666666,
      "min": 2045.0,
      "max": 2125.0,
      "p0.1": 2045.719,
      "p1": 2051.0,
      "p5": 2063.0,
      "p10": 2066.0,
      "p25": 2073.0,
      "median": 2081.0,
      "p75": 2090.0,
      "p90": 2098.0,
      "p95": 2104.0,
      "p99": 2114.0,
      "p99.9": 2119.9670000000006
    },
    "output_len": {
      "mean": 6001.0,
      "min": 5422.0,
      "max": 8082.0,
      "p0.1": 5806.665,
      "p1": 5984.0,
      "p5": 5992.0,
      "p10": 5994.0,
      "p25": 5997.0,
      "median": 6000.0,
      "p75": 6001.0,
      "p90": 6003.0,
      "p95": 6004.0,
      "p99": 6008.8099999999995,
      "p99.9": 6634.653000000127
    }
  },
  "failures": {
    "count": 0,
    "request_latency": null,
    "prompt_len": null
  }
}