{
  "load_summary": {
    "count": 60,
    "schedule_delay": {
      "mean": 0.0014328622492030263,
      "min": -0.00014360947534441948,
      "max": 0.011885003186762333,
      "p0.1": -0.00012738444795832037,
      "p1": 1.8640798516571507e-05,
      "p5": 0.00031258156523108485,
      "p10": 0.0004441511817276478,
      "p25": 0.0007464870577678084,
      "median": 0.0010546981357038021,
      "p75": 0.001528180786408484,
      "p90": 0.0016470006201416254,
      "p95": 0.0019966930150985608,
      "p99": 0.010922773033380503,
      "p99.9": 0.011788780171424167
    },
    "send_duration": 58.48009909596294,
    "requested_rate": 1.0,
    "achieved_rate": 1.0259900534973954
  },
  "successes": {
    "count": 60,
    "latency": {
      "request_latency": {
        "mean": 63.25938810023945,
        "min": 26.7977118040435,
        "max": 72.86413047695532,
        "p0.1": 27.410240767852404,
        "p1": 32.92300144213252,
        "p5": 45.55844014303293,
        "p10": 54.508552552061154,
        "p25": 61.104706530692056,
        "median": 65.53221186669543,
        "p75": 69.11478278343566,
        "p90": 71.00241841594689,
        "p95": 72.6741158300778,
        "p99": 72.8543699470535,
        "p99.9": 72.86315442396514
      },
      "normalized_time_per_output_token": {
        "mean": 0.010545318357644447,
        "min": 0.004467029805641524,
        "max": 0.01214604608717375,
        "p0.1": 0.004569013117471525,
        "p1": 0.005486862923941534,
        "p5": 0.007591700587760564,
        "p10": 0.009089879826318254,
        "p25": 0.01018647786124978,
        "median": 0.010924771692409099,
        "p75": 0.011519608837598541,
        "p90": 0.011840287593024634,
        "p95": 0.012106501417082636,
        "p99": 0.012142031278927674,
        "p99.9": 0.012145644606349142
      },
      "time_per_output_token": {
        "mean": 0.010514654780776638,
        "min": 0.004310914523201063,
        "max": 0.012130621531978249,
        "p0.1": 0.004413090186488659,
        "p1": 0.005332671156077024,
        "p5": 0.00757702349339767,
        "p10": 0.008935916104757536,
        "p25": 0.010166621139731179,
        "median": 0.010900890064580986,
        "p75": 0.01150080928641061,
        "p90": 0.011815739115700125,
        "p95": 0.012092623711226044,
        "p99": 0.012127216773157319,
        "p99.9": 0.012130281056096155
      },
      "time_to_first_token": {
        "mean": 0.1522687853469203,
        "min": 0.058448775205761194,
        "max": 0.9553449149243534,
        "p0.1": 0.05849024357879534,
        "p1": 0.05886345893610269,
        "p5": 0.06037732474505901,
        "p10": 0.062472135713323954,
        "p25": 0.07166628062259406,
        "median": 0.08549210801720619,
        "p75": 0.10746613831724972,
        "p90": 0.20690829986706377,
        "p95": 0.716158339940011,
        "p99": 0.924553808546625,
        "p99.9": 0.952265804286581
      },
      "inter_token_latency": {
        "mean": 0.010514683153352087,
        "min": 9.147915989160538e-06,
        "max": 0.25570518895983696,
        "p0.1": 0.0031946389498189094,
        "p1": 0.0034331174101680517,
        "p5": 0.005584811535663903,
        "p10": 0.0060662537347525355,
        "p25": 0.008514124201610684,
        "median": 0.011664558667689562,
        "p75": 0.012002788134850562,
        "p90": 0.012270664796233177,
        "p95": 0.012474931753240525,
        "p99": 0.014413027497939764,
        "p99.9": 0.029540834852028703
      }
    },
    "throughput": {
      "input_tokens_per_sec": 1075.34843033668,
      "output_tokens_per_sec": 3101.46187335863,
      "total_tokens_per_sec": 4176.81030369531,
      "requests_per_sec": 0.5170151514099186
    },
    "prompt_len": {
      "mean": 2079.9166666666665,
      "min": 2046.0,
      "max": 2105.0,
      "p0.1": 2046.354,
      "p1": 2049.54,
      "p5": 2054.85,
      "p10": 2066.7,
      "p25": 2072.75,
      "median": 2081.5,
      "p75": 2087.25,
      "p90": 2094.0,
      "p95": 2098.15,
      "p99": 2105.0,
      "p99.9": 2105.0
    },
    "output_len": {
      "mean": 5998.783333333334,
      "min": 5965.0,
      "max": 6005.0,
      "p0.1": 5966.18,
      "p1": 5976.8,
      "p5": 5993.0,
      "p10": 5995.0,
      "p25": 5998.0,
      "median": 6000.0,
      "p75": 6001.0,
      "p90": 6003.0,
      "p95": 6003.05,
      "p99": 6004.41,
      "p99.9": 6004.941
    }
  },
  "failures": {
    "count": 0,
    "request_latency": null,
    "prompt_len": null
  }
}