{
  "load_summary": {
    "count": 420,
    "schedule_delay": {
      "mean": 0.0003505987636301489,
      "min": -0.0011288831010460854,
      "max": 0.0023115193471312523,
      "p0.1": -0.0011167834205552936,
      "p1": -0.0009268226614221931,
      "p5": -0.0006405351683497428,
      "p10": -0.0004133302252739666,
      "p25": -3.5514356568455696e-05,
      "median": 0.0003683515824377537,
      "p75": 0.0007522373925894499,
      "p90": 0.0010709005873650315,
      "p95": 0.0012512138346210118,
      "p99": 0.0015271195909008384,
      "p99.9": 0.0020943734557368246
    },
    "send_duration": 59.817604658193886,
    "requested_rate": 7.0,
    "achieved_rate": 7.02134434168567
  },
  "successes": {
    "count": 420,
    "latency": {
      "request_latency": {
        "mean": 142.7969794722773,
        "min": 110.77945938613266,
        "max": 154.0404231613502,
        "p0.1": 112.68872431153385,
        "p1": 117.38432388566434,
        "p5": 130.79098727181554,
        "p10": 134.48045862177386,
        "p25": 139.4699387329165,
        "median": 143.5934044981841,
        "p75": 146.23380120366346,
        "p90": 152.5673560643103,
        "p95": 153.82323812632822,
        "p99": 153.9866724530887,
        "p99.9": 154.03879239605507
      },
      "normalized_time_per_output_token": {
        "mean": 0.02384004688953184,
        "min": 0.01847864209943831,
        "max": 0.03999413023451922,
        "p0.1": 0.01878905863320988,
        "p1": 0.01958598410775035,
        "p5": 0.021785944770502542,
        "p10": 0.02241817249283303,
        "p25": 0.023246057149391385,
        "median": 0.023930528277272087,
        "p75": 0.024369684790920776,
        "p90": 0.025447682707834367,
        "p95": 0.02563960543655295,
        "p99": 0.025687183590767194,
        "p99.9": 0.03400429714367564
      },
      "time_per_output_token": {
        "mean": 0.023783676283457685,
        "min": 0.01845459919166751,
        "max": 0.02565550977131352,
        "p0.1": 0.018773085833994438,
        "p1": 0.01955560394547802,
        "p5": 0.02178954021600075,
        "p10": 0.022396469973749483,
        "p25": 0.023230846338594954,
        "median": 0.023915564127732068,
        "p75": 0.024355863223434426,
        "p90": 0.025410929933679292,
        "p95": 0.025620713777230898,
        "p99": 0.025647037180043603,
        "p99.9": 0.025655484078011864
      },
      "time_to_first_token": {
        "mean": 0.07577650263639434,
        "min": 0.0306587521918118,
        "max": 0.1668701097369194,
        "p0.1": 0.03095458249235526,
        "p1": 0.03271126238163561,
        "p5": 0.042298786668106915,
        "p10": 0.04992177141830326,
        "p25": 0.06281736853998154,
        "median": 0.077672558138147,
        "p75": 0.08863230154383928,
        "p90": 0.09836975745856762,
        "p95": 0.10285383847076446,
        "p99": 0.11752760250587017,
        "p99.9": 0.15164205308957296
      },
      "inter_token_latency": {
        "mean": 0.023783676283457685,
        "min": 6.289687007665634e-06,
        "max": 0.09961231891065836,
        "p0.1": 0.00531481137406081,
        "p1": 0.011150648640468717,
        "p5": 0.01592140339780599,
        "p10": 0.01918227132409811,
        "p25": 0.02237224648706615,
        "median": 0.024761996464803815,
        "p75": 0.025811428437009454,
        "p90": 0.027055617468431593,
        "p95": 0.02761793239042163,
        "p99": 0.031277437768876364,
        "p99.9": 0.04394481757656092
      }
    },
    "throughput": {
      "input_tokens_per_sec": 4234.235380080004,
      "output_tokens_per_sec": 12191.579283648705,
      "total_tokens_per_sec": 16425.81466372871,
      "requests_per_sec": 2.0341044351113675
    },
    "prompt_len": {
      "mean": 2081.6214285714286,
      "min": 2046.0,
      "max": 2118.0,
      "p0.1": 2046.0,
      "p1": 2051.0,
      "p5": 2063.0,
      "p10": 2067.0,
      "p25": 2074.0,
      "median": 2081.0,
      "p75": 2089.0,
      "p90": 2098.0,
      "p95": 2104.05,
      "p99": 2114.81,
      "p99.9": 2118.0
    },
    "output_len": {
      "mean": 5993.585714285714,
      "min": 3638.0,
      "max": 6128.0,
      "p0.1": 4611.3369999999995,
      "p1": 5978.19,
      "p5": 5992.0,
      "p10": 5994.0,
      "p25": 5998.0,
      "median": 6000.0,
      "p75": 6001.0,
      "p90": 6002.0,
      "p95": 6004.0,
      "p99": 6011.62,
      "p99.9": 6081.072000000008
    }
  },
  "failures": {
    "count": 0,
    "request_latency": null,
    "prompt_len": null
  }
}