{
  "load_summary": {
    "count": 300,
    "schedule_delay": {
      "mean": 0.0009094033871466915,
      "min": -0.000952740665525198,
      "max": 0.07193443598225713,
      "p0.1": -0.0009300727425143123,
      "p1": -0.0008089219592511654,
      "p5": -0.00044264649040997027,
      "p10": -0.000336895789951086,
      "p25": 6.0252845287323e-05,
      "median": 0.00046479515731334686,
      "p75": 0.0008272886043414474,
      "p90": 0.0012342854868620636,
      "p95": 0.00142418306786567,
      "p99": 0.002255672100000083,
      "p99.9": 0.06990083162346869
    },
    "send_duration": 59.89006230002269,
    "requested_rate": 5.0,
    "achieved_rate": 5.009178292337264
  },
  "successes": {
    "count": 300,
    "latency": {
      "request_latency": {
        "mean": 125.1848285952645,
        "min": 90.35994794312865,
        "max": 133.12525405175984,
        "p0.1": 90.57770084113675,
        "p1": 96.98315297031775,
        "p5": 112.46266414851416,
        "p10": 118.38088367506862,
        "p25": 122.83871733793058,
        "median": 126.85077218199149,
        "p75": 129.6699998617405,
        "p90": 131.35814352361484,
        "p95": 132.79267713869922,
        "p99": 133.11006351167336,
        "p99.9": 133.1249620687617
      },
      "normalized_time_per_output_token": {
        "mean": 0.020871159361606648,
        "min": 0.01505748174356418,
        "max": 0.022213458043010153,
        "p0.1": 0.015093767845548531,
        "p1": 0.016167490527812193,
        "p5": 0.018743622287448938,
        "p10": 0.01973578017976658,
        "p25": 0.020472671695124907,
        "median": 0.02114829627755926,
        "p75": 0.02161256729229722,
        "p90": 0.02188630230856669,
        "p95": 0.022134058220907082,
        "p99": 0.02219370918838514,
        "p99.9": 0.02220787266408844
      },
      "time_per_output_token": {
        "mean": 0.020849516903360416,
        "min": 0.015051506889828791,
        "max": 0.02217673327883103,
        "p0.1": 0.015087603841276696,
        "p1": 0.016153091265503426,
        "p5": 0.0187357787102432,
        "p10": 0.01971819790545851,
        "p25": 0.02046084260653394,
        "median": 0.021126594068870568,
        "p75": 0.021595410645357332,
        "p90": 0.021876992233117093,
        "p95": 0.02211802826871731,
        "p99": 0.022170722632112973,
        "p99.9": 0.022176024481026197
      },
      "time_to_first_token": {
        "mean": 0.07247541845155259,
        "min": 0.03303977521136403,
        "max": 0.13820645585656166,
        "p0.1": 0.03309103471366689,
        "p1": 0.034175327187404035,
        "p5": 0.0425780420191586,
        "p10": 0.046317241294309495,
        "p25": 0.05836744140833616,
        "median": 0.07462312025018036,
        "p75": 0.08441960345953703,
        "p90": 0.09468873776495457,
        "p95": 0.10443498520180583,
        "p99": 0.11650740559212851,
        "p99.9": 0.13816336653055625
      },
      "inter_token_latency": {
        "mean": 0.020849519050760983,
        "min": 6.409361958503723e-06,
        "max": 0.09916482912376523,
        "p0.1": 0.004071118205785752,
        "p1": 0.008008828009478748,
        "p5": 0.013720561191439629,
        "p10": 0.015935027692466974,
        "p25": 0.019867458497174084,
        "median": 0.021980449557304382,
        "p75": 0.02279918536078185,
        "p90": 0.023421495873481035,
        "p95": 0.02378780129365623,
        "p99": 0.02745824132114648,
        "p99.9": 0.04297278416948762
      }
    },
    "throughput": {
      "input_tokens_per_sec": 3389.421109432247,
      "output_tokens_per_sec": 9765.818620721539,
      "total_tokens_per_sec": 13155.239730153786,
      "requests_per_sec": 1.6281882116808815
    },
    "prompt_len": {
      "mean": 2081.713333333333,
      "min": 2046.0,
      "max": 2118.0,
      "p0.1": 2046.0,
      "p1": 2048.98,
      "p5": 2063.0,
      "p10": 2067.0,
      "p25": 2074.0,
      "median": 2081.0,
      "p75": 2089.0,
      "p90": 2098.0,
      "p95": 2105.0,
      "p99": 2116.02,
      "p99.9": 2118.0
    },
    "output_len": {
      "mean": 5997.966666666666,
      "min": 5946.0,
      "max": 6012.0,
      "p0.1": 5951.382,
      "p1": 5977.88,
      "p5": 5989.0,
      "p10": 5993.0,
      "p25": 5997.0,
      "median": 5999.0,
      "p75": 6001.0,
      "p90": 6002.0,
      "p95": 6004.0,
      "p99": 6008.03,
      "p99.9": 6011.701
    }
  },
  "failures": {
    "count": 0,
    "request_latency": null,
    "prompt_len": null
  }
}