{
  "load_summary": {
    "count": 180,
    "schedule_delay": {
      "mean": 0.0006917430113794075,
      "min": -0.00080140121281147,
      "max": 0.0026366920210421085,
      "p0.1": -0.0007730320598930121,
      "p1": -0.0005620063049718738,
      "p5": -0.00022461137268692255,
      "p10": -0.00013685747981071473,
      "p25": 0.00024098728317767382,
      "median": 0.0006985918153077364,
      "p75": 0.0011478373780846596,
      "p90": 0.0014737989753484725,
      "p95": 0.0017436043126508578,
      "p99": 0.0020824029995128515,
      "p99.9": 0.0025430819350294905
    },
    "send_duration": 59.82513124495745,
    "requested_rate": 3.0,
    "achieved_rate": 3.008768994805538
  },
  "successes": {
    "count": 180,
    "latency": {
      "request_latency": {
        "mean": 102.56804931499582,
        "min": 73.03355672582984,
        "max": 109.64936274290085,
        "p0.1": 74.27386911380523,
        "p1": 82.33331572334282,
        "p5": 91.33685187199153,
        "p10": 95.02293692738749,
        "p25": 99.7914359064307,
        "median": 104.27067670994438,
        "p75": 107.22338183608372,
        "p90": 108.09031138704158,
        "p95": 109.08259913062211,
        "p99": 109.63358138717246,
        "p99.9": 109.64744494605344
      },
      "normalized_time_per_output_token": {
        "mean": 0.01709859528945388,
        "min": 0.012172259454304973,
        "max": 0.018281179648986012,
        "p0.1": 0.01237778600513763,
        "p1": 0.013720820639713853,
        "p5": 0.015222808645331922,
        "p10": 0.015839076257221803,
        "p25": 0.016634682188842953,
        "median": 0.017392504255916746,
        "p75": 0.017872534230334976,
        "p90": 0.01802483576522916,
        "p95": 0.018183960938436508,
        "p99": 0.018274674365678912,
        "p99.9": 0.01828005448031406
      },
      "time_per_output_token": {
        "mean": 0.01707995104022023,
        "min": 0.012162323939036697,
        "max": 0.018260819130965198,
        "p0.1": 0.012369934725709072,
        "p1": 0.013713828215076855,
        "p5": 0.015210966026344492,
        "p10": 0.015819089526768464,
        "p25": 0.01661638918883263,
        "median": 0.01736322443249325,
        "p75": 0.017851034379622432,
        "p90": 0.01800212463927455,
        "p95": 0.01816393931954323,
        "p99": 0.018257932629684608,
        "p99.9": 0.018260689239949376
      },
      "time_to_first_token": {
        "mean": 0.06802995070659866,
        "min": 0.03160831471905112,
        "max": 0.13250139635056257,
        "p0.1": 0.03171047035930678,
        "p1": 0.03219345487654209,
        "p5": 0.03899974711239338,
        "p10": 0.043583762180060145,
        "p25": 0.05666137859225273,
        "median": 0.0683609931729734,
        "p75": 0.07868226955179125,
        "p90": 0.08971979701891541,
        "p95": 0.09865201569627968,
        "p99": 0.11997186803258962,
        "p99.9": 0.13139951613917963
      },
      "inter_token_latency": {
        "mean": 0.01707997643674482,
        "min": 6.930902600288391e-06,
        "max": 0.08186231600120664,
        "p0.1": 0.003455036215484142,
        "p1": 0.00585427587851882,
        "p5": 0.011323493905365467,
        "p10": 0.012086599692702293,
        "p25": 0.01575595000758767,
        "median": 0.018165586050599813,
        "p75": 0.019140412099659443,
        "p90": 0.01959633408114314,
        "p95": 0.01983295986428857,
        "p99": 0.021416788920760155,
        "p99.9": 0.03279642410948933
      }
    },
    "throughput": {
      "input_tokens_per_sec": 2365.7288659009614,
      "output_tokens_per_sec": 6818.959912609244,
      "total_tokens_per_sec": 9184.688778510204,
      "requests_per_sec": 1.136753298457762
    },
    "prompt_len": {
      "mean": 2081.1277777777777,
      "min": 2046.0,
      "max": 2118.0,
      "p0.1": 2046.0,
      "p1": 2048.37,
      "p5": 2058.95,
      "p10": 2066.0,
      "p25": 2073.0,
      "median": 2081.0,
      "p75": 2088.5,
      "p90": 2096.1,
      "p95": 2105.0,
      "p99": 2114.21,
      "p99.9": 2117.463
    },
    "output_len": {
      "mean": 5998.627777777778,
      "min": 5975.0,
      "max": 6010.0,
      "p0.1": 5975.179,
      "p1": 5976.79,
      "p5": 5990.0,
      "p10": 5994.0,
      "p25": 5998.0,
      "median": 6000.0,
      "p75": 6001.0,
      "p90": 6002.0,
      "p95": 6003.0,
      "p99": 6006.0,
      "p99.9": 6009.284
    }
  },
  "failures": {
    "count": 0,
    "request_latency": null,
    "prompt_len": null
  }
}