{
  "load_summary": {
    "count": 120,
    "schedule_delay": {
      "mean": 0.0008614871806154648,
      "min": -0.0007374249398708344,
      "max": 0.0021785632707178593,
      "p0.1": -0.0007367201331071556,
      "p1": -0.0007214206596836448,
      "p5": -3.2359221950173355e-05,
      "p10": 0.00010309005156159401,
      "p25": 0.0005546315805986524,
      "median": 0.0008888805750757456,
      "p75": 0.001256623538210988,
      "p90": 0.0015289302915334703,
      "p95": 0.001656817505136132,
      "p99": 0.0019633358763530857,
      "p99.9": 0.002156992604024711
    },
    "send_duration": 58.45369972381741,
    "requested_rate": 2.0,
    "achieved_rate": 2.0529068402338453
  },
  "successes": {
    "count": 120,
    "latency": {
      "request_latency": {
        "mean": 85.60226239273713,
        "min": 42.458987548947334,
        "max": 100.7795055299066,
        "p0.1": 43.66439951361902,
        "p1": 52.58868553917855,
        "p5": 59.22860583437141,
        "p10": 67.9913248475641,
        "p25": 81.18832237669267,
        "median": 89.18487903941423,
        "p75": 93.9232302098535,
        "p90": 99.64666095310822,
        "p95": 100.60654299957677,
        "p99": 100.73832582140807,
        "p99.9": 100.77532751487475
      },
      "normalized_time_per_output_token": {
        "mean": 0.014270598909141074,
        "min": 0.0070753187050403826,
        "max": 0.016835275008749505,
        "p0.1": 0.007275666152724258,
        "p1": 0.008759773602094944,
        "p5": 0.00987448461082171,
        "p10": 0.011329243287666883,
        "p25": 0.013531955347635814,
        "median": 0.01486662430291123,
        "p75": 0.015655842198914565,
        "p90": 0.016609819276712394,
        "p95": 0.016766223286211926,
        "p99": 0.01679320529725302,
        "p99.9": 0.016830337732309863
      },
      "time_per_output_token": {
        "mean": 0.014251178805580297,
        "min": 0.007066661880261094,
        "max": 0.016778457938848683,
        "p0.1": 0.007266780186856079,
        "p1": 0.008748866877495928,
        "p5": 0.009858240285818354,
        "p10": 0.01131828510606891,
        "p25": 0.013520158587780315,
        "median": 0.014847045121986108,
        "p75": 0.01563734145107446,
        "p90": 0.016594140667033692,
        "p95": 0.0167516705462321,
        "p99": 0.01677241926544113,
        "p99.9": 0.016777804481700992
      },
      "time_to_first_token": {
        "mean": 0.07455913454759866,
        "min": 0.03435081383213401,
        "max": 0.13901104498654604,
        "p0.1": 0.03442322938842699,
        "p1": 0.03552302704658359,
        "p5": 0.04454606571234763,
        "p10": 0.05229809880256653,
        "p25": 0.06512853840831667,
        "median": 0.07402152987197042,
        "p75": 0.0834360447479412,
        "p90": 0.09241607272997499,
        "p95": 0.10324084588792175,
        "p99": 0.13498871599324047,
        "p99.9": 0.13854420457035307
      },
      "inter_token_latency": {
        "mean": 0.014251310362197301,
        "min": 6.082933396100998e-06,
        "max": 0.06330618914216757,
        "p0.1": 0.003289874251931906,
        "p1": 0.004315822431817651,
        "p5": 0.008057844825088978,
        "p10": 0.010500571224838495,
        "p25": 0.01193056139163673,
        "median": 0.014852994121611118,
        "p75": 0.01652232836931944,
        "p90": 0.01756247179582715,
        "p95": 0.01793196378275752,
        "p99": 0.019346754951402548,
        "p99.9": 0.03620624480769044
      }
    },
    "throughput": {
      "input_tokens_per_sec": 1663.6953940170508,
      "output_tokens_per_sec": 4797.111562553805,
      "total_tokens_per_sec": 6460.806956570856,
      "requests_per_sec": 0.7997029697214311
    },
    "prompt_len": {
      "mean": 2080.391666666667,
      "min": 2046.0,
      "max": 2118.0,
      "p0.1": 2046.0,
      "p1": 2047.14,
      "p5": 2058.95,
      "p10": 2066.9,
      "p25": 2073.0,
      "median": 2080.0,
      "p75": 2088.0,
      "p90": 2094.1,
      "p95": 2104.05,
      "p99": 2113.24,
      "p99.9": 2117.524
    },
    "output_len": {
      "mean": 5998.616666666667,
      "min": 5957.0,
      "max": 6008.0,
      "p0.1": 5959.975,
      "p1": 5982.38,
      "p5": 5991.95,
      "p10": 5994.9,
      "p25": 5998.0,
      "median": 6000.0,
      "p75": 6001.0,
      "p90": 6002.0,
      "p95": 6004.0,
      "p99": 6006.81,
      "p99.9": 6007.881
    }
  },
  "failures": {
    "count": 0,
    "request_latency": null,
    "prompt_len": null
  }
}