{
  "load_summary": {
    "count": 2400,
    "schedule_delay": {
      "mean": 0.00046614147761526206,
      "min": -0.0011501917615532875,
      "max": 0.07193443598225713,
      "p0.1": -0.001114291999489069,
      "p1": -0.0008294476754963398,
      "p5": -0.0005119886947795749,
      "p10": -0.0003564282786101103,
      "p25": 5.856389179825783e-06,
      "median": 0.00039086141623556614,
      "p75": 0.0007859468460083008,
      "p90": 0.0011682713404297827,
      "p95": 0.0013792486861348146,
      "p99": 0.0018173004360869523,
      "p99.9": 0.011234274659305994
    }
  },
  "successes": {
    "count": 2400,
    "latency": {
      "request_latency": {
        "mean": 148.09681823656894,
        "min": 26.7977118040435,
        "max": 185.24741281289607,
        "p0.1": 40.208430562702006,
        "p1": 61.530981295728125,
        "p5": 88.0691480867099,
        "p10": 100.99899939382449,
        "p25": 129.47863927739672,
        "median": 159.24610692006536,
        "p75": 171.76797002274543,
        "p90": 179.140639522532,
        "p95": 181.47383838405366,
        "p99": 185.0854387638392,
        "p99.9": 185.18020466878684
      },
      "normalized_time_per_output_token": {
        "mean": 0.024693651565731414,
        "min": 0.004467029805641524,
        "max": 0.03999413023451922,
        "p0.1": 0.006698996612865006,
        "p1": 0.01025348876948468,
        "p5": 0.01468235278580886,
        "p10": 0.016835401330859055,
        "p25": 0.021576273922575637,
        "median": 0.026549765178126395,
        "p75": 0.02866400852316292,
        "p90": 0.029871515540645197,
        "p95": 0.030254486698778768,
        "p99": 0.030848604188167778,
        "p99.9": 0.03089888142278242
      },
      "time_per_output_token": {
        "mean": 0.024665981606838527,
        "min": 0.004310914523201063,
        "max": 0.030847746226005255,
        "p0.1": 0.006687766706388885,
        "p1": 0.010234310588284154,
        "p5": 0.014662037838149506,
        "p10": 0.016819076735394387,
        "p25": 0.021560846258730938,
        "median": 0.026529126311691166,
        "p75": 0.028614094817021395,
        "p90": 0.0298385220139365,
        "p95": 0.030227950383901286,
        "p99": 0.030830091772538145,
        "p99.9": 0.030845580847821043
      },
      "time_to_first_token": {
        "mean": 0.08267735903034917,
        "min": 0.029204438906162977,
        "max": 0.9553449149243534,
        "p0.1": 0.030480133072007448,
        "p1": 0.03451225068420172,
        "p5": 0.04563619419932365,
        "p10": 0.05198792032897472,
        "p25": 0.06657068792264909,
        "median": 0.08042165287770331,
        "p75": 0.0947100690100342,
        "p90": 0.10821368372999131,
        "p95": 0.11798145752400155,
        "p99": 0.15480711074545875,
        "p99.9": 0.8200904493537013
      },
      "inter_token_latency": {
        "mean": 0.02466607424707252,
        "min": 5.67268580198288e-06,
        "max": 0.25570518895983696,
        "p0.1": 0.0034743195213377477,
        "p1": 0.007935713604092598,
        "p5": 0.011963668745011091,
        "p10": 0.015493053942918777,
        "p25": 0.02060418901965022,
        "median": 0.02550685964524746,
        "p75": 0.02958262199535966,
        "p90": 0.031717856880277395,
        "p95": 0.03290930716320872,
        "p99": 0.03640852794051169,
        "p99.9": 0.05196864597499379
      }
    },
    "throughput": {
      "input_tokens_per_sec": 3868.080472216351,
      "output_tokens_per_sec": 11147.130552849194,
      "total_tokens_per_sec": 15015.211025065546,
      "requests_per_sec": 1.8584166178848947
    },
    "prompt_len": {
      "mean": 2081.385,
      "min": 2045.0,
      "max": 2125.0,
      "p0.1": 2046.0,
      "p1": 2049.99,
      "p5": 2063.0,
      "p10": 2066.0,
      "p25": 2073.0,
      "median": 2081.0,
      "p75": 2089.0,
      "p90": 2098.0,
      "p95": 2104.0,
      "p99": 2115.0,
      "p99.9": 2118.0
    },
    "output_len": {
      "mean": 5998.187083333333,
      "min": 3638.0,
      "max": 8082.0,
      "p0.1": 5694.782,
      "p1": 5980.98,
      "p5": 5991.0,
      "p10": 5994.0,
      "p25": 5997.0,
      "median": 6000.0,
      "p75": 6001.0,
      "p90": 6002.0,
      "p95": 6004.0,
      "p99": 6008.01,
      "p99.9": 6048.651000000005
    }
  },
  "failures": {
    "count": 0,
    "request_latency": null,
    "prompt_len": null
  }
}