{
  "load_summary": {
    "count": 450,
    "schedule_delay": {
      "mean": 0.0005010785659154256,
      "min": -0.0008572000078856945,
      "max": 0.0018541403114795685,
      "p0.1": -0.0008526294771581889,
      "p1": -0.0006750958412885666,
      "p5": -0.0003690850222483277,
      "p10": -0.00020653549581766127,
      "p25": 0.0001397179439663887,
      "median": 0.0005090830381959677,
      "p75": 0.0008837144123390317,
      "p90": 0.0011738688684999944,
      "p95": 0.0013068099739029998,
      "p99": 0.0015754264686256645,
      "p99.9": 0.0017859827424399621
    },
    "send_duration": 29.1061551743187,
    "requested_rate": 15.0,
    "achieved_rate": 15.460647320297719
  },
  "successes": {
    "count": 450,
    "latency": {
      "request_latency": {
        "mean": 76.94679631666591,
        "min": 37.552525495179,
        "max": 91.96305132564157,
        "p0.1": 38.06236041392153,
        "p1": 47.15814398104325,
        "p5": 56.77476800193544,
        "p10": 64.9047541951295,
        "p25": 72.33049631270114,
        "median": 78.7367103244178,
        "p75": 83.3791445211973,
        "p90": 88.1954537411686,
        "p95": 89.17387749189511,
        "p99": 91.45706545202528,
        "p99.9": 91.89654178962299
      },
      "normalized_time_per_output_token": {
        "mean": 0.07717654444804938,
        "min": 0.037627781057293586,
        "max": 0.09769600883686244,
        "p0.1": 0.038138637689300134,
        "p1": 0.047276964647233057,
        "p5": 0.05703137287999034,
        "p10": 0.06520351077906401,
        "p25": 0.07258914260012209,
        "median": 0.07895928464936305,
        "p75": 0.08376730645867383,
        "p90": 0.0882988714132443,
        "p95": 0.08960135883520537,
        "p99": 0.09167268550924869,
        "p99.9": 0.09518264856087245
      },
      "time_per_output_token": {
        "mean": 0.0758516589457107,
        "min": 0.03747652431437746,
        "max": 0.08977987987874075,
        "p0.1": 0.03797841127254022,
        "p1": 0.047060832301890475,
        "p5": 0.056592192281247115,
        "p10": 0.0635375248264987,
        "p25": 0.07120103310071862,
        "median": 0.07749943304806947,
        "p75": 0.0820069508185843,
        "p90": 0.08703777752486057,
        "p95": 0.08841663356635254,
        "p99": 0.08924936609599274,
        "p99.9": 0.08968323393408768
      },
      "time_to_first_token": {
        "mean": 1.0646760100343575,
        "min": 0.0427491650916636,
        "max": 3.6659699408337474,
        "p0.1": 0.04388670474709943,
        "p1": 0.05130410104058683,
        "p5": 0.07712492686696351,
        "p10": 0.10493879439309241,
        "p25": 0.39623615506570786,
        "median": 0.8541225804947317,
        "p75": 1.5215507425600663,
        "p90": 2.3568750405684114,
        "p95": 2.7326577280648046,
        "p99": 3.2617865994386372,
        "p99.9": 3.5658873712648735
      },
      "inter_token_latency": {
        "mean": 0.0758516589457107,
        "min": 5.4067932069301605e-06,
        "max": 2.075048488099128,
        "p0.1": 5.693640559911728e-06,
        "p1": 5.953013896942139e-06,
        "p5": 6.427988409996033e-06,
        "p10": 6.929971277713776e-06,
        "p25": 8.730217814445496e-06,
        "median": 1.9141007214784622e-05,
        "p75": 0.10232559219002724,
        "p90": 0.2377946620341391,
        "p95": 0.3315984141314402,
        "p99": 0.6380376326059927,
        "p99.9": 1.5474395037898934
      }
    },
    "throughput": {
      "input_tokens_per_sec": 30143.893078889698,
      "output_tokens_per_sec": 3984.7171455667626,
      "total_tokens_per_sec": 34128.61022445646,
      "requests_per_sec": 3.996342060582992
    },
    "prompt_len": {
      "mean": 7542.8711111111115,
      "min": 7482.0,
      "max": 7616.0,
      "p0.1": 7482.0,
      "p1": 7493.0,
      "p5": 7508.45,
      "p10": 7514.9,
      "p25": 7528.0,
      "median": 7541.0,
      "p75": 7556.75,
      "p90": 7572.0,
      "p95": 7581.55,
      "p99": 7601.02,
      "p99.9": 7614.653
    },
    "output_len": {
      "mean": 997.0911111111111,
      "min": 906.0,
      "max": 1007.0,
      "p0.1": 920.368,
      "p1": 986.49,
      "p5": 992.0,
      "p10": 994.0,
      "p25": 996.0,
      "median": 998.0,
      "p75": 1000.0,
      "p90": 1001.0,
      "p95": 1002.0,
      "p99": 1004.51,
      "p99.9": 1007.0
    }
  },
  "failures": {
    "count": 0,
    "request_latency": null,
    "prompt_len": null
  }
}