{
  "load_summary": {
    "count": 1500,
    "schedule_delay": {
      "mean": 0.00044641661737114194,
      "min": -0.0009725647978484631,
      "max": 0.0019412655383348465,
      "p0.1": -0.0008852573400363326,
      "p1": -0.000661529041826725,
      "p5": -0.00036185539793223145,
      "p10": -0.0001876374240964651,
      "p25": 9.335821960121393e-05,
      "median": 0.00043300888501107693,
      "p75": 0.0007957516936585307,
      "p90": 0.0011135811451822527,
      "p95": 0.0012762845959514379,
      "p99": 0.0015992106543853879,
      "p99.9": 0.0018199124387465622
    },
    "send_duration": 31.929399447049946,
    "requested_rate": 50.0,
    "achieved_rate": 46.97864745271899
  },
  "successes": {
    "count": 1500,
    "latency": {
      "request_latency": {
        "mean": 261.40519228368345,
        "min": 192.15904324688017,
        "max": 276.29452011873946,
        "p0.1": 196.10064449830958,
        "p1": 203.207332000779,
        "p5": 227.88264095878694,
        "p10": 242.89741070149466,
        "p25": 261.1982344882563,
        "median": 266.2781625909265,
        "p75": 269.635794767295,
        "p90": 271.7490100618452,
        "p95": 273.0713591565378,
        "p99": 274.9869084241707,
        "p99.9": 276.1512906170967
      },
      "normalized_time_per_output_token": {
        "mean": 0.2618680559420993,
        "min": 0.19331895698881305,
        "max": 0.28273925934814303,
        "p0.1": 0.19659204323486992,
        "p1": 0.20393271812368988,
        "p5": 0.2283700121953772,
        "p10": 0.24286935100399792,
        "p25": 0.26131254328563147,
        "median": 0.2666686410385648,
        "p75": 0.26996132350139623,
        "p90": 0.2725071759651448,
        "p95": 0.2738295109127738,
        "p99": 0.2763411155018836,
        "p99.9": 0.28095874328773907
      },
      "time_per_output_token": {
        "mean": 0.25859289111871553,
        "min": 0.1920873602470383,
        "max": 0.2726247792690992,
        "p0.1": 0.19597375172150555,
        "p1": 0.20311814376817083,
        "p5": 0.2275401900538709,
        "p10": 0.24210793382977136,
        "p25": 0.25749686400929933,
        "median": 0.26290267779910936,
        "p75": 0.26651556603773496,
        "p90": 0.26876402317234316,
        "p95": 0.26976633146523965,
        "p99": 0.2717610406326549,
        "p99.9": 0.27220637697590566
      },
      "time_to_first_token": {
        "mean": 2.7812135061671337,
        "min": 0.041441380977630615,
        "max": 12.375974077731371,
        "p0.1": 0.04384034453658387,
        "p1": 0.0723003116203472,
        "p5": 0.270821092184633,
        "p10": 0.5336025337222964,
        "p25": 1.2729463684372604,
        "median": 2.562520263483748,
        "p75": 3.873694308102131,
        "p90": 5.280968917114661,
        "p95": 6.243891539284955,
        "p99": 8.744846184975467,
        "p99.9": 10.5937268297805
      },
      "inter_token_latency": {
        "mean": 0.25859289111871553,
        "min": 5.41098415851593e-06,
        "max": 3.2352427602745593,
        "p0.1": 5.77140599489212e-06,
        "p1": 6.0820020735263824e-06,
        "p5": 6.639864295721054e-06,
        "p10": 7.268041372299194e-06,
        "p25": 1.0021030902862549e-05,
        "median": 2.2946856915950775e-05,
        "p75": 0.468274837709032,
        "p90": 0.7826654884964228,
        "p95": 1.0290751637890936,
        "p99": 1.5556936563784258,
        "p99.9": 2.1285333875822867
      }
    },
    "throughput": {
      "input_tokens_per_sec": 37869.228857743365,
      "output_tokens_per_sec": 5010.963144134861,
      "total_tokens_per_sec": 42880.192001878226,
      "requests_per_sec": 5.019797988594788
    },
    "prompt_len": {
      "mean": 7543.974666666667,
      "min": 7482.0,
      "max": 7616.0,
      "p0.1": 7482.0,
      "p1": 7496.0,
      "p5": 7509.0,
      "p10": 7515.9,
      "p25": 7529.0,
      "median": 7543.0,
      "p75": 7558.0,
      "p90": 7573.0,
      "p95": 7584.0,
      "p99": 7600.0,
      "p99.9": 7614.503000000001
    },
    "output_len": {
      "mean": 998.24,
      "min": 941.0,
      "max": 1012.0,
      "p0.1": 954.99,
      "p1": 984.99,
      "p5": 992.0,
      "p10": 994.0,
      "p25": 996.0,
      "median": 999.0,
      "p75": 1001.0,
      "p90": 1003.0,
      "p95": 1004.0,
      "p99": 1007.01,
      "p99.9": 1010.0
    }
  },
  "failures": {
    "count": 0,
    "request_latency": null,
    "prompt_len": null
  }
}