{
  "load_summary": {
    "count": 90,
    "schedule_delay": {
      "mean": 0.0006971781607717275,
      "min": -0.0008681244216859341,
      "max": 0.009044016245752573,
      "p0.1": -0.0008451995463110507,
      "p1": -0.0006388756679371,
      "p5": -0.0004920685430988669,
      "p10": -7.722312584519383e-05,
      "p25": 0.00019961455836892128,
      "median": 0.0005904214922338724,
      "p75": 0.001040193485096097,
      "p90": 0.0013378924690186987,
      "p95": 0.0015593951800838112,
      "p99": 0.0029682331951335033,
      "p99.9": 0.008436437940690773
    },
    "send_duration": 29.78808178100735,
    "requested_rate": 3.0,
    "achieved_rate": 3.0213425846501907
  },
  "successes": {
    "count": 90,
    "latency": {
      "request_latency": {
        "mean": 15.547206200959367,
        "min": 10.034824620001018,
        "max": 20.150731426663697,
        "p0.1": 10.08102515766956,
        "p1": 10.49682999668643,
        "p5": 11.470689662662334,
        "p10": 12.763354602316394,
        "p25": 14.17836215510033,
        "median": 16.07400447758846,
        "p75": 16.978048826102167,
        "p90": 18.03770963288844,
        "p95": 19.15281050403137,
        "p99": 20.07052922459319,
        "p99.9": 20.14271120645665
      },
      "normalized_time_per_output_token": {
        "mean": 0.015556610427607495,
        "min": 0.010075125120482949,
        "max": 0.020436847288705574,
        "p0.1": 0.010119621278195469,
        "p1": 0.010520086697608151,
        "p5": 0.01148827506798203,
        "p10": 0.012726578321187308,
        "p25": 0.014210292136491278,
        "median": 0.016065783295676143,
        "p75": 0.016996608433262807,
        "p90": 0.01801968994294549,
        "p95": 0.019279053988568072,
        "p99": 0.02020977228391072,
        "p99.9": 0.020414139788226093
      },
      "time_per_output_token": {
        "mean": 0.015356882268521522,
        "min": 0.009836950613185763,
        "max": 0.01959059536177665,
        "p0.1": 0.00989291544214217,
        "p1": 0.01039659890274983,
        "p5": 0.011371434918045998,
        "p10": 0.012649620478553697,
        "p25": 0.014050847214530222,
        "median": 0.015788200775627047,
        "p75": 0.016790017751860432,
        "p90": 0.017920546838175507,
        "p95": 0.018934930525603702,
        "p99": 0.01952175032129977,
        "p99.9": 0.01958371085772896
      },
      "time_to_first_token": {
        "mean": 0.15869554032364652,
        "min": 0.0464548640884459,
        "max": 1.1910051950253546,
        "p0.1": 0.0465507172588259,
        "p1": 0.04741339579224586,
        "p5": 0.05053853183053434,
        "p10": 0.056275794515386224,
        "p25": 0.07549820828717202,
        "median": 0.08865483687259257,
        "p75": 0.17110508412588388,
        "p90": 0.22846458405256304,
        "p95": 0.4454223193926732,
        "p99": 1.1586631929641589,
        "p99.9": 1.1877709948192356
      },
      "inter_token_latency": {
        "mean": 0.015356882268521522,
        "min": 5.486886948347092e-06,
        "max": 1.1017059269361198,
        "p0.1": 5.78910019248724e-06,
        "p1": 6.275251507759094e-06,
        "p5": 7.338728755712509e-06,
        "p10": 8.955551311373711e-06,
        "p25": 0.008822927018627524,
        "median": 0.013329239096492529,
        "p75": 0.017773629748262465,
        "p90": 0.02508364995010198,
        "p95": 0.0340614236192778,
        "p99": 0.059193572001531476,
        "p99.9": 0.9353898608936024
      }
    },
    "throughput": {
      "input_tokens_per_sec": 14633.803628835862,
      "output_tokens_per_sec": 1939.0195584844855,
      "total_tokens_per_sec": 16572.823187320348,
      "requests_per_sec": 1.939967987278266
    },
    "prompt_len": {
      "mean": 7543.322222222222,
      "min": 7482.0,
      "max": 7613.0,
      "p0.1": 7483.958,
      "p1": 7501.58,
      "p5": 7511.45,
      "p10": 7515.9,
      "p25": 7528.25,
      "median": 7540.0,
      "p75": 7558.0,
      "p90": 7571.3,
      "p95": 7581.0,
      "p99": 7597.87,
      "p99.9": 7611.487
    },
    "output_len": {
      "mean": 999.5111111111111,
      "min": 986.0,
      "max": 1008.0,
      "p0.1": 986.623,
      "p1": 992.23,
      "p5": 994.0,
      "p10": 995.0,
      "p25": 997.0,
      "median": 999.5,
      "p75": 1002.0,
      "p90": 1004.0,
      "p95": 1005.0,
      "p99": 1007.11,
      "p99.9": 1007.9110000000001
    }
  },
  "failures": {
    "count": 0,
    "request_latency": null,
    "prompt_len": null
  }
}