{
  "load_summary": {
    "count": 750,
    "schedule_delay": {
      "mean": 0.00047771915420889856,
      "min": -0.0009161662310361862,
      "max": 0.0020175352692604065,
      "p0.1": -0.0008080928171984852,
      "p1": -0.0006343981577083468,
      "p5": -0.00037662216927856205,
      "p10": -0.00019828705117106436,
      "p25": 0.00012881471775472164,
      "median": 0.0004746289923787117,
      "p75": 0.0008355071768164635,
      "p90": 0.001152531197294593,
      "p95": 0.0013172589475288986,
      "p99": 0.0016051980201154947,
      "p99.9": 0.0018621710827574321
    },
    "send_duration": 31.56141620874405,
    "requested_rate": 25.0,
    "achieved_rate": 23.763192216710905
  },
  "successes": {
    "count": 750,
    "latency": {
      "request_latency": {
        "mean": 129.1836633892376,
        "min": 87.47575964033604,
        "max": 143.69593025371432,
        "p0.1": 87.6401904406026,
        "p1": 94.27839805969502,
        "p5": 102.58037073866,
        "p10": 112.30280337939038,
        "p25": 127.53397126670461,
        "median": 132.34133875370026,
        "p75": 136.20724465569947,
        "p90": 138.27956942617894,
        "p95": 139.18232392780482,
        "p99": 140.57602959990967,
        "p99.9": 142.7674626772321
      },
      "normalized_time_per_output_token": {
        "mean": 0.12947804512099878,
        "min": 0.08773897657004617,
        "max": 0.14612779120725689,
        "p0.1": 0.08783788870112393,
        "p1": 0.09444649716660124,
        "p5": 0.10276737390016406,
        "p10": 0.11309024991333122,
        "p25": 0.12781628881493434,
        "median": 0.1326107334171132,
        "p75": 0.13657457571136733,
        "p90": 0.1385644764248037,
        "p95": 0.13960380974895917,
        "p99": 0.14144649965461778,
        "p99.9": 0.14584087334617288
      },
      "time_per_output_token": {
        "mean": 0.12766290519080062,
        "min": 0.08737225019326433,
        "max": 0.1398352536340244,
        "p0.1": 0.0875301179446713,
        "p1": 0.09418751533896662,
        "p5": 0.10243200393747538,
        "p10": 0.11193702116929927,
        "p25": 0.12560320345149376,
        "median": 0.13043684744951314,
        "p75": 0.13453967987862414,
        "p90": 0.1365591520822607,
        "p95": 0.13720662903757766,
        "p99": 0.13881927206578662,
        "p99.9": 0.139573830510594
      },
      "time_to_first_token": {
        "mean": 1.4883338704872877,
        "min": 0.05108756199479103,
        "max": 6.114256853703409,
        "p0.1": 0.05155168429436162,
        "p1": 0.0643214667076245,
        "p5": 0.09321632941719145,
        "p10": 0.24070369452238088,
        "p25": 0.6755479079438373,
        "median": 1.3009028572123498,
        "p75": 2.076374274562113,
        "p90": 2.9238976356107744,
        "p95": 3.4690584428608418,
        "p99": 5.246610228279605,
        "p99.9": 6.09180268255342
      },
      "inter_token_latency": {
        "mean": 0.12766290519080062,
        "min": 5.407258868217468e-06,
        "max": 2.1988162649795413,
        "p0.1": 5.707144271582365e-06,
        "p1": 5.966983735561371e-06,
        "p5": 6.453599780797958e-06,
        "p10": 6.984919309616089e-06,
        "p25": 9.20705497264862e-06,
        "median": 1.969374716281891e-05,
        "p75": 0.20860505709424615,
        "p90": 0.39545377925969655,
        "p95": 0.533726011752151,
        "p99": 1.1002542232815185,
        "p99.9": 1.6018400895702867
      }
    },
    "throughput": {
      "input_tokens_per_sec": 34425.15677886642,
      "output_tokens_per_sec": 4552.952182661913,
      "total_tokens_per_sec": 38978.10896152833,
      "requests_per_sec": 4.563265161927871
    },
    "prompt_len": {
      "mean": 7543.974666666667,
      "min": 7482.0,
      "max": 7616.0,
      "p0.1": 7482.0,
      "p1": 7496.49,
      "p5": 7509.0,
      "p10": 7515.9,
      "p25": 7529.0,
      "median": 7543.0,
      "p75": 7558.0,
      "p90": 7573.0,
      "p95": 7584.0,
      "p99": 7600.0,
      "p99.9": 7613.753000000001
    },
    "output_len": {
      "mean": 997.74,
      "min": 946.0,
      "max": 1008.0,
      "p0.1": 955.737,
      "p1": 983.49,
      "p5": 992.0,
      "p10": 994.0,
      "p25": 996.0,
      "median": 998.0,
      "p75": 1000.0,
      "p90": 1002.0,
      "p95": 1003.0,
      "p99": 1005.0,
      "p99.9": 1008.0
    }
  },
  "failures": {
    "count": 0,
    "request_latency": null,
    "prompt_len": null
  }
}