{
  "load_summary": {
    "count": 90,
    "schedule_delay": {
      "mean": 0.0007448711535996861,
      "min": -0.00043444614857435226,
      "max": 0.0019260072149336338,
      "p0.1": -0.00042268185457214715,
      "p1": -0.0003168032085523009,
      "p5": -0.00010390703100711107,
      "p10": 5.001714453101158e-05,
      "p25": 0.0003989522811025381,
      "median": 0.0006963491905480623,
      "p75": 0.0011007959255948663,
      "p90": 0.0014904731418937446,
      "p95": 0.0016432474600151178,
      "p99": 0.0018112781923264264,
      "p99.9": 0.0019145343126729152
    },
    "send_duration": 25.579858583863825,
    "requested_rate": 3.0,
    "achieved_rate": 3.5183931805148214
  },
  "successes": {
    "count": 90,
    "latency": {
      "request_latency": {
        "mean": 15.486307679608258,
        "min": 11.327361762989312,
        "max": 19.580412338953465,
        "p0.1": 11.357013072317931,
        "p1": 11.623874856275506,
        "p5": 12.092721330630592,
        "p10": 12.196467166393996,
        "p25": 13.965476557263173,
        "median": 15.54960686317645,
        "p75": 17.132734066341072,
        "p90": 18.363565430091693,
        "p95": 18.78758725603111,
        "p99": 18.975391957298854,
        "p99.9": 19.519910300788016
      },
      "normalized_time_per_output_token": {
        "mean": 0.015494698578255682,
        "min": 0.011350061886762838,
        "max": 0.019678806370807503,
        "p0.1": 0.01137873171040718,
        "p1": 0.011636760123206255,
        "p5": 0.012086756616132522,
        "p10": 0.012208011761042956,
        "p25": 0.013939840712914426,
        "median": 0.015570711477227574,
        "p75": 0.017073293721880097,
        "p90": 0.01841498982183035,
        "p95": 0.018808349903543336,
        "p99": 0.0189563284145823,
        "p99.9": 0.019606558575184996
      },
      "time_per_output_token": {
        "mean": 0.015267974191772457,
        "min": 0.011118377876002342,
        "max": 0.018774888854008166,
        "p0.1": 0.011160090690247716,
        "p1": 0.011535506018456071,
        "p5": 0.011933079257840292,
        "p10": 0.012103833185136319,
        "p25": 0.013745851066778414,
        "median": 0.01529612089274451,
        "p75": 0.016853839918156154,
        "p90": 0.01822965024677105,
        "p95": 0.018644942478346638,
        "p99": 0.018774388646576552,
        "p99.9": 0.018774838833265004
      },
      "time_to_first_token": {
        "mean": 0.18821790125221013,
        "min": 0.044747095089405775,
        "max": 1.6990237426944077,
        "p0.1": 0.04479591586720198,
        "p1": 0.04523530286736786,
        "p5": 0.052050184831023215,
        "p10": 0.062044169427827,
        "p25": 0.08155504008755088,
        "median": 0.10675172694027424,
        "p75": 0.17925895890221,
        "p90": 0.2768112236633898,
        "p95": 0.5907447227509683,
        "p99": 1.5886558913020417,
        "p99.9": 1.6879869575551731
      },
      "inter_token_latency": {
        "mean": 0.015268226917538342,
        "min": 5.499925464391708e-06,
        "max": 1.5116315227933228,
        "p0.1": 5.83190843462944e-06,
        "p1": 6.310176104307175e-06,
        "p5": 7.270835340023041e-06,
        "p10": 8.934643119573593e-06,
        "p25": 0.00434451038017869,
        "median": 0.013164449948817492,
        "p75": 0.0184303498826921,
        "p90": 0.027127315104007715,
        "p95": 0.03580876132473349,
        "p99": 0.06005393229424937,
        "p99.9": 0.77661980883037
      }
    },
    "throughput": {
      "input_tokens_per_sec": 16788.220868116878,
      "output_tokens_per_sec": 2223.465456117617,
      "total_tokens_per_sec": 19011.686324234495,
      "requests_per_sec": 2.2245777449901123
    },
    "prompt_len": {
      "mean": 7546.7,
      "min": 7483.0,
      "max": 7593.0,
      "p0.1": 7484.78,
      "p1": 7500.8,
      "p5": 7510.0,
      "p10": 7516.0,
      "p25": 7528.75,
      "median": 7547.5,
      "p75": 7564.0,
      "p90": 7576.3,
      "p95": 7584.0,
      "p99": 7592.11,
      "p99.9": 7592.911
    },
    "output_len": {
      "mean": 999.5,
      "min": 979.0,
      "max": 1007.0,
      "p0.1": 980.068,
      "p1": 989.68,
      "p5": 993.45,
      "p10": 995.0,
      "p25": 997.0,
      "median": 999.0,
      "p75": 1002.0,
      "p90": 1004.0,
      "p95": 1006.0,
      "p99": 1007.0,
      "p99.9": 1007.0
    }
  },
  "failures": {
    "count": 0,
    "request_latency": null,
    "prompt_len": null
  }
}