{
  "load_summary": {
    "count": 1500,
    "schedule_delay": {
      "mean": 0.0005062487923229734,
      "min": -0.0010108724236488342,
      "max": 0.04405902652069926,
      "p0.1": -0.0009007632103748619,
      "p1": -0.0006648587435483933,
      "p5": -0.00039002178236842157,
      "p10": -0.00021776026114821433,
      "p25": 7.929431740194559e-05,
      "median": 0.00044098147191107273,
      "p75": 0.0008277766173705459,
      "p90": 0.0011754889972507955,
      "p95": 0.0013397202594205735,
      "p99": 0.0016416439553722738,
      "p99.9": 0.018245419722056386
    },
    "send_duration": 29.45875045284629,
    "requested_rate": 50.0,
    "achieved_rate": 50.918656661999414
  },
  "successes": {
    "count": 1500,
    "latency": {
      "request_latency": {
        "mean": 196.2946671134246,
        "min": 87.3545597163029,
        "max": 300.13650088291615,
        "p0.1": 88.41573578322352,
        "p1": 90.58045150913298,
        "p5": 97.66859482733999,
        "p10": 102.56850793771446,
        "p25": 108.02983532915823,
        "median": 202.34933710214682,
        "p75": 283.3281436187681,
        "p90": 295.4468497682363,
        "p95": 296.3775901044486,
        "p99": 297.58209958657625,
        "p99.9": 299.2294705948109
      },
      "normalized_time_per_output_token": {
        "mean": 0.19652473138714868,
        "min": 0.08761741195215939,
        "max": 0.30104459988249593,
        "p0.1": 0.08853624398508782,
        "p1": 0.09055385371129455,
        "p5": 0.09788003612207401,
        "p10": 0.10273206945202269,
        "p25": 0.1081377904338465,
        "median": 0.20266807131575282,
        "p75": 0.28359506258941575,
        "p90": 0.29556496826078377,
        "p95": 0.2966081621176827,
        "p99": 0.2982852970223898,
        "p99.9": 0.30057561867963123
      },
      "time_per_output_token": {
        "mean": 0.10334737457550293,
        "min": 0.08536690439889208,
        "max": 0.10886398344859481,
        "p0.1": 0.0857300790271787,
        "p1": 0.08688970594825689,
        "p5": 0.09077054473173339,
        "p10": 0.09524061378738802,
        "p25": 0.1010664403908886,
        "median": 0.10591102155158297,
        "p75": 0.10677364710485562,
        "p90": 0.10717611746583135,
        "p95": 0.10752110748619308,
        "p99": 0.10802537695925682,
        "p99.9": 0.1086612898924756
      },
      "time_to_first_token": {
        "mean": 92.91885575685868,
        "min": 0.053344640880823135,
        "max": 200.09988072374836,
        "p0.1": 0.0626422274983488,
        "p1": 0.08324692508671433,
        "p5": 0.26272270549088717,
        "p10": 0.5151984953787178,
        "p25": 1.5920635147485882,
        "median": 95.79731061588973,
        "p75": 185.6653670327505,
        "p90": 195.04345652800984,
        "p95": 196.03719723620452,
        "p99": 197.6358676449489,
        "p99.9": 198.67922230240052
      },
      "inter_token_latency": {
        "mean": 0.10334744487363766,
        "min": 5.30388206243515e-06,
        "max": 2.449016963131726,
        "p0.1": 5.710870027542114e-06,
        "p1": 5.977228283882141e-06,
        "p5": 6.431248039007187e-06,
        "p10": 6.9122761487960815e-06,
        "p25": 8.880160748958588e-06,
        "median": 1.9145198166370392e-05,
        "p75": 0.16430599335581064,
        "p90": 0.31534676449373344,
        "p95": 0.42458014886360573,
        "p99": 1.008034494430753,
        "p99.9": 1.5089927865784034
      }
    },
    "throughput": {
      "input_tokens_per_sec": 34940.91830650089,
      "output_tokens_per_sec": 4625.005510679586,
      "total_tokens_per_sec": 39565.923817180475,
      "requests_per_sec": 4.631245341903578
    },
    "prompt_len": {
      "mean": 7544.605333333333,
      "min": 7472.0,
      "max": 7615.0,
      "p0.1": 7477.489,
      "p1": 7494.0,
      "p5": 7508.0,
      "p10": 7514.0,
      "p25": 7528.0,
      "median": 7544.0,
      "p75": 7560.0,
      "p90": 7575.1,
      "p95": 7583.0,
      "p99": 7595.0,
      "p99.9": 7609.012000000002
    },
    "output_len": {
      "mean": 998.6526666666666,
      "min": 952.0,
      "max": 1015.0,
      "p0.1": 956.994,
      "p1": 983.0,
      "p5": 993.0,
      "p10": 994.0,
      "p25": 997.0,
      "median": 999.0,
      "p75": 1001.0,
      "p90": 1003.0,
      "p95": 1005.0,
      "p99": 1008.0,
      "p99.9": 1011.5030000000006
    }
  },
  "failures": {
    "count": 0,
    "request_latency": null,
    "prompt_len": null
  }
}