{
  "load_summary": {
    "count": 750,
    "schedule_delay": {
      "mean": 0.000466864296545585,
      "min": -0.0009151850827038288,
      "max": 0.0018146992661058903,
      "p0.1": -0.000848723251838237,
      "p1": -0.0006571203004568816,
      "p5": -0.0003758484497666359,
      "p10": -0.0002064695581793785,
      "p25": 8.859822992235422e-05,
      "median": 0.0004631287883967161,
      "p75": 0.0008428194560110569,
      "p90": 0.00119629860855639,
      "p95": 0.0013133713975548742,
      "p99": 0.001561970873735845,
      "p99.9": 0.001807499743066729
    },
    "send_duration": 28.511112441774458,
    "requested_rate": 25.0,
    "achieved_rate": 26.305532677185216
  },
  "successes": {
    "count": 750,
    "latency": {
      "request_latency": {
        "mean": 114.37285027715998,
        "min": 67.12410598434508,
        "max": 146.11052360199392,
        "p0.1": 67.72753494434757,
        "p1": 71.38285677781329,
        "p5": 81.69291877702344,
        "p10": 92.26903179869987,
        "p25": 104.09882418683264,
        "median": 108.6814987254329,
        "p75": 138.71613476984203,
        "p90": 142.93146354448982,
        "p95": 143.95379385408015,
        "p99": 145.30276639666408,
        "p99.9": 146.0913251544251
      },
      "normalized_time_per_output_token": {
        "mean": 0.11453701123678549,
        "min": 0.06705704893540967,
        "max": 0.14667157780698847,
        "p0.1": 0.06761748448281683,
        "p1": 0.07175786905135642,
        "p5": 0.08180369888217137,
        "p10": 0.09209750817170713,
        "p25": 0.1041862393918083,
        "median": 0.10868049366961532,
        "p75": 0.13900330426858076,
        "p90": 0.14314314137070322,
        "p95": 0.14422966291432346,
        "p99": 0.14564349985292047,
        "p99.9": 0.14657284536800602
      },
      "time_per_output_token": {
        "mean": 0.08947971053481846,
        "min": 0.05059277935605496,
        "max": 0.1090809428319335,
        "p0.1": 0.05062299535768712,
        "p1": 0.05177153918495868,
        "p5": 0.05597313921451569,
        "p10": 0.05879602084495127,
        "p25": 0.07159973916294984,
        "median": 0.09842333303880878,
        "p75": 0.10647507928265258,
        "p90": 0.10767916007204913,
        "p95": 0.10799620761685073,
        "p99": 0.10843827638185582,
        "p99.9": 0.10907522173698432
      },
      "time_to_first_token": {
        "mean": 24.862363813495886,
        "min": 0.047334105242043734,
        "max": 90.25848176283762,
        "p0.1": 0.05042978365626186,
        "p1": 0.06043649292550981,
        "p5": 0.10525451179128142,
        "p10": 0.25790333375334745,
        "p25": 0.6533559231320396,
        "median": 1.4594667239580303,
        "p75": 66.79249713080935,
        "p90": 83.25986930490471,
        "p95": 86.31977205851581,
        "p99": 88.48919698903337,
        "p99.9": 90.02054707460294
      },
      "inter_token_latency": {
        "mean": 0.08947971053481847,
        "min": 5.418434739112854e-06,
        "max": 1.960811385884881,
        "p0.1": 5.67873939871788e-06,
        "p1": 5.941838026046753e-06,
        "p5": 6.391666829586029e-06,
        "p10": 6.872229278087616e-06,
        "p25": 8.789822459220886e-06,
        "median": 1.9402243196964264e-05,
        "p75": 0.13689332001376897,
        "p90": 0.279885912546888,
        "p95": 0.37644425390753866,
        "p99": 0.8093969192868109,
        "p99.9": 1.4158234090148556
      }
    },
    "throughput": {
      "input_tokens_per_sec": 33121.91405479604,
      "output_tokens_per_sec": 4383.946469143869,
      "total_tokens_per_sec": 37505.86052393991,
      "requests_per_sec": 4.39014535438426
    },
    "prompt_len": {
      "mean": 7544.605333333333,
      "min": 7472.0,
      "max": 7615.0,
      "p0.1": 7480.239,
      "p1": 7494.0,
      "p5": 7508.45,
      "p10": 7514.0,
      "p25": 7528.0,
      "median": 7544.0,
      "p75": 7560.0,
      "p90": 7575.1,
      "p95": 7582.55,
      "p99": 7595.0,
      "p99.9": 7606.012000000001
    },
    "output_len": {
      "mean": 998.588,
      "min": 936.0,
      "max": 1010.0,
      "p0.1": 943.49,
      "p1": 989.49,
      "p5": 993.0,
      "p10": 994.0,
      "p25": 997.0,
      "median": 999.0,
      "p75": 1001.0,
      "p90": 1003.0,
      "p95": 1004.0,
      "p99": 1007.0,
      "p99.9": 1010.0
    }
  },
  "failures": {
    "count": 0,
    "request_latency": null,
    "prompt_len": null
  }
}