{
  "load_summary": {
    "count": 450,
    "schedule_delay": {
      "mean": 0.0005119931884109974,
      "min": -0.0007838234305381775,
      "max": 0.0017915875650942326,
      "p0.1": -0.000766997772268951,
      "p1": -0.0007012595329433679,
      "p5": -0.00029264448676258326,
      "p10": -0.00018659601919353007,
      "p25": 0.00014269014354795218,
      "median": 0.00046771764755249023,
      "p75": 0.0008978212717920542,
      "p90": 0.0012344073038548231,
      "p95": 0.0013481439091265197,
      "p99": 0.001643210402689874,
      "p99.9": 0.0017800445705652248
    },
    "send_duration": 33.128916800022125,
    "requested_rate": 15.0,
    "achieved_rate": 13.583299530025668
  },
  "successes": {
    "count": 450,
    "latency": {
      "request_latency": {
        "mean": 74.53539337161722,
        "min": 34.98287720605731,
        "max": 90.64597984962165,
        "p0.1": 35.52785054149805,
        "p1": 38.512980049536566,
        "p5": 53.9558227571426,
        "p10": 59.46290779584088,
        "p25": 70.14753838290926,
        "median": 76.85658147069626,
        "p75": 81.90128112700768,
        "p90": 85.19758561542258,
        "p95": 88.0694677916821,
        "p99": 89.96172887595371,
        "p99.9": 90.62231232701662
      },
      "normalized_time_per_output_token": {
        "mean": 0.07465786067571306,
        "min": 0.03508814163095016,
        "max": 0.09104851077184381,
        "p0.1": 0.03565112146130461,
        "p1": 0.038609783508000435,
        "p5": 0.054118177289009625,
        "p10": 0.05953333066740317,
        "p25": 0.07023732312102374,
        "median": 0.07702296720873841,
        "p75": 0.08198326439139908,
        "p90": 0.08520559694085916,
        "p95": 0.08836519058968707,
        "p99": 0.08999130764018955,
        "p99.9": 0.09085177093298556
      },
      "time_per_output_token": {
        "mean": 0.07351702433386716,
        "min": 0.03490358252963051,
        "max": 0.08881239677220583,
        "p0.1": 0.03544547311339248,
        "p1": 0.03838150833501481,
        "p5": 0.05381790976442862,
        "p10": 0.059235178327513856,
        "p25": 0.0690457796996925,
        "median": 0.07543100037681871,
        "p75": 0.08053001299465541,
        "p90": 0.08403586159930565,
        "p95": 0.08655017710211686,
        "p99": 0.08846357499910519,
        "p99.9": 0.08879111447974761
      },
      "time_to_first_token": {
        "mean": 0.9876896862168278,
        "min": 0.04425965575501323,
        "max": 3.6358705912716687,
        "p0.1": 0.045599746654741466,
        "p1": 0.05376746894791722,
        "p5": 0.07815406636800618,
        "p10": 0.12337282565422357,
        "p25": 0.41466420458164066,
        "median": 0.8282025614753366,
        "p75": 1.4017572046723217,
        "p90": 2.091305355494842,
        "p95": 2.4182557645719487,
        "p99": 3.3636429166514414,
        "p99.9": 3.6137170835235177
      },
      "inter_token_latency": {
        "mean": 0.07351702433386714,
        "min": 5.375128239393234e-06,
        "max": 1.8394872238859534,
        "p0.1": 5.6819990277290344e-06,
        "p1": 5.9409067034721375e-06,
        "p5": 6.410758942365646e-06,
        "p10": 6.9160014390945435e-06,
        "p25": 8.998904377222061e-06,
        "median": 2.185627818107605e-05,
        "p75": 0.10451232199557126,
        "p90": 0.22980814990587542,
        "p95": 0.3173255253583192,
        "p99": 0.5847112977504735,
        "p99.9": 1.2962452429486695
      }
    },
    "throughput": {
      "input_tokens_per_sec": 29523.95702450427,
      "output_tokens_per_sec": 3907.096450179117,
      "total_tokens_per_sec": 33431.05347468339,
      "requests_per_sec": 3.9133316920083834
    },
    "prompt_len": {
      "mean": 7544.455555555555,
      "min": 7483.0,
      "max": 7603.0,
      "p0.1": 7485.245,
      "p1": 7494.0,
      "p5": 7506.9,
      "p10": 7514.0,
      "p25": 7528.0,
      "median": 7544.0,
      "p75": 7560.0,
      "p90": 7575.1,
      "p95": 7582.0,
      "p99": 7593.51,
      "p99.9": 7601.653
    },
    "output_len": {
      "mean": 998.4066666666666,
      "min": 853.0,
      "max": 1011.0,
      "p0.1": 909.574,
      "p1": 986.47,
      "p5": 993.0,
      "p10": 995.0,
      "p25": 997.0,
      "median": 999.0,
      "p75": 1001.0,
      "p90": 1003.0,
      "p95": 1004.0,
      "p99": 1007.0,
      "p99.9": 1010.551
    }
  },
  "failures": {
    "count": 0,
    "request_latency": null,
    "prompt_len": null
  }
}