{
  "load_summary": {
    "count": 2100,
    "schedule_delay": {
      "mean": 0.003844401239018355,
      "min": -0.0006538969464600086,
      "max": 0.3275924390181899,
      "p0.1": -0.0006126344380900264,
      "p1": -0.00039522518403828144,
      "p5": -5.0139031372964375e-05,
      "p10": 0.0001283633057028055,
      "p25": 0.00046191830188035965,
      "median": 0.00084636639803648,
      "p75": 0.001260755816474557,
      "p90": 0.0019573777914047253,
      "p95": 0.028338823211379333,
      "p99": 0.05250986913219016,
      "p99.9": 0.2835649598571526
    },
    "send_duration": 29.845704075414687,
    "requested_rate": 70.0,
    "achieved_rate": 70.36188507041685
  },
  "successes": {
    "count": 2091,
    "latency": {
      "request_latency": {
        "mean": 3.8460693035861775,
        "min": 0.9505571871995926,
        "max": 8.013081584125757,
        "p0.1": 1.19093240078073,
        "p1": 1.7507878516800701,
        "p5": 2.3040261960122734,
        "p10": 2.5550250001251698,
        "p25": 3.041119672358036,
        "median": 3.6145794088952243,
        "p75": 4.4852473619394,
        "p90": 5.53807253902778,
        "p95": 6.1594615646172315,
        "p99": 7.179667475027959,
        "p99.9": 7.86372123829557
      },
      "normalized_time_per_output_token": {
        "mean": 0.01909895490407918,
        "min": 0.004752785935997963,
        "max": 0.039866077532963964,
        "p0.1": 0.005922249299475092,
        "p1": 0.00875393925840035,
        "p5": 0.011451594051974478,
        "p10": 0.012702107563874318,
        "p25": 0.015087526344893435,
        "median": 0.017966764969797572,
        "p75": 0.02227672391824935,
        "p90": 0.02734594528637089,
        "p95": 0.030430150549368547,
        "p99": 0.03571973868173114,
        "p99.9": 0.039122991235301344
      },
      "time_per_output_token": {
        "mean": 0.015207085967591549,
        "min": 7.992764003574849e-06,
        "max": 0.02819387279545444,
        "p0.1": 9.809180721640588e-06,
        "p1": 0.0004351399684671182,
        "p5": 0.009519828377159858,
        "p10": 0.010625799538102,
        "p25": 0.012512499449546102,
        "median": 0.014876757621426474,
        "p75": 0.017608772247208367,
        "p90": 0.02074722117977217,
        "p95": 0.022658582206747924,
        "p99": 0.026175380280552614,
        "p99.9": 0.027864863780815857
      },
      "time_to_first_token": {
        "mean": 0.8036110910142953,
        "min": 0.06974056223407388,
        "max": 4.228152435272932,
        "p0.1": 0.07753542293328791,
        "p1": 0.09665760481730104,
        "p5": 0.21179148158989847,
        "p10": 0.25609220331534743,
        "p25": 0.32334251957945526,
        "median": 0.49886916298419237,
        "p75": 0.8173609939403832,
        "p90": 2.2657620459795,
        "p95": 2.8644036147743464,
        "p99": 3.5306012148968873,
        "p99.9": 3.920980007462212
      },
      "inter_token_latency": {
        "mean": 0.015201964225477796,
        "min": 5.216337740421295e-06,
        "max": 2.864169266074896,
        "p0.1": 5.485955625772476e-06,
        "p1": 5.6871213018894196e-06,
        "p5": 5.973968654870987e-06,
        "p10": 6.2319450080394745e-06,
        "p25": 7.017981261014938e-06,
        "median": 9.538140147924423e-06,
        "p75": 0.012536535621620715,
        "p90": 0.04896427197381857,
        "p95": 0.07121330096852027,
        "p99": 0.12982971581630398,
        "p99.9": 0.579190841025686
      }
    },
    "throughput": {
      "input_tokens_per_sec": 722916.6786079606,
      "output_tokens_per_sec": 12525.822026407806,
      "total_tokens_per_sec": 735442.5006343684,
      "requests_per_sec": 62.196766753387436
    },
    "prompt_len": {
      "mean": 11623.058823529413,
      "min": 11510.0,
      "max": 11756.0,
      "p0.1": 11518.18,
      "p1": 11549.8,
      "p5": 11575.5,
      "p10": 11585.0,
      "p25": 11600.0,
      "median": 11623.0,
      "p75": 11644.0,
      "p90": 11662.0,
      "p95": 11675.0,
      "p99": 11706.3,
      "p99.9": 11732.82
    },
    "output_len": {
      "mean": 201.390243902439,
      "min": 197.0,
      "max": 212.0,
      "p0.1": 198.0,
      "p1": 199.0,
      "p5": 200.0,
      "p10": 200.0,
      "p25": 201.0,
      "median": 201.0,
      "p75": 202.0,
      "p90": 203.0,
      "p95": 204.0,
      "p99": 206.0,
      "p99.9": 211.0
    }
  },
  "failures": {
    "count": 9,
    "request_latency": {
      "mean": 0.3882526946771476,
      "min": 0.1051450977101922,
      "max": 0.6929949019104242,
      "p0.1": 0.10612806268036365,
      "p1": 0.11497474741190672,
      "p5": 0.15429334621876478,
      "p10": 0.20344159472733736,
      "p25": 0.324001076631248,
      "median": 0.36433753091841936,
      "p75": 0.42870208201929927,
      "p90": 0.6027805242687464,
      "p95": 0.6478877130895853,
      "p99": 0.6839734641462565,
      "p99.9": 0.6920927581340075
    },
    "prompt_len": {
      "mean": 11649.777777777777,
      "min": 11623.0,
      "max": 11687.0,
      "p0.1": 11623.016,
      "p1": 11623.16,
      "p5": 11623.8,
      "p10": 11624.6,
      "p25": 11628.0,
      "median": 11650.0,
      "p75": 11659.0,
      "p90": 11680.6,
      "p95": 11683.8,
      "p99": 11686.36,
      "p99.9": 11686.936
    }
  }
}