{
  "load_summary": {
    "count": 1050,
    "schedule_delay": {
      "mean": 0.0005035523711038487,
      "min": -0.001010797917842865,
      "max": 0.09477133676409721,
      "p0.1": -0.0009826067984104157,
      "p1": -0.0006941856117919087,
      "p5": -0.0004249423742294312,
      "p10": -0.00023115603253245353,
      "p25": 3.960507456213236e-05,
      "median": 0.00040423893369734287,
      "p75": 0.0007923144148662686,
      "p90": 0.0010966442059725525,
      "p95": 0.0012972102733328937,
      "p99": 0.0015958274248987433,
      "p99.9": 0.0020748241897672426
    },
    "send_duration": 30.077960974071175,
    "requested_rate": 35.0,
    "achieved_rate": 34.909281280907194
  },
  "successes": {
    "count": 1050,
    "latency": {
      "request_latency": {
        "mean": 48.88212534436424,
        "min": 19.351703284773976,
        "max": 80.42691131914034,
        "p0.1": 21.097338486726397,
        "p1": 32.4474017030187,
        "p5": 36.22081512676086,
        "p10": 38.42505696602166,
        "p25": 42.345197436749004,
        "median": 49.14017891441472,
        "p75": 54.33859783876687,
        "p90": 57.935879413364454,
        "p95": 62.3654858285561,
        "p99": 76.27877177775837,
        "p99.9": 80.41765693387715
      },
      "normalized_time_per_output_token": {
        "mean": 0.04894118515112361,
        "min": 0.006376835401483376,
        "max": 0.0804702323882905,
        "p0.1": 0.019372453325732814,
        "p1": 0.032206526510479665,
        "p5": 0.03618105399734215,
        "p10": 0.03842987622911701,
        "p25": 0.04251018723964235,
        "median": 0.049223093484319705,
        "p75": 0.05442981974680451,
        "p90": 0.058116693863666115,
        "p95": 0.06231319130673899,
        "p99": 0.07641476733727148,
        "p99.9": 0.08042655793812405
      },
      "time_per_output_token": {
        "mean": 0.04481567540759675,
        "min": 0.019260388494934888,
        "max": 0.07905484116636216,
        "p0.1": 0.020899433560300152,
        "p1": 0.02189207301925868,
        "p5": 0.029916899632848798,
        "p10": 0.0334804634496104,
        "p25": 0.039199137762770994,
        "median": 0.04526030508847907,
        "p75": 0.05117733633168973,
        "p90": 0.05514381000776775,
        "p95": 0.05630492862935643,
        "p99": 0.05744479121970943,
        "p99.9": 0.07835721757201437
      },
      "time_to_first_token": {
        "mean": 4.057677502746118,
        "min": 0.044724812265485525,
        "max": 43.321339713875204,
        "p0.1": 0.049958244158886375,
        "p1": 0.06837566729169339,
        "p5": 0.11342141481582076,
        "p10": 0.15312910880893468,
        "p25": 0.23077700089197606,
        "median": 0.49090067856013775,
        "p75": 0.9475482533453032,
        "p90": 24.115113624371595,
        "p95": 34.286755347717545,
        "p99": 40.542322998070155,
        "p99.9": 43.182013347152626
      },
      "inter_token_latency": {
        "mean": 0.044815541336824215,
        "min": 5.5031850934028625e-06,
        "max": 41.21665489021689,
        "p0.1": 6.259884685277939e-06,
        "p1": 1.627613790333272e-05,
        "p5": 0.01732273413799703,
        "p10": 0.022263732831925155,
        "p25": 0.032465951051563025,
        "median": 0.039207507856190205,
        "p75": 0.04213662748225033,
        "p90": 0.046084997244179256,
        "p95": 0.05837122765369711,
        "p99": 0.4146769798081368,
        "p99.9": 0.4717262852760033
      }
    },
    "throughput": {
      "input_tokens_per_sec": 80108.91960167597,
      "output_tokens_per_sec": 10671.209147254302,
      "total_tokens_per_sec": 90780.12874893028,
      "requests_per_sec": 10.617162733150787
    },
    "prompt_len": {
      "mean": 7545.228571428572,
      "min": 7460.0,
      "max": 7641.0,
      "p0.1": 7460.686,
      "p1": 7484.49,
      "p5": 7505.0,
      "p10": 7512.0,
      "p25": 7528.0,
      "median": 7545.0,
      "p75": 7562.0,
      "p90": 7578.0,
      "p95": 7585.0,
      "p99": 7606.0,
      "p99.9": 7640.853
    },
    "output_len": {
      "mean": 1005.0904761904762,
      "min": 939.0,
      "max": 8543.0,
      "p0.1": 945.441,
      "p1": 977.0,
      "p5": 992.0,
      "p10": 994.0,
      "p25": 996.0,
      "median": 998.0,
      "p75": 1000.0,
      "p90": 1002.0,
      "p95": 1004.0,
      "p99": 1006.0,
      "p99.9": 1010.902
    }
  },
  "failures": {
    "count": 0,
    "request_latency": null,
    "prompt_len": null
  }
}