{
  "load_summary": {
    "count": 900,
    "schedule_delay": {
      "mean": 0.0006154439763890372,
      "min": -0.0007075471803545952,
      "max": 0.023627174086868763,
      "p0.1": -0.0007039545020088553,
      "p1": -0.0005670633679255843,
      "p5": -0.000299995974637568,
      "p10": -8.404310792684554e-05,
      "p25": 0.0001926235854625702,
      "median": 0.0005393235478550196,
      "p75": 0.0009351896587759256,
      "p90": 0.0012237421702593564,
      "p95": 0.001446991832926869,
      "p99": 0.0019182077515870325,
      "p99.9": 0.023115193560719553
    },
    "send_duration": 28.756688088178635,
    "requested_rate": 30.0,
    "achieved_rate": 31.297067215816625
  },
  "successes": {
    "count": 899,
    "latency": {
      "request_latency": {
        "mean": 18.381244849857023,
        "min": 3.9489252590574324,
        "max": 27.27930969884619,
        "p0.1": 5.4294547636173665,
        "p1": 6.754476367775351,
        "p5": 10.660861541004852,
        "p10": 12.878595646098256,
        "p25": 16.524035455891863,
        "median": 19.271659062243998,
        "p75": 20.818524696864188,
        "p90": 22.3580327173695,
        "p95": 23.33657573815435,
        "p99": 26.334336142474786,
        "p99.9": 26.91138252140399
      },
      "normalized_time_per_output_token": {
        "mean": 0.018338774609449795,
        "min": 0.002244828200000482,
        "max": 0.027252057641204985,
        "p0.1": 0.0037715647667432802,
        "p1": 0.006545812400038279,
        "p5": 0.01064978222898603,
        "p10": 0.01284476399782684,
        "p25": 0.016490890818160072,
        "median": 0.019249846735503062,
        "p75": 0.02078951152929619,
        "p90": 0.02233569702034915,
        "p95": 0.02326110988466391,
        "p99": 0.026294222653096357,
        "p99.9": 0.02692926257248818
      },
      "time_per_output_token": {
        "mean": 0.017600549323280437,
        "min": 0.003904328356506397,
        "max": 0.02420685250032693,
        "p0.1": 0.005292698795419557,
        "p1": 0.006679883395260026,
        "p5": 0.010215954651776701,
        "p10": 0.012253785045258703,
        "p25": 0.01595139946793863,
        "median": 0.01851076567498967,
        "p75": 0.020102422842290253,
        "p90": 0.020885662099250767,
        "p95": 0.022449080846659034,
        "p99": 0.02366607858014293,
        "p99.9": 0.024112449545928286
      },
      "time_to_first_token": {
        "mean": 0.772559014086335,
        "min": 0.050220494624227285,
        "max": 4.191571997944266,
        "p0.1": 0.05127440548501909,
        "p1": 0.07225231549702585,
        "p5": 0.11838023904711008,
        "p10": 0.15748462937772276,
        "p25": 0.32250310690142214,
        "median": 0.6254446399398148,
        "p75": 1.0077349843923002,
        "p90": 1.5107912424951793,
        "p95": 2.2029847247991667,
        "p99": 3.0406060934066774,
        "p99.9": 3.649890386541428
      },
      "inter_token_latency": {
        "mean": 0.01760042093284818,
        "min": 5.226116627454758e-06,
        "max": 3.14985628798604,
        "p0.1": 5.45429065823555e-06,
        "p1": 5.636829882860184e-06,
        "p5": 5.881302058696747e-06,
        "p10": 6.081070750951767e-06,
        "p25": 6.780028343200684e-06,
        "median": 8.393079042434692e-06,
        "p75": 1.4932826161384583e-05,
        "p90": 0.052974068094044924,
        "p95": 0.11118514742702246,
        "p99": 0.22822019192390142,
        "p99.9": 0.4834899591423609
      }
    },
    "throughput": {
      "input_tokens_per_sec": 144050.59089155804,
      "output_tokens_per_sec": 19460.67332561998,
      "total_tokens_per_sec": 163511.26421717802,
      "requests_per_sec": 19.27540219065948
    },
    "prompt_len": {
      "mean": 7473.285873192436,
      "min": 7407.0,
      "max": 7550.0,
      "p0.1": 7408.796,
      "p1": 7417.0,
      "p5": 7433.0,
      "p10": 7442.0,
      "p25": 7456.0,
      "median": 7473.0,
      "p75": 7490.0,
      "p90": 7507.0,
      "p95": 7513.1,
      "p99": 7530.0599999999995,
      "p99.9": 7544.612000000001
    },
    "output_len": {
      "mean": 1009.6117908787542,
      "min": 954.0,
      "max": 8477.0,
      "p0.1": 987.226,
      "p1": 998.0,
      "p5": 999.0,
      "p10": 1000.0,
      "p25": 1001.0,
      "median": 1001.0,
      "p75": 1002.0,
      "p90": 1003.0,
      "p95": 1004.0,
      "p99": 1007.0,
      "p99.9": 1772.5320000006654
    }
  },
  "failures": {
    "count": 1,
    "request_latency": {
      "mean": 0.506401645950973,
      "min": 0.506401645950973,
      "max": 0.506401645950973,
      "p0.1": 0.506401645950973,
      "p1": 0.506401645950973,
      "p5": 0.506401645950973,
      "p10": 0.506401645950973,
      "p25": 0.506401645950973,
      "median": 0.506401645950973,
      "p75": 0.506401645950973,
      "p90": 0.506401645950973,
      "p95": 0.506401645950973,
      "p99": 0.506401645950973,
      "p99.9": 0.506401645950973
    },
    "prompt_len": {
      "mean": 7468.0,
      "min": 7468.0,
      "max": 7468.0,
      "p0.1": 7468.0,
      "p1": 7468.0,
      "p5": 7468.0,
      "p10": 7468.0,
      "p25": 7468.0,
      "median": 7468.0,
      "p75": 7468.0,
      "p90": 7468.0,
      "p95": 7468.0,
      "p99": 7468.0,
      "p99.9": 7468.0
    }
  }
}