{
  "load_summary": {
    "count": 750,
    "schedule_delay": {
      "mean": 0.0006107638745258252,
      "min": -0.0013624480925500393,
      "max": 0.025431466288864613,
      "p0.1": -0.0013076034360565245,
      "p1": -0.0006496638059616088,
      "p5": -0.00030801780521869657,
      "p10": -0.00014873063191771506,
      "p25": 0.00014569901395589113,
      "median": 0.0005519029218703508,
      "p75": 0.0009213618468493223,
      "p90": 0.001280422229319811,
      "p95": 0.0014995987294241784,
      "p99": 0.001746068624779582,
      "p99.9": 0.024987188542261774
    },
    "send_duration": 30.192337823100388,
    "requested_rate": 25.0,
    "achieved_rate": 24.84073954108215
  },
  "successes": {
    "count": 750,
    "latency": {
      "request_latency": {
        "mean": 16.611664009979616,
        "min": 5.215441124048084,
        "max": 22.999621849972755,
        "p0.1": 5.268544573697262,
        "p1": 6.710164785068482,
        "p5": 9.535300533729606,
        "p10": 11.183784205606207,
        "p25": 14.918539464124478,
        "median": 17.44371631438844,
        "p75": 19.100074377958663,
        "p90": 20.240055041899904,
        "p95": 20.83376051420346,
        "p99": 22.034121311549097,
        "p99.9": 22.94843857575907
      },
      "normalized_time_per_output_token": {
        "mean": 0.016570994755403207,
        "min": 0.001999639209309364,
        "max": 0.022976645204767988,
        "p0.1": 0.0044004777069179025,
        "p1": 0.0064113286700504726,
        "p5": 0.009303166698155634,
        "p10": 0.01112637657449774,
        "p25": 0.014876995560388405,
        "median": 0.017411379416289743,
        "p75": 0.019049715987019628,
        "p90": 0.02019613076277732,
        "p95": 0.020812947566636823,
        "p99": 0.022021441075834158,
        "p99.9": 0.022925513062696374
      },
      "time_per_output_token": {
        "mean": 0.015929805339666727,
        "min": 0.0038672096341014687,
        "max": 0.021446444856002927,
        "p0.1": 0.004842773921902367,
        "p1": 0.005934707481262266,
        "p5": 0.008763230536087324,
        "p10": 0.010603288367390632,
        "p25": 0.01432585550355725,
        "median": 0.01696575608290732,
        "p75": 0.018395004932419398,
        "p90": 0.01930355582940392,
        "p95": 0.019809806354623285,
        "p99": 0.02031045258196071,
        "p99.9": 0.021360125935261615
      },
      "time_to_first_token": {
        "mean": 0.6602930910040935,
        "min": 0.06941682239994407,
        "max": 4.930010766256601,
        "p0.1": 0.07192962370393798,
        "p1": 0.08721237041521818,
        "p5": 0.13075503930449486,
        "p10": 0.17418705178424718,
        "p25": 0.26735657872632146,
        "median": 0.469024870544672,
        "p75": 0.7544125143904239,
        "p90": 1.2481989806052298,
        "p95": 2.279889013059437,
        "p99": 3.331997659173793,
        "p99.9": 3.9818451332539526
      },
      "inter_token_latency": {
        "mean": 0.01593158088753421,
        "min": 5.208887159824371e-06,
        "max": 3.6073474399745464,
        "p0.1": 5.445908755064011e-06,
        "p1": 5.641048774123192e-06,
        "p5": 5.919951945543289e-06,
        "p10": 6.161164492368698e-06,
        "p25": 7.051974534988403e-06,
        "median": 9.144190698862076e-06,
        "p75": 0.003629777580499649,
        "p90": 0.05082031362690032,
        "p95": 0.08810030119493599,
        "p99": 0.16991114700678708,
        "p99.9": 0.40523550723446905
      }
    },
    "throughput": {
      "input_tokens_per_sec": 121584.6080047848,
      "output_tokens_per_sec": 16452.63855469871,
      "total_tokens_per_sec": 138037.2465594835,
      "requests_per_sec": 16.270023807483515
    },
    "prompt_len": {
      "mean": 7472.921333333334,
      "min": 7407.0,
      "max": 7550.0,
      "p0.1": 7408.498,
      "p1": 7417.49,
      "p5": 7432.45,
      "p10": 7441.9,
      "p25": 7455.0,
      "median": 7473.0,
      "p75": 7490.0,
      "p90": 7506.1,
      "p95": 7513.55,
      "p99": 7531.53,
      "p99.9": 7545.506
    },
    "output_len": {
      "mean": 1011.224,
      "min": 983.0,
      "max": 8480.0,
      "p0.1": 983.0,
      "p1": 995.49,
      "p5": 999.0,
      "p10": 1000.0,
      "p25": 1001.0,
      "median": 1001.0,
      "p75": 1002.0,
      "p90": 1003.0,
      "p95": 1004.0,
      "p99": 1009.51,
      "p99.9": 2890.213000000672
    }
  },
  "failures": {
    "count": 0,
    "request_latency": null,
    "prompt_len": null
  }
}