{
  "load_summary": {
    "count": 2400,
    "schedule_delay": {
      "mean": 0.0006048515730071813,
      "min": -0.0009656180627644062,
      "max": 0.0693339928984642,
      "p0.1": -0.0007864527478814125,
      "p1": -0.000598824741318822,
      "p5": -0.0003111038822680712,
      "p10": -0.00010677347891032695,
      "p25": 0.00017839926294982433,
      "median": 0.0005420772358775139,
      "p75": 0.0009065332124009728,
      "p90": 0.0012150402180850506,
      "p95": 0.0013881595106795424,
      "p99": 0.0017250104155391436,
      "p99.9": 0.02317600586917256
    },
    "send_duration": 29.748873874079436,
    "requested_rate": 80.0,
    "achieved_rate": 80.67532270830426
  },
  "successes": {
    "count": 2398,
    "latency": {
      "request_latency": {
        "mean": 32.10419208246393,
        "min": 9.303565656300634,
        "max": 48.629139511846006,
        "p0.1": 11.740038080129773,
        "p1": 15.119963997006415,
        "p5": 20.427259927545673,
        "p10": 22.603078057942913,
        "p25": 27.34706546412781,
        "median": 32.446707679890096,
        "p75": 36.39474847714882,
        "p90": 42.595983044290925,
        "p95": 44.672768017812636,
        "p99": 47.27577348260209,
        "p99.9": 48.452434925608344
      },
      "normalized_time_per_output_token": {
        "mean": 0.03203246766250581,
        "min": 0.0033977495163749413,
        "max": 0.04935752029948458,
        "p0.1": 0.006179345389650854,
        "p1": 0.014373537986931972,
        "p5": 0.020321337370333932,
        "p10": 0.02249302805410252,
        "p25": 0.027305224686552,
        "median": 0.03238843523982256,
        "p75": 0.036382175105746456,
        "p90": 0.04254397022936728,
        "p95": 0.044666063321339176,
        "p99": 0.04727286590276956,
        "p99.9": 0.048392898134420395
      },
      "time_per_output_token": {
        "mean": 0.031920661430586736,
        "min": 0.008664690348801298,
        "max": 0.0471265053716233,
        "p0.1": 0.0114518490559988,
        "p1": 0.014918961680373176,
        "p5": 0.01840677889760118,
        "p10": 0.020470673549655375,
        "p25": 0.026171202926975765,
        "median": 0.03311944271997967,
        "p75": 0.0368993624142976,
        "p90": 0.04247298431843043,
        "p95": 0.04415806776396794,
        "p99": 0.04657251415305476,
        "p99.9": 0.047039083612510434
      },
      "time_to_first_token": {
        "mean": 4.079019864353688,
        "min": 0.07984591368585825,
        "max": 16.374352606013417,
        "p0.1": 0.09656895880587399,
        "p1": 0.14162132069002836,
        "p5": 0.2531770299188793,
        "p10": 0.3924152668565512,
        "p25": 0.90257048222702,
        "median": 2.7458740351721644,
        "p75": 6.749001998570748,
        "p90": 9.9140652960632,
        "p95": 11.688761059031824,
        "p99": 14.525511807021688,
        "p99.9": 16.090000609782994
      },
      "inter_token_latency": {
        "mean": 0.03164915771228201,
        "min": 5.175825208425522e-06,
        "max": 3.2046783599071205,
        "p0.1": 5.526002496480942e-06,
        "p1": 5.701091140508652e-06,
        "p5": 5.919020622968674e-06,
        "p10": 6.086193025112152e-06,
        "p25": 6.542075425386429e-06,
        "median": 7.4962154030799866e-06,
        "p75": 1.010717824101448e-05,
        "p90": 0.03919056924059989,
        "p95": 0.261326109152287,
        "p99": 0.526508769225329,
        "p99.9": 1.765008652030492
      }
    },
    "throughput": {
      "input_tokens_per_sec": 286897.99833163706,
      "output_tokens_per_sec": 38797.173672046534,
      "total_tokens_per_sec": 325695.17200368363,
      "requests_per_sec": 38.3909943898675
    },
    "prompt_len": {
      "mean": 7473.054628857381,
      "min": 7407.0,
      "max": 7550.0,
      "p0.1": 7407.794,
      "p1": 7417.0,
      "p5": 7433.0,
      "p10": 7442.0,
      "p25": 7455.0,
      "median": 7473.0,
      "p75": 7490.0,
      "p90": 7507.0,
      "p95": 7514.0,
      "p99": 7533.0,
      "p99.9": 7547.618
    },
    "output_len": {
      "mean": 1010.5800667222686,
      "min": 729.0,
      "max": 8482.0,
      "p0.1": 985.985,
      "p1": 997.0,
      "p5": 999.0,
      "p10": 1000.0,
      "p25": 1001.0,
      "median": 1001.0,
      "p75": 1002.0,
      "p90": 1004.0,
      "p95": 1005.0,
      "p99": 1007.0,
      "p99.9": 5514.983000000489
    }
  },
  "failures": {
    "count": 2,
    "request_latency": {
      "mean": 2.4375247179996222,
      "min": 1.0523663721978664,
      "max": 3.822683063801378,
      "p0.1": 1.05513668888947,
      "p1": 1.0800695391139015,
      "p5": 1.190882206778042,
      "p10": 1.3293980413582176,
      "p25": 1.7449455450987443,
      "median": 2.4375247179996222,
      "p75": 3.1301038909005,
      "p90": 3.545651394641027,
      "p95": 3.6841672292212024,
      "p99": 3.794979896885343,
      "p99.9": 3.819912747109775
    },
    "prompt_len": {
      "mean": 7474.5,
      "min": 7463.0,
      "max": 7486.0,
      "p0.1": 7463.023,
      "p1": 7463.23,
      "p5": 7464.15,
      "p10": 7465.3,
      "p25": 7468.75,
      "median": 7474.5,
      "p75": 7480.25,
      "p90": 7483.7,
      "p95": 7484.85,
      "p99": 7485.77,
      "p99.9": 7485.977
    }
  }
}