{
  "load_summary": {
    "count": 2700,
    "schedule_delay": {
      "mean": 0.000642522868907286,
      "min": -0.0008303108625113964,
      "max": 0.0781724127009511,
      "p0.1": -0.0007962123206816614,
      "p1": -0.0005841414770111442,
      "p5": -0.00030049821361899376,
      "p10": -0.00011466289870440952,
      "p25": 0.00018737837672233582,
      "median": 0.000542772701010108,
      "p75": 0.0008986921748146415,
      "p90": 0.0012081351596862076,
      "p95": 0.0013878131983801722,
      "p99": 0.001752534862607715,
      "p99.9": 0.030946706556260008
    },
    "send_duration": 30.10405159322545,
    "requested_rate": 90.0,
    "achieved_rate": 89.68892415157839
  },
  "successes": {
    "count": 2539,
    "latency": {
      "request_latency": {
        "mean": 36.30332531695584,
        "min": 7.3077781070023775,
        "max": 55.86866844119504,
        "p0.1": 10.240288701530545,
        "p1": 15.941876561529934,
        "p5": 20.772425021929667,
        "p10": 23.374465288594365,
        "p25": 30.198815529001877,
        "median": 37.743298325221986,
        "p75": 42.536570550873876,
        "p90": 46.65973935080693,
        "p95": 49.195579322241244,
        "p99": 51.70498349573463,
        "p99.9": 54.1318842128104
      },
      "normalized_time_per_output_token": {
        "mean": 0.036209800510099546,
        "min": 0.003327227284617752,
        "max": 0.055701563749945206,
        "p0.1": 0.0046893069333060495,
        "p1": 0.01523212101502045,
        "p5": 0.02064480516583225,
        "p10": 0.02325033025569092,
        "p25": 0.030070629418558925,
        "median": 0.037705592732489496,
        "p75": 0.042474520648458414,
        "p90": 0.04660766755735816,
        "p95": 0.04920441967059913,
        "p99": 0.05164854983941362,
        "p99.9": 0.05407780640640399
      },
      "time_per_output_token": {
        "mean": 0.03589289176610344,
        "min": 0.007260165565650956,
        "max": 0.05063404209792494,
        "p0.1": 0.010263959627231216,
        "p1": 0.01483953542292118,
        "p5": 0.018859867727260258,
        "p10": 0.020746730453486708,
        "p25": 0.030923372716731096,
        "median": 0.037997248960356084,
        "p75": 0.04256527667244964,
        "p90": 0.04634647967590166,
        "p95": 0.047487755296383424,
        "p99": 0.04905454274763063,
        "p99.9": 0.04994118237023332
      },
      "time_to_first_token": {
        "mean": 4.926676522360292,
        "min": 0.05226169712841511,
        "max": 21.9275521771051,
        "p0.1": 0.055278988909907636,
        "p1": 0.08600945554673672,
        "p5": 0.1991284500807524,
        "p10": 0.3376351909711957,
        "p25": 1.0276712307240814,
        "median": 3.0303886462934315,
        "p75": 7.958338147494942,
        "p90": 12.327301682438708,
        "p95": 16.584831014135847,
        "p99": 19.154008228871962,
        "p99.9": 21.02242016359836
      },
      "inter_token_latency": {
        "mean": 0.03585762651363038,
        "min": 5.2531249821186066e-06,
        "max": 3.3077195291407406,
        "p0.1": 5.539972335100174e-06,
        "p1": 5.715992301702499e-06,
        "p5": 5.929730832576752e-06,
        "p10": 6.0889869928359985e-06,
        "p25": 6.512738764286041e-06,
        "median": 7.416121661663055e-06,
        "p75": 1.0049901902675629e-05,
        "p90": 0.056401577312499285,
        "p95": 0.30409415473695844,
        "p99": 0.5629840033594516,
        "p99.9": 2.092686670531986
      }
    },
    "throughput": {
      "input_tokens_per_sec": 275975.8967733548,
      "output_tokens_per_sec": 37411.12254437496,
      "total_tokens_per_sec": 313387.01931772975,
      "requests_per_sec": 36.92935374403479
    },
    "prompt_len": {
      "mean": 7473.076801890508,
      "min": 7407.0,
      "max": 7550.0,
      "p0.1": 7407.0,
      "p1": 7417.0,
      "p5": 7432.0,
      "p10": 7441.0,
      "p25": 7455.0,
      "median": 7473.0,
      "p75": 7490.0,
      "p90": 7507.0,
      "p95": 7514.0,
      "p99": 7531.86,
      "p99.9": 7550.0
    },
    "output_len": {
      "mean": 1013.0456872784561,
      "min": 868.0,
      "max": 8486.0,
      "p0.1": 992.0,
      "p1": 997.0,
      "p5": 999.0,
      "p10": 1000.0,
      "p25": 1001.0,
      "median": 1001.0,
      "p75": 1002.0,
      "p90": 1003.0,
      "p95": 1004.0,
      "p99": 1008.6199999999999,
      "p99.9": 8478.0
    }
  },
  "failures": {
    "count": 161,
    "request_latency": {
      "mean": 0.0324962312870468,
      "min": 0.0013568629510700703,
      "max": 4.593249300960451,
      "p0.1": 0.0013579890318214894,
      "p1": 0.0013753808103501796,
      "p5": 0.00145335728302598,
      "p10": 0.0014983229339122772,
      "p25": 0.0016489187255501747,
      "median": 0.0030533699318766594,
      "p75": 0.0038439040072262287,
      "p90": 0.0043185679242014885,
      "p95": 0.004784951917827129,
      "p99": 0.06985826352611205,
      "p99.9": 3.8728672220745626
    },
    "prompt_len": {
      "mean": 92.81987577639751,
      "min": 0.0,
      "max": 7488.0,
      "p0.1": 0.0,
      "p1": 0.0,
      "p5": 0.0,
      "p10": 0.0,
      "p25": 0.0,
      "median": 0.0,
      "p75": 0.0,
      "p90": 0.0,
      "p95": 0.0,
      "p99": 2982.4000000000424,
      "p99.9": 7482.880000000001
    }
  }
}