{
  "load_summary": {
    "count": 2100,
    "schedule_delay": {
      "mean": 0.0005811238690235076,
      "min": -0.0011490099132061005,
      "max": 0.03852536715567112,
      "p0.1": -0.0009679921930655837,
      "p1": -0.0006917528575286269,
      "p5": -0.0003310030559077859,
      "p10": -0.00012387163005769252,
      "p25": 0.00016961782239377499,
      "median": 0.0005479487590491772,
      "p75": 0.0009141793707385659,
      "p90": 0.0012162919156253342,
      "p95": 0.0014008129946887493,
      "p99": 0.0017345499852672198,
      "p99.9": 0.019857362966524017
    },
    "send_duration": 29.375527034979314,
    "requested_rate": 70.0,
    "achieved_rate": 71.48807909044137
  },
  "successes": {
    "count": 2097,
    "latency": {
      "request_latency": {
        "mean": 28.60470387188946,
        "min": 5.798255904112011,
        "max": 43.88605473190546,
        "p0.1": 8.982813403919339,
        "p1": 13.579412480816245,
        "p5": 18.493304028827698,
        "p10": 20.341824691183866,
        "p25": 25.684847583062947,
        "median": 28.293944489210844,
        "p75": 32.44335660804063,
        "p90": 36.36924955612049,
        "p95": 38.69027631971984,
        "p99": 41.62863709088415,
        "p99.9": 42.73890970174599
      },
      "normalized_time_per_output_token": {
        "mean": 0.028526871553448442,
        "min": 0.0032135671591000574,
        "max": 0.04353775271022367,
        "p0.1": 0.004253747887626201,
        "p1": 0.01305939783655222,
        "p5": 0.018328326079588196,
        "p10": 0.020272410791045203,
        "p25": 0.025589769613648394,
        "median": 0.02825765448581509,
        "p75": 0.032391405128943666,
        "p90": 0.036332916639481,
        "p95": 0.03863731853328905,
        "p99": 0.041626731893145245,
        "p99.9": 0.04269551855460795
      },
      "time_per_output_token": {
        "mean": 0.030415066846340585,
        "min": 0.005769924414799925,
        "max": 0.04368401120234807,
        "p0.1": 0.008896884361415886,
        "p1": 0.01318336094439645,
        "p5": 0.01702745293509215,
        "p10": 0.019018831433821468,
        "p25": 0.026566083260113373,
        "median": 0.030929452879844527,
        "p75": 0.036250574925647566,
        "p90": 0.03960638077820481,
        "p95": 0.04088915185534459,
        "p99": 0.042825159180811964,
        "p99.9": 0.04358570358886629
      },
      "time_to_first_token": {
        "mean": 2.886753383051945,
        "min": 0.049123486038297415,
        "max": 19.797809179872274,
        "p0.1": 0.051084328033030035,
        "p1": 0.07419104095548391,
        "p5": 0.16536241173744204,
        "p10": 0.27072941418737173,
        "p25": 0.8082270459271967,
        "median": 2.060782161075622,
        "p75": 4.141188110224903,
        "p90": 6.901189618743957,
        "p95": 8.01613870998844,
        "p99": 10.333797719515859,
        "p99.9": 18.153448024803243
      },
      "inter_token_latency": {
        "mean": 0.029830017007723204,
        "min": 5.2801333367824554e-06,
        "max": 3.227996096946299,
        "p0.1": 5.5157579481601715e-06,
        "p1": 5.687586963176727e-06,
        "p5": 5.9031881392002106e-06,
        "p10": 6.069894880056381e-06,
        "p25": 6.550922989845276e-06,
        "median": 7.5837597250938416e-06,
        "p75": 1.0535120964050293e-05,
        "p90": 0.041487434413284105,
        "p95": 0.24440045880619418,
        "p99": 0.48577461358159774,
        "p99.9": 2.0847567730243504
      }
    },
    "throughput": {
      "input_tokens_per_sec": 281574.24309740996,
      "output_tokens_per_sec": 38135.70830174867,
      "total_tokens_per_sec": 319709.9513991586,
      "requests_per_sec": 37.67936927387617
    },
    "prompt_len": {
      "mean": 7472.902241297091,
      "min": 7407.0,
      "max": 7550.0,
      "p0.1": 7407.192,
      "p1": 7416.96,
      "p5": 7432.0,
      "p10": 7441.0,
      "p25": 7455.0,
      "median": 7473.0,
      "p75": 7490.0,
      "p90": 7507.0,
      "p95": 7513.2,
      "p99": 7533.0,
      "p99.9": 7549.424000000003
    },
    "output_len": {
      "mean": 1012.1111111111111,
      "min": 986.0,
      "max": 8481.0,
      "p0.1": 995.0,
      "p1": 998.0,
      "p5": 999.0,
      "p10": 1000.0,
      "p25": 1001.0,
      "median": 1001.0,
      "p75": 1002.0,
      "p90": 1003.0,
      "p95": 1005.0,
      "p99": 1009.0,
      "p99.9": 7761.416000003363
    }
  },
  "failures": {
    "count": 3,
    "request_latency": {
      "mean": 3.1507814405485988,
      "min": 2.35826707072556,
      "max": 3.907204905990511,
      "p0.1": 2.3599242812739685,
      "p1": 2.3748391762096435,
      "p5": 2.4411275981459766,
      "p10": 2.523988125566393,
      "p25": 2.7725697078276426,
      "median": 3.186872344929725,
      "p75": 3.547038625460118,
      "p90": 3.763138393778354,
      "p95": 3.8351716498844324,
      "p99": 3.8927982547692954,
      "p99.9": 3.9057642408683897
    },
    "prompt_len": {
      "mean": 7455.333333333333,
      "min": 7450.0,
      "max": 7465.0,
      "p0.1": 7450.002,
      "p1": 7450.02,
      "p5": 7450.1,
      "p10": 7450.2,
      "p25": 7450.5,
      "median": 7451.0,
      "p75": 7458.0,
      "p90": 7462.2,
      "p95": 7463.6,
      "p99": 7464.72,
      "p99.9": 7464.972
    }
  }
}