{
  "load_summary": {
    "count": 750,
    "schedule_delay": {
      "mean": 0.001720151319478949,
      "min": -0.0005827127024531364,
      "max": 0.10060092527419329,
      "p0.1": -0.0005683924807235598,
      "p1": -0.0004188301833346486,
      "p5": -7.725222967565055e-05,
      "p10": 0.00012260503135621547,
      "p25": 0.00041472248267382383,
      "median": 0.0008096916135400534,
      "p75": 0.0013390759704634547,
      "p90": 0.0017615135293453936,
      "p95": 0.002050309907644987,
      "p99": 0.03859681089408695,
      "p99.9": 0.0567376560703904
    },
    "send_duration": 50.77398896915838,
    "requested_rate": 15.0,
    "achieved_rate": 14.771342871161297
  },
  "successes": {
    "count": 750,
    "latency": {
      "request_latency": {
        "mean": 15.239436249786987,
        "min": 3.794940179679543,
        "max": 24.18233034107834,
        "p0.1": 3.9591457777353933,
        "p1": 5.168670519427397,
        "p5": 7.105324701173231,
        "p10": 8.862453592615202,
        "p25": 13.508138147066347,
        "median": 15.836939762579277,
        "p75": 18.24060364626348,
        "p90": 19.765366916917266,
        "p95": 20.63085413249209,
        "p99": 23.287330281515604,
        "p99.9": 24.1307025439255
      },
      "normalized_time_per_output_token": {
        "mean": 0.015198791138815655,
        "min": 0.002018210766377821,
        "max": 0.02418233034107834,
        "p0.1": 0.0033489810969408104,
        "p1": 0.0051392053450075355,
        "p5": 0.007068465823088061,
        "p10": 0.008840990065640314,
        "p25": 0.013487797919902709,
        "median": 0.015797258838759987,
        "p75": 0.01822238126499848,
        "p90": 0.019726337799290252,
        "p95": 0.020634451466864476,
        "p99": 0.02316818598163888,
        "p99.9": 0.02411265964919192
      },
      "time_per_output_token": {
        "mean": 0.014507920905051933,
        "min": 0.003564031470158069,
        "max": 0.0215507231131196,
        "p0.1": 0.0035871056549824126,
        "p1": 0.0046762578481087886,
        "p5": 0.0065936346937386274,
        "p10": 0.008557449315470946,
        "p25": 0.012997799251738856,
        "median": 0.015174746485332399,
        "p75": 0.017448690129389106,
        "p90": 0.018869336027669048,
        "p95": 0.01944401017697528,
        "p99": 0.02077071238736622,
        "p99.9": 0.021452841547365313
      },
      "time_to_first_token": {
        "mean": 0.7247457078875353,
        "min": 0.09425741527229548,
        "max": 3.6064415969885886,
        "p0.1": 0.11801114741619677,
        "p1": 0.15643159279134125,
        "p5": 0.2179127734620124,
        "p10": 0.2411957610864192,
        "p25": 0.30345784209202975,
        "median": 0.43093248875811696,
        "p75": 0.6916154068894684,
        "p90": 2.104323131963611,
        "p95": 2.602203493006526,
        "p99": 3.1652741835219786,
        "p99.9": 3.439505119604544
      },
      "inter_token_latency": {
        "mean": 0.014506677463530201,
        "min": 5.1888637244701385e-06,
        "max": 3.5653152228333056,
        "p0.1": 5.437992513179779e-06,
        "p1": 5.651731044054031e-06,
        "p5": 5.974899977445602e-06,
        "p10": 6.305985152721405e-06,
        "p25": 7.650814950466156e-06,
        "median": 1.3565178960561752e-05,
        "p75": 0.016891751904040575,
        "p90": 0.04171376377344135,
        "p95": 0.06130898655392226,
        "p99": 0.12657463755458598,
        "p99.9": 0.3286977199148503
      }
    },
    "throughput": {
      "input_tokens_per_sec": 88646.6612727274,
      "output_tokens_per_sec": 11996.776742086213,
      "total_tokens_per_sec": 100643.43801481361,
      "requests_per_sec": 11.862383841418831
    },
    "prompt_len": {
      "mean": 7472.921333333334,
      "min": 7407.0,
      "max": 7550.0,
      "p0.1": 7408.498,
      "p1": 7417.49,
      "p5": 7432.45,
      "p10": 7441.9,
      "p25": 7455.0,
      "median": 7473.0,
      "p75": 7490.0,
      "p90": 7506.1,
      "p95": 7513.55,
      "p99": 7531.53,
      "p99.9": 7545.506
    },
    "output_len": {
      "mean": 1011.3293333333334,
      "min": 983.0,
      "max": 8478.0,
      "p0.1": 986.745,
      "p1": 997.0,
      "p5": 1000.0,
      "p10": 1000.0,
      "p25": 1001.0,
      "median": 1001.0,
      "p75": 1002.0,
      "p90": 1003.0,
      "p95": 1004.0,
      "p99": 1008.0,
      "p99.9": 2887.464000000672
    }
  },
  "failures": {
    "count": 0,
    "request_latency": null,
    "prompt_len": null
  }
}