{
  "load_summary": {
    "count": 300,
    "schedule_delay": {
      "mean": 0.0006403834170972308,
      "min": -0.000693789217621088,
      "max": 0.004361254163086414,
      "p0.1": -0.0006603980078361928,
      "p1": -0.0005664975894615054,
      "p5": -0.00030078045092523097,
      "p10": -0.00013326029293239116,
      "p25": 0.00018579151947051287,
      "median": 0.0005689139943569899,
      "p75": 0.0009608441032469273,
      "p90": 0.001434251246973873,
      "p95": 0.001704441197216511,
      "p99": 0.003128175996243951,
      "p99.9": 0.004231052908115099
    },
    "send_duration": 19.849414507858455,
    "requested_rate": 15.0,
    "achieved_rate": 15.113795919835766
  },
  "successes": {
    "count": 300,
    "latency": {
      "request_latency": {
        "mean": 28.773400749318924,
        "min": 6.369815789628774,
        "max": 96.79585527861491,
        "p0.1": 6.385318973720073,
        "p1": 6.555250840494409,
        "p5": 7.624095686129294,
        "p10": 8.32745714848861,
        "p25": 9.40162080177106,
        "median": 11.332277382956818,
        "p75": 49.856051909620874,
        "p90": 89.3853465070483,
        "p95": 96.33506724161562,
        "p99": 96.60760606856086,
        "p99.9": 96.74651891774312
      },
      "normalized_time_per_output_token": {
        "mean": 0.028820101014650597,
        "min": 0.006382580951531837,
        "max": 0.09710583259385282,
        "p0.1": 0.006396189352319417,
        "p1": 0.006574846298366525,
        "p5": 0.007613474651354538,
        "p10": 0.008369287760724143,
        "p25": 0.009428942091231437,
        "median": 0.011374863258409631,
        "p75": 0.049827470016860206,
        "p90": 0.08917298359820988,
        "p95": 0.09649883205681686,
        "p99": 0.09689292645598727,
        "p99.9": 0.09707111495398428
      },
      "time_per_output_token": {
        "mean": 0.028497863080464356,
        "min": 0.006239737040828914,
        "max": 0.09651806234568358,
        "p0.1": 0.00625732895040093,
        "p1": 0.006437493718692042,
        "p5": 0.007480692410026676,
        "p10": 0.00815613458380103,
        "p25": 0.009135878227467281,
        "median": 0.011118914602557197,
        "p75": 0.04972497946373187,
        "p90": 0.08915234587723395,
        "p95": 0.09611199331798126,
        "p99": 0.09633536648551468,
        "p99.9": 0.09648108297004132
      },
      "time_to_first_token": {
        "mean": 0.2662019272070999,
        "min": 0.06918390328064561,
        "max": 1.0003867908380926,
        "p0.1": 0.06990550082549453,
        "p1": 0.07429467956535518,
        "p5": 0.0910015117842704,
        "p10": 0.1020771499723196,
        "p25": 0.14403640246018767,
        "median": 0.22197695542126894,
        "p75": 0.32751172850839794,
        "p90": 0.5123222069814801,
        "p95": 0.6381053140154109,
        "p99": 0.8462780747795471,
        "p99.9": 0.9978607345330531
      },
      "inter_token_latency": {
        "mean": 0.028538922346952524,
        "min": 5.374196916818619e-06,
        "max": 0.8475199518725276,
        "p0.1": 5.630006548017263e-06,
        "p1": 5.851034075021744e-06,
        "p5": 6.204936653375626e-06,
        "p10": 6.579793989658356e-06,
        "p25": 8.238013833761215e-06,
        "median": 0.007405411684885621,
        "p75": 0.05344729055650532,
        "p90": 0.09598825853317976,
        "p95": 0.09903647569008171,
        "p99": 0.11928755153436142,
        "p99.9": 0.5041648310776802
      }
    },
    "throughput": {
      "input_tokens_per_sec": 21596.664278961034,
      "output_tokens_per_sec": 2854.6827712648033,
      "total_tokens_per_sec": 24451.347050225835,
      "requests_per_sec": 2.8603653637875275
    },
    "prompt_len": {
      "mean": 7550.316666666667,
      "min": 7497.0,
      "max": 7631.0,
      "p0.1": 7497.897,
      "p1": 7504.97,
      "p5": 7515.95,
      "p10": 7522.0,
      "p25": 7535.75,
      "median": 7549.5,
      "p75": 7563.0,
      "p90": 7578.0,
      "p95": 7590.0,
      "p99": 7617.04,
      "p99.9": 7629.505
    },
    "output_len": {
      "mean": 998.0133333333333,
      "min": 956.0,
      "max": 1009.0,
      "p0.1": 962.578,
      "p1": 981.98,
      "p5": 991.0,
      "p10": 994.0,
      "p25": 997.0,
      "median": 998.0,
      "p75": 1000.0,
      "p90": 1002.0,
      "p95": 1003.05,
      "p99": 1006.0,
      "p99.9": 1008.402
    }
  },
  "failures": {
    "count": 0,
    "request_latency": null,
    "prompt_len": null
  }
}