{
  "load_summary": {
    "count": 2550,
    "schedule_delay": {
      "mean": 0.0005119688872832293,
      "min": -0.0010176780633628368,
      "max": 0.05990574648603797,
      "p0.1": -0.000905064850114286,
      "p1": -0.000697698313742876,
      "p5": -0.0004033481935039163,
      "p10": -0.00023498549126088617,
      "p25": 7.879547774791718e-05,
      "median": 0.000435512512922287,
      "p75": 0.0008141417056322098,
      "p90": 0.0011327086016535756,
      "p95": 0.00130589234177023,
      "p99": 0.0016533576184883697,
      "p99.9": 0.03311822632607562
    },
    "send_duration": 29.909137344919145,
    "requested_rate": 85.0,
    "achieved_rate": 85.25822629361741
  },
  "successes": {
    "count": 2038,
    "latency": {
      "request_latency": {
        "mean": 91.85102621094946,
        "min": 10.114456390962005,
        "max": 270.97812990518287,
        "p0.1": 10.854837553795893,
        "p1": 15.627681083809584,
        "p5": 25.98734563163016,
        "p10": 32.614603013219316,
        "p25": 50.610219848458655,
        "median": 60.5221569633577,
        "p75": 66.96596923575271,
        "p90": 238.06861901045775,
        "p95": 259.67160058619913,
        "p99": 268.51996929070447,
        "p99.9": 269.96766929255574
      },
      "normalized_time_per_output_token": {
        "mean": 0.09209314586391774,
        "min": 0.010124580971933939,
        "max": 0.2818744547573161,
        "p0.1": 0.010897378920688655,
        "p1": 0.015689912464060037,
        "p5": 0.02596039703618024,
        "p10": 0.03277195460871691,
        "p25": 0.05070983579221102,
        "median": 0.06065605946367332,
        "p75": 0.06712006722019484,
        "p90": 0.23908282069673947,
        "p95": 0.26093019262160644,
        "p99": 0.26905808546162774,
        "p99.9": 0.271233853454911
      },
      "time_per_output_token": {
        "mean": 0.08219925220294745,
        "min": 0.00971547474199906,
        "max": 0.2574164786916226,
        "p0.1": 0.010555522982183378,
        "p1": 0.013292660414989417,
        "p5": 0.016981420247163623,
        "p10": 0.02395395309100859,
        "p25": 0.04384575471043266,
        "median": 0.04865033890579962,
        "p75": 0.0544889879181839,
        "p90": 0.22890950941191987,
        "p95": 0.24712860955421348,
        "p99": 0.25628827644783536,
        "p99.9": 0.2571712725258442
      },
      "time_to_first_token": {
        "mean": 9.853018632967261,
        "min": 0.08863606816157699,
        "max": 30.388089401181787,
        "p0.1": 0.1089947599763982,
        "p1": 0.22920690675266087,
        "p5": 0.8846712609753014,
        "p10": 1.391360521875322,
        "p25": 4.54885441204533,
        "median": 10.112682789564133,
        "p75": 13.852143082767725,
        "p90": 17.18902049800381,
        "p95": 19.898396082432,
        "p99": 25.110512745636516,
        "p99.9": 29.575779636677858
      },
      "inter_token_latency": {
        "mean": 0.08238631255666415,
        "min": 5.3211115300655365e-06,
        "max": 25.726493232883513,
        "p0.1": 5.68293035030365e-06,
        "p1": 5.888752639293671e-06,
        "p5": 6.20400533080101e-06,
        "p10": 6.4782798290252686e-06,
        "p25": 7.19679519534111e-06,
        "median": 8.871778845787048e-06,
        "p75": 3.136973828077316e-05,
        "p90": 0.2619996150024235,
        "p95": 0.30412120278924704,
        "p99": 1.28335267910734,
        "p99.9": 2.7775916892662798
      }
    },
    "throughput": {
      "input_tokens_per_sec": 53286.807249899204,
      "output_tokens_per_sec": 7042.445134003079,
      "total_tokens_per_sec": 60329.25238390228,
      "requests_per_sec": 7.05766170197092
    },
    "prompt_len": {
      "mean": 7550.207065750736,
      "min": 7482.0,
      "max": 7631.0,
      "p0.1": 7482.407,
      "p1": 7500.0,
      "p5": 7515.0,
      "p10": 7522.0,
      "p25": 7535.0,
      "median": 7550.0,
      "p75": 7563.0,
      "p90": 7578.0,
      "p95": 7590.0,
      "p99": 7617.0,
      "p99.9": 7630.8150000000005
    },
    "output_len": {
      "mean": 997.8439646712463,
      "min": 947.0,
      "max": 1012.0,
      "p0.1": 952.296,
      "p1": 984.0,
      "p5": 992.0,
      "p10": 994.0,
      "p25": 996.0,
      "median": 998.0,
      "p75": 1000.0,
      "p90": 1002.0,
      "p95": 1004.0,
      "p99": 1007.0,
      "p99.9": 1009.0
    }
  },
  "failures": {
    "count": 512,
    "request_latency": {
      "mean": 0.03174451971335657,
      "min": 0.0013415063731372356,
      "max": 14.233626489061862,
      "p0.1": 0.0013453036257997156,
      "p1": 0.0013948229886591435,
      "p5": 0.0014793451176956297,
      "p10": 0.0015233317390084267,
      "p25": 0.001633640844374895,
      "median": 0.0018207018729299307,
      "p75": 0.002643580548465252,
      "p90": 0.0029691446106880908,
      "p95": 0.0032524048350751397,
      "p99": 0.004948314996436232,
      "p99.9": 7.394227176258313
    },
    "prompt_len": {
      "mean": 29.509765625,
      "min": 0.0,
      "max": 7558.0,
      "p0.1": 0.0,
      "p1": 0.0,
      "p5": 0.0,
      "p10": 0.0,
      "p25": 0.0,
      "median": 0.0,
      "p75": 0.0,
      "p90": 0.0,
      "p95": 0.0,
      "p99": 0.0,
      "p99.9": 7554.423000000001
    }
  }
}