{
  "load_summary": {
    "count": 1200,
    "schedule_delay": {
      "mean": 0.0005262359386930863,
      "min": -0.0010148128494620323,
      "max": 0.04449244728311896,
      "p0.1": -0.0009568910938687622,
      "p1": -0.000684037054888904,
      "p5": -0.0004099481273442507,
      "p10": -0.00023575024679303166,
      "p25": 8.815259207040071e-05,
      "median": 0.0004286256153136492,
      "p75": 0.000824997085146606,
      "p90": 0.0011539612431079157,
      "p95": 0.0013185614021494984,
      "p99": 0.0017499726498499512,
      "p99.9": 0.027381439378022128
    },
    "send_duration": 31.63927227491513,
    "requested_rate": 40.0,
    "achieved_rate": 37.927547434503026
  },
  "successes": {
    "count": 1172,
    "latency": {
      "request_latency": {
        "mean": 57.294201569426676,
        "min": 7.895376564003527,
        "max": 178.47719366429374,
        "p0.1": 8.592849706726614,
        "p1": 11.233589268443176,
        "p5": 13.629710622387938,
        "p10": 17.38081847582944,
        "p25": 34.517310173716396,
        "median": 36.65611256565899,
        "p75": 39.68660831230227,
        "p90": 142.68150621242822,
        "p95": 149.1854999203002,
        "p99": 176.6632022584742,
        "p99.9": 178.35976584403363
      },
      "normalized_time_per_output_token": {
        "mean": 0.057447826099207025,
        "min": 0.007943034772639364,
        "max": 0.17937406398421482,
        "p0.1": 0.008612312214882031,
        "p1": 0.011260365273578264,
        "p5": 0.013634255629048296,
        "p10": 0.017389506633013866,
        "p25": 0.03456644126895058,
        "median": 0.036739073858356563,
        "p75": 0.039724513930750924,
        "p90": 0.1429125419448593,
        "p95": 0.14985238682919058,
        "p99": 0.17698962160967166,
        "p99.9": 0.1790506780190539
      },
      "time_per_output_token": {
        "mean": 0.05522563805537924,
        "min": 0.007787304130048156,
        "max": 0.1748621466238983,
        "p0.1": 0.008327800472057424,
        "p1": 0.009907960419245064,
        "p5": 0.011944346153807689,
        "p10": 0.015199309893697503,
        "p25": 0.03156462586397856,
        "median": 0.03497835761881748,
        "p75": 0.0374454358187967,
        "p90": 0.13917001685043798,
        "p95": 0.14625628765865695,
        "p99": 0.17293480341037268,
        "p99.9": 0.17471058651120216
      },
      "time_to_first_token": {
        "mean": 2.363080470933604,
        "min": 0.07107170298695564,
        "max": 17.427393100224435,
        "p0.1": 0.07729184185061604,
        "p1": 0.10045452585909516,
        "p5": 0.15956327042076737,
        "p10": 0.23071879013441504,
        "p25": 0.560361654846929,
        "median": 1.8789280771743506,
        "p75": 3.5409299463499337,
        "p90": 4.896044631442055,
        "p95": 6.080758144916035,
        "p99": 9.095683609060938,
        "p99.9": 16.659393036201624
      },
      "inter_token_latency": {
        "mean": 0.05543214299280293,
        "min": 5.315989255905151e-06,
        "max": 10.034697926137596,
        "p0.1": 5.620066076517105e-06,
        "p1": 5.815643817186356e-06,
        "p5": 6.108079105615616e-06,
        "p10": 6.365124136209488e-06,
        "p25": 7.06501305103302e-06,
        "median": 8.9290551841259e-06,
        "p75": 0.01693030691239983,
        "p90": 0.16497592497617009,
        "p95": 0.25635595228522984,
        "p99": 0.8013879482541227,
        "p99.9": 1.563195462758196
      }
    },
    "throughput": {
      "input_tokens_per_sec": 44082.47545129364,
      "output_tokens_per_sec": 5825.309438926598,
      "total_tokens_per_sec": 49907.784890220246,
      "requests_per_sec": 5.838545800865933
    },
    "prompt_len": {
      "mean": 7550.249146757679,
      "min": 7482.0,
      "max": 7631.0,
      "p0.1": 7483.881,
      "p1": 7500.0,
      "p5": 7515.0,
      "p10": 7522.0,
      "p25": 7535.0,
      "median": 7550.0,
      "p75": 7563.0,
      "p90": 7578.0,
      "p95": 7590.0,
      "p99": 7617.0,
      "p99.9": 7630.145
    },
    "output_len": {
      "mean": 997.7329351535836,
      "min": 913.0,
      "max": 1009.0,
      "p0.1": 935.7620000000001,
      "p1": 983.71,
      "p5": 992.0,
      "p10": 994.0,
      "p25": 996.0,
      "median": 998.0,
      "p75": 1000.0,
      "p90": 1002.0,
      "p95": 1003.0,
      "p99": 1006.0,
      "p99.9": 1009.0
    }
  },
  "failures": {
    "count": 28,
    "request_latency": {
      "mean": 0.005478096643595823,
      "min": 0.001543701160699129,
      "max": 0.061500342562794685,
      "p0.1": 0.0015449027861468493,
      "p1": 0.001555717415176332,
      "p5": 0.0016098070424050092,
      "p10": 0.0016663997434079648,
      "p25": 0.002999262302182615,
      "median": 0.00380596867762506,
      "p75": 0.004060249659232795,
      "p90": 0.004539204621687532,
      "p95": 0.004906517127528786,
      "p99": 0.0462342330766842,
      "p99.9": 0.059973731614183776
    },
    "prompt_len": {
      "mean": 0.0,
      "min": 0.0,
      "max": 0.0,
      "p0.1": 0.0,
      "p1": 0.0,
      "p5": 0.0,
      "p10": 0.0,
      "p25": 0.0,
      "median": 0.0,
      "p75": 0.0,
      "p90": 0.0,
      "p95": 0.0,
      "p99": 0.0,
      "p99.9": 0.0
    }
  }
}