{
  "load_summary": {
    "count": 100,
    "schedule_delay": {
      "mean": 0.0007366045331582427,
      "min": -0.0004781978204846382,
      "max": 0.0034168013371527195,
      "p0.1": -0.00046525064250454306,
      "p1": -0.0003487260406836867,
      "p5": -0.00011673772241920232,
      "p10": 2.254564315080643e-05,
      "p25": 0.00027186598163098097,
      "median": 0.0007146787829697132,
      "p75": 0.0010671832133084536,
      "p90": 0.0014097766950726509,
      "p95": 0.0016420193482190367,
      "p99": 0.002666818187572066,
      "p99.9": 0.003341803022194662
    },
    "send_duration": 19.347736249677837,
    "requested_rate": 5.0,
    "achieved_rate": 5.168563324903973
  },
  "successes": {
    "count": 100,
    "latency": {
      "request_latency": {
        "mean": 35.32967020807788,
        "min": 6.324214369989932,
        "max": 67.72099292790517,
        "p0.1": 6.328704013377428,
        "p1": 6.3691108038648965,
        "p5": 6.457616344979033,
        "p10": 6.858139593200758,
        "p25": 22.268469753442332,
        "median": 33.024886530358344,
        "p75": 51.528662565513514,
        "p90": 66.78466241867282,
        "p95": 67.32801242822316,
        "p99": 67.68186066828203,
        "p99.9": 67.71707970194286
      },
      "normalized_time_per_output_token": {
        "mean": 0.035419870102889106,
        "min": 0.006336888146282496,
        "max": 0.06810931875107569,
        "p0.1": 0.006340123085817028,
        "p1": 0.006369237541627822,
        "p5": 0.006495440653965657,
        "p10": 0.006845435164564776,
        "p25": 0.02225585546787185,
        "median": 0.03307777637159129,
        "p75": 0.05218382778990564,
        "p90": 0.06699452576227487,
        "p95": 0.0672519303791778,
        "p99": 0.06792661274480877,
        "p99.9": 0.068091048150449
      },
      "time_per_output_token": {
        "mean": 0.03515293296977448,
        "min": 0.006205709403380752,
        "max": 0.06754860302712769,
        "p0.1": 0.006209796804561745,
        "p1": 0.00624658341519069,
        "p5": 0.006297127562738023,
        "p10": 0.006735832545533776,
        "p25": 0.022138660252909174,
        "median": 0.03281312089902349,
        "p75": 0.05134589471877553,
        "p90": 0.06609193273773417,
        "p95": 0.06708756177409086,
        "p99": 0.06750216736180242,
        "p99.9": 0.06754395946059516
      },
      "time_to_first_token": {
        "mean": 0.1512164318934083,
        "min": 0.0743994927033782,
        "max": 1.2497262111864984,
        "p0.1": 0.07454036724939943,
        "p1": 0.07580823816359043,
        "p5": 0.08163365498185157,
        "p10": 0.08623765818774701,
        "p25": 0.09518583957105875,
        "median": 0.12416657572612166,
        "p75": 0.16364772024098784,
        "p90": 0.21424967241473503,
        "p95": 0.2542621823959052,
        "p99": 0.4675586384674575,
        "p99.9": 1.1715094539146023
      },
      "inter_token_latency": {
        "mean": 0.035153576091154666,
        "min": 5.496665835380554e-06,
        "max": 0.43029534723609686,
        "p0.1": 5.954858846962452e-06,
        "p1": 7.222695276141167e-06,
        "p5": 0.004564995504915715,
        "p10": 0.006152194133028388,
        "p25": 0.008631328935734928,
        "median": 0.03463302296586335,
        "p75": 0.0558032562257722,
        "p90": 0.059908795868977904,
        "p95": 0.08792779780924223,
        "p99": 0.10308709121774882,
        "p99.9": 0.3581173750069004
      }
    },
    "throughput": {
      "input_tokens_per_sec": 8744.139813001293,
      "output_tokens_per_sec": 1155.0015280730765,
      "total_tokens_per_sec": 9899.14134107437,
      "requests_per_sec": 1.1579310937402394
    },
    "prompt_len": {
      "mean": 7551.52,
      "min": 7502.0,
      "max": 7631.0,
      "p0.1": 7502.297,
      "p1": 7504.97,
      "p5": 7515.9,
      "p10": 7523.0,
      "p25": 7537.5,
      "median": 7552.5,
      "p75": 7565.0,
      "p90": 7578.0,
      "p95": 7591.15,
      "p99": 7617.14,
      "p99.9": 7629.6140000000005
    },
    "output_len": {
      "mean": 997.47,
      "min": 957.0,
      "max": 1006.0,
      "p0.1": 959.871,
      "p1": 985.71,
      "p5": 990.85,
      "p10": 993.0,
      "p25": 996.0,
      "median": 998.0,
      "p75": 1000.0,
      "p90": 1002.0,
      "p95": 1003.0,
      "p99": 1005.01,
      "p99.9": 1005.9010000000001
    }
  },
  "failures": {
    "count": 0,
    "request_latency": null,
    "prompt_len": null
  }
}