{
  "load_summary": {
    "count": 2100,
    "schedule_delay": {
      "mean": 0.000536445573947969,
      "min": -0.0011466792784631252,
      "max": 0.0628441316075623,
      "p0.1": -0.0009417675216682255,
      "p1": -0.0007027027709409594,
      "p5": -0.00039866971783339975,
      "p10": -0.00022945157252252102,
      "p25": 0.00010567950084805489,
      "median": 0.000471214996650815,
      "p75": 0.0008421390084549785,
      "p90": 0.0011679325252771378,
      "p95": 0.0013434758642688394,
      "p99": 0.0017801677156239698,
      "p99.9": 0.01230088871857204
    },
    "send_duration": 29.401310137007385,
    "requested_rate": 70.0,
    "achieved_rate": 71.42538853589157
  },
  "successes": {
    "count": 1696,
    "latency": {
      "request_latency": {
        "mean": 84.9416157039984,
        "min": 9.63369562709704,
        "max": 264.0201474232599,
        "p0.1": 11.28593155085342,
        "p1": 14.799873211537488,
        "p5": 21.433536525000818,
        "p10": 27.005397671367973,
        "p25": 44.15731827681884,
        "median": 50.92203728854656,
        "p75": 58.16068567626644,
        "p90": 226.31768934754655,
        "p95": 254.22722449176945,
        "p99": 259.470489096106,
        "p99.9": 262.898099499296
      },
      "normalized_time_per_output_token": {
        "mean": 0.08520611998851474,
        "min": 0.00963369562709704,
        "max": 0.26695667080208285,
        "p0.1": 0.011290326463506773,
        "p1": 0.014847357861843458,
        "p5": 0.021412124400600217,
        "p10": 0.027073207620186564,
        "p25": 0.04430190749808523,
        "median": 0.051077240888399045,
        "p75": 0.05847023211791212,
        "p90": 0.226942477190067,
        "p95": 0.25400291131180613,
        "p99": 0.2603766164142493,
        "p99.9": 0.2639539151599357
      },
      "time_per_output_token": {
        "mean": 0.0787067796064849,
        "min": 0.009326031150761992,
        "max": 0.2541845633815974,
        "p0.1": 0.01086503697958542,
        "p1": 0.012508991234092572,
        "p5": 0.015412796384538524,
        "p10": 0.020202366391662507,
        "p25": 0.03986614677065636,
        "median": 0.04405758177975725,
        "p75": 0.04925350605814338,
        "p90": 0.21892456276225858,
        "p95": 0.24228677029686513,
        "p99": 0.25187594170072114,
        "p99.9": 0.253997051532392
      },
      "time_to_first_token": {
        "mean": 6.644164742488976,
        "min": 0.1174297402612865,
        "max": 21.668764393310994,
        "p0.1": 0.15310315245529638,
        "p1": 0.2682389015331864,
        "p5": 0.3749324941309169,
        "p10": 0.5996067859232426,
        "p25": 2.282996436348185,
        "median": 6.878353912848979,
        "p75": 9.98840269295033,
        "p90": 12.529432851588354,
        "p95": 14.054851771099493,
        "p99": 17.454603962344112,
        "p99.9": 21.22669306596985
      },
      "inter_token_latency": {
        "mean": 0.07910104146523636,
        "min": 5.357898771762848e-06,
        "max": 24.30838418705389,
        "p0.1": 5.672220140695572e-06,
        "p1": 5.875248461961746e-06,
        "p5": 6.191898137331009e-06,
        "p10": 6.476882845163345e-06,
        "p25": 7.227994501590729e-06,
        "median": 9.167008101940155e-06,
        "p75": 0.0017220055451616645,
        "p90": 0.26052447720430794,
        "p95": 0.2969590852968394,
        "p99": 1.1346583643695347,
        "p99.9": 2.0872770899218245
      }
    },
    "throughput": {
      "input_tokens_per_sec": 45545.25865103858,
      "output_tokens_per_sec": 6017.352067409605,
      "total_tokens_per_sec": 51562.61071844819,
      "requests_per_sec": 6.032158598214066
    },
    "prompt_len": {
      "mean": 7550.4080188679245,
      "min": 7482.0,
      "max": 7631.0,
      "p0.1": 7489.645,
      "p1": 7500.0,
      "p5": 7515.0,
      "p10": 7522.0,
      "p25": 7536.0,
      "median": 7550.0,
      "p75": 7563.0,
      "p90": 7578.0,
      "p95": 7590.0,
      "p99": 7617.0,
      "p99.9": 7631.0
    },
    "output_len": {
      "mean": 997.5454009433962,
      "min": 891.0,
      "max": 1012.0,
      "p0.1": 939.695,
      "p1": 978.95,
      "p5": 991.0,
      "p10": 994.0,
      "p25": 996.0,
      "median": 998.0,
      "p75": 1000.0,
      "p90": 1002.0,
      "p95": 1004.0,
      "p99": 1006.0,
      "p99.9": 1009.0
    }
  },
  "failures": {
    "count": 404,
    "request_latency": {
      "mean": 0.002508257031625155,
      "min": 0.0013624271377921104,
      "max": 0.04347421880811453,
      "p0.1": 0.0013651908286847175,
      "p1": 0.0013982092356309296,
      "p5": 0.0014686734648421407,
      "p10": 0.001515490934252739,
      "p25": 0.001622260664589703,
      "median": 0.0019677148666232824,
      "p75": 0.0028790479991585016,
      "p90": 0.003640245180577039,
      "p95": 0.0040790155995637165,
      "p99": 0.0049044351326301685,
      "p99.9": 0.04011162200570137
    },
    "prompt_len": {
      "mean": 0.0,
      "min": 0.0,
      "max": 0.0,
      "p0.1": 0.0,
      "p1": 0.0,
      "p5": 0.0,
      "p10": 0.0,
      "p25": 0.0,
      "median": 0.0,
      "p75": 0.0,
      "p90": 0.0,
      "p95": 0.0,
      "p99": 0.0,
      "p99.9": 0.0
    }
  }
}