{
  "load_summary": {
    "count": 1650,
    "schedule_delay": {
      "mean": 0.0005734465852605574,
      "min": -0.001005454920232296,
      "max": 0.03136551100760698,
      "p0.1": -0.0009341157181188464,
      "p1": -0.0007271065609529614,
      "p5": -0.0004305122187361121,
      "p10": -0.0002353757619857788,
      "p25": 0.00010318763088434935,
      "median": 0.00046655628830194473,
      "p75": 0.0008179689757525921,
      "p90": 0.0011410428676754238,
      "p95": 0.0013352958019822835,
      "p99": 0.0018889187043532728,
      "p99.9": 0.030841640673112156
    },
    "send_duration": 30.136728200595826,
    "requested_rate": 55.0,
    "achieved_rate": 54.75046889686513
  },
  "successes": {
    "count": 1365,
    "latency": {
      "request_latency": {
        "mean": 71.66839567331611,
        "min": 10.523712036199868,
        "max": 254.09077943814918,
        "p0.1": 11.420112066524103,
        "p1": 13.959015289787203,
        "p5": 17.73733832715079,
        "p10": 22.45477191535756,
        "p25": 37.33336790185422,
        "median": 40.566185255069286,
        "p75": 47.03658366110176,
        "p90": 159.01083926064896,
        "p95": 240.45213592145592,
        "p99": 246.46151636512948,
        "p99.9": 247.6860633007344
      },
      "normalized_time_per_output_token": {
        "mean": 0.0718570299943268,
        "min": 0.010523712036199867,
        "max": 0.2553676175257781,
        "p0.1": 0.01142190506424252,
        "p1": 0.013984606028612772,
        "p5": 0.01779193449059256,
        "p10": 0.02253333653280433,
        "p25": 0.03741708862125395,
        "median": 0.04063283033749169,
        "p75": 0.04727294840311735,
        "p90": 0.1592715541380726,
        "p95": 0.24145030172746315,
        "p99": 0.24749222538124854,
        "p99.9": 0.2516214001914847
      },
      "time_per_output_token": {
        "mean": 0.06861807314643174,
        "min": 0.0068744808576210546,
        "max": 0.24290610976796598,
        "p0.1": 0.008479677566143502,
        "p1": 0.012306166009431258,
        "p5": 0.014984440114721656,
        "p10": 0.019132502905465663,
        "p25": 0.03461739422037051,
        "median": 0.03767150073111163,
        "p75": 0.04632594563298613,
        "p90": 0.15508643038403244,
        "p95": 0.23547524843271822,
        "p99": 0.2420114510722086,
        "p99.9": 0.24281010610885176
      },
      "time_to_first_token": {
        "mean": 3.3417965710442856,
        "min": 0.08522455068305135,
        "max": 18.779295935295522,
        "p0.1": 0.09597971162572504,
        "p1": 0.16680219870060684,
        "p5": 0.36185984993353487,
        "p10": 0.5281596247106791,
        "p25": 0.8609581389464438,
        "median": 2.762467503082007,
        "p75": 4.938075631856918,
        "p90": 6.804677477292717,
        "p95": 8.249689888302235,
        "p99": 12.453063681647157,
        "p99.9": 18.643672283407323
      },
      "inter_token_latency": {
        "mean": 0.06891105803353126,
        "min": 5.342997610569e-06,
        "max": 11.995175519958138,
        "p0.1": 5.640089511871338e-06,
        "p1": 5.842186510562897e-06,
        "p5": 6.149057298898697e-06,
        "p10": 6.418675184249878e-06,
        "p25": 7.135793566703796e-06,
        "median": 8.99098813533783e-06,
        "p75": 0.0322652799077332,
        "p90": 0.25433622421696783,
        "p95": 0.27734303995966814,
        "p99": 0.9517686782404777,
        "p99.9": 1.8650895280187423
      }
    },
    "throughput": {
      "input_tokens_per_sec": 38208.59852510445,
      "output_tokens_per_sec": 5050.3318220803785,
      "total_tokens_per_sec": 43258.930347184825,
      "requests_per_sec": 5.06063104041758
    },
    "prompt_len": {
      "mean": 7550.1648351648355,
      "min": 7482.0,
      "max": 7631.0,
      "p0.1": 7486.004,
      "p1": 7500.0,
      "p5": 7515.0,
      "p10": 7522.0,
      "p25": 7536.0,
      "median": 7550.0,
      "p75": 7563.0,
      "p90": 7578.0,
      "p95": 7590.0,
      "p99": 7617.0,
      "p99.9": 7631.0
    },
    "output_len": {
      "mean": 997.9648351648351,
      "min": 894.0,
      "max": 1011.0,
      "p0.1": 962.184,
      "p1": 984.64,
      "p5": 993.0,
      "p10": 994.0,
      "p25": 996.0,
      "median": 998.0,
      "p75": 1000.0,
      "p90": 1002.0,
      "p95": 1004.0,
      "p99": 1006.0,
      "p99.9": 1008.6360000000002
    }
  },
  "failures": {
    "count": 285,
    "request_latency": {
      "mean": 0.04378311059094573,
      "min": 0.0013895709998905659,
      "max": 5.8958872077055275,
      "p0.1": 0.0013915589489042759,
      "p1": 0.0014011036977171897,
      "p5": 0.0014791617169976235,
      "p10": 0.0015253663063049317,
      "p25": 0.001629082951694727,
      "median": 0.0028448421508073807,
      "p75": 0.003310117404907942,
      "p90": 0.00413392474874854,
      "p95": 0.004309519194066525,
      "p99": 0.005551429651677614,
      "p99.9": 5.876335132321343
    },
    "prompt_len": {
      "mean": 53.059649122807016,
      "min": 0.0,
      "max": 7570.0,
      "p0.1": 0.0,
      "p1": 0.0,
      "p5": 0.0,
      "p10": 0.0,
      "p25": 0.0,
      "median": 0.0,
      "p75": 0.0,
      "p90": 0.0,
      "p95": 0.0,
      "p99": 0.0,
      "p99.9": 7564.888
    }
  }
}