{
  "load_summary": {
    "count": 60,
    "schedule_delay": {
      "mean": 0.0018284216833611329,
      "min": 0.0003341352567076683,
      "max": 0.021466179750859737,
      "p0.1": 0.000335299770347774,
      "p1": 0.00034578039310872554,
      "p5": 0.0005641519324854017,
      "p10": 0.0006755865644663573,
      "p25": 0.0009486983763054013,
      "median": 0.0014857042115181684,
      "p75": 0.0017923412378877401,
      "p90": 0.0021767157129943373,
      "p95": 0.002477436861954629,
      "p99": 0.013599997260607732,
      "p99.9": 0.02067956150183467
    },
    "send_duration": 58.433447110001,
    "requested_rate": 1.0,
    "achieved_rate": 1.0268091815129434
  },
  "successes": {
    "count": 60,
    "latency": {
      "request_latency": {
        "mean": 2.2639449855390317,
        "min": 1.863160951063037,
        "max": 3.091144551988691,
        "p0.1": 1.8631860191519372,
        "p1": 1.86341163195204,
        "p5": 1.8675468328641727,
        "p10": 1.977207515016198,
        "p25": 1.9833709793165326,
        "median": 2.155457597458735,
        "p75": 2.540428900392726,
        "p90": 2.8328873824793845,
        "p95": 2.93841312287841,
        "p99": 3.0496024639718233,
        "p99.9": 3.086990343187005
      },
      "normalized_time_per_output_token": {
        "mean": 0.004513845049532341,
        "min": 0.003704097318216773,
        "max": 0.00616994920556625,
        "p0.1": 0.003704937421873883,
        "p1": 0.0037124983547878725,
        "p5": 0.0037273370895066302,
        "p10": 0.00393827817298349,
        "p25": 0.00395874034737919,
        "median": 0.0042979836483282175,
        "p75": 0.005048030991189248,
        "p90": 0.005650724979705589,
        "p95": 0.005854606974831934,
        "p99": 0.006079944508259174,
        "p99.9": 0.006160948735835544
      },
      "time_per_output_token": {
        "mean": 0.004037239059881356,
        "min": 0.0034486707953180007,
        "max": 0.005671697341459224,
        "p0.1": 0.003448674470449393,
        "p1": 0.0034487075466319234,
        "p5": 0.0034491375612246316,
        "p10": 0.003450484182554967,
        "p25": 0.003453997266291824,
        "median": 0.0037979251716308343,
        "p75": 0.0045309321109992615,
        "p90": 0.005016856942583496,
        "p95": 0.005492365166110048,
        "p99": 0.005655527010094375,
        "p99.9": 0.005670080308322739
      },
      "time_to_first_token": {
        "mean": 0.20920465873399127,
        "min": 0.09628003370016813,
        "max": 0.3196402071043849,
        "p0.1": 0.09656075506284834,
        "p1": 0.09908724732697011,
        "p5": 0.10554330991581082,
        "p10": 0.10651291068643332,
        "p25": 0.2153748528799042,
        "median": 0.22007299191318452,
        "p75": 0.2262132653268054,
        "p90": 0.24094296703115106,
        "p95": 0.26832317293155933,
        "p99": 0.29582635456230477,
        "p99.9": 0.3172588218501773
      },
      "inter_token_latency": {
        "mean": 0.004037000136604141,
        "min": 8.5378997027874e-06,
        "max": 0.14050795463845134,
        "p0.1": 1.543064694851637e-05,
        "p1": 0.0028975737933069467,
        "p5": 0.003219889849424362,
        "p10": 0.0033185770735144615,
        "p25": 0.003436101134866476,
        "median": 0.0035616187378764153,
        "p75": 0.004331245552748442,
        "p90": 0.0048188725486397795,
        "p95": 0.005795293673872948,
        "p99": 0.0060995528753846895,
        "p99.9": 0.028648410329596596
      }
    },
    "throughput": {
      "input_tokens_per_sec": 8260.586731457775,
      "output_tokens_per_sec": 499.0129232121768,
      "total_tokens_per_sec": 8759.599654669953,
      "requests_per_sec": 0.9950076565328706
    },
    "prompt_len": {
      "mean": 8302.033333333333,
      "min": 8229.0,
      "max": 8366.0,
      "p0.1": 8230.652,
      "p1": 8245.52,
      "p5": 8258.95,
      "p10": 8267.0,
      "p25": 8281.0,
      "median": 8304.5,
      "p75": 8322.0,
      "p90": 8333.1,
      "p95": 8338.65,
      "p99": 8359.51,
      "p99.9": 8365.351
    },
    "output_len": {
      "mean": 501.51666666666665,
      "min": 498.0,
      "max": 510.0,
      "p0.1": 498.059,
      "p1": 498.59,
      "p5": 499.0,
      "p10": 500.0,
      "p25": 501.0,
      "median": 501.0,
      "p75": 502.0,
      "p90": 503.1,
      "p95": 504.0,
      "p99": 506.46,
      "p99.9": 509.6460000000001
    }
  },
  "failures": {
    "count": 0,
    "request_latency": null,
    "prompt_len": null
  }
}