{
  "load_summary": {
    "count": 120,
    "schedule_delay": {
      "mean": 0.0016414850329359372,
      "min": -0.0002861917018890381,
      "max": 0.029190439730882645,
      "p0.1": -0.00027048663003370165,
      "p1": -0.00014434472657740116,
      "p5": 0.00021033410448580982,
      "p10": 0.00042818370275199413,
      "p25": 0.0007908283732831478,
      "median": 0.0011555408127605915,
      "p75": 0.0015096416464075446,
      "p90": 0.002007708279415965,
      "p95": 0.0023886948591098187,
      "p99": 0.023966774176806267,
      "p99.9": 0.029139865869656213
    },
    "send_duration": 59.89146693889052,
    "requested_rate": 2.0,
    "achieved_rate": 2.003624324687863
  },
  "successes": {
    "count": 120,
    "latency": {
      "request_latency": {
        "mean": 2.649861004948616,
        "min": 1.7974971709772944,
        "max": 4.178385799750686,
        "p0.1": 1.798888512670528,
        "p1": 1.8102369942283258,
        "p5": 1.8607272262685002,
        "p10": 1.9686997801531105,
        "p25": 2.1266258609248325,
        "median": 2.4485768228769302,
        "p75": 3.0608846247196198,
        "p90": 3.5853516079951078,
        "p95": 3.7960266811074685,
        "p99": 4.167424792791717,
        "p99.9": 4.17837400749512
      },
      "normalized_time_per_output_token": {
        "mean": 0.005285267022636052,
        "min": 0.003586372047692184,
        "max": 0.008339893623086032,
        "p0.1": 0.003586544199857728,
        "p1": 0.0035922527762628094,
        "p5": 0.0037137274342698757,
        "p10": 0.003928763427176112,
        "p25": 0.004251142733636965,
        "median": 0.004882519392972269,
        "p75": 0.006089068092473834,
        "p90": 0.007142196344842474,
        "p95": 0.0075912828845416235,
        "p99": 0.00829151264026712,
        "p99.9": 0.008335970954245616
      },
      "time_per_output_token": {
        "mean": 0.004942283874183645,
        "min": 0.003437453314460411,
        "max": 0.008159176773113574,
        "p0.1": 0.003437630047731503,
        "p1": 0.0034400759492822994,
        "p5": 0.003453343062583043,
        "p10": 0.0034569389058658443,
        "p25": 0.003910699781517316,
        "median": 0.004652121902333982,
        "p75": 0.005749333911399938,
        "p90": 0.006790166265206659,
        "p95": 0.00717408295752544,
        "p99": 0.008025957683157177,
        "p99.9": 0.008145844133390055
      },
      "time_to_first_token": {
        "mean": 0.15070941637580593,
        "min": 0.049726856872439384,
        "max": 0.25850442703813314,
        "p0.1": 0.04982539316918701,
        "p1": 0.051390482005663214,
        "p5": 0.05983813228085637,
        "p10": 0.06555228442884982,
        "p25": 0.10450677492190152,
        "median": 0.11373306252062321,
        "p75": 0.21907135448418558,
        "p90": 0.22381125194951892,
        "p95": 0.24093703608959913,
        "p99": 0.24981092172674835,
        "p99.9": 0.25749104291759445
      },
      "inter_token_latency": {
        "mean": 0.004943297741334537,
        "min": 5.738344043493271e-06,
        "max": 0.15580936474725604,
        "p0.1": 1.0722065810114145e-05,
        "p1": 0.0028000561008229854,
        "p5": 0.0032933576265349986,
        "p10": 0.003396568773314357,
        "p25": 0.0035535687347874045,
        "median": 0.004371832124888897,
        "p75": 0.005695439060218632,
        "p90": 0.006070257304236292,
        "p95": 0.008226255560293792,
        "p99": 0.008830551016144448,
        "p99.9": 0.05814731373172258
      }
    },
    "throughput": {
      "input_tokens_per_sec": 15740.092458784098,
      "output_tokens_per_sec": 950.6510579677079,
      "total_tokens_per_sec": 16690.743516751805,
      "requests_per_sec": 1.8959303133808367
    },
    "prompt_len": {
      "mean": 8302.041666666666,
      "min": 8229.0,
      "max": 8366.0,
      "p0.1": 8231.618,
      "p1": 8251.57,
      "p5": 8261.85,
      "p10": 8270.0,
      "p25": 8287.75,
      "median": 8302.5,
      "p75": 8319.0,
      "p90": 8333.0,
      "p95": 8339.05,
      "p99": 8354.24,
      "p99.9": 8364.691
    },
    "output_len": {
      "mean": 501.4166666666667,
      "min": 498.0,
      "max": 507.0,
      "p0.1": 498.119,
      "p1": 499.0,
      "p5": 499.0,
      "p10": 500.0,
      "p25": 501.0,
      "median": 501.0,
      "p75": 502.0,
      "p90": 503.0,
      "p95": 504.05,
      "p99": 506.81,
      "p99.9": 507.0
    }
  },
  "failures": {
    "count": 0,
    "request_latency": null,
    "prompt_len": null
  }
}