{
  "load_summary": {
    "count": 180,
    "schedule_delay": {
      "mean": 0.0011398125155311493,
      "min": -0.0004172096960246563,
      "max": 0.0050517357885837555,
      "p0.1": -0.0003847740655764937,
      "p1": -0.00013126405421644448,
      "p5": 0.00012439598795026548,
      "p10": 0.000283080991357565,
      "p25": 0.0007312942761927843,
      "median": 0.0010819975286722183,
      "p75": 0.0015233454760164022,
      "p90": 0.0018767097964882849,
      "p95": 0.002125866012647748,
      "p99": 0.004433183828368784,
      "p99.9": 0.004973302017431718
    },
    "send_duration": 59.22077397676185,
    "requested_rate": 3.0,
    "achieved_rate": 3.0394739533568367
  },
  "successes": {
    "count": 180,
    "latency": {
      "request_latency": {
        "mean": 3.23550780476847,
        "min": 1.8567849700339139,
        "max": 5.628022635821253,
        "p0.1": 1.8579401886505076,
        "p1": 1.8646924605965614,
        "p5": 1.9274109874619172,
        "p10": 2.0742874304298313,
        "p25": 2.475583437131718,
        "median": 3.1179274728056043,
        "p75": 3.8629221929004416,
        "p90": 4.633393229637295,
        "p95": 5.149509787140413,
        "p99": 5.6124850938608875,
        "p99.9": 5.627345787198749
      },
      "normalized_time_per_output_token": {
        "mean": 0.006453475433195772,
        "min": 0.0036990683562684768,
        "max": 0.011278602476595697,
        "p0.1": 0.0037003373353388757,
        "p1": 0.0037112194119325015,
        "p5": 0.0038471277194848646,
        "p10": 0.00413947335650154,
        "p25": 0.00493836799827664,
        "median": 0.006223408129352504,
        "p75": 0.007699214338191122,
        "p90": 0.009262725310882486,
        "p95": 0.010278462648982861,
        "p99": 0.011167003892479474,
        "p99.9": 0.01126387523196443
      },
      "time_per_output_token": {
        "mean": 0.006175437726155835,
        "min": 0.00344779320669646,
        "max": 0.01101283788587898,
        "p0.1": 0.0034479278017242694,
        "p1": 0.0034506364120355988,
        "p5": 0.003590698423468786,
        "p10": 0.0038649701479605463,
        "p25": 0.0046597133576895475,
        "median": 0.005917638825530168,
        "p75": 0.007450740824453532,
        "p90": 0.008964758693985641,
        "p95": 0.010072068454883993,
        "p99": 0.01084457323484123,
        "p99.9": 0.01100884900300205
      },
      "time_to_first_token": {
        "mean": 0.12004685198836443,
        "min": 0.054612006060779095,
        "max": 0.3251623008400202,
        "p0.1": 0.05468244182597846,
        "p1": 0.055298440968617794,
        "p5": 0.0607025315053761,
        "p10": 0.06253673839382827,
        "p25": 0.10147223353851587,
        "median": 0.10849236394278705,
        "p75": 0.11801657744217664,
        "p90": 0.22276044143363832,
        "p95": 0.2361482546199113,
        "p99": 0.3035672309994698,
        "p99.9": 0.322406393354759
      },
      "inter_token_latency": {
        "mean": 0.006177585856650563,
        "min": 5.695968866348267e-06,
        "max": 0.1607623635791242,
        "p0.1": 1.0405275505036115e-05,
        "p1": 0.0014134293654933573,
        "p5": 0.003376630903221667,
        "p10": 0.0034687598701566456,
        "p25": 0.0043233445612713695,
        "median": 0.005764871835708618,
        "p75": 0.007092962274327874,
        "p90": 0.008561439672484994,
        "p95": 0.009200856136158102,
        "p99": 0.015635253083892273,
        "p99.9": 0.05974364283494657
      }
    },
    "throughput": {
      "input_tokens_per_sec": 24422.99762301855,
      "output_tokens_per_sec": 1474.8876596886842,
      "total_tokens_per_sec": 25897.885282707233,
      "requests_per_sec": 2.941669385958283
    },
    "prompt_len": {
      "mean": 8302.427777777777,
      "min": 8229.0,
      "max": 8366.0,
      "p0.1": 8231.327,
      "p1": 8249.11,
      "p5": 8266.95,
      "p10": 8271.8,
      "p25": 8288.0,
      "median": 8302.0,
      "p75": 8319.0,
      "p90": 8333.0,
      "p95": 8341.0,
      "p99": 8355.84,
      "p99.9": 8364.747
    },
    "output_len": {
      "mean": 501.3777777777778,
      "min": 497.0,
      "max": 510.0,
      "p0.1": 497.179,
      "p1": 498.0,
      "p5": 500.0,
      "p10": 500.0,
      "p25": 501.0,
      "median": 501.0,
      "p75": 502.0,
      "p90": 503.0,
      "p95": 504.0,
      "p99": 506.21000000000004,
      "p99.9": 509.4630000000001
    }
  },
  "failures": {
    "count": 0,
    "request_latency": null,
    "prompt_len": null
  }
}