{
  "load_summary": {
    "count": 420,
    "schedule_delay": {
      "mean": 0.0007669167759429131,
      "min": -0.0007447823882102966,
      "max": 0.004672389477491379,
      "p0.1": -0.0006946731186471879,
      "p1": -0.0004697710089385509,
      "p5": -0.0002310439012944698,
      "p10": -1.3851467519998511e-05,
      "p25": 0.00035668083000928164,
      "median": 0.0007390715181827545,
      "p75": 0.0011754727456718683,
      "p90": 0.0014968096278607846,
      "p95": 0.0016816566232591866,
      "p99": 0.0026476076431572438,
      "p99.9": 0.004094096004963023
    },
    "send_duration": 59.90374850388616,
    "requested_rate": 7.0,
    "achieved_rate": 7.011247384172514
  },
  "successes": {
    "count": 420,
    "latency": {
      "request_latency": {
        "mean": 5.77011432552688,
        "min": 2.023581899702549,
        "max": 8.589398480020463,
        "p0.1": 2.035393349313177,
        "p1": 2.7728552398784085,
        "p5": 3.476113240257837,
        "p10": 4.412529877619818,
        "p25": 5.00762775214389,
        "median": 5.792570781894028,
        "p75": 6.556399339810014,
        "p90": 7.027896144287661,
        "p95": 8.001664786669425,
        "p99": 8.520161042227409,
        "p99.9": 8.579325194173494
      },
      "normalized_time_per_output_token": {
        "mean": 0.01151020951646322,
        "min": 0.004031039640841731,
        "max": 0.01717879696004093,
        "p0.1": 0.004051163783985102,
        "p1": 0.005539379339312938,
        "p5": 0.006884746999242101,
        "p10": 0.008791594349936592,
        "p25": 0.009977903803568817,
        "median": 0.011557065937791714,
        "p75": 0.013086625428762502,
        "p90": 0.01403661077780794,
        "p95": 0.0160001292471568,
        "p99": 0.01702597318481708,
        "p99.9": 0.017144045473367966
      },
      "time_per_output_token": {
        "mean": 0.011276792006384925,
        "min": 0.0036989915269342337,
        "max": 0.016916303520090877,
        "p0.1": 0.0037995313705828453,
        "p1": 0.005343645370317126,
        "p5": 0.006740897751654328,
        "p10": 0.008607980298809707,
        "p25": 0.009795124828349799,
        "median": 0.011327541602309792,
        "p75": 0.0128109521321021,
        "p90": 0.013765488366410138,
        "p95": 0.015708321984810755,
        "p99": 0.016722488228222355,
        "p99.9": 0.01690569299040176
      },
      "time_to_first_token": {
        "mean": 0.10848286741501874,
        "min": 0.05022885277867317,
        "max": 0.26665989635512233,
        "p0.1": 0.050957837943919004,
        "p1": 0.055194557532668116,
        "p5": 0.06300365885253996,
        "p10": 0.06788538652472198,
        "p25": 0.07912337605375797,
        "median": 0.11705105658620596,
        "p75": 0.12393252376932651,
        "p90": 0.1307922916021198,
        "p95": 0.14633686682209368,
        "p99": 0.21358901844359934,
        "p99.9": 0.2553336612191071
      },
      "inter_token_latency": {
        "mean": 0.011278312471494557,
        "min": 5.354173481464386e-06,
        "max": 0.16722507402300835,
        "p0.1": 1.0388698428869248e-05,
        "p1": 0.0007257622666656974,
        "p5": 0.005597690120339394,
        "p10": 0.007410126738250256,
        "p25": 0.00854038167744875,
        "median": 0.011063226033002138,
        "p75": 0.012062519788742065,
        "p90": 0.014312589075416327,
        "p95": 0.015067081898450851,
        "p99": 0.060214382316917205,
        "p99.9": 0.07032895543612541
      }
    },
    "throughput": {
      "input_tokens_per_sec": 54199.372116922066,
      "output_tokens_per_sec": 3273.5521841977816,
      "total_tokens_per_sec": 57472.92430111985,
      "requests_per_sec": 6.529660845850221
    },
    "prompt_len": {
      "mean": 8300.488095238095,
      "min": 8229.0,
      "max": 8366.0,
      "p0.1": 8231.514,
      "p1": 8240.38,
      "p5": 8258.95,
      "p10": 8267.0,
      "p25": 8283.0,
      "median": 8300.0,
      "p75": 8318.0,
      "p90": 8333.1,
      "p95": 8342.0,
      "p99": 8357.0,
      "p99.9": 8365.581
    },
    "output_len": {
      "mean": 501.3357142857143,
      "min": 463.0,
      "max": 514.0,
      "p0.1": 477.246,
      "p1": 498.0,
      "p5": 500.0,
      "p10": 500.0,
      "p25": 501.0,
      "median": 501.0,
      "p75": 502.0,
      "p90": 503.0,
      "p95": 505.0,
      "p99": 507.0,
      "p99.9": 512.7430000000002
    }
  },
  "failures": {
    "count": 0,
    "request_latency": null,
    "prompt_len": null
  }
}