{
  "load_summary": {
    "count": 300,
    "schedule_delay": {
      "mean": 0.0008421584653357665,
      "min": -0.0007093148306012154,
      "max": 0.004210897721350193,
      "p0.1": -0.0006696127583272755,
      "p1": -0.000527885900810361,
      "p5": -0.00017534687649458646,
      "p10": 2.5702966377139097e-05,
      "p25": 0.0003931735409423709,
      "median": 0.0007994712796062231,
      "p75": 0.0011805506655946374,
      "p90": 0.001597215747460723,
      "p95": 0.001897874916903675,
      "p99": 0.0036755434842780225,
      "p99.9": 0.004084257204085597
    },
    "send_duration": 59.622548944782466,
    "requested_rate": 5.0,
    "achieved_rate": 5.03165338130437
  },
  "successes": {
    "count": 300,
    "latency": {
      "request_latency": {
        "mean": 4.288720967060265,
        "min": 2.099122832994908,
        "max": 6.447693383321166,
        "p0.1": 2.1071896715993064,
        "p1": 2.2347315063979476,
        "p5": 2.532305478025228,
        "p10": 3.143255932070315,
        "p25": 3.7171274612192065,
        "median": 4.434956202516332,
        "p75": 4.7933278226992115,
        "p90": 5.225689153326677,
        "p95": 5.815988450217993,
        "p99": 6.4405027250386775,
        "p99.9": 6.4473571161017755
      },
      "normalized_time_per_output_token": {
        "mean": 0.008552940272531256,
        "min": 0.004189865934121573,
        "max": 0.012869647471698935,
        "p0.1": 0.004205967408381848,
        "p1": 0.004425385553874414,
        "p5": 0.0050545019521461634,
        "p10": 0.006236618912837926,
        "p25": 0.0074214161430404685,
        "median": 0.008846477216886665,
        "p75": 0.009546507285926919,
        "p90": 0.01042842236480473,
        "p95": 0.01159388121224925,
        "p99": 0.01284190476637004,
        "p99.9": 0.012867973162887429
      },
      "time_per_output_token": {
        "mean": 0.008304756681177916,
        "min": 0.003739619331180032,
        "max": 0.012686458858661353,
        "p0.1": 0.003813820236808377,
        "p1": 0.004206807761544544,
        "p5": 0.004872994759918297,
        "p10": 0.005995890834502958,
        "p25": 0.007204307153820992,
        "median": 0.008585200727917255,
        "p75": 0.009286146572791039,
        "p90": 0.010148790877312424,
        "p95": 0.011364696361031384,
        "p99": 0.012661357131954282,
        "p99.9": 0.012684581223497167
      },
      "time_to_first_token": {
        "mean": 0.11058907540670286,
        "min": 0.05354230385273695,
        "max": 0.249475859105587,
        "p0.1": 0.05415305182058364,
        "p1": 0.05589897313620895,
        "p5": 0.0628927541198209,
        "p10": 0.06724424636922777,
        "p25": 0.09949338645674288,
        "median": 0.11267854599282146,
        "p75": 0.119240777567029,
        "p90": 0.12933436501771212,
        "p95": 0.18434002608992164,
        "p99": 0.239807764920406,
        "p99.9": 0.24897690721880647
      },
      "inter_token_latency": {
        "mean": 0.008306190745771602,
        "min": 6.0498714447021484e-06,
        "max": 0.16303897369652987,
        "p0.1": 9.957014117389918e-06,
        "p1": 0.0004519693180918694,
        "p5": 0.004114264016970992,
        "p10": 0.004690284980461002,
        "p25": 0.0060141421854496,
        "median": 0.008256645873188972,
        "p75": 0.008653170545585454,
        "p90": 0.011318877944722774,
        "p95": 0.011980216042138636,
        "p99": 0.027050689691677808,
        "p99.9": 0.06261552143935119
      }
    },
    "throughput": {
      "input_tokens_per_sec": 39870.14266297362,
      "output_tokens_per_sec": 2408.7465957946943,
      "total_tokens_per_sec": 42278.889258768315,
      "requests_per_sec": 4.803658654663956
    },
    "prompt_len": {
      "mean": 8299.953333333333,
      "min": 8229.0,
      "max": 8366.0,
      "p0.1": 8231.093,
      "p1": 8239.96,
      "p5": 8257.95,
      "p10": 8267.0,
      "p25": 8282.0,
      "median": 8300.0,
      "p75": 8319.0,
      "p90": 8333.0,
      "p95": 8341.0,
      "p99": 8351.04,
      "p99.9": 8363.907
    },
    "output_len": {
      "mean": 501.44,
      "min": 497.0,
      "max": 510.0,
      "p0.1": 497.0,
      "p1": 497.99,
      "p5": 500.0,
      "p10": 500.0,
      "p25": 501.0,
      "median": 501.0,
      "p75": 502.0,
      "p90": 503.0,
      "p95": 504.0,
      "p99": 506.01,
      "p99.9": 509.701
    }
  },
  "failures": {
    "count": 0,
    "request_latency": null,
    "prompt_len": null
  }
}