{
  "load_summary": {
    "count": 1080,
    "schedule_delay": {
      "mean": 0.0010061132807836488,
      "min": -0.0007447823882102966,
      "max": 0.029190439730882645,
      "p0.1": -0.0007026689578779042,
      "p1": -0.00041779388673603536,
      "p5": -0.00010231866035610437,
      "p10": 9.682816453278067e-05,
      "p25": 0.0004652023781090975,
      "median": 0.0008867187425494194,
      "p75": 0.0013228922616690397,
      "p90": 0.0017011643387377263,
      "p95": 0.0020120450295507907,
      "p99": 0.0037476986087858696,
      "p99.9": 0.028188807005994382
    }
  },
  "successes": {
    "count": 1080,
    "latency": {
      "request_latency": {
        "mean": 4.394699751318398,
        "min": 1.7974971709772944,
        "max": 8.589398480020463,
        "p0.1": 1.8096248138933442,
        "p1": 1.864765357603319,
        "p5": 1.9871474385960028,
        "p10": 2.238724599266425,
        "p25": 3.019680116442032,
        "median": 4.471560207661241,
        "p75": 5.584957150858827,
        "p90": 6.528060202905908,
        "p95": 6.92746609877795,
        "p99": 8.326748936944645,
        "p99.9": 8.565330962125678
      },
      "normalized_time_per_output_token": {
        "mean": 0.008765609631793923,
        "min": 0.003586372047692184,
        "max": 0.01717879696004093,
        "p0.1": 0.003589662344891117,
        "p1": 0.0037163525255410885,
        "p5": 0.003963081357477303,
        "p10": 0.004459986133177317,
        "p25": 0.006020978386393059,
        "median": 0.008908794908372226,
        "p75": 0.011142571853536521,
        "p90": 0.01304863836633008,
        "p95": 0.013803720566585376,
        "p99": 0.016574926814418075,
        "p99.9": 0.0170915629454375
      },
      "time_per_output_token": {
        "mean": 0.008494969302072233,
        "min": 0.003437453314460411,
        "max": 0.016916303520090877,
        "p0.1": 0.0034394114207431086,
        "p1": 0.003449717583023912,
        "p5": 0.003539187556143434,
        "p10": 0.0041756947443054885,
        "p25": 0.005729269614519311,
        "median": 0.008658338399413592,
        "p75": 0.010891320171067491,
        "p90": 0.012790533012064197,
        "p95": 0.013529313366347922,
        "p99": 0.01631480261489749,
        "p99.9": 0.01688546745076869
      },
      "time_to_first_token": {
        "mean": 0.12128274979940788,
        "min": 0.049726856872439384,
        "max": 0.3251623008400202,
        "p0.1": 0.05025460995454341,
        "p1": 0.055298440968617794,
        "p5": 0.06220158128999174,
        "p10": 0.06730474806390703,
        "p25": 0.10077519621700048,
        "median": 0.11471768212504685,
        "p75": 0.12546525534708053,
        "p90": 0.21814211551100016,
        "p95": 0.22582327853888273,
        "p99": 0.25188975345343356,
        "p99.9": 0.31886015814449686
      },
      "inter_token_latency": {
        "mean": 0.00849820328722583,
        "min": 5.354173481464386e-06,
        "max": 0.16722507402300835,
        "p0.1": 1.0314115323126316e-05,
        "p1": 0.0008277343446388842,
        "p5": 0.003413055557757616,
        "p10": 0.003563098842278123,
        "p25": 0.0055366873275488615,
        "median": 0.008250996936112642,
        "p75": 0.01051475410349667,
        "p90": 0.012144968099892139,
        "p95": 0.014004533668048678,
        "p99": 0.02904557438567283,
        "p99.9": 0.06787981974566358
      }
    },
    "throughput": {
      "input_tokens_per_sec": 27831.93515663691,
      "output_tokens_per_sec": 1681.0994932165831,
      "total_tokens_per_sec": 29513.034649853496,
      "requests_per_sec": 3.3528730321843865
    },
    "prompt_len": {
      "mean": 8300.921296296296,
      "min": 8229.0,
      "max": 8366.0,
      "p0.1": 8229.0,
      "p1": 8240.0,
      "p5": 8259.0,
      "p10": 8268.0,
      "p25": 8284.0,
      "median": 8301.0,
      "p75": 8319.0,
      "p90": 8333.0,
      "p95": 8341.0,
      "p99": 8357.0,
      "p99.9": 8366.0
    },
    "output_len": {
      "mean": 501.39074074074074,
      "min": 463.0,
      "max": 514.0,
      "p0.1": 497.0,
      "p1": 498.0,
      "p5": 500.0,
      "p10": 500.0,
      "p25": 501.0,
      "median": 501.0,
      "p75": 502.0,
      "p90": 503.0,
      "p95": 504.0,
      "p99": 507.0,
      "p99.9": 510.92100000000005
    }
  },
  "failures": {
    "count": 0,
    "request_latency": null,
    "prompt_len": null
  }
}