{
  "load_summary": {
    "count": 60,
    "schedule_delay": {
      "mean": 0.001120323493766288,
      "min": -0.00041184527799487114,
      "max": 0.010708481073379517,
      "p0.1": -0.00040314898267388344,
      "p1": -0.0003248823247849941,
      "p5": 3.6534969694912454e-05,
      "p10": 0.0003624914214015007,
      "p25": 0.0006033106474205852,
      "median": 0.0008518549147993326,
      "p75": 0.0012191067216917872,
      "p90": 0.0017392770387232304,
      "p95": 0.0018714245175942778,
      "p99": 0.007265722025185804,
      "p99.9": 0.010364205168560204
    },
    "send_duration": 15.811418974772096,
    "requested_rate": 3.0,
    "achieved_rate": 3.794725830473089
  },
  "successes": {
    "count": 60,
    "latency": {
      "request_latency": {
        "mean": 1.095631708111614,
        "min": 0.7838446241803467,
        "max": 1.6669705752283335,
        "p0.1": 0.7839977961326949,
        "p1": 0.7853763437038288,
        "p5": 0.7879818625515327,
        "p10": 0.9146781737450511,
        "p25": 0.9678679775679484,
        "median": 1.0829750110860914,
        "p75": 1.2058209530077875,
        "p90": 1.277758178813383,
        "p95": 1.3835297080688178,
        "p99": 1.6524157512420787,
        "p99.9": 1.6655150928297082
      },
      "normalized_time_per_output_token": {
        "mean": 0.005434475969772229,
        "min": 0.0038782031564363116,
        "max": 0.008252329580338285,
        "p0.1": 0.003878333887170136,
        "p1": 0.003879510463774554,
        "p5": 0.003904339587747215,
        "p10": 0.004530053507118447,
        "p25": 0.004817742088430825,
        "median": 0.0053696372297855205,
        "p75": 0.005999109218944216,
        "p90": 0.0063334206029228715,
        "p95": 0.0068508664075227895,
        "p99": 0.008204140776687265,
        "p99.9": 0.008247510699973185
      },
      "time_per_output_token": {
        "mean": 0.004849335127232808,
        "min": 0.0018481696120057351,
        "max": 0.0077904831458950165,
        "p0.1": 0.0019422427395675548,
        "p1": 0.002788900887623932,
        "p5": 0.003454313745451331,
        "p10": 0.0034916959069482144,
        "p25": 0.004276154135242061,
        "median": 0.004820204812625858,
        "p75": 0.005369710871252396,
        "p90": 0.005872973509331857,
        "p95": 0.00610987054504166,
        "p99": 0.007711765200096234,
        "p99.9": 0.007782611351315139
      },
      "time_to_first_token": {
        "mean": 0.11065838884096593,
        "min": 0.06676325108855963,
        "max": 0.5484196846373379,
        "p0.1": 0.0668595991381444,
        "p1": 0.0677267315844074,
        "p5": 0.06908091197255999,
        "p10": 0.07353202509693801,
        "p25": 0.07846204948145896,
        "median": 0.08782659540884197,
        "p75": 0.1010297971079126,
        "p90": 0.1307144850492478,
        "p95": 0.25689302026294153,
        "p99": 0.44256552937440513,
        "p99.9": 0.5378342691110465
      },
      "inter_token_latency": {
        "mean": 0.004850153861220454,
        "min": 5.341134965419769e-06,
        "max": 0.34741669800132513,
        "p0.1": 5.638856440782547e-06,
        "p1": 6.355270743370056e-06,
        "p5": 1.078760251402855e-05,
        "p10": 0.002364682964980603,
        "p25": 0.00388154573738575,
        "median": 0.004457054194062948,
        "p75": 0.005337681621313095,
        "p90": 0.006386099196970463,
        "p95": 0.006753152050077915,
        "p99": 0.015487035233527418,
        "p99.9": 0.0671703382954039
      }
    },
    "throughput": {
      "input_tokens_per_sec": 41185.12698636088,
      "output_tokens_per_sec": 714.0032605653188,
      "total_tokens_per_sec": 41899.1302469262,
      "requests_per_sec": 3.541390066456074
    },
    "prompt_len": {
      "mean": 11629.65,
      "min": 11558.0,
      "max": 11719.0,
      "p0.1": 11558.413,
      "p1": 11562.13,
      "p5": 11585.85,
      "p10": 11596.5,
      "p25": 11613.0,
      "median": 11630.5,
      "p75": 11644.5,
      "p90": 11658.8,
      "p95": 11673.05,
      "p99": 11717.23,
      "p99.9": 11718.823
    },
    "output_len": {
      "mean": 201.61666666666667,
      "min": 200.0,
      "max": 207.0,
      "p0.1": 200.0,
      "p1": 200.0,
      "p5": 200.0,
      "p10": 200.0,
      "p25": 201.0,
      "median": 201.0,
      "p75": 202.0,
      "p90": 203.0,
      "p95": 204.05,
      "p99": 206.41,
      "p99.9": 206.941
    }
  },
  "failures": {
    "count": 0,
    "request_latency": null,
    "prompt_len": null
  }
}