{
  "load_summary": {
    "count": 750,
    "schedule_delay": {
      "mean": 0.0012659387619545063,
      "min": -0.0006128065288066864,
      "max": 0.03371448954567313,
      "p0.1": -0.0005910042719915509,
      "p1": -0.00042047243099659683,
      "p5": 2.314520534127954e-05,
      "p10": 0.00025854529812932017,
      "p25": 0.0007082101656123996,
      "median": 0.0010849921964108944,
      "p75": 0.0015407758764922619,
      "p90": 0.0019847281742841004,
      "p95": 0.0023779809474945065,
      "p99": 0.005944147291593252,
      "p99.9": 0.02744415281247423
    },
    "send_duration": 51.14305785205215,
    "requested_rate": 15.0,
    "achieved_rate": 14.664746917746251
  },
  "successes": {
    "count": 750,
    "latency": {
      "request_latency": {
        "mean": 1.6219403826830288,
        "min": 0.826048931106925,
        "max": 5.028197990264744,
        "p0.1": 0.8284202071293257,
        "p1": 0.8371619587484748,
        "p5": 0.9799907549284399,
        "p10": 1.0390939080156385,
        "p25": 1.221196442260407,
        "median": 1.4862229835707694,
        "p75": 1.893634732812643,
        "p90": 2.338219465175644,
        "p95": 2.686370169604197,
        "p99": 3.644411102742888,
        "p99.9": 4.689166068019852
      },
      "normalized_time_per_output_token": {
        "mean": 0.008053398863591223,
        "min": 0.0040295069810093904,
        "max": 0.024892069258736355,
        "p0.1": 0.004075750192378854,
        "p1": 0.004148844237753973,
        "p5": 0.004875575895166367,
        "p10": 0.005162754874564713,
        "p25": 0.006044343868623301,
        "median": 0.00739250759204933,
        "p75": 0.009399847102158767,
        "p90": 0.011619436093845376,
        "p95": 0.013356744323472896,
        "p99": 0.018035949374584883,
        "p99.9": 0.02288426070658074
      },
      "time_per_output_token": {
        "mean": 0.006518752582350027,
        "min": 1.0559765374934187e-05,
        "max": 0.01901909552048892,
        "p0.1": 0.00021444582127018859,
        "p1": 0.0023469734836066404,
        "p5": 0.003834668382404918,
        "p10": 0.004245806523785811,
        "p25": 0.0049273110965062745,
        "median": 0.006129472050089341,
        "p75": 0.007605548619612501,
        "p90": 0.00923411776055582,
        "p95": 0.010594758241438951,
        "p99": 0.015032399788040544,
        "p99.9": 0.018137118683015103
      },
      "time_to_first_token": {
        "mean": 0.29365052364518246,
        "min": 0.10614344524219632,
        "max": 1.6569903260096908,
        "p0.1": 0.10750030281813815,
        "p1": 0.11071646357420832,
        "p5": 0.11541180673521012,
        "p10": 0.12215887065976858,
        "p25": 0.13660614076070487,
        "median": 0.1582249109633267,
        "p75": 0.3425333957420662,
        "p90": 0.641257362952456,
        "p95": 0.9269373678136614,
        "p99": 1.3593241842882706,
        "p99.9": 1.564089662830822
      },
      "inter_token_latency": {
        "mean": 0.006522849856465427,
        "min": 5.335081368684769e-06,
        "max": 0.9683178039267659,
        "p0.1": 5.743931978940964e-06,
        "p1": 6.495974957942963e-06,
        "p5": 9.100558236241342e-06,
        "p10": 2.197143621742726e-05,
        "p25": 0.0038412328576669097,
        "median": 0.005121666006743908,
        "p75": 0.006514279404655099,
        "p90": 0.008504136558622123,
        "p95": 0.009935215348377826,
        "p99": 0.03655846039764567,
        "p99.9": 0.2505914752628474
      }
    },
    "throughput": {
      "input_tokens_per_sec": 166276.19268424308,
      "output_tokens_per_sec": 2881.120447339748,
      "total_tokens_per_sec": 169157.3131315828,
      "requests_per_sec": 14.305653404909771
    },
    "prompt_len": {
      "mean": 11623.110666666667,
      "min": 11520.0,
      "max": 11723.0,
      "p0.1": 11522.996,
      "p1": 11553.0,
      "p5": 11575.0,
      "p10": 11585.0,
      "p25": 11601.0,
      "median": 11622.0,
      "p75": 11643.0,
      "p90": 11663.0,
      "p95": 11675.0,
      "p99": 11706.57,
      "p99.9": 11721.502
    },
    "output_len": {
      "mean": 201.39733333333334,
      "min": 197.0,
      "max": 214.0,
      "p0.1": 197.0,
      "p1": 199.0,
      "p5": 200.0,
      "p10": 200.0,
      "p25": 201.0,
      "median": 201.0,
      "p75": 202.0,
      "p90": 203.0,
      "p95": 204.0,
      "p99": 206.0,
      "p99.9": 210.25500000000045
    }
  },
  "failures": {
    "count": 0,
    "request_latency": null,
    "prompt_len": null
  }
}