{
  "load_summary": {
    "count": 600,
    "schedule_delay": {
      "mean": 0.0008843944050992529,
      "min": -0.0005895397625863552,
      "max": 0.006057755555957556,
      "p0.1": -0.0005198309728875756,
      "p1": -0.00031796771101653574,
      "p5": -0.000167561462149024,
      "p10": 2.5707297027111094e-05,
      "p25": 0.0004112080205231905,
      "median": 0.0008221548050642014,
      "p75": 0.0012248957064002752,
      "p90": 0.0015945473685860633,
      "p95": 0.001841799402609467,
      "p99": 0.00513089695945382,
      "p99.9": 0.005910355804953741
    },
    "send_duration": 29.521243032068014,
    "requested_rate": 20.0,
    "achieved_rate": 20.32434743172022
  },
  "successes": {
    "count": 599,
    "latency": {
      "request_latency": {
        "mean": 1.373467717311953,
        "min": 0.7794596250168979,
        "max": 2.6725460831075907,
        "p0.1": 0.7811480960948393,
        "p1": 0.7867726480122655,
        "p5": 0.8898999372962862,
        "p10": 0.9608579733408987,
        "p25": 1.1104067333508283,
        "median": 1.3124319571070373,
        "p75": 1.582566107623279,
        "p90": 1.8416055290959785,
        "p95": 1.9963828350417319,
        "p99": 2.4587553357519205,
        "p99.9": 2.642730577990415
      },
      "normalized_time_per_output_token": {
        "mean": 0.006818816625331433,
        "min": 0.0038726888873642034,
        "max": 0.013230426153997974,
        "p0.1": 0.0038758102648602357,
        "p1": 0.003910221474578799,
        "p5": 0.004409045184695042,
        "p10": 0.004801997762173414,
        "p25": 0.005491122059191176,
        "median": 0.0065342594892717895,
        "p75": 0.007854211252265712,
        "p90": 0.009143986356164665,
        "p95": 0.009933936736581526,
        "p99": 0.012170850764184213,
        "p99.9": 0.013121452471027398
      },
      "time_per_output_token": {
        "mean": 0.006060538643916114,
        "min": 1.0420836042612791e-05,
        "max": 0.011568317072221427,
        "p0.1": 0.00044917769253396674,
        "p1": 0.003457312459206077,
        "p5": 0.003910698878488926,
        "p10": 0.004274108737981131,
        "p25": 0.004919092303742695,
        "median": 0.00594612886197865,
        "p75": 0.006978839396484672,
        "p90": 0.008191291969364549,
        "p95": 0.008712982926391088,
        "p99": 0.009856355799038265,
        "p99.9": 0.011434507177085508
      },
      "time_to_first_token": {
        "mean": 0.14991427593956233,
        "min": 0.06531282793730497,
        "max": 1.16587232099846,
        "p0.1": 0.06602385409828275,
        "p1": 0.06726455167867243,
        "p5": 0.07342181419953704,
        "p10": 0.07760835150256754,
        "p25": 0.0872334772720933,
        "median": 0.0963981538079679,
        "p75": 0.11241408041678369,
        "p90": 0.276715786382556,
        "p95": 0.5286991635337475,
        "p99": 1.0137635295279317,
        "p99.9": 1.1567174276588492
      },
      "inter_token_latency": {
        "mean": 0.00606156814617858,
        "min": 5.3299590945243835e-06,
        "max": 1.0717073301784694,
        "p0.1": 5.734532605856657e-06,
        "p1": 6.365124136209488e-06,
        "p5": 8.380040526390076e-06,
        "p10": 1.9580591470003128e-05,
        "p25": 0.0037671325262635946,
        "median": 0.0053269213531166315,
        "p75": 0.0067016566172242165,
        "p90": 0.0085418620146811,
        "p95": 0.009733643033541739,
        "p99": 0.028271660348400552,
        "p99.9": 0.10839103512235354
      }
    },
    "throughput": {
      "input_tokens_per_sec": 226317.9123406781,
      "output_tokens_per_sec": 3922.0112062370636,
      "total_tokens_per_sec": 230239.92354691518,
      "requests_per_sec": 19.471577035904925
    },
    "prompt_len": {
      "mean": 11622.988313856427,
      "min": 11524.0,
      "max": 11723.0,
      "p0.1": 11528.784,
      "p1": 11552.98,
      "p5": 11575.0,
      "p10": 11585.0,
      "p25": 11600.0,
      "median": 11622.0,
      "p75": 11643.5,
      "p90": 11662.0,
      "p95": 11675.0,
      "p99": 11712.0,
      "p99.9": 11721.804
    },
    "output_len": {
      "mean": 201.42237061769617,
      "min": 198.0,
      "max": 207.0,
      "p0.1": 198.598,
      "p1": 199.0,
      "p5": 200.0,
      "p10": 200.0,
      "p25": 201.0,
      "median": 201.0,
      "p75": 202.0,
      "p90": 203.0,
      "p95": 204.0,
      "p99": 205.0,
      "p99.9": 206.40200000000004
    }
  },
  "failures": {
    "count": 1,
    "request_latency": {
      "mean": 0.638955274131149,
      "min": 0.638955274131149,
      "max": 0.638955274131149,
      "p0.1": 0.638955274131149,
      "p1": 0.638955274131149,
      "p5": 0.638955274131149,
      "p10": 0.638955274131149,
      "p25": 0.638955274131149,
      "median": 0.638955274131149,
      "p75": 0.638955274131149,
      "p90": 0.638955274131149,
      "p95": 0.638955274131149,
      "p99": 0.638955274131149,
      "p99.9": 0.638955274131149
    },
    "prompt_len": {
      "mean": 11658.0,
      "min": 11658.0,
      "max": 11658.0,
      "p0.1": 11658.0,
      "p1": 11658.0,
      "p5": 11658.0,
      "p10": 11658.0,
      "p25": 11658.0,
      "median": 11658.0,
      "p75": 11658.0,
      "p90": 11658.0,
      "p95": 11658.0,
      "p99": 11658.0,
      "p99.9": 11658.0
    }
  }
}