{
  "load_summary": {
    "count": 200,
    "schedule_delay": {
      "mean": 0.0012076988723129034,
      "min": -0.0005164025351405144,
      "max": 0.03290771413594484,
      "p0.1": -0.000513512356672436,
      "p1": -0.0004582924162968993,
      "p5": -0.00010358609724789853,
      "p10": 0.00013630585744977,
      "p25": 0.00047900411300361156,
      "median": 0.0008068450260907412,
      "p75": 0.0012733784969896078,
      "p90": 0.0015978534705936907,
      "p95": 0.0019191077677533023,
      "p99": 0.006017594146542021,
      "p99.9": 0.0325432512238622
    },
    "send_duration": 19.7676518461667,
    "requested_rate": 10.0,
    "achieved_rate": 10.11753958216254
  },
  "successes": {
    "count": 200,
    "latency": {
      "request_latency": {
        "mean": 1.163419547069352,
        "min": 0.7767784027382731,
        "max": 2.00769102293998,
        "p0.1": 0.7772630563569255,
        "p1": 0.7816973807383328,
        "p5": 0.7901353692170232,
        "p10": 0.8901260484941304,
        "p25": 0.9780859514139593,
        "median": 1.0997119434177876,
        "p75": 1.3161847767187282,
        "p90": 1.4797434946987778,
        "p95": 1.6927344072842965,
        "p99": 1.8407901090336958,
        "p99.9": 1.9846152836265993
      },
      "normalized_time_per_output_token": {
        "mean": 0.005778860946848577,
        "min": 0.0038699132026090185,
        "max": 0.00989010356128069,
        "p0.1": 0.0038707085002051534,
        "p1": 0.0038766580498515676,
        "p5": 0.003917726289399059,
        "p10": 0.004421699852605356,
        "p25": 0.0048625173440850055,
        "median": 0.005457623028432425,
        "p75": 0.006531597954782428,
        "p90": 0.007428403854909227,
        "p95": 0.008421564215344757,
        "p99": 0.009157693825414199,
        "p99.9": 0.009785610448881253
      },
      "time_per_output_token": {
        "mean": 0.005221809759368182,
        "min": 0.0034177465378813486,
        "max": 0.00947812972496727,
        "p0.1": 0.0034214352665225658,
        "p1": 0.0034438868007812336,
        "p5": 0.003464662000936057,
        "p10": 0.0039351905901945285,
        "p25": 0.004318623310984603,
        "median": 0.00488197289596668,
        "p75": 0.006010538669046065,
        "p90": 0.006640636157057347,
        "p95": 0.007993879833186621,
        "p99": 0.00882417193785761,
        "p99.9": 0.009372893041428163
      },
      "time_to_first_token": {
        "mean": 0.10623031447641551,
        "min": 0.06660234602168202,
        "max": 0.4635340301319957,
        "p0.1": 0.06679599474370479,
        "p1": 0.06856004452798516,
        "p5": 0.07173450621776283,
        "p10": 0.07403058176860214,
        "p25": 0.08327976334840059,
        "median": 0.08970257616601884,
        "p75": 0.10019152471795678,
        "p90": 0.12440815321169793,
        "p95": 0.21720974163617915,
        "p99": 0.4492008558055386,
        "p99.9": 0.46136507633794116
      },
      "inter_token_latency": {
        "mean": 0.005221546521541436,
        "min": 5.391892045736313e-06,
        "max": 0.5280539081431925,
        "p0.1": 5.655305460095405e-06,
        "p1": 6.337137892842293e-06,
        "p5": 8.870381861925125e-06,
        "p10": 0.0012294413521885881,
        "p25": 0.00371194863691926,
        "median": 0.004569538868963718,
        "p75": 0.005969649879261851,
        "p90": 0.007134615071117879,
        "p95": 0.008371972339227795,
        "p99": 0.015540979430079427,
        "p99.9": 0.18010806536953997
      }
    },
    "throughput": {
      "input_tokens_per_sec": 112014.1082078179,
      "output_tokens_per_sec": 1940.2904839441521,
      "total_tokens_per_sec": 113954.39869176206,
      "requests_per_sec": 9.636645975535286
    },
    "prompt_len": {
      "mean": 11623.765,
      "min": 11546.0,
      "max": 11719.0,
      "p0.1": 11547.99,
      "p1": 11557.98,
      "p5": 11579.9,
      "p10": 11587.0,
      "p25": 11602.0,
      "median": 11623.0,
      "p75": 11643.0,
      "p90": 11658.2,
      "p95": 11671.05,
      "p99": 11712.04,
      "p99.9": 11718.403
    },
    "output_len": {
      "mean": 201.345,
      "min": 199.0,
      "max": 209.0,
      "p0.1": 199.0,
      "p1": 199.0,
      "p5": 200.0,
      "p10": 200.0,
      "p25": 201.0,
      "median": 201.0,
      "p75": 202.0,
      "p90": 203.0,
      "p95": 204.0,
      "p99": 205.0,
      "p99.9": 208.20400000000006
    }
  },
  "failures": {
    "count": 0,
    "request_latency": null,
    "prompt_len": null
  }
}