{
  "load_summary": {
    "count": 300,
    "schedule_delay": {
      "mean": 0.0009949778206646443,
      "min": -0.0006221695803105831,
      "max": 0.033616718370467424,
      "p0.1": -0.0006053325845859945,
      "p1": -0.000498937857337296,
      "p5": -4.7333305701613386e-05,
      "p10": 0.0001413265708833933,
      "p25": 0.00040421122685074806,
      "median": 0.0008430115412920713,
      "p75": 0.0012247724225744605,
      "p90": 0.00161583973094821,
      "p95": 0.0018443919252604248,
      "p99": 0.005061623584479086,
      "p99.9": 0.025346898084972657
    },
    "send_duration": 18.730395897757262,
    "requested_rate": 15.0,
    "achieved_rate": 16.016746343088315
  },
  "successes": {
    "count": 300,
    "latency": {
      "request_latency": {
        "mean": 1.2098510332622876,
        "min": 0.780798327177763,
        "max": 2.2525148391723633,
        "p0.1": 0.780943722482305,
        "p1": 0.7842404380114749,
        "p5": 0.8061005283845588,
        "p10": 0.8971680774353444,
        "p25": 0.9909200869733468,
        "median": 1.171165847685188,
        "p75": 1.3640886571956798,
        "p90": 1.586563117336482,
        "p95": 1.7032420290866868,
        "p99": 1.9757555992435665,
        "p99.9": 2.212747470231264
      },
      "normalized_time_per_output_token": {
        "mean": 0.0060094545756713144,
        "min": 0.0038824669030116925,
        "max": 0.011206541488419718,
        "p0.1": 0.003883818727522108,
        "p1": 0.0039038150950343824,
        "p5": 0.0040116259752012865,
        "p10": 0.004463522773310171,
        "p25": 0.004924831921704805,
        "median": 0.005796110040812505,
        "p75": 0.006782859253872146,
        "p90": 0.00788598366806965,
        "p95": 0.008472333477993626,
        "p99": 0.009830121733790347,
        "p99.9": 0.010993085424824984
      },
      "time_per_output_token": {
        "mean": 0.005356527651979886,
        "min": 1.0167239043785601e-05,
        "max": 0.00947237220991935,
        "p0.1": 1.0216453156376979e-05,
        "p1": 0.0034195721188543314,
        "p5": 0.003479789880590858,
        "p10": 0.003931789684229775,
        "p25": 0.004367088093599994,
        "median": 0.005184295118697571,
        "p75": 0.006200757357687566,
        "p90": 0.007199411102562959,
        "p95": 0.0078517908980199,
        "p99": 0.008522687163155948,
        "p99.9": 0.009196944646234662
      },
      "time_to_first_token": {
        "mean": 0.12572226338554174,
        "min": 0.06346552725881338,
        "max": 0.9721264862455428,
        "p0.1": 0.06394484454672783,
        "p1": 0.06855326229240745,
        "p5": 0.07148476580623538,
        "p10": 0.07475696159526705,
        "p25": 0.08554830367211252,
        "median": 0.09383306722156703,
        "p75": 0.10621808480937034,
        "p90": 0.16390756769105796,
        "p95": 0.37879384546540684,
        "p99": 0.8393318122206251,
        "p99.9": 0.9541679096594466
      },
      "inter_token_latency": {
        "mean": 0.005356362010258951,
        "min": 5.251727998256683e-06,
        "max": 0.8935927147977054,
        "p0.1": 5.648893304169178e-06,
        "p1": 6.225756369531154e-06,
        "p5": 8.173100650310516e-06,
        "p10": 2.6916898787021643e-05,
        "p25": 0.0036517467815428972,
        "median": 0.00475669139996171,
        "p75": 0.006134937517344952,
        "p90": 0.007594561623409391,
        "p95": 0.008787231775932014,
        "p99": 0.02401737188454719,
        "p99.9": 0.07105803216016413
      }
    },
    "throughput": {
      "input_tokens_per_sec": 174835.400782018,
      "output_tokens_per_sec": 3028.9902791434115,
      "total_tokens_per_sec": 177864.3910611614,
      "requests_per_sec": 15.042412285305558
    },
    "prompt_len": {
      "mean": 11622.83,
      "min": 11532.0,
      "max": 11721.0,
      "p0.1": 11536.186,
      "p1": 11555.99,
      "p5": 11578.0,
      "p10": 11586.9,
      "p25": 11600.75,
      "median": 11621.5,
      "p75": 11643.0,
      "p90": 11658.2,
      "p95": 11671.05,
      "p99": 11712.04,
      "p99.9": 11720.402
    },
    "output_len": {
      "mean": 201.36333333333334,
      "min": 198.0,
      "max": 208.0,
      "p0.1": 198.299,
      "p1": 199.0,
      "p5": 200.0,
      "p10": 200.0,
      "p25": 201.0,
      "median": 201.0,
      "p75": 202.0,
      "p90": 203.0,
      "p95": 203.0,
      "p99": 206.01,
      "p99.9": 207.70100000000002
    }
  },
  "failures": {
    "count": 0,
    "request_latency": null,
    "prompt_len": null
  }
}