{
  "load_summary": {
    "count": 750,
    "schedule_delay": {
      "mean": 0.0008396147874494393,
      "min": -0.0006502936594188213,
      "max": 0.006524430122226477,
      "p0.1": -0.0006487433309666813,
      "p1": -0.00032402267679572106,
      "p5": -7.412699051201344e-05,
      "p10": 8.785948157310492e-05,
      "p25": 0.0004241233691573143,
      "median": 0.0007792280521243811,
      "p75": 0.0011490605538710952,
      "p90": 0.0014676991384476423,
      "p95": 0.0017472921404987568,
      "p99": 0.005185910845175383,
      "p99.9": 0.006281239218544244
    },
    "send_duration": 30.21984025090933,
    "requested_rate": 25.0,
    "achieved_rate": 24.818132517342878
  },
  "successes": {
    "count": 750,
    "latency": {
      "request_latency": {
        "mean": 1.5336128940694034,
        "min": 0.7834544889628887,
        "max": 3.0808078488335013,
        "p0.1": 0.7896486928849481,
        "p1": 0.8436044185329229,
        "p5": 0.9751028757309541,
        "p10": 1.0523983569815756,
        "p25": 1.223938935669139,
        "median": 1.452607313869521,
        "p75": 1.776096263085492,
        "p90": 2.0842152791563424,
        "p95": 2.3751317733433095,
        "p99": 2.8170697950525203,
        "p99.9": 3.062223351561001
      },
      "normalized_time_per_output_token": {
        "mean": 0.007615109945983253,
        "min": 0.003897783527178551,
        "max": 0.015327402233002494,
        "p0.1": 0.003924608334155281,
        "p1": 0.004207442198980794,
        "p5": 0.004852724595497911,
        "p10": 0.005208371681582869,
        "p25": 0.0060768215955859725,
        "median": 0.007212850522315264,
        "p75": 0.0088215821731919,
        "p90": 0.010368143046035037,
        "p95": 0.011816575986782634,
        "p99": 0.01382920712179305,
        "p99.9": 0.015234942047567169
      },
      "time_per_output_token": {
        "mean": 0.006752928977894058,
        "min": 8.557939518186915e-06,
        "max": 0.01464612872325745,
        "p0.1": 8.562327518219238e-06,
        "p1": 0.003473352814070632,
        "p5": 0.00430404245089081,
        "p10": 0.004587979047089939,
        "p25": 0.005461463425778644,
        "median": 0.006510851076250981,
        "p75": 0.008063809051649986,
        "p90": 0.008958833386446468,
        "p95": 0.00975351286349702,
        "p99": 0.012137356050251137,
        "p99.9": 0.014361280766220017
      },
      "time_to_first_token": {
        "mean": 0.1716798612419516,
        "min": 0.06655645091086626,
        "max": 1.4226184049621224,
        "p0.1": 0.06730726783024148,
        "p1": 0.07148590015247464,
        "p5": 0.07610335662029684,
        "p10": 0.08109450959600509,
        "p25": 0.08926166535820812,
        "median": 0.09957769559696317,
        "p75": 0.11917381617240608,
        "p90": 0.3198141995817425,
        "p95": 0.7614254851825535,
        "p99": 1.0971789616951715,
        "p99.9": 1.3658377230609835
      },
      "inter_token_latency": {
        "mean": 0.006758209776417241,
        "min": 5.292240530252457e-06,
        "max": 1.3276003650389612,
        "p0.1": 5.667097866535187e-06,
        "p1": 6.166240200400352e-06,
        "p5": 7.5784046202898026e-06,
        "p10": 9.658746421337128e-06,
        "p25": 0.0036686970852315426,
        "median": 0.005632953252643347,
        "p75": 0.007411991478875279,
        "p90": 0.009097563102841377,
        "p95": 0.010432524606585503,
        "p99": 0.03622152167372408,
        "p99.9": 0.22789722380230787
      }
    },
    "throughput": {
      "input_tokens_per_sec": 272717.95270309603,
      "output_tokens_per_sec": 4725.345521168738,
      "total_tokens_per_sec": 277443.29822426476,
      "requests_per_sec": 23.463422187419248
    },
    "prompt_len": {
      "mean": 11623.110666666667,
      "min": 11520.0,
      "max": 11723.0,
      "p0.1": 11522.996,
      "p1": 11553.0,
      "p5": 11575.0,
      "p10": 11585.0,
      "p25": 11601.0,
      "median": 11622.0,
      "p75": 11643.0,
      "p90": 11663.0,
      "p95": 11675.0,
      "p99": 11706.57,
      "p99.9": 11721.502
    },
    "output_len": {
      "mean": 201.392,
      "min": 197.0,
      "max": 209.0,
      "p0.1": 197.749,
      "p1": 199.0,
      "p5": 200.0,
      "p10": 200.0,
      "p25": 201.0,
      "median": 201.0,
      "p75": 202.0,
      "p90": 203.0,
      "p95": 204.0,
      "p99": 206.0,
      "p99.9": 209.0
    }
  },
  "failures": {
    "count": 0,
    "request_latency": null,
    "prompt_len": null
  }
}