{
  "load_summary": {
    "count": 1200,
    "schedule_delay": {
      "mean": 0.0009500885475426913,
      "min": -0.0007600924000144005,
      "max": 0.04929040791466832,
      "p0.1": -0.000716270740609616,
      "p1": -0.0004160325089469552,
      "p5": -5.078283138573168e-05,
      "p10": 0.00012753857299685478,
      "p25": 0.00043472449760884047,
      "median": 0.00083176139742136,
      "p75": 0.0011911990586668253,
      "p90": 0.0015749014914035804,
      "p95": 0.0018270857399329543,
      "p99": 0.005586854266002774,
      "p99.9": 0.00658988630957907
    },
    "send_duration": 29.6450480571948,
    "requested_rate": 40.0,
    "achieved_rate": 40.47893589798928
  },
  "successes": {
    "count": 1200,
    "latency": {
      "request_latency": {
        "mean": 2.398513314339798,
        "min": 0.7855322719551623,
        "max": 5.286472924053669,
        "p0.1": 0.805654428747017,
        "p1": 1.0683125817589463,
        "p5": 1.3102531506912782,
        "p10": 1.4789870820008217,
        "p25": 1.8202909984393045,
        "median": 2.208965898724273,
        "p75": 2.8073868069332093,
        "p90": 3.664576612552628,
        "p95": 4.157567021623253,
        "p99": 4.796474691028706,
        "p99.9": 5.191537092784897
      },
      "normalized_time_per_output_token": {
        "mean": 0.011905146066596619,
        "min": 0.003903464955913991,
        "max": 0.026699358202291256,
        "p0.1": 0.0039964046855040115,
        "p1": 0.005315248314562643,
        "p5": 0.006488532179679708,
        "p10": 0.007349370376193034,
        "p25": 0.009037649044381896,
        "median": 0.010977578045424357,
        "p75": 0.013956734550751443,
        "p90": 0.018179804134409675,
        "p95": 0.02076524025512586,
        "p99": 0.02342904433916179,
        "p99.9": 0.02582854275017362
      },
      "time_per_output_token": {
        "mean": 0.010536912832245976,
        "min": 9.915584755339184e-06,
        "max": 0.02292009412172091,
        "p0.1": 1.0251302188297801e-05,
        "p1": 0.003960699728577132,
        "p5": 0.005816549337526661,
        "p10": 0.006570930728499446,
        "p25": 0.008062426943100989,
        "median": 0.009635279651207092,
        "p75": 0.012379433869896971,
        "p90": 0.016228916342732404,
        "p95": 0.01836396981622724,
        "p99": 0.021471298255936175,
        "p99.9": 0.022366058801537837
      },
      "time_to_first_token": {
        "mean": 0.29258366513919704,
        "min": 0.06917771557345986,
        "max": 1.9825276979245245,
        "p0.1": 0.07095416373899206,
        "p1": 0.080070338267833,
        "p5": 0.097285008081235,
        "p10": 0.10846686037257314,
        "p25": 0.1334526165155694,
        "median": 0.17177011095918715,
        "p75": 0.2591405340936035,
        "p90": 0.633956763753669,
        "p95": 1.14464818877168,
        "p99": 1.651601054673083,
        "p99.9": 1.9175137308030523
      },
      "inter_token_latency": {
        "mean": 0.010529776407021196,
        "min": 5.295034497976303e-06,
        "max": 1.6555638718418777,
        "p0.1": 5.5800192058086395e-06,
        "p1": 5.908310413360596e-06,
        "p5": 6.650108844041824e-06,
        "p10": 7.417332381010058e-06,
        "p25": 1.1893920600414276e-05,
        "median": 0.007101922761648893,
        "p75": 0.010872801765799522,
        "p90": 0.018560750270262365,
        "p95": 0.028755741566419597,
        "p99": 0.07099505812395365,
        "p99.9": 0.3808805558797987
      }
    },
    "throughput": {
      "input_tokens_per_sec": 440160.8394558298,
      "output_tokens_per_sec": 7629.205659152006,
      "total_tokens_per_sec": 447790.0451149818,
      "requests_per_sec": 37.87020695510369
    },
    "prompt_len": {
      "mean": 11622.879166666668,
      "min": 11510.0,
      "max": 11734.0,
      "p0.1": 11520.796,
      "p1": 11555.0,
      "p5": 11575.0,
      "p10": 11585.0,
      "p25": 11600.0,
      "median": 11623.0,
      "p75": 11644.0,
      "p90": 11662.0,
      "p95": 11674.0,
      "p99": 11706.04,
      "p99.9": 11729.408000000001
    },
    "output_len": {
      "mean": 201.45666666666668,
      "min": 197.0,
      "max": 215.0,
      "p0.1": 198.0,
      "p1": 199.0,
      "p5": 200.0,
      "p10": 200.0,
      "p25": 201.0,
      "median": 201.0,
      "p75": 202.0,
      "p90": 203.0,
      "p95": 204.0,
      "p99": 206.01,
      "p99.9": 212.60200000000032
    }
  },
  "failures": {
    "count": 0,
    "request_latency": null,
    "prompt_len": null
  }
}