{
  "load_summary": {
    "count": 15260,
    "schedule_delay": {
      "mean": 0.0021676469596986552,
      "min": -0.0008164751343429089,
      "max": 0.4673102851957083,
      "p0.1": -0.0006497575645335019,
      "p1": -0.00040788172744214533,
      "p5": -8.726906962692735e-05,
      "p10": 0.00010709124617278576,
      "p25": 0.0004308019997552037,
      "median": 0.0008229133673012257,
      "p75": 0.0012246519327163696,
      "p90": 0.001698801387101412,
      "p95": 0.004837304470129311,
      "p99": 0.031494403979741036,
      "p99.9": 0.1661513713183877
    }
  },
  "successes": {
    "count": 15214,
    "latency": {
      "request_latency": {
        "mean": 3.1368924077793436,
        "min": 0.7767784027382731,
        "max": 8.549704816192389,
        "p0.1": 0.7843377100066282,
        "p1": 0.9113708264846355,
        "p5": 1.124567666882649,
        "p10": 1.3280809281393886,
        "p25": 1.9722504258388653,
        "median": 3.0285126590169966,
        "p75": 4.059304982540198,
        "p90": 5.132914516050369,
        "p95": 5.754126956500112,
        "p99": 6.878118027821176,
        "p99.9": 7.814712531814367
      },
      "normalized_time_per_output_token": {
        "mean": 0.01557579991778609,
        "min": 0.0038699132026090185,
        "max": 0.04232527136728905,
        "p0.1": 0.003896788954788087,
        "p1": 0.004523827824023418,
        "p5": 0.005588098939050567,
        "p10": 0.006591028564225011,
        "p25": 0.009780978228245616,
        "median": 0.015031661566273117,
        "p75": 0.020154174229976334,
        "p90": 0.02547421171654257,
        "p95": 0.028568451052117364,
        "p99": 0.03418649780100665,
        "p99.9": 0.038824006403493726
      },
      "time_per_output_token": {
        "mean": 0.012950221814542941,
        "min": 7.678174879401923e-06,
        "max": 0.03763301569931022,
        "p0.1": 9.938477508258075e-06,
        "p1": 0.003469314087850925,
        "p5": 0.004750168178373448,
        "p10": 0.005787502001792268,
        "p25": 0.008576352383851588,
        "median": 0.012650763935187635,
        "p75": 0.01648950923437435,
        "p90": 0.02053024512739038,
        "p95": 0.023074466284500078,
        "p99": 0.027642803016530482,
        "p99.9": 0.03311820216075042
      },
      "time_to_first_token": {
        "mean": 0.5436751887338955,
        "min": 0.06346552725881338,
        "max": 4.382562301121652,
        "p0.1": 0.06756240791920573,
        "p1": 0.07475052300840616,
        "p5": 0.08906365183647721,
        "p10": 0.09983351393602789,
        "p25": 0.16764782927930355,
        "median": 0.3488820574712008,
        "p75": 0.6357212449656799,
        "p90": 1.0963461428880694,
        "p95": 1.964985480858012,
        "p99": 3.235952766500407,
        "p99.9": 3.9063306242660882
      },
      "inter_token_latency": {
        "mean": 0.012955092697205345,
        "min": 5.20702451467514e-06,
        "max": 3.4569026827812195,
        "p0.1": 5.516689270734787e-06,
        "p1": 5.743000656366348e-06,
        "p5": 6.097368896007538e-06,
        "p10": 6.455928087234497e-06,
        "p25": 7.655937224626541e-06,
        "median": 1.9418075680732727e-05,
        "p75": 0.009019527584314346,
        "p90": 0.03693210589699449,
        "p95": 0.062382092373445615,
        "p99": 0.1285165846487507,
        "p99.9": 0.3472244003364225
      }
    },
    "throughput": {
      "input_tokens_per_sec": 408364.3241502267,
      "output_tokens_per_sec": 7076.044911242463,
      "total_tokens_per_sec": 415440.36906146916,
      "requests_per_sec": 35.13338561912618
    },
    "prompt_len": {
      "mean": 11623.25568555278,
      "min": 11510.0,
      "max": 11756.0,
      "p0.1": 11520.0,
      "p1": 11552.0,
      "p5": 11575.0,
      "p10": 11585.0,
      "p25": 11600.0,
      "median": 11623.0,
      "p75": 11644.0,
      "p90": 11663.0,
      "p95": 11675.0,
      "p99": 11709.0,
      "p99.9": 11731.0
    },
    "output_len": {
      "mean": 201.40515314841593,
      "min": 188.0,
      "max": 215.0,
      "p0.1": 197.0,
      "p1": 199.0,
      "p5": 200.0,
      "p10": 200.0,
      "p25": 201.0,
      "median": 201.0,
      "p75": 202.0,
      "p90": 203.0,
      "p95": 204.0,
      "p99": 206.0,
      "p99.9": 211.0
    }
  },
  "failures": {
    "count": 46,
    "request_latency": {
      "mean": 0.402332708755832,
      "min": 0.0014850390143692493,
      "max": 3.1980373919941485,
      "p0.1": 0.0014855785155668854,
      "p1": 0.0014904340263456107,
      "p5": 0.0018272328888997436,
      "p10": 0.0019451326224952936,
      "p25": 0.004010253003798425,
      "median": 0.1339783368166536,
      "p75": 0.4732283581979573,
      "p90": 0.7865349350031465,
      "p95": 2.012366774259135,
      "p99": 3.1055843937909224,
      "p99.9": 3.188792092173827
    },
    "prompt_len": {
      "mean": 6069.108695652174,
      "min": 0.0,
      "max": 11687.0,
      "p0.1": 0.0,
      "p1": 0.0,
      "p5": 0.0,
      "p10": 0.0,
      "p25": 0.0,
      "median": 11570.5,
      "p75": 11637.0,
      "p90": 11651.0,
      "p95": 11658.75,
      "p99": 11683.4,
      "p99.9": 11686.64
    }
  }
}