{
  "load_summary": {
    "count": 750,
    "schedule_delay": {
      "mean": 0.00044908206537365913,
      "min": -0.0014414358884096146,
      "max": 0.00881214253604412,
      "p0.1": -0.0010434133857488632,
      "p1": -0.0007527500204741955,
      "p5": -0.0004362866282463074,
      "p10": -0.0002642636653035879,
      "p25": 6.295018829405308e-05,
      "median": 0.0004371593240648508,
      "p75": 0.0007899729534983635,
      "p90": 0.0011197486892342567,
      "p95": 0.0012953923316672445,
      "p99": 0.0016743850568309425,
      "p99.9": 0.004483272880781962
    },
    "send_duration": 31.29426662903279,
    "requested_rate": 25.0,
    "achieved_rate": 23.966051318301183
  },
  "successes": {
    "count": 516,
    "latency": {
      "request_latency": {
        "mean": 237.13238151047773,
        "min": 181.11227288702503,
        "max": 299.8190726712346,
        "p0.1": 186.15764928136952,
        "p1": 197.01281748465263,
        "p5": 210.67942387948278,
        "p10": 217.4872438639868,
        "p25": 232.9278620859841,
        "median": 241.8521489405539,
        "p75": 244.90315446385648,
        "p90": 246.12314132996835,
        "p95": 246.51973384746816,
        "p99": 247.01329973076935,
        "p99.9": 299.60074996393405
      },
      "normalized_time_per_output_token": {
        "mean": 0.2376500183235567,
        "min": 0.18093134154547955,
        "max": 0.3023225213716164,
        "p0.1": 0.18626692803549183,
        "p1": 0.1972100275121648,
        "p5": 0.2113088608882953,
        "p10": 0.21726997389009672,
        "p25": 0.23317026178006472,
        "median": 0.24222776048238498,
        "p75": 0.24530454124459602,
        "p90": 0.2465168583861187,
        "p95": 0.24722897411362885,
        "p99": 0.2519822421872066,
        "p99.9": 0.301965278424274
      },
      "time_per_output_token": {
        "mean": 0.2349697412785464,
        "min": 0.08524678449099883,
        "max": 0.2465680246478878,
        "p0.1": 0.08605943792920559,
        "p1": 0.19086034008162095,
        "p5": 0.20797336140007247,
        "p10": 0.21601820053323173,
        "p25": 0.23176259020040743,
        "median": 0.24113202636386266,
        "p75": 0.244078091342235,
        "p90": 0.2453747889120132,
        "p95": 0.245768290362088,
        "p99": 0.24627534147575497,
        "p99.9": 0.24648083316667704
      },
      "time_to_first_token": {
        "mean": 2.1311825696440314,
        "min": 0.04649237310513854,
        "max": 214.0229939352721,
        "p0.1": 0.0465720146545209,
        "p1": 0.05721641695126891,
        "p5": 0.0962738508824259,
        "p10": 0.1283085304312408,
        "p25": 0.2301252237521112,
        "median": 0.45670109800994396,
        "p75": 0.6558216962730512,
        "p90": 0.9212275850586593,
        "p95": 1.1089671975933015,
        "p99": 1.8916545410174883,
        "p99.9": 213.2604384007957
      },
      "inter_token_latency": {
        "mean": 0.2349697412785464,
        "min": 5.501788109540939e-06,
        "max": 1.8396646440960467,
        "p0.1": 6.193759851157665e-06,
        "p1": 7.520895451307297e-06,
        "p5": 2.358201891183853e-05,
        "p10": 0.08526127720251679,
        "p25": 0.21091678249649704,
        "median": 0.2385265117045492,
        "p75": 0.25226895208470523,
        "p90": 0.27992050889879466,
        "p95": 0.32159897624514994,
        "p99": 1.1025511204451324,
        "p99.9": 1.4050934080584094
      }
    },
    "throughput": {
      "input_tokens_per_sec": 11737.977725642146,
      "output_tokens_per_sec": 1552.4936483146519,
      "total_tokens_per_sec": 13290.471373956796,
      "requests_per_sec": 1.5558284278518693
    },
    "prompt_len": {
      "mean": 7544.519379844961,
      "min": 7478.0,
      "max": 7608.0,
      "p0.1": 7478.515,
      "p1": 7487.0,
      "p5": 7504.0,
      "p10": 7513.0,
      "p25": 7528.0,
      "median": 7544.0,
      "p75": 7561.0,
      "p90": 7576.5,
      "p95": 7586.0,
      "p99": 7601.0,
      "p99.9": 7607.485
    },
    "output_len": {
      "mean": 997.8565891472869,
      "min": 947.0,
      "max": 1008.0,
      "p0.1": 948.03,
      "p1": 973.45,
      "p5": 992.0,
      "p10": 994.0,
      "p25": 996.0,
      "median": 998.0,
      "p75": 1001.0,
      "p90": 1003.0,
      "p95": 1004.25,
      "p99": 1006.85,
      "p99.9": 1008.0
    }
  },
  "failures": {
    "count": 234,
    "request_latency": {
      "mean": 300.50453327152616,
      "min": 300.00294927787036,
      "max": 300.99466422898695,
      "p0.1": 300.0054335728409,
      "p1": 300.016012370307,
      "p5": 300.082255202136,
      "p10": 300.13509721723386,
      "p25": 300.3051601157058,
      "median": 300.49069601041265,
      "p75": 300.69062639796175,
      "p90": 300.88315486186184,
      "p95": 300.9399867973756,
      "p99": 300.98245878022163,
      "p99.9": 300.99326620868544
    },
    "prompt_len": {
      "mean": 0.0,
      "min": 0.0,
      "max": 0.0,
      "p0.1": 0.0,
      "p1": 0.0,
      "p5": 0.0,
      "p10": 0.0,
      "p25": 0.0,
      "median": 0.0,
      "p75": 0.0,
      "p90": 0.0,
      "p95": 0.0,
      "p99": 0.0,
      "p99.9": 0.0
    }
  }
}