{
  "load_summary": {
    "count": 1500,
    "schedule_delay": {
      "mean": 0.0004417415006707112,
      "min": -0.0014198925346136093,
      "max": 0.003719395026564598,
      "p0.1": -0.0012418204694986342,
      "p1": -0.0007458536932244897,
      "p5": -0.0004628144670277834,
      "p10": -0.0002710272092372179,
      "p25": 7.76986125856638e-05,
      "median": 0.0004510371945798397,
      "p75": 0.0008096620440483093,
      "p90": 0.00113109196536243,
      "p95": 0.0012873865431174633,
      "p99": 0.001664440375752747,
      "p99.9": 0.0028945652898402603
    },
    "send_duration": 30.25752512132749,
    "requested_rate": 50.0,
    "achieved_rate": 49.57444450546623
  },
  "successes": {
    "count": 512,
    "latency": {
      "request_latency": {
        "mean": 240.2675431340631,
        "min": 207.0336551591754,
        "max": 246.64230959722772,
        "p0.1": 209.61999387778434,
        "p1": 218.5859384136973,
        "p5": 226.3160010502441,
        "p10": 231.95667876284568,
        "p25": 238.7224071030505,
        "median": 242.68521359213628,
        "p75": 244.2292794358218,
        "p90": 244.69352534720673,
        "p95": 244.97460284077096,
        "p99": 245.9864125627745,
        "p99.9": 246.47633539898555
      },
      "normalized_time_per_output_token": {
        "mean": 0.24082633422386374,
        "min": 0.20765662503427823,
        "max": 0.2554033910757926,
        "p0.1": 0.2103598893455247,
        "p1": 0.21930291834511006,
        "p5": 0.2270549714580612,
        "p10": 0.23244264457115119,
        "p25": 0.23923921214281554,
        "median": 0.24295119460678496,
        "p75": 0.24466322566854776,
        "p90": 0.2456964021424488,
        "p95": 0.24628420970249473,
        "p99": 0.25020718739810516,
        "p99.9": 0.25522904226659826
      },
      "time_per_output_token": {
        "mean": 0.23976967699669474,
        "min": 0.20768225560550124,
        "max": 0.24582845500996336,
        "p0.1": 0.20988759952394284,
        "p1": 0.21840824879347812,
        "p5": 0.22618826955684926,
        "p10": 0.23176452339519746,
        "p25": 0.23842235426686237,
        "median": 0.2421159551930614,
        "p75": 0.24353951154381503,
        "p90": 0.2439908628119156,
        "p95": 0.2441675394938793,
        "p99": 0.24524957838483621,
        "p99.9": 0.2456967372816438
      },
      "time_to_first_token": {
        "mean": 0.4681947632225274,
        "min": 0.047519351821392775,
        "max": 1.2264867569319904,
        "p0.1": 0.04912096746219322,
        "p1": 0.06723608050029725,
        "p5": 0.09672723552212119,
        "p10": 0.12869339250028133,
        "p25": 0.23453630995936692,
        "median": 0.47200124710798264,
        "p75": 0.6666977711720392,
        "p90": 0.8449668454471976,
        "p95": 0.8973280145553871,
        "p99": 1.1029026465211063,
        "p99.9": 1.2142957762475133
      },
      "inter_token_latency": {
        "mean": 0.23976992768163283,
        "min": 5.6782737374305725e-06,
        "max": 1.633770050946623,
        "p0.1": 6.431245710700751e-06,
        "p1": 8.184928447008133e-06,
        "p5": 2.848030999302864e-05,
        "p10": 0.12894035503268242,
        "p25": 0.21839365421328694,
        "median": 0.23976224404759705,
        "p75": 0.2531098236795515,
        "p90": 0.2787284031510353,
        "p95": 0.3154692710377276,
        "p99": 1.0475479866145176,
        "p99.9": 1.3281874394137434
      }
    },
    "throughput": {
      "input_tokens_per_sec": 11671.056259692743,
      "output_tokens_per_sec": 1543.4734435183084,
      "total_tokens_per_sec": 13214.529703211052,
      "requests_per_sec": 1.547014656756039
    },
    "prompt_len": {
      "mean": 7544.244140625,
      "min": 7478.0,
      "max": 7608.0,
      "p0.1": 7478.511,
      "p1": 7487.0,
      "p5": 7503.55,
      "p10": 7512.0,
      "p25": 7528.0,
      "median": 7544.0,
      "p75": 7561.0,
      "p90": 7576.0,
      "p95": 7585.45,
      "p99": 7601.0,
      "p99.9": 7607.489
    },
    "output_len": {
      "mean": 997.7109375,
      "min": 932.0,
      "max": 1008.0,
      "p0.1": 941.709,
      "p1": 976.33,
      "p5": 992.0,
      "p10": 994.0,
      "p25": 996.0,
      "median": 998.0,
      "p75": 1000.0,
      "p90": 1003.0,
      "p95": 1004.0,
      "p99": 1006.0,
      "p99.9": 1008.0
    }
  },
  "failures": {
    "count": 988,
    "request_latency": {
      "mean": 300.5095701300269,
      "min": 300.00228429958224,
      "max": 300.9993574270047,
      "p0.1": 300.00480191790734,
      "p1": 300.01528638144026,
      "p5": 300.0692833195906,
      "p10": 300.11881861267614,
      "p25": 300.2591762561351,
      "median": 300.5016147438437,
      "p75": 300.76113217382226,
      "p90": 300.92132713333706,
      "p95": 300.9683007592568,
      "p99": 300.98622137176807,
      "p99.9": 300.99896505808084
    },
    "prompt_len": {
      "mean": 0.0,
      "min": 0.0,
      "max": 0.0,
      "p0.1": 0.0,
      "p1": 0.0,
      "p5": 0.0,
      "p10": 0.0,
      "p25": 0.0,
      "median": 0.0,
      "p75": 0.0,
      "p90": 0.0,
      "p95": 0.0,
      "p99": 0.0,
      "p99.9": 0.0
    }
  }
}