{
  "load_summary": {
    "count": 4580,
    "schedule_delay": {
      "mean": 0.0005404902355721033,
      "min": -0.0014414358884096146,
      "max": 0.04143868573009968,
      "p0.1": -0.0010598813081160187,
      "p1": -0.0006581141147762537,
      "p5": -0.0003864877391606569,
      "p10": -0.0001979549415409565,
      "p25": 0.0001394521677866578,
      "median": 0.0005212763790041208,
      "p75": 0.0008951819036155939,
      "p90": 0.001248101377859712,
      "p95": 0.0014512401539832354,
      "p99": 0.001890294086188078,
      "p99.9": 0.006831783030647822
    }
  },
  "successes": {
    "count": 2820,
    "latency": {
      "request_latency": {
        "mean": 213.05845673400793,
        "min": 13.024363500997424,
        "max": 299.8190726712346,
        "p0.1": 19.158194067620208,
        "p1": 33.801096869036556,
        "p5": 93.53526340520474,
        "p10": 121.37595197889023,
        "p25": 211.9591210342478,
        "median": 232.0703252630774,
        "p75": 243.01987469836604,
        "p90": 244.73367488882505,
        "p95": 245.4648688793881,
        "p99": 246.77471406002527,
        "p99.9": 299.3099111720603
      },
      "normalized_time_per_output_token": {
        "mean": 0.2135239340100154,
        "min": 0.013209293611559253,
        "max": 0.3023225213716164,
        "p0.1": 0.01920240736424656,
        "p1": 0.03371930838966851,
        "p5": 0.09364865717229211,
        "p10": 0.1217191864466525,
        "p25": 0.21243548362076983,
        "median": 0.23248869530294014,
        "p75": 0.2433536106577572,
        "p90": 0.24539139151410774,
        "p95": 0.24625741930315276,
        "p99": 0.25016515730280176,
        "p99.9": 0.29847201013306296
      },
      "time_per_output_token": {
        "mean": 0.21088444644907747,
        "min": 0.012517685997765511,
        "max": 0.2465680246478878,
        "p0.1": 0.01897404479431035,
        "p1": 0.033678664805558506,
        "p5": 0.09100491914823651,
        "p10": 0.10587414275817578,
        "p25": 0.21069670370256063,
        "median": 0.23117146575264633,
        "p75": 0.24218969455931802,
        "p90": 0.24386679434007966,
        "p95": 0.2445000621613115,
        "p99": 0.2457157808023924,
        "p99.9": 0.2462906583079365
      },
      "time_to_first_token": {
        "mean": 2.1427789501783088,
        "min": 0.043478287290781736,
        "max": 214.0229939352721,
        "p0.1": 0.04602121857972816,
        "p1": 0.05788173467852175,
        "p5": 0.09059750032611191,
        "p10": 0.1182813275139779,
        "p25": 0.224933891906403,
        "median": 0.4575718119740486,
        "p75": 0.7087870319373906,
        "p90": 1.0512070426251734,
        "p95": 1.488323937053792,
        "p99": 3.7050895825447503,
        "p99.9": 212.1231530561454
      },
      "inter_token_latency": {
        "mean": 0.21088471933074604,
        "min": 5.405861884355545e-06,
        "max": 1.9909704742021859,
        "p0.1": 6.041955202817917e-06,
        "p1": 7.211696356534958e-06,
        "p5": 2.0001525990664964e-05,
        "p10": 0.03748516361229122,
        "p25": 0.1418672379804775,
        "median": 0.2317683845758438,
        "p75": 0.24743144342210144,
        "p90": 0.2701242879033089,
        "p95": 0.29897630708292117,
        "p99": 1.093495932165533,
        "p99.9": 1.4610355129847428
      }
    },
    "throughput": {
      "input_tokens_per_sec": 11596.960673276557,
      "output_tokens_per_sec": 1533.8508360562485,
      "total_tokens_per_sec": 13130.811509332805,
      "requests_per_sec": 1.5371420643486373
    },
    "prompt_len": {
      "mean": 7544.495035460993,
      "min": 7478.0,
      "max": 7621.0,
      "p0.1": 7478.0,
      "p1": 7486.0,
      "p5": 7504.0,
      "p10": 7512.9,
      "p25": 7528.0,
      "median": 7544.0,
      "p75": 7561.0,
      "p90": 7577.0,
      "p95": 7587.0,
      "p99": 7602.0,
      "p99.9": 7608.0
    },
    "output_len": {
      "mean": 997.858865248227,
      "min": 888.0,
      "max": 1011.0,
      "p0.1": 931.638,
      "p1": 981.0,
      "p5": 992.0,
      "p10": 994.0,
      "p25": 996.0,
      "median": 998.0,
      "p75": 1000.0,
      "p90": 1003.0,
      "p95": 1004.0,
      "p99": 1006.0,
      "p99.9": 1008.1810000000005
    }
  },
  "failures": {
    "count": 1760,
    "request_latency": {
      "mean": 300.49634836731735,
      "min": 300.0021068411879,
      "max": 300.9993574270047,
      "p0.1": 300.0026066358178,
      "p1": 300.0123793438077,
      "p5": 300.0554524543462,
      "p10": 300.109790880559,
      "p25": 300.25784108717926,
      "median": 300.48597235651687,
      "p75": 300.7361643171171,
      "p90": 300.9020491367206,
      "p95": 300.95956363608127,
      "p99": 300.9883555702074,
      "p99.9": 300.9972664568438
    },
    "prompt_len": {
      "mean": 0.0,
      "min": 0.0,
      "max": 0.0,
      "p0.1": 0.0,
      "p1": 0.0,
      "p5": 0.0,
      "p10": 0.0,
      "p25": 0.0,
      "median": 0.0,
      "p75": 0.0,
      "p90": 0.0,
      "p95": 0.0,
      "p99": 0.0,
      "p99.9": 0.0
    }
  }
}