{
  "load_summary": {
    "count": 200,
    "schedule_delay": {
      "mean": 0.0006873628916218877,
      "min": -0.0011358833871781826,
      "max": 0.003320078831166029,
      "p0.1": -0.0010587880224920809,
      "p1": -0.0005136917997151613,
      "p5": -0.00020055826753377913,
      "p10": -3.174319863319393e-05,
      "p25": 0.0003350212937220931,
      "median": 0.000676862895488739,
      "p75": 0.001039129332639277,
      "p90": 0.001334356376901269,
      "p95": 0.001482921629212796,
      "p99": 0.0023004314024001335,
      "p99.9": 0.0031662573781795923
    },
    "send_duration": 21.915236197877675,
    "requested_rate": 10.0,
    "achieved_rate": 9.126070930477514
  },
  "successes": {
    "count": 200,
    "latency": {
      "request_latency": {
        "mean": 15.880815598398913,
        "min": 8.391546898987144,
        "max": 18.64457803266123,
        "p0.1": 8.408399993616156,
        "p1": 9.29462563035544,
        "p5": 12.440586134092882,
        "p10": 13.647750453604385,
        "p25": 15.27825235389173,
        "median": 16.51287778839469,
        "p75": 17.049293728079647,
        "p90": 17.54619888677262,
        "p95": 17.61336741654668,
        "p99": 18.18284080219455,
        "p99.9": 18.566854390213738
      },
      "normalized_time_per_output_token": {
        "mean": 0.015858755745570063,
        "min": 0.008391546898987145,
        "max": 0.018551818937971372,
        "p0.1": 0.008400008098454328,
        "p1": 0.009294203927080977,
        "p5": 0.012415754624843196,
        "p10": 0.013634116337267119,
        "p25": 0.015235849626310352,
        "median": 0.016493683202827097,
        "p75": 0.017027338630270353,
        "p90": 0.017515082228442325,
        "p95": 0.017598105690932914,
        "p99": 0.018164676126068483,
        "p99.9": 0.018488925436899575
      },
      "time_per_output_token": {
        "mean": 0.015601825168411182,
        "min": 0.008312987185592851,
        "max": 0.017507063895929605,
        "p0.1": 0.008331464197466686,
        "p1": 0.00927981433822393,
        "p5": 0.012359399283874839,
        "p10": 0.01353720583729446,
        "p25": 0.015095337051315817,
        "median": 0.016068207856966183,
        "p75": 0.016777216535061597,
        "p90": 0.017327884546116563,
        "p95": 0.017420459322212263,
        "p99": 0.017489377513891086,
        "p99.9": 0.01750357426614687
      },
      "time_to_first_token": {
        "mean": 0.2583743354282342,
        "min": 0.053440485149621964,
        "max": 2.2059697271324694,
        "p0.1": 0.053493942562956365,
        "p1": 0.054381036134436726,
        "p5": 0.06073093332815915,
        "p10": 0.07021578475832939,
        "p25": 0.08316836482845247,
        "median": 0.10480580641888082,
        "p75": 0.17008301347959787,
        "p90": 0.37260593762621264,
        "p95": 1.5768462530104437,
        "p99": 2.122483486733399,
        "p99.9": 2.1981159260096037
      },
      "inter_token_latency": {
        "mean": 0.0156034189856491,
        "min": 5.29363751411438e-06,
        "max": 2.0185904619283974,
        "p0.1": 5.8389268815517426e-06,
        "p1": 6.864368915557862e-06,
        "p5": 9.182188659906387e-06,
        "p10": 2.0020175725221637e-05,
        "p25": 0.01141401706263423,
        "median": 0.014922583941370249,
        "p75": 0.017472670879215002,
        "p90": 0.020914069376885894,
        "p95": 0.025350767374038696,
        "p99": 0.04195490371435882,
        "p99.9": 0.25959905674310224
      }
    },
    "throughput": {
      "input_tokens_per_sec": 40333.56626539545,
      "output_tokens_per_sec": 5410.002451837775,
      "total_tokens_per_sec": 45743.568717233225,
      "requests_per_sec": 5.4025199616908335
    },
    "prompt_len": {
      "mean": 7465.695,
      "min": 7399.0,
      "max": 7529.0,
      "p0.1": 7400.99,
      "p1": 7413.95,
      "p5": 7423.85,
      "p10": 7432.9,
      "p25": 7451.75,
      "median": 7466.0,
      "p75": 7482.25,
      "p90": 7496.1,
      "p95": 7503.05,
      "p99": 7521.07,
      "p99.9": 7528.801
    },
    "output_len": {
      "mean": 1001.385,
      "min": 990.0,
      "max": 1011.0,
      "p0.1": 991.592,
      "p1": 998.99,
      "p5": 999.0,
      "p10": 1000.0,
      "p25": 1001.0,
      "median": 1001.0,
      "p75": 1002.0,
      "p90": 1003.0,
      "p95": 1004.0,
      "p99": 1007.02,
      "p99.9": 1010.6020000000001
    }
  },
  "failures": {
    "count": 0,
    "request_latency": null,
    "prompt_len": null
  }
}