{
  "load_summary": {
    "count": 750,
    "schedule_delay": {
      "mean": 0.0005632417307545742,
      "min": -0.0007537771016359329,
      "max": 0.002393418923020363,
      "p0.1": -0.0007340612486004829,
      "p1": -0.0005797814670950174,
      "p5": -0.0002550168894231319,
      "p10": -9.482051245868205e-05,
      "p25": 0.00022822478786110878,
      "median": 0.0005499497056007385,
      "p75": 0.0009113805135712028,
      "p90": 0.0012054880615323782,
      "p95": 0.0013992363121360539,
      "p99": 0.001665931758470833,
      "p99.9": 0.0020949923801236213
    },
    "send_duration": 30.441666959784925,
    "requested_rate": 25.0,
    "achieved_rate": 24.637284186532565
  },
  "successes": {
    "count": 750,
    "latency": {
      "request_latency": {
        "mean": 30.391185041570417,
        "min": 16.618716467171907,
        "max": 34.72318066377193,
        "p0.1": 16.83727376087103,
        "p1": 18.265392924309708,
        "p5": 21.866887420462444,
        "p10": 25.766429935302586,
        "p25": 29.11223026877269,
        "median": 31.64962097397074,
        "p75": 32.54560634086374,
        "p90": 33.36499639400281,
        "p95": 33.65911582892295,
        "p99": 34.11492526536342,
        "p99.9": 34.70114541717945
      },
      "normalized_time_per_output_token": {
        "mean": 0.030348050438832718,
        "min": 0.016602114352819088,
        "max": 0.034688492171600326,
        "p0.1": 0.016820453307563467,
        "p1": 0.01826155137887211,
        "p5": 0.02184504237808436,
        "p10": 0.02571499993543172,
        "p25": 0.029068652532372934,
        "median": 0.03161270131414112,
        "p75": 0.032507057059103145,
        "p90": 0.03328584456291232,
        "p95": 0.033582541827472036,
        "p99": 0.034107742883609606,
        "p99.9": 0.03468197707016636
      },
      "time_per_output_token": {
        "mean": 0.029579096810282646,
        "min": 0.016581570886546295,
        "max": 0.03427613588795066,
        "p0.1": 0.016793832143968117,
        "p1": 0.018168551057149526,
        "p5": 0.02183513700028165,
        "p10": 0.025641859352595366,
        "p25": 0.028125851176937118,
        "median": 0.030725338023252183,
        "p75": 0.03182264761812985,
        "p90": 0.03268777660075575,
        "p95": 0.033041121956380086,
        "p99": 0.033736557757053524,
        "p99.9": 0.03413061984467788
      },
      "time_to_first_token": {
        "mean": 0.8030004661822071,
        "min": 0.0584251768887043,
        "max": 3.920216985978186,
        "p0.1": 0.059257434357888994,
        "p1": 0.06693640261422842,
        "p5": 0.08055839031003416,
        "p10": 0.10355828772298992,
        "p25": 0.316691446932964,
        "median": 0.5731738975737244,
        "p75": 0.9418611385626718,
        "p90": 1.961813488416374,
        "p95": 2.785577278584242,
        "p99": 3.4917266719974576,
        "p99.9": 3.8934738062275605
      },
      "inter_token_latency": {
        "mean": 0.029581672654343805,
        "min": 5.228910595178604e-06,
        "max": 2.820196082815528,
        "p0.1": 5.515292286872864e-06,
        "p1": 5.743931978940964e-06,
        "p5": 6.095971912145615e-06,
        "p10": 6.466638296842575e-06,
        "p25": 7.691793143749237e-06,
        "median": 1.2248754501342773e-05,
        "p75": 0.02847999462392181,
        "p90": 0.09418683820404115,
        "p95": 0.1446003628196195,
        "p99": 0.25239137212745844,
        "p99.9": 2.0698814851665017
      }
    },
    "throughput": {
      "input_tokens_per_sec": 95096.02960825806,
      "output_tokens_per_sec": 12753.286952020115,
      "total_tokens_per_sec": 107849.31656027817,
      "requests_per_sec": 12.735152095436213
    },
    "prompt_len": {
      "mean": 7467.208,
      "min": 7397.0,
      "max": 7552.0,
      "p0.1": 7398.498,
      "p1": 7413.49,
      "p5": 7425.45,
      "p10": 7435.0,
      "p25": 7452.0,
      "median": 7467.0,
      "p75": 7483.0,
      "p90": 7498.0,
      "p95": 7507.0,
      "p99": 7528.51,
      "p99.9": 7543.012000000001
    },
    "output_len": {
      "mean": 1001.424,
      "min": 991.0,
      "max": 1014.0,
      "p0.1": 991.749,
      "p1": 997.49,
      "p5": 999.0,
      "p10": 1000.0,
      "p25": 1001.0,
      "median": 1001.0,
      "p75": 1002.0,
      "p90": 1004.0,
      "p95": 1005.0,
      "p99": 1008.0,
      "p99.9": 1013.2510000000001
    }
  },
  "failures": {
    "count": 0,
    "request_latency": null,
    "prompt_len": null
  }
}