{
  "load_summary": {
    "count": 6260,
    "schedule_delay": {
      "mean": 0.0006073152658324272,
      "min": -0.001280035823583603,
      "max": 0.06770800007507205,
      "p0.1": -0.0009151348238810897,
      "p1": -0.0005969033809378743,
      "p5": -0.0003183831693604588,
      "p10": -0.00012714527547359465,
      "p25": 0.00019565317779779434,
      "median": 0.0005712851416319609,
      "p75": 0.0009358901297673583,
      "p90": 0.0012820550240576268,
      "p95": 0.0014811091357842085,
      "p99": 0.0019501336198300106,
      "p99.9": 0.010128125901801205
    }
  },
  "successes": {
    "count": 6255,
    "latency": {
      "request_latency": {
        "mean": 34.39917967680776,
        "min": 4.343235731124878,
        "max": 52.84689315687865,
        "p0.1": 6.2505634173033755,
        "p1": 9.698632152071221,
        "p5": 18.003070837212725,
        "p10": 21.9015198729001,
        "p25": 28.629790510050952,
        "median": 33.69718020223081,
        "p75": 41.47451493656263,
        "p90": 47.125795977376406,
        "p95": 48.88574426355771,
        "p99": 50.791936072437096,
        "p99.9": 52.630593687626565
      },
      "normalized_time_per_output_token": {
        "mean": 0.03436438620700143,
        "min": 0.004338896834290587,
        "max": 0.08425948504309395,
        "p0.1": 0.006239673089617352,
        "p1": 0.009693218264216305,
        "p5": 0.0179892618950181,
        "p10": 0.02185933543601772,
        "p25": 0.028600334424729514,
        "median": 0.03363507303563569,
        "p75": 0.04142535468747027,
        "p90": 0.04707535895125179,
        "p95": 0.048824338443748484,
        "p99": 0.050748683857600334,
        "p99.9": 0.052684496062615785
      },
      "time_per_output_token": {
        "mean": 0.03343942400063007,
        "min": 0.003566746747220631,
        "max": 0.0488882304597646,
        "p0.1": 0.005673347707744536,
        "p1": 0.009687050106784076,
        "p5": 0.017630277952608082,
        "p10": 0.021572903764527293,
        "p25": 0.027896947140572594,
        "median": 0.03295661641098559,
        "p75": 0.04016879076650366,
        "p90": 0.04573588841585442,
        "p95": 0.04722895266585983,
        "p99": 0.04829258244435303,
        "p99.9": 0.04871519835246116
      },
      "time_to_first_token": {
        "mean": 0.9630597654737526,
        "min": 0.04664077563211322,
        "max": 6.220721577759832,
        "p0.1": 0.05350871722493321,
        "p1": 0.06250504015013575,
        "p5": 0.08068755180574953,
        "p10": 0.11089850692078472,
        "p25": 0.30954517400823534,
        "median": 0.6589304408989847,
        "p75": 1.3109089077915996,
        "p90": 2.1997471900656826,
        "p95": 2.959293809905646,
        "p99": 4.3752823898848145,
        "p99.9": 5.580882374768356
      },
      "inter_token_latency": {
        "mean": 0.033439683494617144,
        "min": 5.1800161600112915e-06,
        "max": 4.928957902826369,
        "p0.1": 5.520880222320557e-06,
        "p1": 5.736015737056732e-06,
        "p5": 6.041955202817917e-06,
        "p10": 6.336718797683716e-06,
        "p25": 7.445923984050751e-06,
        "median": 1.1660624295473099e-05,
        "p75": 0.021371452137827873,
        "p90": 0.09687066888436698,
        "p95": 0.18109162971377363,
        "p99": 0.38361077459529047,
        "p99.9": 1.8763468727769
      }
    },
    "throughput": {
      "input_tokens_per_sec": 90276.74845540522,
      "output_tokens_per_sec": 12104.804569163593,
      "total_tokens_per_sec": 102381.55302456881,
      "requests_per_sec": 12.090209338034656
    },
    "prompt_len": {
      "mean": 7466.930135891287,
      "min": 7397.0,
      "max": 7552.0,
      "p0.1": 7397.0,
      "p1": 7413.0,
      "p5": 7425.0,
      "p10": 7434.0,
      "p25": 7451.0,
      "median": 7467.0,
      "p75": 7483.0,
      "p90": 7497.0,
      "p95": 7507.0,
      "p99": 7528.0,
      "p99.9": 7540.0
    },
    "output_len": {
      "mean": 1001.2071942446044,
      "min": 417.0,
      "max": 1021.0,
      "p0.1": 990.0,
      "p1": 998.0,
      "p5": 999.0,
      "p10": 1000.0,
      "p25": 1001.0,
      "median": 1001.0,
      "p75": 1002.0,
      "p90": 1003.0,
      "p95": 1004.0,
      "p99": 1008.0,
      "p99.9": 1013.746000000001
    }
  },
  "failures": {
    "count": 5,
    "request_latency": {
      "mean": 0.14081936599686742,
      "min": 0.001645746175199747,
      "max": 0.6845875270664692,
      "p0.1": 0.0016517902035266161,
      "p1": 0.0017061864584684372,
      "p5": 0.0019479475915431977,
      "p10": 0.0022501490078866483,
      "p25": 0.003156753256917,
      "median": 0.0040285526774823666,
      "p75": 0.010678250808268785,
      "p90": 0.4150238165631891,
      "p95": 0.549805671814829,
      "p99": 0.6576311560161412,
      "p99.9": 0.6818918899614367
    },
    "prompt_len": {
      "mean": 1489.4,
      "min": 0.0,
      "max": 7447.0,
      "p0.1": 0.0,
      "p1": 0.0,
      "p5": 0.0,
      "p10": 0.0,
      "p25": 0.0,
      "median": 0.0,
      "p75": 0.0,
      "p90": 4468.200000000001,
      "p95": 5957.5999999999985,
      "p99": 7149.12,
      "p99.9": 7417.212000000003
    }
  }
}