{
  "load_summary": {
    "count": 300,
    "schedule_delay": {
      "mean": 0.0007073187905674179,
      "min": -0.0018628891557455063,
      "max": 0.07090266887098551,
      "p0.1": -0.0018528279205784202,
      "p1": -0.001008081524632871,
      "p5": -0.0004420699784532189,
      "p10": -0.00021595791913568972,
      "p25": 9.143666829913855e-05,
      "median": 0.0004884228110313416,
      "p75": 0.0008370076538994908,
      "p90": 0.0011932304594665767,
      "p95": 0.0014016561210155496,
      "p99": 0.0020127147063612907,
      "p99.9": 0.05043787385849431
    },
    "send_duration": 59.898674838710576,
    "requested_rate": 5.0,
    "achieved_rate": 5.008458046990377
  },
  "successes": {
    "count": 300,
    "latency": {
      "request_latency": {
        "mean": 145.00131644276902,
        "min": 98.71412467164919,
        "max": 171.8466615830548,
        "p0.1": 99.30216421507765,
        "p1": 103.2678004285926,
        "p5": 114.87188446058425,
        "p10": 118.0331419015769,
        "p25": 123.65877104620449,
        "median": 149.28370852395892,
        "p75": 168.91118037165143,
        "p90": 171.40132130552084,
        "p95": 171.49641721348743,
        "p99": 171.74699491095262,
        "p99.9": 171.8393248961754
      },
      "normalized_time_per_output_token": {
        "mean": 0.02417075169008406,
        "min": 0.016435918193747782,
        "max": 0.028669235479097208,
        "p0.1": 0.016536331747312377,
        "p1": 0.017208460442880814,
        "p5": 0.019161599655479016,
        "p10": 0.019692543820683597,
        "p25": 0.020606268582467762,
        "median": 0.02488482327612716,
        "p75": 0.0281434481009926,
        "p90": 0.028571652581622572,
        "p95": 0.02858876650982099,
        "p99": 0.028629323974957998,
        "p99.9": 0.028666873627571005
      },
      "time_per_output_token": {
        "mean": 0.02415246332994314,
        "min": 0.016438659359235316,
        "max": 0.028612837507959336,
        "p0.1": 0.016538483463421697,
        "p1": 0.017203507150612616,
        "p5": 0.019135182661830914,
        "p10": 0.019654173678594334,
        "p25": 0.020593601815712948,
        "median": 0.024808265511842433,
        "p75": 0.028140345225045424,
        "p90": 0.028555891270335712,
        "p95": 0.028573351204420876,
        "p99": 0.02859672892120526,
        "p99.9": 0.02860982311823484
      },
      "time_to_first_token": {
        "mean": 0.09810993998777122,
        "min": 0.02569934818893671,
        "max": 0.8544123698957264,
        "p0.1": 0.025716371338814496,
        "p1": 0.027625136906281114,
        "p5": 0.03721360396593809,
        "p10": 0.04421162018552423,
        "p25": 0.06124497461132705,
        "median": 0.08702710433863103,
        "p75": 0.11901610135100782,
        "p90": 0.15525693348608913,
        "p95": 0.18743859692476697,
        "p99": 0.28149069675710026,
        "p99.9": 0.7002707514199541
      },
      "inter_token_latency": {
        "mean": 0.024151741434564063,
        "min": 5.6908465921878815e-06,
        "max": 0.19961633579805493,
        "p0.1": 0.004038426214829087,
        "p1": 0.008008994814008475,
        "p5": 0.013039008248597383,
        "p10": 0.015373095870018005,
        "p25": 0.019674292765557766,
        "median": 0.022991815116256475,
        "p75": 0.024717187974601984,
        "p90": 0.03321109293028712,
        "p95": 0.04187371488660574,
        "p99": 0.0676126193255186,
        "p99.9": 0.11488631445914523
      }
    },
    "throughput": {
      "input_tokens_per_sec": 2841.192649596744,
      "output_tokens_per_sec": 8206.523934928337,
      "total_tokens_per_sec": 11047.716584525082,
      "requests_per_sec": 1.3679683041890458
    },
    "prompt_len": {
      "mean": 2076.943333333333,
      "min": 2047.0,
      "max": 2125.0,
      "p0.1": 2047.299,
      "p1": 2050.99,
      "p5": 2055.0,
      "p10": 2058.0,
      "p25": 2066.0,
      "median": 2076.0,
      "p75": 2087.0,
      "p90": 2097.0,
      "p95": 2103.0,
      "p99": 2109.0,
      "p99.9": 2122.01
    },
    "output_len": {
      "mean": 5999.06,
      "min": 5978.0,
      "max": 6025.0,
      "p0.1": 5978.299,
      "p1": 5986.99,
      "p5": 5992.0,
      "p10": 5994.0,
      "p25": 5997.0,
      "median": 5999.5,
      "p75": 6001.0,
      "p90": 6003.0,
      "p95": 6005.0,
      "p99": 6007.08,
      "p99.9": 6022.309
    }
  },
  "failures": {
    "count": 0,
    "request_latency": null,
    "prompt_len": null
  }
}