{
  "load_summary": {
    "count": 420,
    "schedule_delay": {
      "mean": 0.0005995341432502582,
      "min": -0.0010033617727458477,
      "max": 0.09382071951404214,
      "p0.1": -0.0009904556940309704,
      "p1": -0.0008435610169544816,
      "p5": -0.0004690320463851093,
      "p10": -0.0002746169921010732,
      "p25": 5.31109981238842e-06,
      "median": 0.00038604787550866604,
      "p75": 0.000710516469553113,
      "p90": 0.0010539141949266195,
      "p95": 0.0012595381820574402,
      "p99": 0.0016049877693876627,
      "p99.9": 0.055431312390609916
    },
    "send_duration": 59.76425956888124,
    "requested_rate": 7.0,
    "achieved_rate": 7.0276115362214
  },
  "successes": {
    "count": 420,
    "latency": {
      "request_latency": {
        "mean": 172.01195520095948,
        "min": 112.47502123564482,
        "max": 196.6068511880003,
        "p0.1": 112.8471101763635,
        "p1": 115.90295687874314,
        "p5": 143.13842606821564,
        "p10": 149.53558102389798,
        "p25": 156.4202798207989,
        "median": 169.47083886153996,
        "p75": 192.9461700915126,
        "p90": 195.84436023659072,
        "p95": 196.37874562423676,
        "p99": 196.55671665109227,
        "p99.9": 196.5971671072417
      },
      "normalized_time_per_output_token": {
        "mean": 0.028678576004697875,
        "min": 0.01877399786941159,
        "max": 0.03531629464167439,
        "p0.1": 0.018825532875222626,
        "p1": 0.019325588961957057,
        "p5": 0.023849832051310273,
        "p10": 0.024927581392196325,
        "p25": 0.02607889495092882,
        "median": 0.02825453863283971,
        "p75": 0.03216714645811254,
        "p90": 0.032652476999687666,
        "p95": 0.03272119846502979,
        "p99": 0.0327638090095854,
        "p99.9": 0.03426154352090503
      },
      "time_per_output_token": {
        "mean": 0.02865143419149773,
        "min": 0.01871726348871986,
        "max": 0.0327532780785185,
        "p0.1": 0.018787923009162225,
        "p1": 0.0193094806083284,
        "p5": 0.023846255518771554,
        "p10": 0.024909680268447847,
        "p25": 0.026052522192379305,
        "median": 0.028235688697352695,
        "p75": 0.03213904281011006,
        "p90": 0.03262697619329042,
        "p95": 0.032714002861727196,
        "p99": 0.03274265014211599,
        "p99.9": 0.03275059045675244
      },
      "time_to_first_token": {
        "mean": 0.09202826640546499,
        "min": 0.025205606129020452,
        "max": 0.24692403990775347,
        "p0.1": 0.02562036777799949,
        "p1": 0.029032413098029793,
        "p5": 0.03850526206661016,
        "p10": 0.04360595070756972,
        "p25": 0.0621092562796548,
        "median": 0.08796555292792618,
        "p75": 0.1124630980193615,
        "p90": 0.14684456698596482,
        "p95": 0.17061501175630836,
        "p99": 0.205328692519106,
        "p99.9": 0.24267489099409506
      },
      "inter_token_latency": {
        "mean": 0.028651289891938284,
        "min": 6.974674761295319e-06,
        "max": 0.15495519991964102,
        "p0.1": 0.004907030093483626,
        "p1": 0.009090821431018413,
        "p5": 0.01484499911312014,
        "p10": 0.018756292620673777,
        "p25": 0.02513260138221085,
        "median": 0.028013716917485,
        "p75": 0.030076695838943124,
        "p90": 0.03715083436109126,
        "p95": 0.04525902448222041,
        "p99": 0.07005062531679865,
        "p99.9": 0.11123313396424056
      }
    },
    "throughput": {
      "input_tokens_per_sec": 3530.238189720884,
      "output_tokens_per_sec": 10197.590635523877,
      "total_tokens_per_sec": 13727.82882524476,
      "requests_per_sec": 1.7001179197294525
    },
    "prompt_len": {
      "mean": 2076.4666666666667,
      "min": 2047.0,
      "max": 2125.0,
      "p0.1": 2047.419,
      "p1": 2050.19,
      "p5": 2055.0,
      "p10": 2058.0,
      "p25": 2065.75,
      "median": 2074.5,
      "p75": 2087.0,
      "p90": 2097.0,
      "p95": 2103.0,
      "p99": 2109.0,
      "p99.9": 2123.7430000000004
    },
    "output_len": {
      "mean": 5998.166666666667,
      "min": 5551.0,
      "max": 6278.0,
      "p0.1": 5656.588,
      "p1": 5980.0,
      "p5": 5991.95,
      "p10": 5994.0,
      "p25": 5997.0,
      "median": 6000.0,
      "p75": 6001.0,
      "p90": 6003.0,
      "p95": 6005.0,
      "p99": 6009.0,
      "p99.9": 6166.546000000019
    }
  },
  "failures": {
    "count": 0,
    "request_latency": null,
    "prompt_len": null
  }
}