{
  "load_summary": {
    "count": 120,
    "schedule_delay": {
      "mean": 0.0009462112095206976,
      "min": -0.0008548782207071781,
      "max": 0.002584282774478197,
      "p0.1": -0.000851364660076797,
      "p1": -0.0007605635561048985,
      "p5": -9.599621407687662e-05,
      "p10": 0.00020498344674706463,
      "p25": 0.0005720546469092369,
      "median": 0.0009910992812365294,
      "p75": 0.0013544454704970121,
      "p90": 0.0016685307491570713,
      "p95": 0.0018936522305011748,
      "p99": 0.002213571695610881,
      "p99.9": 0.0025430565937422265
    },
    "send_duration": 59.860132415313274,
    "requested_rate": 2.0,
    "achieved_rate": 2.0046731465181638
  },
  "successes": {
    "count": 120,
    "latency": {
      "request_latency": {
        "mean": 95.05838862952466,
        "min": 45.740836828015745,
        "max": 119.28173806797713,
        "p0.1": 47.3844286843692,
        "p1": 59.751312577743086,
        "p5": 69.76472375406884,
        "p10": 74.32761874333956,
        "p25": 80.23113180545624,
        "median": 84.38443478336558,
        "p75": 115.49145275098272,
        "p90": 118.83760208482855,
        "p95": 118.96048945407384,
        "p99": 119.21443890697789,
        "p99.9": 119.27421195871104
      },
      "normalized_time_per_output_token": {
        "mean": 0.015845878087634182,
        "min": 0.007626014809605826,
        "max": 0.01993344553275019,
        "p0.1": 0.007899447465674218,
        "p1": 0.009957532267581852,
        "p5": 0.011629010266352971,
        "p10": 0.012385872145199059,
        "p25": 0.013372969676309897,
        "median": 0.014059444034831857,
        "p75": 0.01925980759320211,
        "p90": 0.01979299683882891,
        "p95": 0.019838292788920922,
        "p99": 0.019881344226525877,
        "p99.9": 0.019927291687500025
      },
      "time_per_output_token": {
        "mean": 0.015821091091341704,
        "min": 0.007595556857452417,
        "max": 0.01985353689470018,
        "p0.1": 0.007871789511536248,
        "p1": 0.009949965656186298,
        "p5": 0.011597796344023664,
        "p10": 0.012378010452111872,
        "p25": 0.013359195168615163,
        "median": 0.014042968065089857,
        "p75": 0.019227143334942715,
        "p90": 0.019755831022405378,
        "p95": 0.0198047291230876,
        "p99": 0.01982800417193289,
        "p99.9": 0.01985095398579577
      },
      "time_to_first_token": {
        "mean": 0.1082011935650371,
        "min": 0.028191907797008753,
        "max": 0.5464795078150928,
        "p0.1": 0.028281106166075914,
        "p1": 0.02975366299971938,
        "p5": 0.037339761410839854,
        "p10": 0.042177656386047604,
        "p25": 0.0560004732105881,
        "median": 0.0760290096513927,
        "p75": 0.11866969673428684,
        "p90": 0.20116149233654157,
        "p95": 0.2596861290046945,
        "p99": 0.5285423016129063,
        "p99.9": 0.5452578719425948
      },
      "inter_token_latency": {
        "mean": 0.015821094604060285,
        "min": 5.8552250266075134e-06,
        "max": 0.48073204094544053,
        "p0.1": 0.0027321671461686494,
        "p1": 0.004719642419368032,
        "p5": 0.007723700907081366,
        "p10": 0.0094022948294878,
        "p25": 0.012427725596353412,
        "median": 0.014218924567103386,
        "p75": 0.015395045513287187,
        "p90": 0.023595993313938392,
        "p95": 0.03223591670393944,
        "p99": 0.05115953744389118,
        "p99.9": 0.08150900391116747
      }
    },
    "throughput": {
      "input_tokens_per_sec": 1534.086402677718,
      "output_tokens_per_sec": 4429.637183924213,
      "total_tokens_per_sec": 5963.723586601931,
      "requests_per_sec": 0.7383846472186838
    },
    "prompt_len": {
      "mean": 2077.625,
      "min": 2051.0,
      "max": 2115.0,
      "p0.1": 2051.0,
      "p1": 2051.0,
      "p5": 2053.95,
      "p10": 2059.8,
      "p25": 2066.75,
      "median": 2076.5,
      "p75": 2088.0,
      "p90": 2097.1,
      "p95": 2103.05,
      "p99": 2109.0,
      "p99.9": 2114.286
    },
    "output_len": {
      "mean": 5999.091666666666,
      "min": 5977.0,
      "max": 6014.0,
      "p0.1": 5977.833,
      "p1": 5984.19,
      "p5": 5993.0,
      "p10": 5995.0,
      "p25": 5998.0,
      "median": 6000.0,
      "p75": 6001.0,
      "p90": 6002.0,
      "p95": 6003.05,
      "p99": 6005.81,
      "p99.9": 6013.048
    }
  },
  "failures": {
    "count": 0,
    "request_latency": null,
    "prompt_len": null
  }
}