{
  "load_summary": {
    "count": 180,
    "schedule_delay": {
      "mean": 0.0006697296501240797,
      "min": -0.0009720823727548122,
      "max": 0.002157642040401697,
      "p0.1": -0.0009133738433010876,
      "p1": -0.0005533439572900534,
      "p5": -0.000292766117490828,
      "p10": -0.00014321049675345416,
      "p25": 0.0002064249711111188,
      "median": 0.0007094673346728086,
      "p75": 0.0010859271278604865,
      "p90": 0.0015350289177149534,
      "p95": 0.001686380780301988,
      "p99": 0.0019270112225785866,
      "p99.9": 0.002142305603716525
    },
    "send_duration": 59.50127062108368,
    "requested_rate": 3.0,
    "achieved_rate": 3.0251454821238526
  },
  "successes": {
    "count": 180,
    "latency": {
      "request_latency": {
        "mean": 115.73417054248146,
        "min": 53.08249800931662,
        "max": 146.28468571603298,
        "p0.1": 54.52037304860167,
        "p1": 67.36691382248885,
        "p5": 81.91871804436668,
        "p10": 86.52988363844342,
        "p25": 93.55097422096878,
        "median": 112.72855873266235,
        "p75": 142.1114217111608,
        "p90": 144.92045550644397,
        "p95": 145.66910898289643,
        "p99": 146.13646656958852,
        "p99.9": 146.26480269857404
      },
      "normalized_time_per_output_token": {
        "mean": 0.019291537465882445,
        "min": 0.00884708300155277,
        "max": 0.024370699266125912,
        "p0.1": 0.009088553940229567,
        "p1": 0.011231475197413032,
        "p5": 0.013657002359138672,
        "p10": 0.01443391573410778,
        "p25": 0.015596378132323957,
        "median": 0.0187927971396751,
        "p75": 0.023679107261007033,
        "p90": 0.024149384353681715,
        "p95": 0.024278220464979305,
        "p99": 0.02435167639541231,
        "p99.9": 0.02436846336522991
      },
      "time_per_output_token": {
        "mean": 0.019273512290254275,
        "min": 0.008821085191797464,
        "max": 0.024360331295619594,
        "p0.1": 0.009063659521525182,
        "p1": 0.011217098533958197,
        "p5": 0.013641121216331764,
        "p10": 0.01441030176911348,
        "p25": 0.01557755460337891,
        "median": 0.018783817222587536,
        "p75": 0.023674616229002955,
        "p90": 0.024131323075918795,
        "p95": 0.024264284071889942,
        "p99": 0.024350808512951426,
        "p99.9": 0.024358628920318107
      },
      "time_to_first_token": {
        "mean": 0.08950293445959687,
        "min": 0.0286674490198493,
        "max": 0.3647852470166981,
        "p0.1": 0.028886537685990334,
        "p1": 0.030556922727264464,
        "p5": 0.03486189569812268,
        "p10": 0.039694445906206965,
        "p25": 0.05263169598765671,
        "median": 0.07261889474466443,
        "p75": 0.1168584378901869,
        "p90": 0.15122425970621406,
        "p95": 0.17930823455099013,
        "p99": 0.2947819837555296,
        "p99.9": 0.36416591405356313
      },
      "inter_token_latency": {
        "mean": 0.019272993166680182,
        "min": 6.008893251419067e-06,
        "max": 0.23227368388324976,
        "p0.1": 0.003152774623595178,
        "p1": 0.005575416376814246,
        "p5": 0.009233637945726514,
        "p10": 0.01121442811563611,
        "p25": 0.015116966562345624,
        "median": 0.01683518709614873,
        "p75": 0.01934770355001092,
        "p90": 0.030128993093967438,
        "p95": 0.03967853751964867,
        "p99": 0.0607917751185596,
        "p99.9": 0.09081900739111043
      }
    },
    "throughput": {
      "input_tokens_per_sec": 1906.4552375446015,
      "output_tokens_per_sec": 5504.978202045463,
      "total_tokens_per_sec": 7411.433439590065,
      "requests_per_sec": 0.9176238147596272
    },
    "prompt_len": {
      "mean": 2077.6,
      "min": 2051.0,
      "max": 2115.0,
      "p0.1": 2051.0,
      "p1": 2051.0,
      "p5": 2054.95,
      "p10": 2060.0,
      "p25": 2066.75,
      "median": 2077.0,
      "p75": 2087.0,
      "p90": 2097.0,
      "p95": 2103.0,
      "p99": 2109.0,
      "p99.9": 2113.9260000000004
    },
    "output_len": {
      "mean": 5999.166666666667,
      "min": 5974.0,
      "max": 6020.0,
      "p0.1": 5974.895,
      "p1": 5984.53,
      "p5": 5992.9,
      "p10": 5994.9,
      "p25": 5998.0,
      "median": 5999.0,
      "p75": 6001.0,
      "p90": 6003.0,
      "p95": 6004.0,
      "p99": 6017.42,
      "p99.9": 6019.821
    }
  },
  "failures": {
    "count": 0,
    "request_latency": null,
    "prompt_len": null
  }
}