{
  "load_summary": {
    "count": 60,
    "schedule_delay": {
      "mean": 0.001532098650932312,
      "min": -0.00024081580340862274,
      "max": 0.021918170619755983,
      "p0.1": -0.00021348347095772623,
      "p1": 3.250752110034227e-05,
      "p5": 0.0002916543744504452,
      "p10": 0.00041861883364617823,
      "p25": 0.000759607064537704,
      "median": 0.001151479547843337,
      "p75": 0.001598123461008072,
      "p90": 0.001958796987310052,
      "p95": 0.002500882628373801,
      "p99": 0.010801557633094426,
      "p99.9": 0.020806509321090016
    },
    "send_duration": 59.60595138696954,
    "requested_rate": 1.0,
    "achieved_rate": 1.0066108937758957
  },
  "successes": {
    "count": 60,
    "latency": {
      "request_latency": {
        "mean": 69.0954284992069,
        "min": 43.61079404782504,
        "max": 93.33307528309524,
        "p0.1": 43.638508827452085,
        "p1": 43.88794184409548,
        "p5": 47.50393088469282,
        "p10": 49.81523986980319,
        "p25": 54.99850608292036,
        "median": 59.94291264703497,
        "p75": 88.33555267495103,
        "p90": 92.21196866943501,
        "p95": 93.06194358419161,
        "p99": 93.22302936694119,
        "p99.9": 93.32207069147984
      },
      "normalized_time_per_output_token": {
        "mean": 0.01152698646961871,
        "min": 0.007272101725500257,
        "max": 0.01555551254718254,
        "p0.1": 0.007276940220934434,
        "p1": 0.0073204866798420275,
        "p5": 0.00791732181411547,
        "p10": 0.008308775129322453,
        "p25": 0.009170637335263269,
        "median": 0.009981062908250495,
        "p75": 0.014707317076325267,
        "p90": 0.015394330405296171,
        "p95": 0.015502960410394596,
        "p99": 0.015547870022681591,
        "p99.9": 0.015554748294732445
      },
      "time_per_output_token": {
        "mean": 0.011478505756250043,
        "min": 0.007233490691675494,
        "max": 0.015497477194682384,
        "p0.1": 0.007237852787390196,
        "p1": 0.007277111648822514,
        "p5": 0.007883690237583747,
        "p10": 0.008272747743654059,
        "p25": 0.009134252509955938,
        "median": 0.009965180266997777,
        "p75": 0.014630731256445869,
        "p90": 0.015318124851056684,
        "p95": 0.015467496314186913,
        "p99": 0.01549678595952224,
        "p99.9": 0.015497408071166369
      },
      "time_to_first_token": {
        "mean": 0.1987811669241637,
        "min": 0.04833547584712505,
        "max": 0.6498833131045103,
        "p0.1": 0.04839998239139095,
        "p1": 0.04898054128978401,
        "p5": 0.05627091941423714,
        "p10": 0.060742265451699494,
        "p25": 0.15046644455287606,
        "median": 0.16707647149451077,
        "p75": 0.23199133563321084,
        "p90": 0.3692237987648696,
        "p95": 0.4485979781020432,
        "p99": 0.5461180957406753,
        "p99.9": 0.6395067913681286
      },
      "inter_token_latency": {
        "mean": 0.011478510356813543,
        "min": 8.044764399528503e-06,
        "max": 0.5203634672798216,
        "p0.1": 0.00263290299102664,
        "p1": 0.0033581611141562462,
        "p5": 0.005418137460947037,
        "p10": 0.0062112201936543,
        "p25": 0.008771867025643587,
        "median": 0.009608977939933538,
        "p75": 0.010794149711728096,
        "p90": 0.018469466548413038,
        "p95": 0.02572604734450578,
        "p99": 0.038974722158163805,
        "p99.9": 0.13855067875981336
      }
    },
    "throughput": {
      "input_tokens_per_sec": 938.6502118897573,
      "output_tokens_per_sec": 2709.1249516540583,
      "total_tokens_per_sec": 3647.775163543816,
      "requests_per_sec": 0.4518534396131694
    },
    "prompt_len": {
      "mean": 2077.3333333333335,
      "min": 2051.0,
      "max": 2115.0,
      "p0.1": 2051.0,
      "p1": 2051.0,
      "p5": 2052.95,
      "p10": 2057.6,
      "p25": 2067.0,
      "median": 2076.5,
      "p75": 2088.25,
      "p90": 2096.1,
      "p95": 2098.15,
      "p99": 2111.46,
      "p99.9": 2114.646
    },
    "output_len": {
      "mean": 5995.583333333333,
      "min": 5821.0,
      "max": 6015.0,
      "p0.1": 5828.906,
      "p1": 5900.06,
      "p5": 5980.9,
      "p10": 5993.9,
      "p25": 5997.0,
      "median": 6000.0,
      "p75": 6001.0,
      "p90": 6003.0,
      "p95": 6008.0,
      "p99": 6013.82,
      "p99.9": 6014.882
    }
  },
  "failures": {
    "count": 0,
    "request_latency": null,
    "prompt_len": null
  }
}