{
  "load_summary": {
    "count": 2250,
    "schedule_delay": {
      "mean": 0.0039469403688692384,
      "min": -0.00075891287997365,
      "max": 0.629950163885951,
      "p0.1": -0.000625491404440254,
      "p1": -0.0004052745457738638,
      "p5": -0.0001275991089642048,
      "p10": 5.03682065755129e-05,
      "p25": 0.00038191385101526976,
      "median": 0.0007922360673546791,
      "p75": 0.0012667984701693058,
      "p90": 0.004938899213448169,
      "p95": 0.006327706761658189,
      "p99": 0.03550902130082249,
      "p99.9": 0.42658223926416206
    },
    "send_duration": 30.05884746601805,
    "requested_rate": 75.0,
    "achieved_rate": 74.85316935533395
  },
  "successes": {
    "count": 2241,
    "latency": {
      "request_latency": {
        "mean": 7.056464285939883,
        "min": 1.5125989192165434,
        "max": 16.39175783097744,
        "p0.1": 1.744056571647525,
        "p1": 2.5174920212477447,
        "p5": 3.2146575921215117,
        "p10": 3.9365263441577554,
        "p25": 5.263397559989244,
        "median": 6.565390580799431,
        "p75": 8.4789905869402,
        "p90": 10.822005816269666,
        "p95": 12.799465492833406,
        "p99": 14.825380362942804,
        "p99.9": 16.151590790376076
      },
      "normalized_time_per_output_token": {
        "mean": 0.03506813603088001,
        "min": 0.0003203423216408054,
        "max": 0.11865745616531131,
        "p0.1": 0.008502167603696015,
        "p1": 0.012460099405317164,
        "p5": 0.01590769120729437,
        "p10": 0.01940516803636035,
        "p25": 0.02613134132101765,
        "median": 0.032655479160603136,
        "p75": 0.04217659055467437,
        "p90": 0.05383033894468099,
        "p95": 0.06398179322481155,
        "p99": 0.07358929895624369,
        "p99.9": 0.08106621002901611
      },
      "time_per_output_token": {
        "mean": 0.030112874034630588,
        "min": 8.20508925244212e-06,
        "max": 0.07571957153764548,
        "p0.1": 8.704133151127167e-06,
        "p1": 0.004898332656276498,
        "p5": 0.013502862199912874,
        "p10": 0.016557154005859047,
        "p25": 0.021918258229598177,
        "median": 0.02561248348094523,
        "p75": 0.037498141719712594,
        "p90": 0.04889669271233754,
        "p95": 0.05968796271634729,
        "p99": 0.06930915543256189,
        "p99.9": 0.07401851456400045
      },
      "time_to_first_token": {
        "mean": 0.9728289689095287,
        "min": 0.08014418091624975,
        "max": 5.571723031345755,
        "p0.1": 0.08582606507465243,
        "p1": 0.10060171112418174,
        "p5": 0.1963036973029375,
        "p10": 0.30578149016946554,
        "p25": 0.4890269641764462,
        "median": 0.760969621129334,
        "p75": 1.0980400191619992,
        "p90": 1.7580464659258723,
        "p95": 3.1596762049011886,
        "p99": 4.020935174077749,
        "p99.9": 4.7706369489058895
      },
      "inter_token_latency": {
        "mean": 0.0301427984185692,
        "min": 5.1995739340782166e-06,
        "max": 4.8626731601543725,
        "p0.1": 5.526002496480942e-06,
        "p1": 5.7532452046871185e-06,
        "p5": 6.088055670261383e-06,
        "p10": 6.416346877813339e-06,
        "p25": 7.4533745646476746e-06,
        "median": 1.1141877621412277e-05,
        "p75": 0.01561632170341909,
        "p90": 0.0808200037572533,
        "p95": 0.1339491678401827,
        "p99": 0.31869993019849063,
        "p99.9": 2.964909877064648
      }
    },
    "throughput": {
      "input_tokens_per_sec": 724478.3110971425,
      "output_tokens_per_sec": 12875.358294868052,
      "total_tokens_per_sec": 737353.6693920105,
      "requests_per_sec": 62.359634013545126
    },
    "prompt_len": {
      "mean": 11617.744756804997,
      "min": 11521.0,
      "max": 11784.0,
      "p0.1": 11525.96,
      "p1": 11545.0,
      "p5": 11564.0,
      "p10": 11573.0,
      "p25": 11591.0,
      "median": 11618.0,
      "p75": 11640.0,
      "p90": 11661.0,
      "p95": 11674.0,
      "p99": 11715.0,
      "p99.9": 11772.0
    },
    "output_len": {
      "mean": 206.4694332887104,
      "min": 99.0,
      "max": 11774.0,
      "p0.1": 196.24,
      "p1": 199.0,
      "p5": 200.0,
      "p10": 200.0,
      "p25": 201.0,
      "median": 201.0,
      "p75": 202.0,
      "p90": 203.0,
      "p95": 204.0,
      "p99": 206.0,
      "p99.9": 211.0
    }
  },
  "failures": {
    "count": 9,
    "request_latency": {
      "mean": 0.9507632873331507,
      "min": 0.2888620803132653,
      "max": 1.9423778699710965,
      "p0.1": 0.28972061224654316,
      "p1": 0.2974473996460438,
      "p5": 0.3317886769771576,
      "p10": 0.37471527364104984,
      "p25": 0.6029096581041813,
      "median": 0.8316496890038252,
      "p75": 1.3180620060302317,
      "p90": 1.4646362049505115,
      "p95": 1.703507037460804,
      "p99": 1.894603703469038,
      "p99.9": 1.9376004533208913
    },
    "prompt_len": {
      "mean": 11601.888888888889,
      "min": 11555.0,
      "max": 11643.0,
      "p0.1": 11555.136,
      "p1": 11556.36,
      "p5": 11561.8,
      "p10": 11568.6,
      "p25": 11578.0,
      "median": 11605.0,
      "p75": 11630.0,
      "p90": 11637.4,
      "p95": 11640.2,
      "p99": 11642.44,
      "p99.9": 11642.944
    }
  }
}