{
  "load_summary": {
    "count": 4500,
    "schedule_delay": {
      "mean": 0.0024097238103341725,
      "min": -0.0007887585088610649,
      "max": 0.2225910103879869,
      "p0.1": -0.000747293347492814,
      "p1": -0.0004882445652037859,
      "p5": -0.0001673463499173522,
      "p10": 2.2961152717471182e-05,
      "p25": 0.00037186138797551394,
      "median": 0.0007528630085289478,
      "p75": 0.0011670483509078622,
      "p90": 0.0017211543396115302,
      "p95": 0.006211590766906738,
      "p99": 0.04248052337206906,
      "p99.9": 0.17618406126601754
    },
    "send_duration": 29.206334257964045,
    "requested_rate": 150.0,
    "achieved_rate": 154.07616581574015
  },
  "successes": {
    "count": 4314,
    "latency": {
      "request_latency": {
        "mean": 7.34184628009462,
        "min": 3.521016502287239,
        "max": 15.153145787771791,
        "p0.1": 3.6388944852310234,
        "p1": 3.941514271395281,
        "p5": 4.598158516362309,
        "p10": 5.802265625493601,
        "p25": 6.670828223694116,
        "median": 7.302814620314166,
        "p75": 8.085516856168397,
        "p90": 8.980139750894159,
        "p95": 9.517270559188907,
        "p99": 10.713310574353672,
        "p99.9": 13.834723006312377
      },
      "normalized_time_per_output_token": {
        "mean": 0.03644005212286493,
        "min": 0.0003883171674953583,
        "max": 0.07538878501379001,
        "p0.1": 0.017818353744478554,
        "p1": 0.01946757390666969,
        "p5": 0.02277092181996015,
        "p10": 0.02878205205142424,
        "p25": 0.03311836685341278,
        "median": 0.03625772634385853,
        "p75": 0.040187429776567585,
        "p90": 0.044591984619904844,
        "p95": 0.04720859100238709,
        "p99": 0.053069548413565204,
        "p99.9": 0.06818104822131675
      },
      "time_per_output_token": {
        "mean": 0.0346639166139146,
        "min": 0.007240216061472893,
        "max": 0.06445443294132533,
        "p0.1": 0.008274997405515114,
        "p1": 0.01231211487683515,
        "p5": 0.01691295900385231,
        "p10": 0.0196348590581779,
        "p25": 0.027493808907391597,
        "median": 0.036702843578844846,
        "p75": 0.041519671054262734,
        "p90": 0.045899516657005514,
        "p95": 0.04834252091795817,
        "p99": 0.05503929115338542,
        "p99.9": 0.06009397845577469
      },
      "time_to_first_token": {
        "mean": 2.3838012357290763,
        "min": 0.08044907916337252,
        "max": 8.801902157720178,
        "p0.1": 0.09093794313492254,
        "p1": 0.15631923799868674,
        "p5": 0.45743989425245674,
        "p10": 1.131135594844818,
        "p25": 1.6544605491217226,
        "median": 2.259259925223887,
        "p75": 3.0195374434115365,
        "p90": 3.8846722774207603,
        "p95": 4.364741509500891,
        "p99": 5.7178559020068445,
        "p99.9": 7.9760163172918235
      },
      "inter_token_latency": {
        "mean": 0.0332302683792958,
        "min": 5.311798304319382e-06,
        "max": 2.334027491044253,
        "p0.1": 5.607958883047104e-06,
        "p1": 5.826819688081741e-06,
        "p5": 6.129033863544464e-06,
        "p10": 6.387941539287567e-06,
        "p25": 7.075723260641098e-06,
        "median": 8.639879524707794e-06,
        "p75": 1.671118661761284e-05,
        "p90": 0.12104087467305355,
        "p95": 0.21433336487971236,
        "p99": 0.41247648391406955,
        "p99.9": 1.7750752905295482
      }
    },
    "throughput": {
      "input_tokens_per_sec": 1376846.9221872194,
      "output_tokens_per_sec": 24506.950088466583,
      "total_tokens_per_sec": 1401353.872275686,
      "requests_per_sec": 118.51860705513879
    },
    "prompt_len": {
      "mean": 11617.137227630968,
      "min": 11521.0,
      "max": 11784.0,
      "p0.1": 11525.0,
      "p1": 11545.0,
      "p5": 11563.0,
      "p10": 11572.0,
      "p25": 11590.0,
      "median": 11617.0,
      "p75": 11640.0,
      "p90": 11660.0,
      "p95": 11674.0,
      "p99": 11719.74,
      "p99.9": 11772.0
    },
    "output_len": {
      "mean": 206.77723690310617,
      "min": 190.0,
      "max": 11773.0,
      "p0.1": 198.0,
      "p1": 199.0,
      "p5": 200.0,
      "p10": 200.0,
      "p25": 201.0,
      "median": 201.0,
      "p75": 202.0,
      "p90": 203.0,
      "p95": 204.0,
      "p99": 206.0,
      "p99.9": 213.37400000000162
    }
  },
  "failures": {
    "count": 186,
    "request_latency": {
      "mean": 0.5456485075710882,
      "min": 0.0014038467779755592,
      "max": 4.6378385024145246,
      "p0.1": 0.0014047621795907617,
      "p1": 0.0014140275306999683,
      "p5": 0.0015564823988825083,
      "p10": 0.0016247695311903954,
      "p25": 0.0020211099181324244,
      "median": 0.0042352559976279736,
      "p75": 0.8561154935741797,
      "p90": 2.2442191101145,
      "p95": 2.8051475362153724,
      "p99": 3.300272827222945,
      "p99.9": 4.435111715160339
    },
    "prompt_len": {
      "mean": 3372.1182795698924,
      "min": 0.0,
      "max": 11694.0,
      "p0.1": 0.0,
      "p1": 0.0,
      "p5": 0.0,
      "p10": 0.0,
      "p25": 0.0,
      "median": 0.0,
      "p75": 11574.0,
      "p90": 11628.0,
      "p95": 11646.25,
      "p99": 11687.6,
      "p99.9": 11693.445
    }
  }
}