{
  "load_summary": {
    "count": 750,
    "schedule_delay": {
      "mean": 0.001460410642127196,
      "min": -0.00034516165032982826,
      "max": 0.02123428788036108,
      "p0.1": -0.0003103153589181602,
      "p1": -0.00014995310455560683,
      "p5": 0.00012450069189071656,
      "p10": 0.00035979878157377243,
      "p25": 0.0007392915431410074,
      "median": 0.0011882444377988577,
      "p75": 0.0016522683436051011,
      "p90": 0.0022305096965283154,
      "p95": 0.005360517348162827,
      "p99": 0.007119948961772025,
      "p99.9": 0.016491006535944167
    },
    "send_duration": 51.78534453269094,
    "requested_rate": 15.0,
    "achieved_rate": 14.482862029170079
  },
  "successes": {
    "count": 750,
    "latency": {
      "request_latency": {
        "mean": 2.2689842271525413,
        "min": 0.9936143569648266,
        "max": 6.282003237865865,
        "p0.1": 0.9957573974342085,
        "p1": 1.0368259594496338,
        "p5": 1.1801530801923945,
        "p10": 1.2968456795439125,
        "p25": 1.5949193827109411,
        "median": 2.05527345999144,
        "p75": 2.581684751668945,
        "p90": 3.4546431093011054,
        "p95": 4.360584585275498,
        "p99": 5.8149583336012425,
        "p99.9": 6.205394991388088
      },
      "normalized_time_per_output_token": {
        "mean": 0.011245822302734403,
        "min": 0.00026431561627331194,
        "max": 0.03125374745206898,
        "p0.1": 0.003750586553182894,
        "p1": 0.005124763969356546,
        "p5": 0.005860239041661636,
        "p10": 0.006412922570061114,
        "p25": 0.007922932713663794,
        "median": 0.010151360240840106,
        "p75": 0.012747871043184292,
        "p90": 0.017186135179701068,
        "p95": 0.021694450673012424,
        "p99": 0.02888489017782267,
        "p99.9": 0.030872611897453175
      },
      "time_per_output_token": {
        "mean": 0.00919416583075479,
        "min": 8.409994887188078e-05,
        "max": 0.027871663679834454,
        "p0.1": 0.00030412389774307205,
        "p1": 0.0038875855713320726,
        "p5": 0.004688809275271455,
        "p10": 0.0051838664932128626,
        "p25": 0.006587066555109162,
        "median": 0.008730253386969745,
        "p75": 0.011039762003376825,
        "p90": 0.013325596543655803,
        "p95": 0.015661025190311074,
        "p99": 0.022692094102563874,
        "p99.9": 0.02702459797900646
      },
      "time_to_first_token": {
        "mean": 0.40780937458078065,
        "min": 0.12307217018678784,
        "max": 3.2865128540433943,
        "p0.1": 0.1237493843473494,
        "p1": 0.12883756730239837,
        "p5": 0.13249300953466445,
        "p10": 0.13719156081788242,
        "p25": 0.14846556494012475,
        "median": 0.19054365647025406,
        "p75": 0.4075051383115351,
        "p90": 0.9604606609791524,
        "p95": 1.312051377724856,
        "p99": 2.7093233205610883,
        "p99.9": 3.183576468703815
      },
      "inter_token_latency": {
        "mean": 0.0091983644265499,
        "min": 5.24008646607399e-06,
        "max": 1.8895998210646212,
        "p0.1": 5.762521177530289e-06,
        "p1": 6.567221134901047e-06,
        "p5": 1.006200909614563e-05,
        "p10": 2.6366207748651505e-05,
        "p25": 0.0045748259872198105,
        "median": 0.006591788958758116,
        "p75": 0.00886011216789484,
        "p90": 0.010661569889634848,
        "p95": 0.01291256071999669,
        "p99": 0.07421865826472604,
        "p99.9": 0.34426756770350114
      }
    },
    "throughput": {
      "input_tokens_per_sec": 162902.95612334675,
      "output_tokens_per_sec": 3040.9162593135634,
      "total_tokens_per_sec": 165943.8723826603,
      "requests_per_sec": 14.023089281011648
    },
    "prompt_len": {
      "mean": 11616.766666666666,
      "min": 11521.0,
      "max": 11784.0,
      "p0.1": 11527.741,
      "p1": 11544.49,
      "p5": 11565.0,
      "p10": 11573.0,
      "p25": 11590.25,
      "median": 11617.0,
      "p75": 11638.75,
      "p90": 11659.1,
      "p95": 11672.55,
      "p99": 11709.57,
      "p99.9": 11778.757000000001
    },
    "output_len": {
      "mean": 216.85066666666665,
      "min": 198.0,
      "max": 11773.0,
      "p0.1": 198.749,
      "p1": 199.0,
      "p5": 200.0,
      "p10": 200.0,
      "p25": 201.0,
      "median": 201.0,
      "p75": 202.0,
      "p90": 203.0,
      "p95": 204.0,
      "p99": 206.0,
      "p99.9": 3113.0620000010413
    }
  },
  "failures": {
    "count": 0,
    "request_latency": null,
    "prompt_len": null
  }
}