{
  "load_summary": {
    "count": 750,
    "schedule_delay": {
      "mean": 0.0006141808132330577,
      "min": -0.0016813520342111588,
      "max": 0.03158607752993703,
      "p0.1": -0.0016310976753011346,
      "p1": -0.0009791059466078876,
      "p5": -0.0005175070837140083,
      "p10": -0.00030142217874526975,
      "p25": 4.154769703745842e-05,
      "median": 0.00042253616265952587,
      "p75": 0.0008556557586416602,
      "p90": 0.0012825260404497386,
      "p95": 0.0015201762085780498,
      "p99": 0.002709730695933102,
      "p99.9": 0.03061775040067744
    },
    "send_duration": 30.211856254842132,
    "requested_rate": 25.0,
    "achieved_rate": 24.824691130317277
  },
  "successes": {
    "count": 750,
    "latency": {
      "request_latency": {
        "mean": 37.85591052353879,
        "min": 8.747086920775473,
        "max": 56.36799416411668,
        "p0.1": 8.824053703988902,
        "p1": 10.757347357813268,
        "p5": 25.449733668379487,
        "p10": 29.421640595328064,
        "p25": 33.327528184163384,
        "median": 37.684947439003736,
        "p75": 42.04958737944253,
        "p90": 49.30306772189215,
        "p95": 51.70551115346607,
        "p99": 55.502694322918536,
        "p99.9": 56.30805576729496
      },
      "normalized_time_per_output_token": {
        "mean": 0.03781018457661053,
        "min": 0.0025613568127011302,
        "max": 0.05674190484099991,
        "p0.1": 0.0038976685646919585,
        "p1": 0.010423026875487353,
        "p5": 0.025121176968180486,
        "p10": 0.02932939196657595,
        "p25": 0.03344863743150417,
        "median": 0.037720296594661695,
        "p75": 0.04216892789233494,
        "p90": 0.0493134946496292,
        "p95": 0.051900652934546064,
        "p99": 0.055142740201625434,
        "p99.9": 0.056562583936617214
      },
      "time_per_output_token": {
        "mean": 0.037227789396204664,
        "min": 0.008656435053795576,
        "max": 0.055956507785245774,
        "p0.1": 0.008663545384293887,
        "p1": 0.010587784687820822,
        "p5": 0.023085769742142475,
        "p10": 0.028715281723160298,
        "p25": 0.03273378583905287,
        "median": 0.037230349671561275,
        "p75": 0.041220366801600905,
        "p90": 0.04886897440012544,
        "p95": 0.05114754528743215,
        "p99": 0.0541273824282689,
        "p99.9": 0.05594460282387398
      },
      "time_to_first_token": {
        "mean": 0.6249856997014334,
        "min": 0.04155274573713541,
        "max": 28.584122067317367,
        "p0.1": 0.04335164677305147,
        "p1": 0.06055345886852592,
        "p5": 0.07715876647271216,
        "p10": 0.12113275532610715,
        "p25": 0.19121963204815984,
        "median": 0.35017517511732876,
        "p75": 0.547121747978963,
        "p90": 0.8095425294712186,
        "p95": 1.0038913963129736,
        "p99": 1.7108904269896446,
        "p99.9": 27.878778306461957
      },
      "inter_token_latency": {
        "mean": 0.03722867783135138,
        "min": 5.440320819616318e-06,
        "max": 24.958953985013068,
        "p0.1": 6.123388186097145e-06,
        "p1": 1.0736929252743721e-05,
        "p5": 0.009605841105803847,
        "p10": 0.011398221459239721,
        "p25": 0.02917531388811767,
        "median": 0.03280659206211567,
        "p75": 0.03710391139611602,
        "p90": 0.042478091828525064,
        "p95": 0.04391852207481861,
        "p99": 0.3675949248857796,
        "p99.9": 0.44613156574033225
      }
    },
    "throughput": {
      "input_tokens_per_sec": 77054.04806877676,
      "output_tokens_per_sec": 10493.463095005458,
      "total_tokens_per_sec": 87547.51116378221,
      "requests_per_sec": 10.20897304612024
    },
    "prompt_len": {
      "mean": 7547.678666666667,
      "min": 7471.0,
      "max": 7631.0,
      "p0.1": 7475.494,
      "p1": 7493.98,
      "p5": 7508.0,
      "p10": 7515.0,
      "p25": 7531.0,
      "median": 7546.0,
      "p75": 7567.0,
      "p90": 7579.0,
      "p95": 7586.0,
      "p99": 7601.51,
      "p99.9": 7617.518000000002
    },
    "output_len": {
      "mean": 1027.8666666666666,
      "min": 877.0,
      "max": 8537.0,
      "p0.1": 881.494,
      "p1": 974.47,
      "p5": 992.0,
      "p10": 994.0,
      "p25": 996.25,
      "median": 998.0,
      "p75": 1001.0,
      "p90": 1003.0,
      "p95": 1004.0,
      "p99": 1007.0,
      "p99.9": 8533.255000000001
    }
  },
  "failures": {
    "count": 0,
    "request_latency": null,
    "prompt_len": null
  }
}