{
  "load_summary": {
    "count": 750,
    "schedule_delay": {
      "mean": 0.0015391038699696462,
      "min": -0.0009494288824498653,
      "max": 0.07361670630052686,
      "p0.1": -0.0008557538171298801,
      "p1": -0.0006079626269638539,
      "p5": -0.00022131791338324546,
      "p10": 3.265608102083208e-05,
      "p25": 0.000517460866831243,
      "median": 0.0012544209603220224,
      "p75": 0.0020321982447057962,
      "p90": 0.0029163953848183165,
      "p95": 0.0035797831602394576,
      "p99": 0.00473096854519099,
      "p99.9": 0.05765206844639225
    },
    "send_duration": 50.42168717412278,
    "requested_rate": 15.0,
    "achieved_rate": 14.874551845320084
  },
  "successes": {
    "count": 750,
    "latency": {
      "request_latency": {
        "mean": 38.411511183523885,
        "min": 10.053045385051519,
        "max": 50.79416051413864,
        "p0.1": 10.443388975910842,
        "p1": 11.462289413111284,
        "p5": 22.83503158176318,
        "p10": 27.05717131891288,
        "p25": 33.20569415704813,
        "median": 40.03902253112756,
        "p75": 44.92759394645691,
        "p90": 47.765763122634965,
        "p95": 49.01737218631897,
        "p99": 50.366044589197266,
        "p99.9": 50.79372279764712
      },
      "normalized_time_per_output_token": {
        "mean": 0.038418931813518985,
        "min": 0.002323748415681883,
        "max": 0.05091028847645277,
        "p0.1": 0.004052949379658632,
        "p1": 0.011047986937504646,
        "p5": 0.02273596685898391,
        "p10": 0.02703935020031555,
        "p25": 0.03316777447374275,
        "median": 0.040184265315291345,
        "p75": 0.04498033478585267,
        "p90": 0.04803421418271294,
        "p95": 0.04907169622716547,
        "p99": 0.050409432691719186,
        "p99.9": 0.05082287091618798
      },
      "time_per_output_token": {
        "mean": 0.03756634666922873,
        "min": 0.009548077289015055,
        "max": 0.05033615714870393,
        "p0.1": 0.009940507247729692,
        "p1": 0.010807116626328788,
        "p5": 0.022318176940898413,
        "p10": 0.02644978809216991,
        "p25": 0.03198122952319682,
        "median": 0.039036518953507765,
        "p75": 0.04437591804156546,
        "p90": 0.047010827685007826,
        "p95": 0.048307885408937,
        "p99": 0.04962815367031843,
        "p99.9": 0.05022544288166381
      },
      "time_to_first_token": {
        "mean": 0.8125043330242236,
        "min": 0.12771029910072684,
        "max": 9.2564675998874,
        "p0.1": 0.1357996928836219,
        "p1": 0.17372524296864866,
        "p5": 0.22755832537077367,
        "p10": 0.38744605071842675,
        "p25": 0.4591849461430684,
        "median": 0.5317717639263719,
        "p75": 0.8114808920072392,
        "p90": 1.1349589599762113,
        "p95": 1.4115108587779104,
        "p99": 7.997620675209907,
        "p99.9": 9.182437997110663
      },
      "inter_token_latency": {
        "mean": 0.03756624532912799,
        "min": 5.479902029037476e-06,
        "max": 3.827406176365912,
        "p0.1": 6.20770687237382e-06,
        "p1": 1.3830605894327164e-05,
        "p5": 0.008576813782565296,
        "p10": 0.011010186048224568,
        "p25": 0.024112294428050518,
        "median": 0.031707611633464694,
        "p75": 0.03374221234116703,
        "p90": 0.037616717210039494,
        "p95": 0.040630099689587945,
        "p99": 0.42747496469412,
        "p99.9": 0.45800620495062333
      }
    },
    "throughput": {
      "input_tokens_per_sec": 69362.39785288798,
      "output_tokens_per_sec": 9355.806395678404,
      "total_tokens_per_sec": 78718.20424856638,
      "requests_per_sec": 9.18989810194463
    },
    "prompt_len": {
      "mean": 7547.678666666667,
      "min": 7471.0,
      "max": 7631.0,
      "p0.1": 7475.494,
      "p1": 7493.98,
      "p5": 7508.0,
      "p10": 7515.0,
      "p25": 7531.0,
      "median": 7546.0,
      "p75": 7567.0,
      "p90": 7579.0,
      "p95": 7586.0,
      "p99": 7601.51,
      "p99.9": 7617.518000000002
    },
    "output_len": {
      "mean": 1018.0533333333333,
      "min": 937.0,
      "max": 8552.0,
      "p0.1": 944.49,
      "p1": 975.0,
      "p5": 992.0,
      "p10": 994.0,
      "p25": 996.0,
      "median": 999.0,
      "p75": 1001.0,
      "p90": 1003.0,
      "p95": 1004.0,
      "p99": 1006.0,
      "p99.9": 8513.801000000005
    }
  },
  "failures": {
    "count": 0,
    "request_latency": null,
    "prompt_len": null
  }
}