{
  "load_summary": {
    "count": 900,
    "schedule_delay": {
      "mean": 0.0006161567692955335,
      "min": -0.0011074715293943882,
      "max": 0.09439093712717295,
      "p0.1": -0.0010112520512193441,
      "p1": -0.0007713170861825347,
      "p5": -0.0004191878484562039,
      "p10": -0.0002878266852349043,
      "p25": 1.3484968803822994e-05,
      "median": 0.000393690075725317,
      "p75": 0.0007512394804507494,
      "p90": 0.0010920424479991199,
      "p95": 0.001309780403971672,
      "p99": 0.0016836567735299453,
      "p99.9": 0.04562046421971784
    },
    "send_duration": 30.40612875064835,
    "requested_rate": 30.0,
    "achieved_rate": 29.599295832120994
  },
  "successes": {
    "count": 900,
    "latency": {
      "request_latency": {
        "mean": 42.75631365743569,
        "min": 16.375745221972466,
        "max": 57.43026212370023,
        "p0.1": 18.631086997669655,
        "p1": 28.580616144142112,
        "p5": 31.47311966517009,
        "p10": 34.24681215174496,
        "p25": 37.85513707494829,
        "median": 42.975509950192645,
        "p75": 48.075889660045505,
        "p90": 50.96418589996174,
        "p95": 53.22318205072079,
        "p99": 57.00104373172857,
        "p99.9": 57.3504510831982
      },
      "normalized_time_per_output_token": {
        "mean": 0.042743811403461895,
        "min": 0.00513371281155593,
        "max": 0.059260948349248846,
        "p0.1": 0.0063849445241002415,
        "p1": 0.028254457944837854,
        "p5": 0.031223200524063917,
        "p10": 0.034073677762218826,
        "p25": 0.037951885173093294,
        "median": 0.042890373107164745,
        "p75": 0.04811966659769184,
        "p90": 0.05103289606779864,
        "p95": 0.05315860894897418,
        "p99": 0.057068252099596574,
        "p99.9": 0.0577423784827768
      },
      "time_per_output_token": {
        "mean": 0.04143954211028137,
        "min": 0.016298488303087652,
        "max": 0.05677382516814396,
        "p0.1": 0.016637622607458383,
        "p1": 0.018790360529376195,
        "p5": 0.02904705201908946,
        "p10": 0.03235057859076187,
        "p25": 0.036845711451955136,
        "median": 0.04149788342532702,
        "p75": 0.04725284677505278,
        "p90": 0.05054524945318699,
        "p95": 0.052511003347486256,
        "p99": 0.05602974485941231,
        "p99.9": 0.056607835186174627
      },
      "time_to_first_token": {
        "mean": 1.2926478271626143,
        "min": 0.04465679591521621,
        "max": 35.45883772103116,
        "p0.1": 0.0521118174022995,
        "p1": 0.06728162674233318,
        "p5": 0.11421106001362205,
        "p10": 0.1434799788054079,
        "p25": 0.20874404534697533,
        "median": 0.3745854189619422,
        "p75": 0.5975607483414933,
        "p90": 0.9248371084220709,
        "p95": 1.6457250162493424,
        "p99": 32.98430500781629,
        "p99.9": 35.151521278760434
      },
      "inter_token_latency": {
        "mean": 0.04143888434395511,
        "min": 5.427747964859009e-06,
        "max": 33.581567879300565,
        "p0.1": 6.094990763813257e-06,
        "p1": 9.763855487108231e-06,
        "p5": 0.010476731485687197,
        "p10": 0.016762983892112972,
        "p25": 0.031899987370707095,
        "median": 0.03704566182568669,
        "p75": 0.04159541637636721,
        "p90": 0.04441208085045219,
        "p95": 0.04692250599619001,
        "p99": 0.37100480577908446,
        "p99.9": 0.4494396820068361
      }
    },
    "throughput": {
      "input_tokens_per_sec": 84829.38617511906,
      "output_tokens_per_sec": 11404.465562562977,
      "total_tokens_per_sec": 96233.85173768202,
      "requests_per_sec": 11.239014777247693
    },
    "prompt_len": {
      "mean": 7547.76,
      "min": 7471.0,
      "max": 7631.0,
      "p0.1": 7476.394,
      "p1": 7492.99,
      "p5": 7507.0,
      "p10": 7514.9,
      "p25": 7531.0,
      "median": 7547.0,
      "p75": 7567.0,
      "p90": 7580.0,
      "p95": 7587.0,
      "p99": 7600.01,
      "p99.9": 7614.818000000002
    },
    "output_len": {
      "mean": 1014.7211111111111,
      "min": 925.0,
      "max": 8535.0,
      "p0.1": 940.283,
      "p1": 984.99,
      "p5": 992.0,
      "p10": 994.0,
      "p25": 996.0,
      "median": 998.0,
      "p75": 1000.0,
      "p90": 1003.0,
      "p95": 1004.0,
      "p99": 1007.0,
      "p99.9": 8499.939000000004
    }
  },
  "failures": {
    "count": 0,
    "request_latency": null,
    "prompt_len": null
  }
}