{
  "load_summary": {
    "count": 660,
    "schedule_delay": {
      "mean": 0.0007849865670626362,
      "min": -0.0009921696037054062,
      "max": 0.09225729526951909,
      "p0.1": -0.0008491024528630077,
      "p1": -0.000568457362242043,
      "p5": -0.0003260348690673709,
      "p10": -0.00017435373738408088,
      "p25": 8.543836884200573e-05,
      "median": 0.0004598197992891073,
      "p75": 0.0008801987860351801,
      "p90": 0.0012509838212281467,
      "p95": 0.0014512367080897091,
      "p99": 0.0033717093057930355,
      "p99.9": 0.07018388552219083
    },
    "send_duration": 28.70884071709588,
    "requested_rate": 22.0,
    "achieved_rate": 22.989434038936142
  },
  "successes": {
    "count": 660,
    "latency": {
      "request_latency": {
        "mean": 35.29821826660173,
        "min": 8.440331432968378,
        "max": 45.20550706004724,
        "p0.1": 9.095271077042446,
        "p1": 11.532139211627655,
        "p5": 26.198923206073232,
        "p10": 29.13872689101845,
        "p25": 32.123445404460654,
        "median": 36.313084488967434,
        "p75": 38.89321947772987,
        "p90": 41.559365327563135,
        "p95": 42.611308359541,
        "p99": 44.49387599053327,
        "p99.9": 45.20433732997626
      },
      "normalized_time_per_output_token": {
        "mean": 0.03526798982315418,
        "min": 0.004266308232811965,
        "max": 0.04538527314493201,
        "p0.1": 0.004280452899592293,
        "p1": 0.009961155970112876,
        "p5": 0.025235496694772645,
        "p10": 0.029026970383422536,
        "p25": 0.032136052359646436,
        "median": 0.03630364590630979,
        "p75": 0.03897843596851106,
        "p90": 0.04162673597390207,
        "p95": 0.04262820345170617,
        "p99": 0.04455570851010184,
        "p99.9": 0.04535644750307491
      },
      "time_per_output_token": {
        "mean": 0.03484184198815263,
        "min": 0.008346830032300204,
        "max": 0.04479323071660474,
        "p0.1": 0.008995566152047366,
        "p1": 0.011348718588557094,
        "p5": 0.025540102154389024,
        "p10": 0.028805922622652722,
        "p25": 0.03174679345742334,
        "median": 0.035712967923609534,
        "p75": 0.03850601681938861,
        "p90": 0.04084158953200094,
        "p95": 0.04216151345651597,
        "p99": 0.044183783260621126,
        "p99.9": 0.04479053455691645
      },
      "time_to_first_token": {
        "mean": 0.4261748255562094,
        "min": 0.055875707883387804,
        "max": 1.6534762582741678,
        "p0.1": 0.058796643059235064,
        "p1": 0.06335820352192968,
        "p5": 0.09540820678230376,
        "p10": 0.13151529706083237,
        "p25": 0.2006303471280262,
        "median": 0.4125411354470998,
        "p75": 0.5478984805522487,
        "p90": 0.7932060069404543,
        "p95": 0.9225426868768408,
        "p99": 1.2030337854241933,
        "p99.9": 1.6153650544583869
      },
      "inter_token_latency": {
        "mean": 0.03484184198815263,
        "min": 5.461275577545166e-06,
        "max": 9.280984709970653,
        "p0.1": 5.924142897129059e-06,
        "p1": 7.517165504395962e-06,
        "p5": 0.008104748302139341,
        "p10": 0.010741505678743124,
        "p25": 0.028007968794554472,
        "median": 0.032074969029054046,
        "p75": 0.03447276819497347,
        "p90": 0.03827877542935312,
        "p95": 0.04002654384821653,
        "p99": 0.3518640177370981,
        "p99.9": 0.44734092541085907
      }
    },
    "throughput": {
      "input_tokens_per_sec": 79242.81554330997,
      "output_tokens_per_sec": 10719.429224965104,
      "total_tokens_per_sec": 89962.24476827508,
      "requests_per_sec": 10.4990914734518
    },
    "prompt_len": {
      "mean": 7547.587878787879,
      "min": 7471.0,
      "max": 7613.0,
      "p0.1": 7474.954,
      "p1": 7492.59,
      "p5": 7508.0,
      "p10": 7515.9,
      "p25": 7530.0,
      "median": 7546.5,
      "p75": 7566.25,
      "p90": 7579.0,
      "p95": 7586.0,
      "p99": 7599.41,
      "p99.9": 7610.3640000000005
    },
    "output_len": {
      "mean": 1020.9863636363636,
      "min": 958.0,
      "max": 8544.0,
      "p0.1": 967.885,
      "p1": 987.59,
      "p5": 992.0,
      "p10": 994.0,
      "p25": 996.0,
      "median": 998.0,
      "p75": 1001.0,
      "p90": 1003.0,
      "p95": 1004.0,
      "p99": 1008.0,
      "p99.9": 8538.728000000001
    }
  },
  "failures": {
    "count": 0,
    "request_latency": null,
    "prompt_len": null
  }
}