{
  "load_summary": {
    "count": 600,
    "schedule_delay": {
      "mean": 0.0007034375208119551,
      "min": -0.0009554428979754448,
      "max": 0.016056956257671118,
      "p0.1": -0.0009355327952653169,
      "p1": -0.0007046443782746792,
      "p5": -0.00040068230591714375,
      "p10": -0.00018089478835463523,
      "p25": 0.0001725676702335477,
      "median": 0.0005393160972744226,
      "p75": 0.0010642538545653224,
      "p90": 0.0015684283804148437,
      "p95": 0.00214528830256313,
      "p99": 0.003600841900333762,
      "p99.9": 0.010374152150005742
    },
    "send_duration": 30.42095802584663,
    "requested_rate": 20.0,
    "achieved_rate": 19.723244727868877
  },
  "successes": {
    "count": 600,
    "latency": {
      "request_latency": {
        "mean": 34.33231641840345,
        "min": 10.192422753199935,
        "max": 47.950634432956576,
        "p0.1": 10.30233206809964,
        "p1": 11.926565828993917,
        "p5": 20.961052385414952,
        "p10": 25.44737597857602,
        "p25": 29.99410755536519,
        "median": 35.34945789608173,
        "p75": 38.912149323383346,
        "p90": 43.093610680848364,
        "p95": 46.085821784636934,
        "p99": 47.336217047991234,
        "p99.9": 47.77504606982928
      },
      "normalized_time_per_output_token": {
        "mean": 0.03424281931983832,
        "min": 0.0023284275301181136,
        "max": 0.04804852121889878,
        "p0.1": 0.003784901157782848,
        "p1": 0.011391171216481933,
        "p5": 0.020958352491894844,
        "p10": 0.02519134674510195,
        "p25": 0.029949140509445932,
        "median": 0.035416598565630036,
        "p75": 0.03882849441064376,
        "p90": 0.043143602759765275,
        "p95": 0.04620066882071048,
        "p99": 0.04749649839878925,
        "p99.9": 0.04791149852547438
      },
      "time_per_output_token": {
        "mean": 0.03383831125784511,
        "min": 0.009913501835428178,
        "max": 0.04751704137865454,
        "p0.1": 0.009952582308289595,
        "p1": 0.01174962073000148,
        "p5": 0.020576680293516256,
        "p10": 0.025062190273962913,
        "p25": 0.029505536821787245,
        "median": 0.034927308758255095,
        "p75": 0.038369734041974884,
        "p90": 0.042623279607528826,
        "p95": 0.045572567938105206,
        "p99": 0.04674764731649775,
        "p99.9": 0.047331360865904976
      },
      "time_to_first_token": {
        "mean": 0.4640634900207321,
        "min": 0.04725014790892601,
        "max": 1.5361232138238847,
        "p0.1": 0.051790540559217335,
        "p1": 0.06136759896297008,
        "p5": 0.09170745946466924,
        "p10": 0.1491938775405288,
        "p25": 0.22367548337206244,
        "median": 0.45650813612155616,
        "p75": 0.5793255261378363,
        "p90": 0.817234287923202,
        "p95": 0.9402162080630652,
        "p99": 1.345693473173305,
        "p99.9": 1.5220761669208311
      },
      "inter_token_latency": {
        "mean": 0.0338383112578451,
        "min": 5.435198545455933e-06,
        "max": 5.351762965321541,
        "p0.1": 5.994923412799835e-06,
        "p1": 8.726008236408233e-06,
        "p5": 0.008145973971113562,
        "p10": 0.010604101466014981,
        "p25": 0.022486032568849623,
        "median": 0.03134232759475708,
        "p75": 0.03331521910149604,
        "p90": 0.038665467966347934,
        "p95": 0.04136564000509679,
        "p99": 0.379357595150359,
        "p99.9": 0.43902118560299613
      }
    },
    "throughput": {
      "input_tokens_per_sec": 69559.4483952107,
      "output_tokens_per_sec": 9544.932099468946,
      "total_tokens_per_sec": 79104.38049467964,
      "requests_per_sec": 9.216101594574527
    },
    "prompt_len": {
      "mean": 7547.6,
      "min": 7471.0,
      "max": 7609.0,
      "p0.1": 7474.594,
      "p1": 7492.99,
      "p5": 7508.0,
      "p10": 7514.9,
      "p25": 7531.0,
      "median": 7547.0,
      "p75": 7566.25,
      "p90": 7579.0,
      "p95": 7585.05,
      "p99": 7599.0,
      "p99.9": 7607.203
    },
    "output_len": {
      "mean": 1035.68,
      "min": 959.0,
      "max": 8541.0,
      "p0.1": 963.792,
      "p1": 982.97,
      "p5": 993.0,
      "p10": 994.0,
      "p25": 996.0,
      "median": 998.0,
      "p75": 1001.0,
      "p90": 1002.1,
      "p95": 1004.0,
      "p99": 1007.0,
      "p99.9": 8537.406
    }
  },
  "failures": {
    "count": 0,
    "request_latency": null,
    "prompt_len": null
  }
}