{
  "load_summary": {
    "count": 120,
    "schedule_delay": {
      "mean": 0.0010127411573193968,
      "min": -0.00030633900314569473,
      "max": 0.008974096272140741,
      "p0.1": -0.00029399189027026296,
      "p1": -0.00017177727539092303,
      "p5": 1.9596307538449768e-05,
      "p10": 0.00025948663242161276,
      "p25": 0.000635137315839529,
      "median": 0.0009731042664498091,
      "p75": 0.0013564478140324354,
      "p90": 0.0016034896951168777,
      "p95": 0.0018726017791777848,
      "p99": 0.001957791820168495,
      "p99.9": 0.008139811258297516
    },
    "send_duration": 36.00170537317172,
    "requested_rate": 3.0,
    "achieved_rate": 3.3331754358898613
  },
  "successes": {
    "count": 85,
    "latency": {
      "request_latency": {
        "mean": 12.504607996558223,
        "min": 1.531047176104039,
        "max": 53.79874533275142,
        "p0.1": 1.5360305311232805,
        "p1": 1.5808807262964546,
        "p5": 1.7209801150485873,
        "p10": 2.1335446795448663,
        "p25": 2.7224162467755377,
        "median": 9.396489150822163,
        "p75": 17.787269666790962,
        "p90": 18.75095136454329,
        "p95": 53.249503545183686,
        "p99": 53.60569671619683,
        "p99.9": 53.77944047109597
      },
      "normalized_time_per_output_token": {
        "mean": 0.062302199125255156,
        "min": 0.00761715012987084,
        "max": 0.2684354736521166,
        "p0.1": 0.007645266108021594,
        "p1": 0.007898309911378376,
        "p5": 0.008579461357721295,
        "p10": 0.01048351378374489,
        "p25": 0.01368048365213838,
        "median": 0.046941722366472136,
        "p75": 0.08883732847170904,
        "p90": 0.09446203367965395,
        "p95": 0.262571091021522,
        "p99": 0.2668008714649,
        "p99.9": 0.26827201343339496
      },
      "time_per_output_token": {
        "mean": 0.028390677413483906,
        "min": 0.006744471235884044,
        "max": 0.2681206508586183,
        "p0.1": 0.006749668126886748,
        "p1": 0.006796440145911078,
        "p5": 0.0073367937519215045,
        "p10": 0.007697179511189461,
        "p25": 0.0089137323317118,
        "median": 0.010517423634883016,
        "p75": 0.012105765426531434,
        "p90": 0.014359200426377363,
        "p95": 0.26543250371841715,
        "p99": 0.2670932090553455,
        "p99.9": 0.26801790667829106
      },
      "time_to_first_token": {
        "mean": 6.807835806511781,
        "min": 0.0700745191425085,
        "max": 16.92692277673632,
        "p0.1": 0.07013309811800718,
        "p1": 0.07066030889749526,
        "p5": 0.1367042286321521,
        "p10": 0.15741808339953423,
        "p25": 0.368354182690382,
        "median": 3.4094125269912183,
        "p75": 15.610536521300673,
        "p90": 15.927507544774562,
        "p95": 16.099166253209113,
        "p99": 16.730971429385242,
        "p99.9": 16.907327642001214
      },
      "inter_token_latency": {
        "mean": 0.028391950794634416,
        "min": 5.471985787153244e-06,
        "max": 52.774274736177176,
        "p0.1": 5.73506485670805e-06,
        "p1": 6.0702767223119734e-06,
        "p5": 8.720578625798228e-06,
        "p10": 1.5082210302352907e-05,
        "p25": 0.0063779763877391815,
        "median": 0.007828844245523214,
        "p75": 0.009193888399749994,
        "p90": 0.011863112635910512,
        "p95": 0.013181687332689762,
        "p99": 0.10913000865839423,
        "p99.9": 0.44871610932704575
      }
    },
    "throughput": {
      "input_tokens_per_sec": 4096.111289112628,
      "output_tokens_per_sec": 312.89049989816954,
      "total_tokens_per_sec": 4409.001789010797,
      "requests_per_sec": 1.5617882724378653
    },
    "prompt_len": {
      "mean": 2622.705882352941,
      "min": 2596.0,
      "max": 2655.0,
      "p0.1": 2596.42,
      "p1": 2600.2,
      "p5": 2602.0,
      "p10": 2606.0,
      "p25": 2611.0,
      "median": 2623.0,
      "p75": 2631.0,
      "p90": 2638.6,
      "p95": 2643.8,
      "p99": 2655.0,
      "p99.9": 2655.0
    },
    "output_len": {
      "mean": 200.34117647058824,
      "min": 197.0,
      "max": 206.0,
      "p0.1": 197.0,
      "p1": 197.0,
      "p5": 197.2,
      "p10": 198.0,
      "p25": 200.0,
      "median": 200.0,
      "p75": 201.0,
      "p90": 202.0,
      "p95": 203.0,
      "p99": 205.16,
      "p99.9": 205.916
    }
  },
  "failures": {
    "count": 35,
    "request_latency": {
      "mean": 30.469440512878023,
      "min": 30.034962095785886,
      "max": 30.955520278774202,
      "p0.1": 30.03517390759848,
      "p1": 30.037080213911832,
      "p5": 30.12952902126126,
      "p10": 30.268852146714927,
      "p25": 30.26998443179764,
      "median": 30.430588182993233,
      "p75": 30.62248765840195,
      "p90": 30.930067350063474,
      "p95": 30.950042426679282,
      "p99": 30.954274596050382,
      "p99.9": 30.95539571050182
    },
    "prompt_len": {
      "mean": 0.0,
      "min": 0.0,
      "max": 0.0,
      "p0.1": 0.0,
      "p1": 0.0,
      "p5": 0.0,
      "p10": 0.0,
      "p25": 0.0,
      "median": 0.0,
      "p75": 0.0,
      "p90": 0.0,
      "p95": 0.0,
      "p99": 0.0,
      "p99.9": 0.0
    }
  }
}