{
  "load_summary": {
    "count": 150,
    "schedule_delay": {
      "mean": 0.0007841366995126009,
      "min": -0.00045582931488752365,
      "max": 0.002372510265558958,
      "p0.1": -0.0004527005339041352,
      "p1": -0.0004102037334814668,
      "p5": -0.0001536016119644046,
      "p10": 5.748574621975422e-05,
      "p25": 0.0003413897939026356,
      "median": 0.0007583172991871834,
      "p75": 0.0011872310424223542,
      "p90": 0.0014774242881685495,
      "p95": 0.0016742559615522622,
      "p99": 0.0020459621353074893,
      "p99.9": 0.0023362527214922076
    },
    "send_duration": 30.29666074598208,
    "requested_rate": 5.0,
    "achieved_rate": 4.951040685891196
  },
  "successes": {
    "count": 140,
    "latency": {
      "request_latency": {
        "mean": 1.538000453280152,
        "min": 1.4099909700453281,
        "max": 1.7924266620539129,
        "p0.1": 1.4104405156499706,
        "p1": 1.414846249278635,
        "p5": 1.4318837047554553,
        "p10": 1.440008857799694,
        "p25": 1.4791807243600488,
        "median": 1.5215619264636189,
        "p75": 1.5839794041821733,
        "p90": 1.6471329149324447,
        "p95": 1.70798395734746,
        "p99": 1.751943888296373,
        "p99.9": 1.7878045191806746
      },
      "normalized_time_per_output_token": {
        "mean": 0.007679919171203332,
        "min": 0.007049954850226641,
        "max": 0.008743544692945917,
        "p0.1": 0.007053803805762104,
        "p1": 0.0070812582160512515,
        "p5": 0.007111086532631308,
        "p10": 0.007211182018509134,
        "p25": 0.00738817075309205,
        "median": 0.007606845988193526,
        "p75": 0.007868416799676639,
        "p90": 0.00824780003911811,
        "p95": 0.008542067956810596,
        "p99": 0.008722845083005824,
        "p99.9": 0.008742415278636612
      },
      "time_per_output_token": {
        "mean": 0.007190224734640184,
        "min": 0.006652057198807597,
        "max": 0.008340938175097108,
        "p0.1": 0.0066523891016189015,
        "p1": 0.006659195493767038,
        "p5": 0.006733593773795291,
        "p10": 0.006807483352022246,
        "p25": 0.006954809399321676,
        "median": 0.007146207671612502,
        "p75": 0.007354772707913071,
        "p90": 0.007601874881889671,
        "p95": 0.007876948309713043,
        "p99": 0.008164623910817317,
        "p99.9": 0.008318268679864708
      },
      "time_to_first_token": {
        "mean": 0.08411291266591954,
        "min": 0.04332378786057234,
        "max": 0.33360389806330204,
        "p0.1": 0.04359902231907472,
        "p1": 0.0454644506983459,
        "p5": 0.04851156328804791,
        "p10": 0.05038550943136215,
        "p25": 0.05596743302885443,
        "median": 0.06837727222591639,
        "p75": 0.0776627225568518,
        "p90": 0.1494917173869908,
        "p95": 0.22253463447559607,
        "p99": 0.3100165225006636,
        "p99.9": 0.3318574546542952
      },
      "inter_token_latency": {
        "mean": 0.007190185032745409,
        "min": 5.573965609073639e-06,
        "max": 0.36670303205028176,
        "p0.1": 5.788080394268036e-06,
        "p1": 6.372928619384766e-06,
        "p5": 1.4327373355627061e-05,
        "p10": 0.003944773320108653,
        "p25": 0.006557364948093891,
        "median": 0.007001638878136873,
        "p75": 0.007489288225769997,
        "p90": 0.00837530242279172,
        "p95": 0.009637514129281042,
        "p99": 0.014776148311793781,
        "p99.9": 0.2519733677804529
      }
    },
    "throughput": {
      "input_tokens_per_sec": 11552.687466716237,
      "output_tokens_per_sec": 882.0113308330674,
      "total_tokens_per_sec": 12434.698797549305,
      "requests_per_sec": 4.404079688873295
    },
    "prompt_len": {
      "mean": 2623.1785714285716,
      "min": 2593.0,
      "max": 2655.0,
      "p0.1": 2593.417,
      "p1": 2597.95,
      "p5": 2602.95,
      "p10": 2606.0,
      "p25": 2612.75,
      "median": 2623.0,
      "p75": 2632.0,
      "p90": 2640.0,
      "p95": 2644.1,
      "p99": 2653.44,
      "p99.9": 2655.0
    },
    "output_len": {
      "mean": 200.27142857142857,
      "min": 188.0,
      "max": 207.0,
      "p0.1": 189.112,
      "p1": 196.0,
      "p5": 198.0,
      "p10": 198.0,
      "p25": 199.0,
      "median": 200.0,
      "p75": 201.0,
      "p90": 202.0,
      "p95": 203.04999999999998,
      "p99": 204.60999999999999,
      "p99.9": 206.72200000000004
    }
  },
  "failures": {
    "count": 10,
    "request_latency": {
      "mean": 0.006519569084048271,
      "min": 0.005247327033430338,
      "max": 0.014743023086339235,
      "p0.1": 0.005248835046775639,
      "p1": 0.005262407166883349,
      "p5": 0.005322727700695395,
      "p10": 0.005398128367960453,
      "p25": 0.0055158090544864535,
      "median": 0.005642187548801303,
      "p75": 0.0057835637126117945,
      "p90": 0.00681857485324144,
      "p95": 0.010780798969790329,
      "p99": 0.013950578263029458,
      "p99.9": 0.01466377860400827
    },
    "prompt_len": {
      "mean": 0.0,
      "min": 0.0,
      "max": 0.0,
      "p0.1": 0.0,
      "p1": 0.0,
      "p5": 0.0,
      "p10": 0.0,
      "p25": 0.0,
      "median": 0.0,
      "p75": 0.0,
      "p90": 0.0,
      "p95": 0.0,
      "p99": 0.0,
      "p99.9": 0.0
    }
  }
}