{
  "load_summary": {
    "count": 1020,
    "schedule_delay": {
      "mean": 0.0005841186420772882,
      "min": -0.001077733002603054,
      "max": 0.008974096272140741,
      "p0.1": -0.0009225034448318184,
      "p1": -0.0006926175113767386,
      "p5": -0.0003056679153814912,
      "p10": -0.0001339359674602747,
      "p25": 0.0001742766471579671,
      "median": 0.0005757114849984646,
      "p75": 0.0009695534827187657,
      "p90": 0.0013293847907334567,
      "p95": 0.0015004972461611032,
      "p99": 0.0019132780097424983,
      "p99.9": 0.002367886820342418
    }
  },
  "successes": {
    "count": 974,
    "latency": {
      "request_latency": {
        "mean": 2.5659540364211826,
        "min": 1.4099909700453281,
        "max": 53.79874533275142,
        "p0.1": 1.4131377892778254,
        "p1": 1.4358392353123053,
        "p5": 1.4761539051076398,
        "p10": 1.5005855818744749,
        "p25": 1.5492127549368888,
        "median": 1.6136359451338649,
        "p75": 1.6930546440416947,
        "p90": 1.8517151362728328,
        "p95": 5.7106988359941155,
        "p99": 18.391774780042464,
        "p99.9": 53.57513068524239
      },
      "normalized_time_per_output_token": {
        "mean": 0.012806528427564976,
        "min": 0.007049954850226641,
        "max": 0.2684354736521166,
        "p0.1": 0.007076897538974881,
        "p1": 0.007143493935457714,
        "p5": 0.007353495261446568,
        "p10": 0.0075069822225248845,
        "p25": 0.007745634500616095,
        "median": 0.00808216717594595,
        "p75": 0.00847985323416835,
        "p90": 0.009318502876271735,
        "p95": 0.028627616744295422,
        "p99": 0.09275996943253638,
        "p99.9": 0.2665420594519244
      },
      "time_per_output_token": {
        "mean": 0.009448954799605743,
        "min": 0.005505851658526808,
        "max": 0.2681206508586183,
        "p0.1": 0.005774596293538344,
        "p1": 0.006689789653336629,
        "p5": 0.006946142250322736,
        "p10": 0.007090341019909829,
        "p25": 0.007349907694151625,
        "median": 0.007667378792539239,
        "p75": 0.007984200264909305,
        "p90": 0.008583004874642938,
        "p95": 0.010113736907136626,
        "p99": 0.013676598167303015,
        "p99.9": 0.2669305307698275
      },
      "time_to_first_token": {
        "mean": 0.6629749633672072,
        "min": 0.03752377862110734,
        "max": 16.92692277673632,
        "p0.1": 0.03993768200511113,
        "p1": 0.04355008029844612,
        "p5": 0.0482008870691061,
        "p10": 0.050512605952098964,
        "p25": 0.0542009633500129,
        "median": 0.06005282234400511,
        "p75": 0.07468045735731721,
        "p90": 0.2521338973660022,
        "p95": 1.236627936223506,
        "p99": 15.901648057741113,
        "p99.9": 16.69994579938803
      },
      "inter_token_latency": {
        "mean": 0.009449441331384844,
        "min": 5.4319389164447784e-06,
        "max": 52.774274736177176,
        "p0.1": 5.773149896413088e-06,
        "p1": 6.3730403780937195e-06,
        "p5": 1.33950961753726e-05,
        "p10": 0.004336398560553789,
        "p25": 0.00675865332596004,
        "median": 0.007470437791198492,
        "p75": 0.00820786610711366,
        "p90": 0.009418816771358252,
        "p95": 0.01068671781104058,
        "p99": 0.01569472113624214,
        "p99.9": 0.2630772189935744
      }
    },
    "throughput": {
      "input_tokens_per_sec": 16195.435502249737,
      "output_tokens_per_sec": 1235.9913059072037,
      "total_tokens_per_sec": 17431.42680815694,
      "requests_per_sec": 6.175486593141599
    },
    "prompt_len": {
      "mean": 2622.5359342915813,
      "min": 2592.0,
      "max": 2655.0,
      "p0.1": 2592.0,
      "p1": 2593.0,
      "p5": 2601.0,
      "p10": 2605.0,
      "p25": 2612.0,
      "median": 2622.0,
      "p75": 2632.0,
      "p90": 2640.0,
      "p95": 2646.0,
      "p99": 2652.08,
      "p99.9": 2655.0
    },
    "output_len": {
      "mean": 200.1447638603696,
      "min": 188.0,
      "max": 207.0,
      "p0.1": 193.838,
      "p1": 196.0,
      "p5": 198.0,
      "p10": 198.0,
      "p25": 199.0,
      "median": 200.0,
      "p75": 201.0,
      "p90": 202.0,
      "p95": 203.0,
      "p99": 205.0,
      "p99.9": 206.02700000000016
    }
  },
  "failures": {
    "count": 46,
    "request_latency": {
      "mean": 23.186791895554684,
      "min": 0.005247327033430338,
      "max": 30.955520278774202,
      "p0.1": 0.005254867100156844,
      "p1": 0.005322727700695395,
      "p5": 0.0055158090544864535,
      "p10": 0.005642187548801303,
      "p25": 30.036519535584375,
      "median": 30.271659763064235,
      "p75": 30.51335912325885,
      "p90": 30.910856447648257,
      "p95": 30.946908301557414,
      "p99": 30.953871581051498,
      "p99.9": 30.955355409001932
    },
    "prompt_len": {
      "mean": 57.15217391304348,
      "min": 0.0,
      "max": 2629.0,
      "p0.1": 0.0,
      "p1": 0.0,
      "p5": 0.0,
      "p10": 0.0,
      "p25": 0.0,
      "median": 0.0,
      "p75": 0.0,
      "p90": 0.0,
      "p95": 0.0,
      "p99": 1445.9499999999925,
      "p99.9": 2510.6950000000143
    }
  }
}