{
  "load_summary": {
    "count": 540,
    "schedule_delay": {
      "mean": 0.0003245497510458032,
      "min": -0.0009633204899728298,
      "max": 0.00250155758112669,
      "p0.1": -0.0009527678061276674,
      "p1": -0.0008338095154613257,
      "p5": -0.0005514173535630107,
      "p10": -0.0003400483168661594,
      "p25": -3.395695239305496e-05,
      "median": 0.0003255938645452261,
      "p75": 0.0006434705574065447,
      "p90": 0.0010170500259846452,
      "p95": 0.001156766433268785,
      "p99": 0.0015310074761509904,
      "p99.9": 0.0023894146084785487
    },
    "send_duration": 30.845288115087897,
    "requested_rate": 18.0,
    "achieved_rate": 17.506725759383013
  },
  "successes": {
    "count": 540,
    "latency": {
      "request_latency": {
        "mean": 138.7270367361838,
        "min": 93.73696153610945,
        "max": 161.6173778232187,
        "p0.1": 95.0838203862724,
        "p1": 99.58531259568873,
        "p5": 106.58171508535743,
        "p10": 113.67402163846418,
        "p25": 131.80876484361943,
        "median": 141.71429162076674,
        "p75": 151.65773132967297,
        "p90": 153.84604317718185,
        "p95": 154.76277002100832,
        "p99": 159.82807123647072,
        "p99.9": 161.4558178587188
      },
      "normalized_time_per_output_token": {
        "mean": 0.03480443453421755,
        "min": 0.02112107678169774,
        "max": 0.040525922222472095,
        "p0.1": 0.022399528744223057,
        "p1": 0.025006931582117035,
        "p5": 0.02684160565388014,
        "p10": 0.02843937673059438,
        "p25": 0.03309520444366747,
        "median": 0.035517366378642,
        "p75": 0.03808098794575512,
        "p90": 0.03861302297954259,
        "p95": 0.03892510870789029,
        "p99": 0.04019250279207606,
        "p99.9": 0.04050067052472381
      },
      "time_per_output_token": {
        "mean": 0.034546225085326315,
        "min": 0.023419223448472203,
        "max": 0.04006266895000187,
        "p0.1": 0.023762886195868117,
        "p1": 0.02487199833429884,
        "p5": 0.026634114629134426,
        "p10": 0.0284092376546836,
        "p25": 0.03291205542666731,
        "median": 0.035367884200664834,
        "p75": 0.037737586432223906,
        "p90": 0.038246262290980666,
        "p95": 0.038429311717377276,
        "p99": 0.03956854584775982,
        "p99.9": 0.04000815801889114
      },
      "time_to_first_token": {
        "mean": 0.5394877735223552,
        "min": 0.036943729035556316,
        "max": 4.203380424063653,
        "p0.1": 0.03700942704733461,
        "p1": 0.0393111813114956,
        "p5": 0.048234724835492675,
        "p10": 0.07539241695776581,
        "p25": 0.15826181566808373,
        "median": 0.35701002553105354,
        "p75": 0.7218431427609175,
        "p90": 1.234342388529331,
        "p95": 1.6010649816598723,
        "p99": 2.3592999503854664,
        "p99.9": 3.899909703823745
      },
      "inter_token_latency": {
        "mean": 0.03454649184764549,
        "min": 5.302950739860535e-06,
        "max": 46.613790358416736,
        "p0.1": 5.524139851331711e-06,
        "p1": 5.660112947225571e-06,
        "p5": 5.83333894610405e-06,
        "p10": 5.974899977445602e-06,
        "p25": 6.416346877813339e-06,
        "median": 7.931143045425415e-06,
        "p75": 0.01594650885090232,
        "p90": 0.11550889108330031,
        "p95": 0.19171599401161063,
        "p99": 0.42271051772870327,
        "p99.9": 1.0308742724275488
      }
    },
    "throughput": {
      "input_tokens_per_sec": 2947.4053682362787,
      "output_tokens_per_sec": 11211.093529837432,
      "total_tokens_per_sec": 14158.49889807371,
      "requests_per_sec": 2.811699225788632
    },
    "prompt_len": {
      "mean": 1048.2648148148148,
      "min": 1026.0,
      "max": 1077.0,
      "p0.1": 1027.078,
      "p1": 1030.0,
      "p5": 1034.0,
      "p10": 1038.0,
      "p25": 1042.0,
      "median": 1048.0,
      "p75": 1054.0,
      "p90": 1060.0,
      "p95": 1063.0,
      "p99": 1069.0,
      "p99.9": 1075.383
    },
    "output_len": {
      "mean": 3987.301851851852,
      "min": 3863.0,
      "max": 5045.0,
      "p0.1": 3879.17,
      "p1": 3915.17,
      "p5": 3951.95,
      "p10": 3964.0,
      "p25": 3979.75,
      "median": 3986.0,
      "p75": 3990.0,
      "p90": 3993.0,
      "p95": 3996.0,
      "p99": 4008.88,
      "p99.9": 5039.071
    }
  },
  "failures": {
    "count": 0,
    "request_latency": null,
    "prompt_len": null
  }
}