{
  "load_summary": {
    "count": 90,
    "schedule_delay": {
      "mean": 0.0005183794794397222,
      "min": -0.0008096257224678993,
      "max": 0.002025760244578123,
      "p0.1": -0.0007829728894867003,
      "p1": -0.0005430973926559091,
      "p5": -0.00033070065546780825,
      "p10": -0.00022732508368790148,
      "p25": 4.3435138650238514e-05,
      "median": 0.0005044389981776476,
      "p75": 0.0009751652833074331,
      "p90": 0.001305114338174463,
      "p95": 0.0014415638288483024,
      "p99": 0.001893150685355067,
      "p99.9": 0.00201249928865582
    },
    "send_duration": 30.427904974203557,
    "requested_rate": 3.0,
    "achieved_rate": 2.957811261613345
  },
  "successes": {
    "count": 90,
    "latency": {
      "request_latency": {
        "mean": 41.47978751685263,
        "min": 34.13701552292332,
        "max": 43.691487069707364,
        "p0.1": 34.14656669349922,
        "p1": 34.2325272286823,
        "p5": 35.633501931559294,
        "p10": 36.35025797365233,
        "p25": 41.41480009339284,
        "median": 42.54309072950855,
        "p75": 43.204432996339165,
        "p90": 43.38434506026097,
        "p95": 43.43421953164507,
        "p99": 43.49872344316915,
        "p99.9": 43.672210707053544
      },
      "normalized_time_per_output_token": {
        "mean": 0.01039681514354622,
        "min": 0.007809771709535552,
        "max": 0.01099280380557732,
        "p0.1": 0.007875963460997556,
        "p1": 0.00847168922415559,
        "p5": 0.008892789121373075,
        "p10": 0.00900525848302841,
        "p25": 0.01038990844815483,
        "median": 0.010678791047411634,
        "p75": 0.01083550530480371,
        "p90": 0.01089627663446678,
        "p95": 0.0109550179324183,
        "p99": 0.010975297438982741,
        "p99.9": 0.010991053168917863
      },
      "time_per_output_token": {
        "mean": 0.010343663159350657,
        "min": 0.008501137169229522,
        "max": 0.010861712245240778,
        "p0.1": 0.00850581475059691,
        "p1": 0.008547912982903407,
        "p5": 0.008897758638565447,
        "p10": 0.009077425487118197,
        "p25": 0.010320194982781217,
        "median": 0.010583322938192082,
        "p75": 0.010774920190967655,
        "p90": 0.010826732816229912,
        "p95": 0.010833972667029049,
        "p99": 0.010847135084171391,
        "p99.9": 0.010860254529133839
      },
      "time_to_first_token": {
        "mean": 0.1168399220229023,
        "min": 0.03170076897367835,
        "max": 1.2293063630349934,
        "p0.1": 0.03187839331431314,
        "p1": 0.03347701238002628,
        "p5": 0.03611845041159541,
        "p10": 0.03868382563814521,
        "p25": 0.042110378039069474,
        "median": 0.06407310790382326,
        "p75": 0.09502493892796338,
        "p90": 0.2129873640369629,
        "p95": 0.38052325153257666,
        "p99": 1.0389318885095415,
        "p99.9": 1.2102689155824515
      },
      "inter_token_latency": {
        "mean": 0.010343630897946886,
        "min": 5.255918949842453e-06,
        "max": 0.9817364057525992,
        "p0.1": 5.58607280254364e-06,
        "p1": 5.822163075208664e-06,
        "p5": 6.309244781732559e-06,
        "p10": 6.867432966828348e-06,
        "p25": 1.3411277905106544e-05,
        "median": 0.009282983373850584,
        "p75": 0.013023119769059122,
        "p90": 0.020703855669125915,
        "p95": 0.024889567797072226,
        "p99": 0.04081550743430852,
        "p99.9": 0.3183138405983688
      }
    },
    "throughput": {
      "input_tokens_per_sec": 1306.0930013901625,
      "output_tokens_per_sec": 4964.706287787418,
      "total_tokens_per_sec": 6270.79928917758,
      "requests_per_sec": 1.2434112582916175
    },
    "prompt_len": {
      "mean": 1050.411111111111,
      "min": 1030.0,
      "max": 1074.0,
      "p0.1": 1030.089,
      "p1": 1030.89,
      "p5": 1034.35,
      "p10": 1039.0,
      "p25": 1043.25,
      "median": 1051.5,
      "p75": 1056.75,
      "p90": 1062.0,
      "p95": 1066.55,
      "p99": 1068.66,
      "p99.9": 1073.4660000000001
    },
    "output_len": {
      "mean": 3992.811111111111,
      "min": 3774.0,
      "max": 5044.0,
      "p0.1": 3784.947,
      "p1": 3883.47,
      "p5": 3960.45,
      "p10": 3963.9,
      "p25": 3982.0,
      "median": 3988.0,
      "p75": 3991.0,
      "p90": 3995.0,
      "p95": 3996.55,
      "p99": 4114.839999999999,
      "p99.9": 4951.084000000016
    }
  },
  "failures": {
    "count": 0,
    "request_latency": null,
    "prompt_len": null
  }
}