{
  "load_summary": {
    "count": 240,
    "schedule_delay": {
      "mean": 0.00040002375026233495,
      "min": -0.0009579951874911785,
      "max": 0.0018054991960525513,
      "p0.1": -0.0009269958445802331,
      "p1": -0.0007166039664298296,
      "p5": -0.0004901268519461155,
      "p10": -0.00028530857525765896,
      "p25": 4.619034007191658e-05,
      "median": 0.00035742088221013546,
      "p75": 0.0008219504961743951,
      "p90": 0.0010877291671931742,
      "p95": 0.0012962138280272484,
      "p99": 0.0016387976240366691,
      "p99.9": 0.001770732138305906
    },
    "send_duration": 34.223989326972514,
    "requested_rate": 8.0,
    "achieved_rate": 7.0126249078406495
  },
  "successes": {
    "count": 240,
    "latency": {
      "request_latency": {
        "mean": 67.34861051868647,
        "min": 48.377380460035056,
        "max": 73.96937701711431,
        "p0.1": 48.92967797272466,
        "p1": 50.863760099080395,
        "p5": 53.44118426039349,
        "p10": 56.72545172022656,
        "p25": 64.45612150453962,
        "median": 70.14675971795805,
        "p75": 72.14279776287731,
        "p90": 72.95089753614738,
        "p95": 73.36135403641966,
        "p99": 73.70024925164878,
        "p99.9": 73.95169844547473
      },
      "normalized_time_per_output_token": {
        "mean": 0.01689474775940861,
        "min": 0.011115253351752487,
        "max": 0.019041571101841445,
        "p0.1": 0.011378453742589799,
        "p1": 0.01275611773307234,
        "p5": 0.013435713381533959,
        "p10": 0.014239837102358726,
        "p25": 0.01617121018028017,
        "median": 0.01760003264068196,
        "p75": 0.018110855362020235,
        "p90": 0.01831812494756176,
        "p95": 0.018444822630929107,
        "p99": 0.01857549827180235,
        "p99.9": 0.018938215015691328
      },
      "time_per_output_token": {
        "mean": 0.016786090848563882,
        "min": 0.012100871985213351,
        "max": 0.01835743851715233,
        "p0.1": 0.012239337971435229,
        "p1": 0.012716533820126148,
        "p5": 0.01336769422364193,
        "p10": 0.014176173557698417,
        "p25": 0.01607712541998249,
        "median": 0.01748653541126987,
        "p75": 0.01798889699802039,
        "p90": 0.018157721694302343,
        "p95": 0.018213023139837886,
        "p99": 0.018347107085784665,
        "p99.9": 0.018357255772994248
      },
      "time_to_first_token": {
        "mean": 0.21987538938216555,
        "min": 0.0285398680716753,
        "max": 1.1964794723317027,
        "p0.1": 0.030021432395558805,
        "p1": 0.03494477252010256,
        "p5": 0.03832330275326967,
        "p10": 0.0443168128374964,
        "p25": 0.08454030973371118,
        "median": 0.17304380447603762,
        "p75": 0.2785128937102854,
        "p90": 0.45326554654166096,
        "p95": 0.5848174014827235,
        "p99": 0.9508822286967187,
        "p99.9": 1.1805027304287086
      },
      "inter_token_latency": {
        "mean": 0.01678657184880792,
        "min": 5.2442774176597595e-06,
        "max": 1.524665692821145,
        "p0.1": 5.500856786966324e-06,
        "p1": 5.648937076330185e-06,
        "p5": 5.859881639480591e-06,
        "p10": 6.053131073713303e-06,
        "p25": 6.780028343200684e-06,
        "median": 1.0623130947351456e-05,
        "p75": 0.023266727104783058,
        "p90": 0.051024473179131745,
        "p95": 0.07279485929757347,
        "p99": 0.13064452627673703,
        "p99.9": 0.6096366012245458
      }
    },
    "throughput": {
      "input_tokens_per_sec": 2397.4547259943693,
      "output_tokens_per_sec": 9113.502134492104,
      "total_tokens_per_sec": 11510.956860486473,
      "requests_per_sec": 2.2849495238155035
    },
    "prompt_len": {
      "mean": 1049.2375,
      "min": 1026.0,
      "max": 1074.0,
      "p0.1": 1026.956,
      "p1": 1031.0,
      "p5": 1034.95,
      "p10": 1038.0,
      "p25": 1043.0,
      "median": 1049.0,
      "p75": 1056.0,
      "p90": 1061.0,
      "p95": 1064.0,
      "p99": 1070.83,
      "p99.9": 1073.761
    },
    "output_len": {
      "mean": 3988.491666666667,
      "min": 3805.0,
      "max": 5029.0,
      "p0.1": 3808.585,
      "p1": 3845.17,
      "p5": 3951.0,
      "p10": 3966.0,
      "p25": 3979.0,
      "median": 3987.0,
      "p75": 3991.0,
      "p90": 3994.0,
      "p95": 3997.0,
      "p99": 4001.0,
      "p99.9": 5027.566
    }
  },
  "failures": {
    "count": 0,
    "request_latency": null,
    "prompt_len": null
  }
}