{
  "load_summary": {
    "count": 250,
    "schedule_delay": {
      "mean": 0.0009703215342015028,
      "min": -0.0007207691669464111,
      "max": 0.014171985909342766,
      "p0.1": -0.000644070205744356,
      "p1": -0.0004065137356519699,
      "p5": -8.706923108547925e-05,
      "p10": 0.00023119216784834868,
      "p25": 0.0006206659600138664,
      "median": 0.0009515257552266121,
      "p75": 0.0012505389750003815,
      "p90": 0.0016485424246639013,
      "p95": 0.0017798684537410725,
      "p99": 0.0021963040065020303,
      "p99.9": 0.011256958570331724
    },
    "send_duration": 51.47128051798791,
    "requested_rate": 5.0,
    "achieved_rate": 4.857077529140378
  },
  "successes": {
    "count": 250,
    "latency": {
      "request_latency": {
        "mean": 64.97668963119015,
        "min": 43.838876551017165,
        "max": 72.9568017241545,
        "p0.1": 44.20171537523484,
        "p1": 45.334738606624306,
        "p5": 48.24106006908696,
        "p10": 52.57709774435498,
        "p25": 61.27049810939934,
        "median": 68.27979463757947,
        "p75": 70.29013222118374,
        "p90": 71.34873550687917,
        "p95": 72.17650188072585,
        "p99": 72.50413662261795,
        "p99.9": 72.85276952799644
      },
      "normalized_time_per_output_token": {
        "mean": 0.016294901949374302,
        "min": 0.009770129075632357,
        "max": 0.018370552164433052,
        "p0.1": 0.010073176525073904,
        "p1": 0.01141365046886738,
        "p5": 0.01207723974842086,
        "p10": 0.013184146555823832,
        "p25": 0.01539250629653767,
        "median": 0.017121312597186425,
        "p75": 0.01765618050106558,
        "p90": 0.017961650386853847,
        "p95": 0.018124074074169088,
        "p99": 0.018176415345364266,
        "p99.9": 0.018351511262579112
      },
      "time_per_output_token": {
        "mean": 0.01618102167407195,
        "min": 0.010926249976398883,
        "max": 0.018062588904052972,
        "p0.1": 0.01101961483317878,
        "p1": 0.011318005437566886,
        "p5": 0.012047609384420333,
        "p10": 0.013121251048335818,
        "p25": 0.015284498723165597,
        "median": 0.01696453378695774,
        "p75": 0.017516309856029692,
        "p90": 0.01776407873799326,
        "p95": 0.017986650646448832,
        "p99": 0.018042696070923705,
        "p99.9": 0.01806045936957281
      },
      "time_to_first_token": {
        "mean": 0.2447897607125342,
        "min": 0.05164936790242791,
        "max": 1.5331002292223275,
        "p0.1": 0.05181111686723307,
        "p1": 0.05828862319234759,
        "p5": 0.0800442045321688,
        "p10": 0.08845932525582612,
        "p25": 0.1279858578927815,
        "median": 0.18625226942822337,
        "p75": 0.29788831854239106,
        "p90": 0.44956304230727245,
        "p95": 0.6505484721856184,
        "p99": 0.9436371140833943,
        "p99.9": 1.38890845118139
      },
      "inter_token_latency": {
        "mean": 0.016181389836484834,
        "min": 5.238689482212067e-06,
        "max": 1.4610609482042491,
        "p0.1": 5.479902029037476e-06,
        "p1": 5.636364221572876e-06,
        "p5": 5.867332220077515e-06,
        "p10": 6.097834557294846e-06,
        "p25": 7.071066647768021e-06,
        "median": 1.408671960234642e-05,
        "p75": 0.02429446717724204,
        "p90": 0.04876083307899535,
        "p95": 0.06765411987435062,
        "p99": 0.11722248915582886,
        "p99.9": 0.5574629034726006
      }
    },
    "throughput": {
      "input_tokens_per_sec": 2211.245716832217,
      "output_tokens_per_sec": 8409.004262229331,
      "total_tokens_per_sec": 10620.249979061547,
      "requests_per_sec": 2.107602267715061
    },
    "prompt_len": {
      "mean": 1049.176,
      "min": 1026.0,
      "max": 1074.0,
      "p0.1": 1026.996,
      "p1": 1031.0,
      "p5": 1034.45,
      "p10": 1038.0,
      "p25": 1043.0,
      "median": 1049.0,
      "p75": 1055.75,
      "p90": 1061.0,
      "p95": 1064.0,
      "p99": 1070.53,
      "p99.9": 1073.751
    },
    "output_len": {
      "mean": 3989.844,
      "min": 3845.0,
      "max": 5040.0,
      "p0.1": 3849.482,
      "p1": 3897.62,
      "p5": 3950.0,
      "p10": 3963.8,
      "p25": 3980.0,
      "median": 3986.0,
      "p75": 3990.0,
      "p90": 3994.0,
      "p95": 3997.0,
      "p99": 4003.02,
      "p99.9": 5033.775000000001
    }
  },
  "failures": {
    "count": 0,
    "request_latency": null,
    "prompt_len": null
  }
}