{
  "load_summary": {
    "count": 2230,
    "schedule_delay": {
      "mean": 0.0004445587422682031,
      "min": -0.001242420170456171,
      "max": 0.07457568030804396,
      "p0.1": -0.0011519399886019527,
      "p1": -0.0008148306887596846,
      "p5": -0.0005100069101899862,
      "p10": -0.00030950051732361313,
      "p25": 5.821464583277702e-06,
      "median": 0.000391919631510973,
      "p75": 0.0007871491834521294,
      "p90": 0.0011153987143188715,
      "p95": 0.0013470838777720926,
      "p99": 0.0017350100958719854,
      "p99.9": 0.002493197071366019
    }
  },
  "successes": {
    "count": 2230,
    "latency": {
      "request_latency": {
        "mean": 125.76026073466035,
        "min": 34.13701552292332,
        "max": 229.4125740872696,
        "p0.1": 35.00727404394466,
        "p1": 41.41515103635844,
        "p5": 49.98728861603886,
        "p10": 63.54775144914165,
        "p25": 72.82000228913967,
        "median": 132.88438246538863,
        "p75": 159.55694471066818,
        "p90": 201.61439587580972,
        "p95": 218.2475458605913,
        "p99": 227.3225937302038,
        "p99.9": 228.91787601040957
      },
      "normalized_time_per_output_token": {
        "mean": 0.03153416804609745,
        "min": 0.007809771709535552,
        "max": 0.05833383275909726,
        "p0.1": 0.008611914912127018,
        "p1": 0.010380892144355423,
        "p5": 0.012518870106323372,
        "p10": 0.01594054583274369,
        "p25": 0.01829345426764628,
        "median": 0.033266076883424145,
        "p75": 0.040037793469570246,
        "p90": 0.05052351997233807,
        "p95": 0.054726177269913114,
        "p99": 0.05708821600865722,
        "p99.9": 0.05754850049123232
      },
      "time_per_output_token": {
        "mean": 0.03130734347609522,
        "min": 0.008501137169229522,
        "max": 0.05681992189201992,
        "p0.1": 0.008740155527281003,
        "p1": 0.010321360419460537,
        "p5": 0.012476628427117761,
        "p10": 0.015845806019885694,
        "p25": 0.01813071204910498,
        "median": 0.033165601858509086,
        "p75": 0.03973964119394077,
        "p90": 0.04988699120201636,
        "p95": 0.054019249323196704,
        "p99": 0.0563115660135739,
        "p99.9": 0.05664030979005423
      },
      "time_to_first_token": {
        "mean": 0.5294075609320532,
        "min": 0.0285398680716753,
        "max": 5.057128956075758,
        "p0.1": 0.032157802389469,
        "p1": 0.036471545984968545,
        "p5": 0.044598689791746436,
        "p10": 0.059829520713537934,
        "p25": 0.13020742149092257,
        "median": 0.2858281028456986,
        "p75": 0.6739979048725218,
        "p90": 1.2963264865335078,
        "p95": 1.842814585962332,
        "p99": 3.1749192393198626,
        "p99.9": 4.93579278671698
      },
      "inter_token_latency": {
        "mean": 0.03130936127685652,
        "min": 5.238689482212067e-06,
        "max": 106.13865136168897,
        "p0.1": 5.51808625459671e-06,
        "p1": 5.663838237524033e-06,
        "p5": 5.8552250266075134e-06,
        "p10": 6.014946848154068e-06,
        "p25": 6.540212780237198e-06,
        "median": 8.773058652877808e-06,
        "p75": 0.017916597076691687,
        "p90": 0.08132759835571055,
        "p95": 0.14628371826838693,
        "p99": 0.42970068066846545,
        "p99.9": 1.1038175636730336
      }
    },
    "throughput": {
      "input_tokens_per_sec": 2621.1687073351077,
      "output_tokens_per_sec": 9972.488341077933,
      "total_tokens_per_sec": 12593.65704841304,
      "requests_per_sec": 2.499662682467779
    },
    "prompt_len": {
      "mean": 1048.6089686098655,
      "min": 1026.0,
      "max": 1077.0,
      "p0.1": 1026.0,
      "p1": 1030.0,
      "p5": 1034.0,
      "p10": 1038.0,
      "p25": 1042.0,
      "median": 1048.0,
      "p75": 1054.0,
      "p90": 1060.0,
      "p95": 1063.0,
      "p99": 1069.0,
      "p99.9": 1074.0
    },
    "output_len": {
      "mean": 3989.5336322869957,
      "min": 3765.0,
      "max": 5045.0,
      "p0.1": 3806.145,
      "p1": 3890.0,
      "p5": 3953.0,
      "p10": 3965.0,
      "p25": 3980.0,
      "median": 3987.0,
      "p75": 3991.0,
      "p90": 3994.0,
      "p95": 3997.0,
      "p99": 4006.84,
      "p99.9": 5043.084000000001
    }
  },
  "failures": {
    "count": 0,
    "request_latency": null,
    "prompt_len": null
  }
}