{
  "load_summary": {
    "count": 625,
    "schedule_delay": {
      "mean": 0.0004933513157069683,
      "min": -0.0008802330121397972,
      "max": 0.00938487984240055,
      "p0.1": -0.0008665057793259621,
      "p1": -0.0007409183122217655,
      "p5": -0.000432549137622118,
      "p10": -0.00018978100270032882,
      "p25": 0.00015044771134853363,
      "median": 0.0005071121267974377,
      "p75": 0.0008365376852452755,
      "p90": 0.0011103149503469468,
      "p95": 0.0013132041320204732,
      "p99": 0.0016670795902609824,
      "p99.9": 0.00468796745687791
    },
    "send_duration": 22.883791536092758,
    "requested_rate": 25.0,
    "achieved_rate": 27.311907601248592
  },
  "successes": {
    "count": 625,
    "latency": {
      "request_latency": {
        "mean": 51.879998316334934,
        "min": 31.855519236065447,
        "max": 80.9965810822323,
        "p0.1": 31.985775362290443,
        "p1": 33.36499181760475,
        "p5": 36.11076746415347,
        "p10": 38.66434836629778,
        "p25": 42.60799285909161,
        "median": 50.14286914886907,
        "p75": 57.86475787777454,
        "p90": 69.10079882768915,
        "p95": 74.74280612710862,
        "p99": 80.53422034831718,
        "p99.9": 80.93325885109604
      },
      "normalized_time_per_output_token": {
        "mean": 0.05207073180063154,
        "min": 0.005044271525333048,
        "max": 0.08467321389499248,
        "p0.1": 0.00563747099193298,
        "p1": 0.032659765124932544,
        "p5": 0.03614771515714875,
        "p10": 0.038557082266153626,
        "p25": 0.04293810926713876,
        "median": 0.050496343553745285,
        "p75": 0.05828328637820566,
        "p90": 0.06942584120244866,
        "p95": 0.07504297803926568,
        "p99": 0.08099790025083077,
        "p99.9": 0.08296541448125934
      },
      "time_per_output_token": {
        "mean": 0.04883877448888272,
        "min": 0.03016152282198891,
        "max": 0.08039912648871542,
        "p0.1": 0.030208118923102514,
        "p1": 0.030713668425505585,
        "p5": 0.03453691437439993,
        "p10": 0.03631343030184507,
        "p25": 0.04065390766179189,
        "median": 0.04741683942512856,
        "p75": 0.05509932036790997,
        "p90": 0.0629716057290323,
        "p95": 0.06913249910855664,
        "p99": 0.07726431308411061,
        "p99.9": 0.08029124133440109
      },
      "time_to_first_token": {
        "mean": 3.0138912661239505,
        "min": 0.048032429069280624,
        "max": 13.280596909113228,
        "p0.1": 0.054708586312830446,
        "p1": 0.09502743981778622,
        "p5": 0.19667863165959718,
        "p10": 0.30248423842713235,
        "p25": 0.67910565296188,
        "median": 1.619189796037972,
        "p75": 4.825517768040299,
        "p90": 8.217872074432671,
        "p95": 9.333937189634888,
        "p99": 12.801399436555801,
        "p99.9": 13.26147889852524
      },
      "inter_token_latency": {
        "mean": 0.04883966527068656,
        "min": 5.41098415851593e-06,
        "max": 3.4956232709810138,
        "p0.1": 5.884067621082068e-06,
        "p1": 7.44442455470562e-06,
        "p5": 0.0148155351402238,
        "p10": 0.025098966574296354,
        "p25": 0.03263948450330645,
        "median": 0.036731626372784376,
        "p75": 0.03979586705099791,
        "p90": 0.04861277444288135,
        "p95": 0.050436075055040414,
        "p99": 0.5469543843157587,
        "p99.9": 1.5727527018035765
      }
    },
    "throughput": {
      "input_tokens_per_sec": 57380.114727376014,
      "output_tokens_per_sec": 7740.54082796938,
      "total_tokens_per_sec": 65120.655555345395,
      "requests_per_sec": 7.602718742603465
    },
    "prompt_len": {
      "mean": 7547.3152,
      "min": 7474.0,
      "max": 7621.0,
      "p0.1": 7474.624,
      "p1": 7492.96,
      "p5": 7510.0,
      "p10": 7518.0,
      "p25": 7532.0,
      "median": 7547.0,
      "p75": 7562.0,
      "p90": 7579.0,
      "p95": 7588.0,
      "p99": 7600.52,
      "p99.9": 7617.88
    },
    "output_len": {
      "mean": 1018.128,
      "min": 852.0,
      "max": 8610.0,
      "p0.1": 896.304,
      "p1": 973.24,
      "p5": 986.0,
      "p10": 989.0,
      "p25": 993.0,
      "median": 995.0,
      "p75": 997.0,
      "p90": 999.0,
      "p95": 1000.0,
      "p99": 1002.0,
      "p99.9": 8565.072000000007
    }
  },
  "failures": {
    "count": 0,
    "request_latency": null,
    "prompt_len": null
  }
}