{
  "load_summary": {
    "count": 500,
    "schedule_delay": {
      "mean": 0.0004863146478310227,
      "min": -0.0008660480380058289,
      "max": 0.0019372678361833096,
      "p0.1": -0.0008112212880514562,
      "p1": -0.0005662844981998205,
      "p5": -0.00027007395401597024,
      "p10": -0.00010692812502384183,
      "p25": 0.0001185188302770257,
      "median": 0.0004867559764534235,
      "p75": 0.0007960256189107895,
      "p90": 0.001162509433925152,
      "p95": 0.0013318620854988693,
      "p99": 0.0015630632545799014,
      "p99.9": 0.0018386295982636576
    },
    "send_duration": 27.73264777008444,
    "requested_rate": 20.0,
    "achieved_rate": 18.02929183485164
  },
  "successes": {
    "count": 500,
    "latency": {
      "request_latency": {
        "mean": 41.65104863307625,
        "min": 22.662633932661265,
        "max": 68.64745815098286,
        "p0.1": 22.69721990832081,
        "p1": 24.634515071022324,
        "p5": 27.179129552771336,
        "p10": 29.116498896060513,
        "p25": 34.10343201714568,
        "median": 40.59412863920443,
        "p75": 48.8964318606304,
        "p90": 52.95647031962872,
        "p95": 63.338031623908314,
        "p99": 68.49596169586293,
        "p99.9": 68.62308524089539
      },
      "normalized_time_per_output_token": {
        "mean": 0.04189571494208215,
        "min": 0.0227994305157558,
        "max": 0.0714645762966757,
        "p0.1": 0.022834225259880093,
        "p1": 0.024684370928225483,
        "p5": 0.027552127152105924,
        "p10": 0.029287593237792814,
        "p25": 0.03429501066244707,
        "median": 0.04088480825596143,
        "p75": 0.049000253348409004,
        "p90": 0.05384739074166666,
        "p95": 0.06359559844792302,
        "p99": 0.06894382685490358,
        "p99.9": 0.07033074709793624
      },
      "time_per_output_token": {
        "mean": 0.03954038071586474,
        "min": 0.022051772746352595,
        "max": 0.06836649971920997,
        "p0.1": 0.022200050827407225,
        "p1": 0.024452546473537902,
        "p5": 0.02651677706236951,
        "p10": 0.028260409973529042,
        "p25": 0.03235220947974767,
        "median": 0.03791114357393235,
        "p75": 0.04651715075841639,
        "p90": 0.05164404800571501,
        "p95": 0.05638421788739501,
        "p99": 0.06794493004176765,
        "p99.9": 0.06836534985249722
      },
      "time_to_first_token": {
        "mean": 2.1505385729121045,
        "min": 0.05819990113377571,
        "max": 9.40355591289699,
        "p0.1": 0.059506153429858384,
        "p1": 0.0908666677866131,
        "p5": 0.13190279356203974,
        "p10": 0.17919647740200165,
        "p25": 0.39173645805567503,
        "median": 1.0007968114223331,
        "p75": 3.78103076654952,
        "p90": 6.009842078667134,
        "p95": 6.692796736978925,
        "p99": 8.401369948182253,
        "p99.9": 9.389802131300327
      },
      "inter_token_latency": {
        "mean": 0.039560798457733276,
        "min": 5.473848432302475e-06,
        "max": 4.140873869881034,
        "p0.1": 5.8886748738586905e-06,
        "p1": 7.650037296116353e-06,
        "p5": 0.011583152459934354,
        "p10": 0.015847884491086005,
        "p25": 0.023855102132074535,
        "median": 0.029076982056722045,
        "p75": 0.032504409668035805,
        "p90": 0.03437744905240834,
        "p95": 0.03566173964645713,
        "p99": 0.40501834833528827,
        "p99.9": 1.4890952482475002
      }
    },
    "throughput": {
      "input_tokens_per_sec": 53424.77137308167,
      "output_tokens_per_sec": 7037.368920942898,
      "total_tokens_per_sec": 60462.14029402456,
      "requests_per_sec": 7.079121580021867
    },
    "prompt_len": {
      "mean": 7546.808,
      "min": 7475.0,
      "max": 7621.0,
      "p0.1": 7478.992,
      "p1": 7491.99,
      "p5": 7510.95,
      "p10": 7518.9,
      "p25": 7531.75,
      "median": 7545.5,
      "p75": 7561.0,
      "p90": 7579.0,
      "p95": 7588.0,
      "p99": 7599.02,
      "p99.9": 7618.505
    },
    "output_len": {
      "mean": 994.102,
      "min": 902.0,
      "max": 1004.0,
      "p0.1": 925.952,
      "p1": 957.0,
      "p5": 986.95,
      "p10": 990.0,
      "p25": 993.0,
      "median": 995.0,
      "p75": 997.0,
      "p90": 999.0,
      "p95": 999.0,
      "p99": 1002.0,
      "p99.9": 1003.501
    }
  },
  "failures": {
    "count": 0,
    "request_latency": null,
    "prompt_len": null
  }
}