{
  "load_summary": {
    "count": 60,
    "schedule_delay": {
      "mean": 0.0006370145129039884,
      "min": -0.0003048814833164215,
      "max": 0.0016129869036376476,
      "p0.1": -0.0003035562466830015,
      "p1": -0.0002916291169822216,
      "p5": -0.00011826262343674896,
      "p10": 2.662404440343382e-05,
      "p25": 0.0002827639691531658,
      "median": 0.0007071949075907469,
      "p75": 0.0009839151753112674,
      "p90": 0.0012112394906580448,
      "p95": 0.0012826737249270078,
      "p99": 0.0015462239459156986,
      "p99.9": 0.0016063106078654538
    },
    "send_duration": 22.052746708039194,
    "requested_rate": 3.0,
    "achieved_rate": 2.7207495190668185
  },
  "successes": {
    "count": 60,
    "latency": {
      "request_latency": {
        "mean": 8.654299779290644,
        "min": 5.80521442880854,
        "max": 13.720794585999101,
        "p0.1": 5.811460886155721,
        "p1": 5.867679002280347,
        "p5": 6.156901916163042,
        "p10": 6.542714146524668,
        "p25": 7.165197828901,
        "median": 8.1429424691014,
        "p75": 9.9627464619698,
        "p90": 11.779484105156735,
        "p95": 12.502606348437256,
        "p99": 13.574066221760585,
        "p99.9": 13.706121749575253
      },
      "normalized_time_per_output_token": {
        "mean": 0.008722517351089617,
        "min": 0.005822682476237252,
        "max": 0.014043802032752406,
        "p0.1": 0.005831421087560349,
        "p1": 0.005910068589468229,
        "p5": 0.006296910628715875,
        "p10": 0.006578927418976039,
        "p25": 0.00718684567475035,
        "median": 0.008183861777991356,
        "p75": 0.010053293926559466,
        "p90": 0.011791275380537272,
        "p95": 0.012544764073068685,
        "p99": 0.013738421124092093,
        "p99.9": 0.01401326394188638
      },
      "time_per_output_token": {
        "mean": 0.00825191827252526,
        "min": 0.005570813975296914,
        "max": 0.01323597085289657,
        "p0.1": 0.005577059584713541,
        "p1": 0.005633270069463178,
        "p5": 0.005720148060866632,
        "p10": 0.006096484786737711,
        "p25": 0.006715334709384478,
        "median": 0.0077459270189698766,
        "p75": 0.009377251507132315,
        "p90": 0.011413721352536231,
        "p95": 0.012008173004188575,
        "p99": 0.012908125351425258,
        "p99.9": 0.013203186302749446
      },
      "time_to_first_token": {
        "mean": 0.3766379188435773,
        "min": 0.08805144065991044,
        "max": 1.1979756760410964,
        "p0.1": 0.08822229310311377,
        "p1": 0.08975996509194374,
        "p5": 0.15709358523599803,
        "p10": 0.16621042569167913,
        "p25": 0.20200842281337827,
        "median": 0.4191153373103589,
        "p75": 0.47098590654786676,
        "p90": 0.5391275784466416,
        "p95": 0.7629521200200543,
        "p99": 1.1872758919559419,
        "p99.9": 1.1969056976325811
      },
      "inter_token_latency": {
        "mean": 0.008252232698298898,
        "min": 5.471985787153244e-06,
        "max": 0.8206391423009336,
        "p0.1": 5.844762548804283e-06,
        "p1": 7.488150149583817e-06,
        "p5": 0.005354465357959271,
        "p10": 0.005629271082580089,
        "p25": 0.006137622985988855,
        "median": 0.007078325375914574,
        "p75": 0.008778929710388184,
        "p90": 0.009602044988423587,
        "p95": 0.011113573610782624,
        "p99": 0.012460692599415785,
        "p99.9": 0.2870215925928232
      }
    },
    "throughput": {
      "input_tokens_per_sec": 15141.528733983583,
      "output_tokens_per_sec": 1990.1571044190084,
      "total_tokens_per_sec": 17131.68583840259,
      "requests_per_sec": 2.005903446473828
    },
    "prompt_len": {
      "mean": 7548.483333333334,
      "min": 7502.0,
      "max": 7598.0,
      "p0.1": 7502.177,
      "p1": 7503.77,
      "p5": 7512.8,
      "p10": 7517.0,
      "p25": 7534.75,
      "median": 7546.5,
      "p75": 7560.5,
      "p90": 7584.3,
      "p95": 7590.05,
      "p99": 7594.46,
      "p99.9": 7597.646
    },
    "output_len": {
      "mean": 992.15,
      "min": 940.0,
      "max": 1001.0,
      "p0.1": 941.416,
      "p1": 954.16,
      "p5": 977.0,
      "p10": 984.9,
      "p25": 990.75,
      "median": 995.0,
      "p75": 997.0,
      "p90": 999.0,
      "p95": 999.0,
      "p99": 1000.41,
      "p99.9": 1000.941
    }
  },
  "failures": {
    "count": 0,
    "request_latency": null,
    "prompt_len": null
  }
}