{
  "load_summary": {
    "count": 120,
    "schedule_delay": {
      "mean": 0.0008382554592875143,
      "min": -0.0006303424015641212,
      "max": 0.002242598682641983,
      "p0.1": -0.0006235653068870306,
      "p1": -0.0005539012840017676,
      "p5": -1.445752568542956e-05,
      "p10": 0.00013270564377307892,
      "p25": 0.0005156195256859064,
      "median": 0.0008776744361966848,
      "p75": 0.0012122334446758032,
      "p90": 0.001446337113156915,
      "p95": 0.0017298976890742777,
      "p99": 0.002054594191722572,
      "p99.9": 0.0022239859434776033
    },
    "send_duration": 59.52264375099912,
    "requested_rate": 2.0,
    "achieved_rate": 2.016039484099456
  },
  "successes": {
    "count": 120,
    "latency": {
      "request_latency": {
        "mean": 25.942369721243935,
        "min": 9.863446813076735,
        "max": 30.003152451012284,
        "p0.1": 10.441984929814934,
        "p1": 14.809911301224492,
        "p5": 16.47008132818155,
        "p10": 19.208395511331037,
        "p25": 24.39455967291724,
        "median": 27.51641403255053,
        "p75": 29.09545015578624,
        "p90": 29.642766466597095,
        "p95": 29.70347617343068,
        "p99": 29.968531230823135,
        "p99.9": 30.00036819282407
      },
      "normalized_time_per_output_token": {
        "mean": 0.012963625065344025,
        "min": 0.004926796609928439,
        "max": 0.014989877661690116,
        "p0.1": 0.005215776688219248,
        "p1": 0.007398277655529664,
        "p5": 0.00823132669513373,
        "p10": 0.009624939078384406,
        "p25": 0.012186188351658345,
        "median": 0.013758207016275264,
        "p75": 0.014532578146217324,
        "p90": 0.014817494734282483,
        "p95": 0.014850876399187122,
        "p99": 0.01497696377973848,
        "p99.9": 0.014988596020084021
      },
      "time_per_output_token": {
        "mean": 0.012785233797835516,
        "min": 0.004803145335007167,
        "max": 0.014659702914999798,
        "p0.1": 0.005095017594061461,
        "p1": 0.007290965317193229,
        "p5": 0.008114305642561522,
        "p10": 0.00946903298429679,
        "p25": 0.012019804403127637,
        "median": 0.013546703521045856,
        "p75": 0.014392511873331387,
        "p90": 0.01459536023051478,
        "p95": 0.01463180062311003,
        "p99": 0.014658942995022517,
        "p99.9": 0.014659646273200634
      },
      "time_to_first_token": {
        "mean": 0.35567399533077454,
        "min": 0.04251803830265999,
        "max": 0.9990793853066862,
        "p0.1": 0.04286067568603903,
        "p1": 0.045669171130284666,
        "p5": 0.2058368741767481,
        "p10": 0.22541474574245512,
        "p25": 0.26432070846203715,
        "median": 0.3093280445318669,
        "p75": 0.3992063815239817,
        "p90": 0.5235875452868641,
        "p95": 0.7923941145883872,
        "p99": 0.9036389867402614,
        "p99.9": 0.9889042325834756
      },
      "inter_token_latency": {
        "mean": 0.01278571292844343,
        "min": 5.332287400960922e-06,
        "max": 0.06841850001364946,
        "p0.1": 6.619832944124937e-06,
        "p1": 0.0008574711065739393,
        "p5": 0.006225593434646729,
        "p10": 0.007709552673622966,
        "p25": 0.010600458132103086,
        "median": 0.01360273314639926,
        "p75": 0.014790772343985736,
        "p90": 0.015593785513192416,
        "p95": 0.017306109983474014,
        "p99": 0.025520792985334984,
        "p99.9": 0.04741446068789812
      }
    },
    "throughput": {
      "input_tokens_per_sec": 3195.1784507115144,
      "output_tokens_per_sec": 3010.658963787038,
      "total_tokens_per_sec": 6205.837414498552,
      "requests_per_sec": 1.5044393552749813
    },
    "prompt_len": {
      "mean": 2123.8333333333335,
      "min": 2093.0,
      "max": 2157.0,
      "p0.1": 2093.357,
      "p1": 2096.57,
      "p5": 2102.95,
      "p10": 2106.9,
      "p25": 2114.0,
      "median": 2124.0,
      "p75": 2132.0,
      "p90": 2142.0,
      "p95": 2148.05,
      "p99": 2150.81,
      "p99.9": 2156.286
    },
    "output_len": {
      "mean": 2001.1833333333334,
      "min": 1995.0,
      "max": 2010.0,
      "p0.1": 1995.0,
      "p1": 1995.38,
      "p5": 1999.0,
      "p10": 1999.0,
      "p25": 2000.0,
      "median": 2001.0,
      "p75": 2002.0,
      "p90": 2003.0,
      "p95": 2004.0,
      "p99": 2008.81,
      "p99.9": 2009.881
    }
  },
  "failures": {
    "count": 0,
    "request_latency": null,
    "prompt_len": null
  }
}