{
  "load_summary": {
    "count": 180,
    "schedule_delay": {
      "mean": 0.000753230661050313,
      "min": -0.00044656265527009964,
      "max": 0.002902877051383257,
      "p0.1": -0.0004443737957626581,
      "p1": -0.0003819519327953458,
      "p5": -0.00018325159326195716,
      "p10": -2.616569399833679e-05,
      "p25": 0.00032873847521841526,
      "median": 0.0007037308532744646,
      "p75": 0.0011576161487028003,
      "p90": 0.0015670991502702235,
      "p95": 0.0017699850490316745,
      "p99": 0.002200126484967769,
      "p99.9": 0.0027861300702206964
    },
    "send_duration": 59.9837430100888,
    "requested_rate": 3.0,
    "achieved_rate": 3.000813069796685
  },
  "successes": {
    "count": 180,
    "latency": {
      "request_latency": {
        "mean": 31.511807081801816,
        "min": 19.206961108837277,
        "max": 35.209997676778585,
        "p0.1": 19.29027354800934,
        "p1": 20.193203664878382,
        "p5": 24.768371891905556,
        "p10": 26.74146091369912,
        "p25": 29.34080905688461,
        "median": 32.88964185048826,
        "p75": 34.31139007152524,
        "p90": 34.826510993950066,
        "p95": 34.97931839816738,
        "p99": 35.136660673609,
        "p99.9": 35.20057997829979
      },
      "normalized_time_per_output_token": {
        "mean": 0.015746675708005507,
        "min": 0.009589096909055055,
        "max": 0.017596200738020283,
        "p0.1": 0.009630690737897823,
        "p1": 0.010089494577570137,
        "p5": 0.012383882218476878,
        "p10": 0.013370064432623723,
        "p25": 0.014668578566571291,
        "median": 0.01642430002753353,
        "p75": 0.017155197382623184,
        "p90": 0.017398213084506942,
        "p95": 0.01748207228692481,
        "p99": 0.017554228623612427,
        "p99.9": 0.01759229179025901
      },
      "time_per_output_token": {
        "mean": 0.015550755966707868,
        "min": 0.009457344764254399,
        "max": 0.01728408782603219,
        "p0.1": 0.009506635662892702,
        "p1": 0.00999219014972914,
        "p5": 0.012197706863330679,
        "p10": 0.0133250643207835,
        "p25": 0.014454319648594467,
        "median": 0.016255169772543016,
        "p75": 0.016915442102355883,
        "p90": 0.017217116936156525,
        "p95": 0.017267334301490335,
        "p99": 0.01728222856229637,
        "p99.9": 0.01728405510187405
      },
      "time_to_first_token": {
        "mean": 0.39750855387861117,
        "min": 0.039712770376354456,
        "max": 0.9396662260405719,
        "p0.1": 0.04092910768510774,
        "p1": 0.05059024064801634,
        "p5": 0.07269847744610161,
        "p10": 0.23222546498291197,
        "p25": 0.28262925427407026,
        "median": 0.3465720280073583,
        "p75": 0.5009817271493375,
        "p90": 0.6918948367703706,
        "p95": 0.8015732336323705,
        "p99": 0.8911602959316224,
        "p99.9": 0.9313788389409905
      },
      "inter_token_latency": {
        "mean": 0.015550890818270019,
        "min": 5.500856786966324e-06,
        "max": 0.0938357817940414,
        "p0.1": 7.498866878449917e-06,
        "p1": 0.003281943369656801,
        "p5": 0.009008688759058714,
        "p10": 0.010945726465433835,
        "p25": 0.013586057350039482,
        "median": 0.016076860949397087,
        "p75": 0.017443989869207144,
        "p90": 0.01877887174487114,
        "p95": 0.020551090920343996,
        "p99": 0.02762538512237374,
        "p99.9": 0.04575545052159609
      }
    },
    "throughput": {
      "input_tokens_per_sec": 4429.452495336778,
      "output_tokens_per_sec": 4174.067383682523,
      "total_tokens_per_sec": 8603.5198790193,
      "requests_per_sec": 2.0858169652781826
    },
    "prompt_len": {
      "mean": 2123.6055555555554,
      "min": 2088.0,
      "max": 2157.0,
      "p0.1": 2088.895,
      "p1": 2093.0,
      "p5": 2102.0,
      "p10": 2107.0,
      "p25": 2115.0,
      "median": 2123.0,
      "p75": 2132.0,
      "p90": 2142.0,
      "p95": 2147.05,
      "p99": 2151.21,
      "p99.9": 2156.105
    },
    "output_len": {
      "mean": 2001.1666666666667,
      "min": 1994.0,
      "max": 2011.0,
      "p0.1": 1994.358,
      "p1": 1996.0,
      "p5": 1997.95,
      "p10": 1999.0,
      "p25": 2000.0,
      "median": 2001.0,
      "p75": 2002.0,
      "p90": 2003.0,
      "p95": 2005.0,
      "p99": 2007.8400000000001,
      "p99.9": 2011.0
    }
  },
  "failures": {
    "count": 0,
    "request_latency": null,
    "prompt_len": null
  }
}