{
  "load_summary": {
    "count": 720,
    "schedule_delay": {
      "mean": 0.0005775304782825212,
      "min": -0.0010610786266624928,
      "max": 0.09459457732737064,
      "p0.1": -0.0009751913719810545,
      "p1": -0.0007760567963123322,
      "p5": -0.0005404368042945862,
      "p10": -0.00033695329912006853,
      "p25": -3.251200541853905e-05,
      "median": 0.00030842237174510956,
      "p75": 0.0007198441307991743,
      "p90": 0.0010822053998708727,
      "p95": 0.0012786484090611338,
      "p99": 0.0015677606174722284,
      "p99.9": 0.07440465750871403
    },
    "send_duration": 59.94061212986708,
    "requested_rate": 12.0,
    "achieved_rate": 12.011889342071633
  },
  "successes": {
    "count": 720,
    "latency": {
      "request_latency": {
        "mean": 101.66920610836759,
        "min": 29.242242032196373,
        "max": 127.08274191990495,
        "p0.1": 33.31290162711684,
        "p1": 38.83336137107573,
        "p5": 52.82482028848026,
        "p10": 63.57053848123178,
        "p25": 82.6764729731949,
        "median": 113.6725213311147,
        "p75": 124.01613049104344,
        "p90": 125.53088590344414,
        "p95": 125.97761700241827,
        "p99": 126.79960194468964,
        "p99.9": 127.00662964760792
      },
      "normalized_time_per_output_token": {
        "mean": 0.050807841346243304,
        "min": 0.014613814109043664,
        "max": 0.06354438736489429,
        "p0.1": 0.016635603889488825,
        "p1": 0.019406977196939398,
        "p5": 0.026411751216778346,
        "p10": 0.03175509939122404,
        "p25": 0.0413072459087446,
        "median": 0.05680785673718876,
        "p75": 0.06199116563948817,
        "p90": 0.06270347859839652,
        "p95": 0.0629727215586502,
        "p99": 0.06338419358185571,
        "p99.9": 0.06351938686273452
      },
      "time_per_output_token": {
        "mean": 0.0366937173867977,
        "min": 0.0144904807831939,
        "max": 0.04285128652350977,
        "p0.1": 0.016483230046703184,
        "p1": 0.018901362633514218,
        "p5": 0.024829930791561493,
        "p10": 0.028569138882658444,
        "p25": 0.03330938760959543,
        "median": 0.03809149481263012,
        "p75": 0.041665713812282776,
        "p90": 0.04260958364552353,
        "p95": 0.04278111811103299,
        "p99": 0.04284798930268502,
        "p99.9": 0.04285046083218674
      },
      "time_to_first_token": {
        "mean": 28.269162728230004,
        "min": 0.0342637081630528,
        "max": 66.66025835787877,
        "p0.1": 0.03453922101669014,
        "p1": 0.060960099757649,
        "p5": 0.10109651621896773,
        "p10": 0.19030226333998157,
        "p25": 9.458399727242067,
        "median": 28.14787193760276,
        "p75": 47.82346080429852,
        "p90": 57.21127972067334,
        "p95": 61.709517789795036,
        "p99": 65.73694305579178,
        "p99.9": 66.64002957694419
      },
      "inter_token_latency": {
        "mean": 0.03669377906262625,
        "min": 5.685724318027496e-06,
        "max": 0.13434185413643718,
        "p0.1": 1.3287600595504047e-05,
        "p1": 0.009261985053308308,
        "p5": 0.016943981405347586,
        "p10": 0.02153681800700724,
        "p25": 0.029860590235330164,
        "median": 0.038537688786163926,
        "p75": 0.04321403708308935,
        "p90": 0.04660851275548339,
        "p95": 0.050570297287777066,
        "p99": 0.06796971503645212,
        "p99.9": 0.10807657782221226
      }
    },
    "throughput": {
      "input_tokens_per_sec": 8375.611683343568,
      "output_tokens_per_sec": 7890.282241562047,
      "total_tokens_per_sec": 16265.893924905615,
      "requests_per_sec": 3.9430518509461123
    },
    "prompt_len": {
      "mean": 2124.1444444444446,
      "min": 2087.0,
      "max": 2168.0,
      "p0.1": 2087.719,
      "p1": 2095.0,
      "p5": 2102.95,
      "p10": 2108.0,
      "p25": 2115.0,
      "median": 2124.0,
      "p75": 2133.0,
      "p90": 2142.1,
      "p95": 2147.05,
      "p99": 2155.62,
      "p99.9": 2165.1240000000003
    },
    "output_len": {
      "mean": 2001.0597222222223,
      "min": 1986.0,
      "max": 2012.0,
      "p0.1": 1988.876,
      "p1": 1994.0,
      "p5": 1998.0,
      "p10": 1999.0,
      "p25": 2000.0,
      "median": 2001.0,
      "p75": 2002.0,
      "p90": 2004.0,
      "p95": 2005.0,
      "p99": 2007.81,
      "p99.9": 2011.281
    }
  },
  "failures": {
    "count": 0,
    "request_latency": null,
    "prompt_len": null
  }
}