{
  "load_summary": {
    "count": 600,
    "schedule_delay": {
      "mean": 0.0003819456199804942,
      "min": -0.0009261243976652622,
      "max": 0.001982996240258217,
      "p0.1": -0.0009250630647875368,
      "p1": -0.0007625828450545668,
      "p5": -0.00041345863137394185,
      "p10": -0.0002729759085923433,
      "p25": -2.075708471238613e-05,
      "median": 0.00036389497108757496,
      "p75": 0.0007316708797588944,
      "p90": 0.001098488038405776,
      "p95": 0.001268881862051785,
      "p99": 0.0015186332631856197,
      "p99.9": 0.0018570688851177835
    },
    "send_duration": 59.948818769771606,
    "requested_rate": 10.0,
    "achieved_rate": 10.008537487690116
  },
  "successes": {
    "count": 600,
    "latency": {
      "request_latency": {
        "mean": 85.36311042136047,
        "min": 29.452558730728924,
        "max": 102.47179107507691,
        "p0.1": 30.984282640852033,
        "p1": 35.93404872712679,
        "p5": 45.07610148594249,
        "p10": 53.00408136770129,
        "p25": 70.94506694970187,
        "median": 95.84746698988602,
        "p75": 101.22501913027372,
        "p90": 101.97218740652315,
        "p95": 102.14249359495007,
        "p99": 102.33736653395928,
        "p99.9": 102.45133294581343
      },
      "normalized_time_per_output_token": {
        "mean": 0.04266157764083104,
        "min": 0.014718919905411756,
        "max": 0.05154516222308014,
        "p0.1": 0.01547005464146619,
        "p1": 0.017931418334876693,
        "p5": 0.02252566545817011,
        "p10": 0.026458009604278875,
        "p25": 0.03546472646498038,
        "median": 0.0479107307466651,
        "p75": 0.05058552854194817,
        "p90": 0.05096096842680527,
        "p95": 0.05105260838465089,
        "p99": 0.051176465003922804,
        "p99.9": 0.05137526430556774
      },
      "time_per_output_token": {
        "mean": 0.03389421642050693,
        "min": 0.014592332000395076,
        "max": 0.03948671256261878,
        "p0.1": 0.015321030505681763,
        "p1": 0.017937338436415887,
        "p5": 0.021962197960237972,
        "p10": 0.025794011682015842,
        "p25": 0.03087767728953622,
        "median": 0.03561001817078795,
        "p75": 0.03850988358957693,
        "p90": 0.03933673151552212,
        "p95": 0.03942125659555895,
        "p99": 0.03948421006426215,
        "p99.9": 0.03948658786479197
      },
      "time_to_first_token": {
        "mean": 17.562462289438116,
        "min": 0.039754029363393784,
        "max": 41.33419264201075,
        "p0.1": 0.042504398065153506,
        "p1": 0.0562251084856689,
        "p5": 0.10341331250965596,
        "p10": 0.9023732774890959,
        "p25": 5.573054396198131,
        "median": 17.024164074566215,
        "p75": 28.348446512478404,
        "p90": 35.64146538148634,
        "p95": 38.13002596111036,
        "p99": 40.55555651000701,
        "p99.9": 41.29232256962359
      },
      "inter_token_latency": {
        "mean": 0.03389426467533862,
        "min": 5.620997399091721e-06,
        "max": 0.12210994493216276,
        "p0.1": 1.0855933651328088e-05,
        "p1": 0.008841804321855306,
        "p5": 0.01567734284326434,
        "p10": 0.01997484462335706,
        "p25": 0.027955804020166397,
        "median": 0.03547193109989166,
        "p75": 0.04058569995686412,
        "p90": 0.04427029872313142,
        "p95": 0.046658292878419154,
        "p99": 0.05649410786107186,
        "p99.9": 0.08777327473834594
      }
    },
    "throughput": {
      "input_tokens_per_sec": 8061.87186144754,
      "output_tokens_per_sec": 7595.8714378077775,
      "total_tokens_per_sec": 15657.743299255319,
      "requests_per_sec": 3.796028214725989
    },
    "prompt_len": {
      "mean": 2123.765,
      "min": 2087.0,
      "max": 2168.0,
      "p0.1": 2087.599,
      "p1": 2095.0,
      "p5": 2101.95,
      "p10": 2107.0,
      "p25": 2115.0,
      "median": 2124.0,
      "p75": 2132.0,
      "p90": 2142.0,
      "p95": 2147.0,
      "p99": 2154.0,
      "p99.9": 2165.6040000000003
    },
    "output_len": {
      "mean": 2001.005,
      "min": 1981.0,
      "max": 2016.0,
      "p0.1": 1983.995,
      "p1": 1992.99,
      "p5": 1998.0,
      "p10": 1999.0,
      "p25": 2000.0,
      "median": 2001.0,
      "p75": 2002.0,
      "p90": 2003.0,
      "p95": 2004.0,
      "p99": 2009.0,
      "p99.9": 2014.2030000000002
    }
  },
  "failures": {
    "count": 0,
    "request_latency": null,
    "prompt_len": null
  }
}