{
  "load_summary": {
    "count": 60,
    "schedule_delay": {
      "mean": 0.0014586073346436023,
      "min": -0.000276283361017704,
      "max": 0.025802141055464745,
      "p0.1": -0.0002621918832883239,
      "p1": -0.0001353685837239027,
      "p5": 0.0001098251435905695,
      "p10": 0.00039433701895177367,
      "p25": 0.0006614676676690578,
      "median": 0.0010582152754068375,
      "p75": 0.0014220277080312371,
      "p90": 0.0018456484191119672,
      "p95": 0.002285263407975435,
      "p99": 0.011997371991164903,
      "p99.9": 0.024421664149034992
    },
    "send_duration": 58.969525784254074,
    "requested_rate": 1.0,
    "achieved_rate": 1.0174746905633263
  },
  "successes": {
    "count": 60,
    "latency": {
      "request_latency": {
        "mean": 16.56417534398691,
        "min": 13.404008454177529,
        "max": 18.585170018021017,
        "p0.1": 13.430301270227414,
        "p1": 13.666936614676379,
        "p5": 14.088541801669635,
        "p10": 14.184184853127226,
        "p25": 14.715854507288896,
        "median": 17.037831131136045,
        "p75": 18.26114786893595,
        "p90": 18.455642897496,
        "p95": 18.477529339143075,
        "p99": 18.55838875855785,
        "p99.9": 18.5824918920747
      },
      "normalized_time_per_output_token": {
        "mean": 0.00827978646116818,
        "min": 0.0066919662776722556,
        "max": 0.009283301707303205,
        "p0.1": 0.00670550074447418,
        "p1": 0.006827310945691498,
        "p5": 0.007034246007487744,
        "p10": 0.007089831617785089,
        "p25": 0.0073758378832729935,
        "median": 0.008512790063968215,
        "p75": 0.009119183156193093,
        "p90": 0.009227802745328235,
        "p95": 0.009240723223789157,
        "p99": 0.009272654974941456,
        "p99.9": 0.00928223703406703
      },
      "time_per_output_token": {
        "mean": 0.008083921862235133,
        "min": 0.0064728800366657,
        "max": 0.009111735331593082,
        "p0.1": 0.0064731705459429726,
        "p1": 0.006475785129438426,
        "p5": 0.006480717792569695,
        "p10": 0.00684754878362131,
        "p25": 0.0072009983708849175,
        "median": 0.008387742629041895,
        "p75": 0.009000994745700156,
        "p90": 0.009101252502202988,
        "p95": 0.0091032042476465,
        "p99": 0.009108185225382913,
        "p99.9": 0.009111380320972065
      },
      "time_to_first_token": {
        "mean": 0.38208837250713257,
        "min": 0.20604501711204648,
        "max": 1.8316526464186609,
        "p0.1": 0.2065052401777357,
        "p1": 0.21064724776893853,
        "p5": 0.21588644746225327,
        "p10": 0.22286574700847267,
        "p25": 0.23301510978490114,
        "median": 0.25984126096591353,
        "p75": 0.35929978045169264,
        "p90": 0.46061267172917725,
        "p95": 1.5576793767977501,
        "p99": 1.7683807676704597,
        "p99.9": 1.8253254585438419
      },
      "inter_token_latency": {
        "mean": 0.008084665412956814,
        "min": 5.539972335100174e-06,
        "max": 0.04587543196976185,
        "p0.1": 6.9421855732798574e-06,
        "p1": 0.00199417719617486,
        "p5": 0.005063369451090693,
        "p10": 0.005512520670890808,
        "p25": 0.007329925196245313,
        "median": 0.008054491132497787,
        "p75": 0.009186458308249712,
        "p90": 0.009591461718082428,
        "p95": 0.010625804448500272,
        "p99": 0.012802962744608523,
        "p99.9": 0.023710905081592563
      }
    },
    "throughput": {
      "input_tokens_per_sec": 1731.5770347859539,
      "output_tokens_per_sec": 1631.191227566021,
      "total_tokens_per_sec": 3362.768262351975,
      "requests_per_sec": 0.8153713866516813
    },
    "prompt_len": {
      "mean": 2123.6666666666665,
      "min": 2096.0,
      "max": 2157.0,
      "p0.1": 2096.177,
      "p1": 2097.77,
      "p5": 2105.9,
      "p10": 2109.9,
      "p25": 2115.0,
      "median": 2123.0,
      "p75": 2130.5,
      "p90": 2135.2,
      "p95": 2142.35,
      "p99": 2152.87,
      "p99.9": 2156.587
    },
    "output_len": {
      "mean": 2000.55,
      "min": 1982.0,
      "max": 2006.0,
      "p0.1": 1982.767,
      "p1": 1989.67,
      "p5": 1996.0,
      "p10": 1998.9,
      "p25": 2000.0,
      "median": 2001.0,
      "p75": 2002.0,
      "p90": 2003.1,
      "p95": 2004.0,
      "p99": 2005.41,
      "p99.9": 2005.941
    }
  },
  "failures": {
    "count": 0,
    "request_latency": null,
    "prompt_len": null
  }
}