{
  "load_summary": {
    "count": 420,
    "schedule_delay": {
      "mean": 0.0006876430086170634,
      "min": -0.0010611740872263908,
      "max": 0.07151109771803021,
      "p0.1": -0.0009313398757949472,
      "p1": -0.0006412883009761571,
      "p5": -0.0004500822629779577,
      "p10": -0.00027647865936160083,
      "p25": 6.81895762681961e-05,
      "median": 0.00046620843932032585,
      "p75": 0.0008043129928410053,
      "p90": 0.0011389359366148712,
      "p95": 0.0012728530447930094,
      "p99": 0.001702076653018594,
      "p99.9": 0.051700581606481
    },
    "send_duration": 59.96197892585769,
    "requested_rate": 7.0,
    "achieved_rate": 7.004438604658549
  },
  "successes": {
    "count": 420,
    "latency": {
      "request_latency": {
        "mean": 60.168510479074236,
        "min": 28.173912350088358,
        "max": 68.31745930807665,
        "p0.1": 30.132362022073472,
        "p1": 33.17258267458994,
        "p5": 39.13973243990913,
        "p10": 45.7811843557749,
        "p25": 58.12117195373867,
        "median": 63.88544114260003,
        "p75": 66.35137287445832,
        "p90": 66.95614130347967,
        "p95": 67.17994169071316,
        "p99": 67.64273956195917,
        "p99.9": 68.26518607151323
      },
      "normalized_time_per_output_token": {
        "mean": 0.03006853976738395,
        "min": 0.014086956175044178,
        "max": 0.03414165882462601,
        "p0.1": 0.015062741900855159,
        "p1": 0.016571558553353013,
        "p5": 0.019550799875798757,
        "p10": 0.022898290155996297,
        "p25": 0.02906785975933771,
        "median": 0.03193826248478854,
        "p75": 0.03316069007708282,
        "p90": 0.033463748266773015,
        "p95": 0.03357298290259281,
        "p99": 0.03379078560246985,
        "p99.9": 0.034106501994325716
      },
      "time_per_output_token": {
        "mean": 0.02830200811391404,
        "min": 0.013951650291151769,
        "max": 0.03219200162030757,
        "p0.1": 0.014856396176756045,
        "p1": 0.016311198771158233,
        "p5": 0.019400152453198097,
        "p10": 0.02232172410564963,
        "p25": 0.026375990807835478,
        "median": 0.029552366278716363,
        "p75": 0.031460630507266614,
        "p90": 0.032120753045962194,
        "p95": 0.03216456334935501,
        "p99": 0.03219130177247338,
        "p99.9": 0.032191912185417955
      },
      "time_to_first_token": {
        "mean": 3.551889718872761,
        "min": 0.043925329111516476,
        "max": 12.942377615254372,
        "p0.1": 0.044287175389006735,
        "p1": 0.06466831363271922,
        "p5": 0.09445399327669293,
        "p10": 0.30307695195078854,
        "p25": 0.7880434911930934,
        "median": 1.7466172599233687,
        "p75": 6.604292418342084,
        "p90": 9.041019200813025,
        "p95": 10.61296758162789,
        "p99": 12.590254126479849,
        "p99.9": 12.854129284535551
      },
      "inter_token_latency": {
        "mean": 0.028302042281514016,
        "min": 5.629844963550568e-06,
        "max": 0.12315687583759427,
        "p0.1": 1.0529990307986736e-05,
        "p1": 0.008000035327859223,
        "p5": 0.014230719883926213,
        "p10": 0.0171186612918973,
        "p25": 0.02350276045035571,
        "median": 0.02950400044210255,
        "p75": 0.033724661567248404,
        "p90": 0.03636565017513931,
        "p95": 0.03858018696773796,
        "p99": 0.04699105123989285,
        "p99.9": 0.07019994889525814
      }
    },
    "throughput": {
      "input_tokens_per_sec": 7336.690520968788,
      "output_tokens_per_sec": 6912.641542666096,
      "total_tokens_per_sec": 14249.332063634885,
      "requests_per_sec": 3.454507155076633
    },
    "prompt_len": {
      "mean": 2123.802380952381,
      "min": 2088.0,
      "max": 2168.0,
      "p0.1": 2090.095,
      "p1": 2095.0,
      "p5": 2102.0,
      "p10": 2107.0,
      "p25": 2115.0,
      "median": 2124.0,
      "p75": 2132.0,
      "p90": 2142.0,
      "p95": 2147.0,
      "p99": 2152.0,
      "p99.9": 2163.810000000001
    },
    "output_len": {
      "mean": 2001.05,
      "min": 1989.0,
      "max": 2011.0,
      "p0.1": 1989.0,
      "p1": 1994.0,
      "p5": 1998.0,
      "p10": 1999.0,
      "p25": 2000.0,
      "median": 2001.0,
      "p75": 2002.0,
      "p90": 2004.0,
      "p95": 2005.0,
      "p99": 2008.81,
      "p99.9": 2010.5810000000001
    }
  },
  "failures": {
    "count": 0,
    "request_latency": null,
    "prompt_len": null
  }
}