{
  "load_summary": {
    "count": 900,
    "schedule_delay": {
      "mean": 0.00048669040875716344,
      "min": -0.0015072221867740154,
      "max": 0.061795979738235474,
      "p0.1": -0.0010798567291349173,
      "p1": -0.0008213991113007068,
      "p5": -0.0005477178608998656,
      "p10": -0.00036224075593054294,
      "p25": -3.244623076170683e-05,
      "median": 0.00035579618997871876,
      "p75": 0.0007358220173045993,
      "p90": 0.001060637878254056,
      "p95": 0.0012395237572491165,
      "p99": 0.001623147311620414,
      "p99.9": 0.03301192016294587
    },
    "send_duration": 59.949411146808416,
    "requested_rate": 15.0,
    "achieved_rate": 15.012657885763305
  },
  "successes": {
    "count": 900,
    "latency": {
      "request_latency": {
        "mean": 122.62452745104467,
        "min": 31.596482305321842,
        "max": 160.14964192919433,
        "p0.1": 36.1943030151478,
        "p1": 40.82105860564392,
        "p5": 57.550036210636605,
        "p10": 69.89484597151167,
        "p25": 93.6666633595014,
        "median": 130.4246419223491,
        "p75": 154.29862232180312,
        "p90": 159.0425862796139,
        "p95": 159.64475559524726,
        "p99": 159.92619676973672,
        "p99.9": 160.11391620846092
      },
      "normalized_time_per_output_token": {
        "mean": 0.06129744811525396,
        "min": 0.01579824115266092,
        "max": 0.11480582457853132,
        "p0.1": 0.018093050735825015,
        "p1": 0.020430611421586156,
        "p5": 0.0287398212432606,
        "p10": 0.03489433950554574,
        "p25": 0.046741332345861315,
        "median": 0.0651529638384809,
        "p75": 0.07713252531947626,
        "p90": 0.0794644242035308,
        "p95": 0.07976717154806533,
        "p99": 0.07995663776935569,
        "p99.9": 0.08358710127571502
      },
      "time_per_output_token": {
        "mean": 0.04087570451362943,
        "min": 0.015674810668961058,
        "max": 0.0476877044935245,
        "p0.1": 0.017793995058714214,
        "p1": 0.019836616198325066,
        "p5": 0.027174215385888236,
        "p10": 0.03167717343554832,
        "p25": 0.03673032613255782,
        "median": 0.04312598651752342,
        "p75": 0.04636130729841534,
        "p90": 0.0473758687493857,
        "p95": 0.0476157626356231,
        "p99": 0.04767955904463073,
        "p99.9": 0.04768411230832431
      },
      "time_to_first_token": {
        "mean": 40.85986512338743,
        "min": 0.03608448524028063,
        "max": 95.86067217495292,
        "p0.1": 0.0371989535712637,
        "p1": 0.061232725703157485,
        "p5": 0.10682964730076493,
        "p10": 1.316130485199392,
        "p25": 13.074187997030094,
        "median": 35.55866661458276,
        "p75": 66.67691657273099,
        "p90": 87.09565490223467,
        "p95": 90.70985268626826,
        "p99": 94.84999293694739,
        "p99.9": 95.83103645678423
      },
      "inter_token_latency": {
        "mean": 0.04087580251748662,
        "min": 5.6498683989048e-06,
        "max": 0.187912882771343,
        "p0.1": 1.4419995248317718e-05,
        "p1": 0.011040216647088529,
        "p5": 0.01890992047265172,
        "p10": 0.02364342985674739,
        "p25": 0.03417671890929341,
        "median": 0.043205095920711756,
        "p75": 0.04761096276342869,
        "p90": 0.05101503394544125,
        "p95": 0.055161780864000316,
        "p99": 0.08225283287465594,
        "p99.9": 0.12520640117675097
      }
    },
    "throughput": {
      "input_tokens_per_sec": 8771.7829907624,
      "output_tokens_per_sec": 8264.562043979287,
      "total_tokens_per_sec": 17036.345034741687,
      "requests_per_sec": 4.12956697880302
    },
    "prompt_len": {
      "mean": 2124.141111111111,
      "min": 2087.0,
      "max": 2177.0,
      "p0.1": 2087.899,
      "p1": 2095.0,
      "p5": 2102.0,
      "p10": 2107.9,
      "p25": 2115.0,
      "median": 2124.0,
      "p75": 2133.0,
      "p90": 2142.0,
      "p95": 2147.0,
      "p99": 2156.01,
      "p99.9": 2168.909000000001
    },
    "output_len": {
      "mean": 2001.3144444444445,
      "min": 1381.0,
      "max": 2888.0,
      "p0.1": 1918.602,
      "p1": 1994.0,
      "p5": 1998.0,
      "p10": 1999.0,
      "p25": 2000.0,
      "median": 2001.0,
      "p75": 2002.0,
      "p90": 2003.0,
      "p95": 2004.0,
      "p99": 2007.01,
      "p99.9": 2104.0720000000983
    }
  },
  "failures": {
    "count": 0,
    "request_latency": null,
    "prompt_len": null
  }
}