{
  "load_summary": {
    "count": 3300,
    "schedule_delay": {
      "mean": 0.0005590531997608416,
      "min": -0.0015072221867740154,
      "max": 0.09459457732737064,
      "p0.1": -0.0010406671701930464,
      "p1": -0.0007632082933560013,
      "p5": -0.00047082393430173395,
      "p10": -0.0002883431501686573,
      "p25": 3.536080475896597e-05,
      "median": 0.0004146990831941366,
      "p75": 0.0008119099074974656,
      "p90": 0.0011818644125014544,
      "p95": 0.001347322715446353,
      "p99": 0.0018334088055416936,
      "p99.9": 0.052222638455700486
    }
  },
  "successes": {
    "count": 3300,
    "latency": {
      "request_latency": {
        "mean": 86.03556021160249,
        "min": 9.863446813076735,
        "max": 160.14964192919433,
        "p0.1": 14.054833187882323,
        "p1": 16.581136128231883,
        "p5": 28.171065220213496,
        "p10": 34.01061850083061,
        "p25": 52.89989284519106,
        "median": 84.53367571579292,
        "p75": 119.98422061244491,
        "p90": 146.66315699010153,
        "p95": 158.004208050156,
        "p99": 159.74398560247383,
        "p99.9": 160.00626728923015
      },
      "normalized_time_per_output_token": {
        "mean": 0.04300031941183617,
        "min": 0.004926796609928439,
        "max": 0.11480582457853132,
        "p0.1": 0.007024261390666662,
        "p1": 0.0082864660918774,
        "p5": 0.014085780945496592,
        "p10": 0.0169651722866817,
        "p25": 0.026439940204717894,
        "median": 0.04226071206283619,
        "p75": 0.059977128320141876,
        "p90": 0.07331889001303295,
        "p95": 0.0789539173641954,
        "p99": 0.07984136429223686,
        "p99.9": 0.07999050319752242
      },
      "time_per_output_token": {
        "mean": 0.03247988473050473,
        "min": 0.004803145335007167,
        "max": 0.0476877044935245,
        "p0.1": 0.006479763313808658,
        "p1": 0.008168964065113105,
        "p5": 0.013845975833851845,
        "p10": 0.016794146647886372,
        "p25": 0.025850503494963047,
        "median": 0.033812295335694215,
        "p75": 0.04023596197151347,
        "p90": 0.045183117287233475,
        "p95": 0.04678791217518737,
        "p99": 0.0476335171011975,
        "p99.9": 0.047683436346866656
      },
      "time_to_first_token": {
        "mean": 21.062799453923027,
        "min": 0.0342637081630528,
        "max": 95.86067217495292,
        "p0.1": 0.03802969270152971,
        "p1": 0.05675657576415688,
        "p5": 0.09718586287926884,
        "p10": 0.2429243731312454,
        "p25": 0.7618701780447736,
        "median": 10.189457676606253,
        "p75": 35.16102985944599,
        "p90": 60.50611369302495,
        "p95": 76.25450201288331,
        "p99": 91.55069383512247,
        "p99.9": 95.44161943781656
      },
      "inter_token_latency": {
        "mean": 0.03248031231890819,
        "min": 5.332287400960922e-06,
        "max": 0.187912882771343,
        "p0.1": 1.0474934242665768e-05,
        "p1": 0.005995770916342735,
        "p5": 0.011115306755527854,
        "p10": 0.014740741578862071,
        "p25": 0.02283969463314861,
        "median": 0.0333663010969758,
        "p75": 0.042232876061461866,
        "p90": 0.047394587425515056,
        "p95": 0.050218090298585594,
        "p99": 0.06281565048266202,
        "p99.9": 0.1151567847700802
      }
    },
    "throughput": {
      "input_tokens_per_sec": 6740.560518096149,
      "output_tokens_per_sec": 6350.7136050712925,
      "total_tokens_per_sec": 13091.274123167443,
      "requests_per_sec": 3.173576233930458
    },
    "prompt_len": {
      "mean": 2123.9636363636364,
      "min": 2087.0,
      "max": 2177.0,
      "p0.1": 2088.0,
      "p1": 2095.0,
      "p5": 2102.0,
      "p10": 2107.0,
      "p25": 2115.0,
      "median": 2124.0,
      "p75": 2133.0,
      "p90": 2142.0,
      "p95": 2147.0,
      "p99": 2154.0199999999995,
      "p99.9": 2168.0
    },
    "output_len": {
      "mean": 2001.122121212121,
      "min": 1381.0,
      "max": 2888.0,
      "p0.1": 1982.299,
      "p1": 1994.0,
      "p5": 1998.0,
      "p10": 1999.0,
      "p25": 2000.0,
      "median": 2001.0,
      "p75": 2002.0,
      "p90": 2003.0,
      "p95": 2005.0,
      "p99": 2008.0,
      "p99.9": 2012.7010000000005
    }
  },
  "failures": {
    "count": 0,
    "request_latency": null,
    "prompt_len": null
  }
}