{
  "load_summary": {
    "count": 100,
    "schedule_delay": {
      "mean": 0.0005315024545416236,
      "min": -0.0006867102347314358,
      "max": 0.001993195153772831,
      "p0.1": -0.0006818674728274345,
      "p1": -0.0006382826156914234,
      "p5": -0.0005511512514203787,
      "p10": -0.00020031905733048912,
      "p25": 9.753764607012272e-05,
      "median": 0.0005645540077239275,
      "p75": 0.0009698907379060984,
      "p90": 0.001195189310237766,
      "p95": 0.0013787464005872605,
      "p99": 0.0015740875061601423,
      "p99.9": 0.0019512843890115662
    },
    "send_duration": 17.959249913226813,
    "requested_rate": 5.0,
    "achieved_rate": 5.568161280853437
  },
  "successes": {
    "count": 100,
    "latency": {
      "request_latency": {
        "mean": 8.786854862375185,
        "min": 6.630947553087026,
        "max": 11.955656600184739,
        "p0.1": 6.631142719093244,
        "p1": 6.632899213149212,
        "p5": 7.513346500881016,
        "p10": 7.733802999090403,
        "p25": 8.006218364229426,
        "median": 8.714889316353947,
        "p75": 9.256445096689276,
        "p90": 10.028385690739379,
        "p95": 11.383417363418266,
        "p99": 11.708953644074501,
        "p99.9": 11.930986304573718
      },
      "normalized_time_per_output_token": {
        "mean": 0.008729353542952168,
        "min": 0.0008703597883463136,
        "max": 0.011991631494668744,
        "p0.1": 0.0014401971400910718,
        "p1": 0.006568733305793895,
        "p5": 0.007520155392028391,
        "p10": 0.0077415445436340375,
        "p25": 0.008033695894719077,
        "median": 0.008734185564323869,
        "p75": 0.009274995086863002,
        "p90": 0.010075733119426297,
        "p95": 0.011370895392720494,
        "p99": 0.011808043713180515,
        "p99.9": 0.011973272716519923
      },
      "time_per_output_token": {
        "mean": 0.00847485481192415,
        "min": 0.006456786165945232,
        "max": 0.011532364428974689,
        "p0.1": 0.006464247865531594,
        "p1": 0.006531403161808849,
        "p5": 0.007169325201282789,
        "p10": 0.007339529344951735,
        "p25": 0.0077689697011373935,
        "median": 0.008264357208972797,
        "p75": 0.008942977872793563,
        "p90": 0.0095204962477088,
        "p95": 0.010982868477539159,
        "p99": 0.011428956204452551,
        "p99.9": 0.011522023606522476
      },
      "time_to_first_token": {
        "mean": 0.2838611862529069,
        "min": 0.04937621019780636,
        "max": 0.8277659388259053,
        "p0.1": 0.04948729568207637,
        "p1": 0.05048706504050642,
        "p5": 0.06673198356293142,
        "p10": 0.07053819610737264,
        "p25": 0.148236668901518,
        "median": 0.20231811236590147,
        "p75": 0.44639105920214206,
        "p90": 0.45777986976318064,
        "p95": 0.5022497752448543,
        "p99": 0.779446432758123,
        "p99.9": 0.8229339882191276
      },
      "inter_token_latency": {
        "mean": 0.008474888892578393,
        "min": 5.558133125305176e-06,
        "max": 0.4312638221308589,
        "p0.1": 6.531762424856424e-06,
        "p1": 0.004672830137424171,
        "p5": 0.00629563769325614,
        "p10": 0.0064707033336162565,
        "p25": 0.007472434896044433,
        "median": 0.007754210149869323,
        "p75": 0.008196520851925015,
        "p90": 0.00918662897311151,
        "p95": 0.010343126021325586,
        "p99": 0.012177458885125787,
        "p99.9": 0.34192473030602577
      }
    },
    "throughput": {
      "input_tokens_per_sec": 29323.35232738862,
      "output_tokens_per_sec": 4175.91200563194,
      "total_tokens_per_sec": 33499.26433302056,
      "requests_per_sec": 3.8854367539096537
    },
    "prompt_len": {
      "mean": 7546.99,
      "min": 7486.0,
      "max": 7621.0,
      "p0.1": 7486.297,
      "p1": 7488.97,
      "p5": 7503.95,
      "p10": 7510.9,
      "p25": 7527.0,
      "median": 7546.5,
      "p75": 7568.0,
      "p90": 7584.1,
      "p95": 7597.1,
      "p99": 7612.09,
      "p99.9": 7620.109
    },
    "output_len": {
      "mean": 1074.76,
      "min": 989.0,
      "max": 8569.0,
      "p0.1": 989.297,
      "p1": 991.97,
      "p5": 994.95,
      "p10": 996.0,
      "p25": 997.75,
      "median": 999.0,
      "p75": 1001.0,
      "p90": 1003.0,
      "p95": 1004.0,
      "p99": 1080.6400000000388,
      "p99.9": 7820.164000000079
    }
  },
  "failures": {
    "count": 0,
    "request_latency": null,
    "prompt_len": null
  }
}