{
  "load_summary": {
    "count": 1350,
    "schedule_delay": {
      "mean": 0.00044263242502455357,
      "min": -0.0011490262113511562,
      "max": 0.0464228973723948,
      "p0.1": -0.0010498730591498315,
      "p1": -0.0007940176641568541,
      "p5": -0.0004314891062676906,
      "p10": -0.0002869429066777229,
      "p25": -1.0862713679671288e-05,
      "median": 0.0003523649647831917,
      "p75": 0.0007266493048518896,
      "p90": 0.0010692495387047535,
      "p95": 0.0012271444313228129,
      "p99": 0.0017056346498429775,
      "p99.9": 0.03436326191621125
    },
    "send_duration": 29.123571736272424,
    "requested_rate": 45.0,
    "achieved_rate": 46.35420449884657
  },
  "successes": {
    "count": 1350,
    "latency": {
      "request_latency": {
        "mean": 62.25801534071599,
        "min": 33.631264553405344,
        "max": 126.67746938299388,
        "p0.1": 34.32845639615459,
        "p1": 37.79427147156559,
        "p5": 40.43661165270023,
        "p10": 43.15893395910971,
        "p25": 46.55229102924932,
        "median": 56.37543770764023,
        "p75": 72.98134445538744,
        "p90": 99.269685812993,
        "p95": 108.62743907682598,
        "p99": 124.0666967909038,
        "p99.9": 126.46546580211587
      },
      "normalized_time_per_output_token": {
        "mean": 0.0623562732550672,
        "min": 0.006899388494270098,
        "max": 0.12873726563312385,
        "p0.1": 0.033834164920633035,
        "p1": 0.03769047031838867,
        "p5": 0.040296397949529945,
        "p10": 0.04309209746713014,
        "p25": 0.04667221903287331,
        "median": 0.0564720605078929,
        "p75": 0.07321974785296287,
        "p90": 0.09966788612374225,
        "p95": 0.1087463995213734,
        "p99": 0.12408348789399344,
        "p99.9": 0.12705107573338237
      },
      "time_per_output_token": {
        "mean": 0.052766200404306865,
        "min": 0.014843630198854953,
        "max": 0.09776058233529329,
        "p0.1": 0.014911310109759681,
        "p1": 0.02180678089126479,
        "p5": 0.02866193931829184,
        "p10": 0.03885124577190727,
        "p25": 0.04454733161892098,
        "median": 0.050327283873061415,
        "p75": 0.05877012095728423,
        "p90": 0.07374495581551456,
        "p95": 0.07702707921217662,
        "p99": 0.07829548966804054,
        "p99.9": 0.09465116038149321
      },
      "time_to_first_token": {
        "mean": 9.502192048562897,
        "min": 0.05349305411800742,
        "max": 100.46817198395729,
        "p0.1": 0.05794639806542545,
        "p1": 0.06778892897535116,
        "p5": 0.11457282095216215,
        "p10": 0.15238382555544377,
        "p25": 0.23688531073275954,
        "median": 0.5219766120426357,
        "p75": 1.7179841628530994,
        "p90": 46.45533257424832,
        "p95": 52.68545991939027,
        "p99": 98.35759428115561,
        "p99.9": 100.32335251505766
      },
      "inter_token_latency": {
        "mean": 0.052771960398646026,
        "min": 5.397014319896698e-06,
        "max": 38.39929710095748,
        "p0.1": 6.2117772176861765e-06,
        "p1": 3.8010976277291834e-05,
        "p5": 0.021331285475753248,
        "p10": 0.026065097888931632,
        "p25": 0.03858356224372983,
        "median": 0.04183739563450217,
        "p75": 0.04656498855911195,
        "p90": 0.07074989867396653,
        "p95": 0.07492578879464418,
        "p99": 0.4221748317824677,
        "p99.9": 0.4817572936671809
      }
    },
    "throughput": {
      "input_tokens_per_sec": 67462.51431913754,
      "output_tokens_per_sec": 8971.61112411277,
      "total_tokens_per_sec": 76434.12544325032,
      "requests_per_sec": 8.94041899561695
    },
    "prompt_len": {
      "mean": 7545.788888888889,
      "min": 7469.0,
      "max": 7635.0,
      "p0.1": 7474.933,
      "p1": 7494.0,
      "p5": 7508.45,
      "p10": 7516.9,
      "p25": 7530.0,
      "median": 7546.0,
      "p75": 7561.0,
      "p90": 7575.0,
      "p95": 7584.0,
      "p99": 7605.0,
      "p99.9": 7632.557000000001
    },
    "output_len": {
      "mean": 1003.4888888888889,
      "min": 933.0,
      "max": 8554.0,
      "p0.1": 941.094,
      "p1": 980.49,
      "p5": 992.0,
      "p10": 994.0,
      "p25": 996.0,
      "median": 998.0,
      "p75": 1000.0,
      "p90": 1003.0,
      "p95": 1004.0,
      "p99": 1007.0,
      "p99.9": 1008.6510000000001
    }
  },
  "failures": {
    "count": 0,
    "request_latency": null,
    "prompt_len": null
  }
}