{
  "load_summary": {
    "count": 300,
    "schedule_delay": {
      "mean": 0.0008182136947289109,
      "min": -0.0007775775156915188,
      "max": 0.06961571518331766,
      "p0.1": -0.000745276358909905,
      "p1": -0.0005173100717365741,
      "p5": -0.00019975563045591114,
      "p10": -9.214491583406924e-05,
      "p25": 0.0001907901605591178,
      "median": 0.0005318936891853809,
      "p75": 0.0009604342048987746,
      "p90": 0.0012148946058005098,
      "p95": 0.001398432790301741,
      "p99": 0.0033094447432085866,
      "p99.9": 0.049851188376081684
    },
    "send_duration": 22.830484692007303,
    "requested_rate": 15.0,
    "achieved_rate": 13.140325492302257
  },
  "successes": {
    "count": 300,
    "latency": {
      "request_latency": {
        "mean": 18.184485610658303,
        "min": 8.046540851239115,
        "max": 30.521629054564983,
        "p0.1": 8.056812637752854,
        "p1": 8.28378233268857,
        "p5": 9.536183881177568,
        "p10": 10.11412652246654,
        "p25": 12.534772701910697,
        "median": 19.2231737007387,
        "p75": 23.204376713489182,
        "p90": 25.763212833693256,
        "p95": 27.899817627458837,
        "p99": 30.0699822236225,
        "p99.9": 30.515403935068754
      },
      "normalized_time_per_output_token": {
        "mean": 0.018221533503984144,
        "min": 0.008086975729888557,
        "max": 0.0306540796551947,
        "p0.1": 0.008089999546806422,
        "p1": 0.00829224008554541,
        "p5": 0.009535462064334125,
        "p10": 0.010181343736339925,
        "p25": 0.012568239929881046,
        "median": 0.019250695061499148,
        "p75": 0.023195339865720182,
        "p90": 0.025835522181205245,
        "p95": 0.02792651858484121,
        "p99": 0.030160768114927804,
        "p99.9": 0.030651127395836596
      },
      "time_per_output_token": {
        "mean": 0.017798241742449636,
        "min": 0.007784694308880716,
        "max": 0.03031261436501518,
        "p0.1": 0.007791139693419947,
        "p1": 0.007905650435119599,
        "p5": 0.009065052272100003,
        "p10": 0.009769764685677366,
        "p25": 0.011993493560119532,
        "median": 0.018873260455438867,
        "p75": 0.022804987931624054,
        "p90": 0.025242091111931955,
        "p95": 0.027703059096168728,
        "p99": 0.029923211478204467,
        "p99.9": 0.030205958829945895
      },
      "time_to_first_token": {
        "mean": 0.35908000376696386,
        "min": 0.059023387264460325,
        "max": 1.1998795489780605,
        "p0.1": 0.05988999833771959,
        "p1": 0.06468956060241908,
        "p5": 0.07458935992326587,
        "p10": 0.11181364487856627,
        "p25": 0.15971265267580748,
        "median": 0.3920882015954703,
        "p75": 0.4684564934577793,
        "p90": 0.6424047854263337,
        "p95": 0.7460434754611924,
        "p99": 1.0376255095563824,
        "p99.9": 1.1859629643922682
      },
      "inter_token_latency": {
        "mean": 0.017798591518458782,
        "min": 5.373731255531311e-06,
        "max": 0.46221773512661457,
        "p0.1": 5.9730373322963715e-06,
        "p1": 9.654685854911804e-06,
        "p5": 0.007517709024250507,
        "p10": 0.00788268782198429,
        "p25": 0.009906881023198366,
        "median": 0.011570309288799763,
        "p75": 0.019602640997618437,
        "p90": 0.028816018439829356,
        "p95": 0.030148101318627593,
        "p99": 0.05351566553115844,
        "p99.9": 0.41786134297028266
      }
    },
    "throughput": {
      "input_tokens_per_sec": 50062.53985404894,
      "output_tokens_per_sec": 6619.840163420515,
      "total_tokens_per_sec": 56682.380017469455,
      "requests_per_sec": 6.6327297682701865
    },
    "prompt_len": {
      "mean": 7547.803333333333,
      "min": 7486.0,
      "max": 7635.0,
      "p0.1": 7486.0,
      "p1": 7488.98,
      "p5": 7509.95,
      "p10": 7515.9,
      "p25": 7529.75,
      "median": 7546.0,
      "p75": 7565.25,
      "p90": 7580.1,
      "p95": 7587.05,
      "p99": 7615.0599999999995,
      "p99.9": 7632.907
    },
    "output_len": {
      "mean": 998.0566666666666,
      "min": 918.0,
      "max": 1009.0,
      "p0.1": 926.97,
      "p1": 978.96,
      "p5": 992.0,
      "p10": 994.0,
      "p25": 997.0,
      "median": 998.0,
      "p75": 1001.0,
      "p90": 1003.0,
      "p95": 1004.0,
      "p99": 1006.01,
      "p99.9": 1008.402
    }
  },
  "failures": {
    "count": 0,
    "request_latency": null,
    "prompt_len": null
  }
}