{
  "load_summary": {
    "count": 1500,
    "schedule_delay": {
      "mean": 0.0005765135552113254,
      "min": -0.0009576268494129181,
      "max": 0.012674478814005852,
      "p0.1": -0.0009163459208793938,
      "p1": -0.0007101715682074428,
      "p5": -0.0003982668975368142,
      "p10": -0.00019832015968859195,
      "p25": 0.0001216990640386939,
      "median": 0.0005137035623192787,
      "p75": 0.0009343876736238599,
      "p90": 0.0014069572556763893,
      "p95": 0.0016688888659700748,
      "p99": 0.002575758378952741,
      "p99.9": 0.004809904810972722
    },
    "send_duration": 48.22904455661774,
    "requested_rate": 30.0,
    "achieved_rate": 31.101590624278245
  },
  "successes": {
    "count": 1500,
    "latency": {
      "request_latency": {
        "mean": 75.72469861522161,
        "min": 39.383100694045424,
        "max": 113.29530294286087,
        "p0.1": 39.55992758275941,
        "p1": 46.18264736105688,
        "p5": 54.02376964853611,
        "p10": 56.00196155784651,
        "p25": 61.72905107634142,
        "median": 74.16636229911819,
        "p75": 88.17533986235503,
        "p90": 98.1347724963911,
        "p95": 106.28163876449689,
        "p99": 111.68719499321654,
        "p99.9": 113.25060436403845
      },
      "normalized_time_per_output_token": {
        "mean": 0.07586161771848471,
        "min": 0.006715072763159378,
        "max": 0.19404076295093112,
        "p0.1": 0.023117516385157872,
        "p1": 0.04421635000864575,
        "p5": 0.054132033715968045,
        "p10": 0.05603558975348511,
        "p25": 0.06174229988347839,
        "median": 0.07434396584648201,
        "p75": 0.0882468677110531,
        "p90": 0.09829597261444425,
        "p95": 0.10662267246165699,
        "p99": 0.11200856716389289,
        "p99.9": 0.1139890642424734
      },
      "time_per_output_token": {
        "mean": 0.06580207745059052,
        "min": 0.020094782252795994,
        "max": 0.11273704289691523,
        "p0.1": 0.020667722197642083,
        "p1": 0.024386253421325235,
        "p5": 0.03834896642446984,
        "p10": 0.04589102275506593,
        "p25": 0.05543659367144574,
        "median": 0.06304463071399369,
        "p75": 0.07783890177262946,
        "p90": 0.08716696908851154,
        "p95": 0.09351410421212204,
        "p99": 0.10747740306552034,
        "p99.9": 0.11226950262501098
      },
      "time_to_first_token": {
        "mean": 9.890862140294786,
        "min": 0.11510500218719244,
        "max": 83.52876849472523,
        "p0.1": 0.14705051778722555,
        "p1": 0.18922595873009412,
        "p5": 0.38745578720699997,
        "p10": 0.46909368415363134,
        "p25": 0.7127887797541916,
        "median": 1.4074718535412103,
        "p75": 4.299755221698433,
        "p90": 40.413259762478994,
        "p95": 42.33298722920008,
        "p99": 81.66189076539129,
        "p99.9": 83.158114851831
      },
      "inter_token_latency": {
        "mean": 0.06580207745059052,
        "min": 5.454756319522858e-06,
        "max": 34.3424109891057,
        "p0.1": 6.612855941057205e-06,
        "p1": 0.007559729591012001,
        "p5": 0.024146818625740706,
        "p10": 0.03315142369829118,
        "p25": 0.03980317118111998,
        "median": 0.046561519615352154,
        "p75": 0.06389080849476159,
        "p90": 0.07228948031552136,
        "p95": 0.07901659770868719,
        "p99": 0.4666054876474664,
        "p99.9": 0.5311255281502453
      }
    },
    "throughput": {
      "input_tokens_per_sec": 73643.80456327496,
      "output_tokens_per_sec": 9837.075006661484,
      "total_tokens_per_sec": 83480.87956993644,
      "requests_per_sec": 9.759958322634905
    },
    "prompt_len": {
      "mean": 7545.504,
      "min": 7469.0,
      "max": 7635.0,
      "p0.1": 7477.483,
      "p1": 7494.0,
      "p5": 7508.0,
      "p10": 7516.0,
      "p25": 7529.0,
      "median": 7545.5,
      "p75": 7561.0,
      "p90": 7575.0,
      "p95": 7584.0,
      "p99": 7605.0,
      "p99.9": 7631.507000000001
    },
    "output_len": {
      "mean": 1007.9013333333334,
      "min": 545.0,
      "max": 8577.0,
      "p0.1": 942.992,
      "p1": 981.0,
      "p5": 992.0,
      "p10": 994.0,
      "p25": 996.0,
      "median": 998.0,
      "p75": 1001.0,
      "p90": 1003.0,
      "p95": 1004.0,
      "p99": 1006.0,
      "p99.9": 4797.05700000154
    }
  },
  "failures": {
    "count": 0,
    "request_latency": null,
    "prompt_len": null
  }
}