{
  "load_summary": {
    "count": 750,
    "schedule_delay": {
      "mean": 0.0005992658802618583,
      "min": -0.0008819182403385639,
      "max": 0.07672003610059619,
      "p0.1": -0.0008465351760387421,
      "p1": -0.0007229333883151411,
      "p5": -0.00046836864203214645,
      "p10": -0.00028173797763884065,
      "p25": 7.35926441848278e-05,
      "median": 0.00043594464659690857,
      "p75": 0.0008238981245085597,
      "p90": 0.001175547763705254,
      "p95": 0.001408371119759976,
      "p99": 0.0025002459064126003,
      "p99.9": 0.03992849160079355
    },
    "send_duration": 29.60354244709015,
    "requested_rate": 25.0,
    "achieved_rate": 25.334805837526396
  },
  "successes": {
    "count": 750,
    "latency": {
      "request_latency": {
        "mean": 38.95496132159978,
        "min": 12.927384379785508,
        "max": 51.67571910889819,
        "p0.1": 13.020993420993909,
        "p1": 21.1866524477629,
        "p5": 29.024347842717543,
        "p10": 31.81050542425364,
        "p25": 35.37649732967839,
        "median": 39.36545063764788,
        "p75": 43.16844508482609,
        "p90": 45.625053711468354,
        "p95": 47.67341138953343,
        "p99": 50.36630458575673,
        "p99.9": 51.65051291779941
      },
      "normalized_time_per_output_token": {
        "mean": 0.038979737836211996,
        "min": 0.004672546774469607,
        "max": 0.05177134014722128,
        "p0.1": 0.01086511244405488,
        "p1": 0.02022935577682575,
        "p5": 0.029011261243722573,
        "p10": 0.03178942006368122,
        "p25": 0.03543990844038176,
        "median": 0.039481924891955095,
        "p75": 0.04328536071789188,
        "p90": 0.04579116423947037,
        "p95": 0.047610957380943,
        "p99": 0.05034736867823931,
        "p99.9": 0.051752028642950504
      },
      "time_per_output_token": {
        "mean": 0.038363619905724164,
        "min": 0.012760367628186942,
        "max": 0.051208710307255385,
        "p0.1": 0.012780553991433232,
        "p1": 0.019887788291955366,
        "p5": 0.0278980366812275,
        "p10": 0.031073311505513266,
        "p25": 0.0350401367682498,
        "median": 0.03873758839513175,
        "p75": 0.042741805928293616,
        "p90": 0.04526901436382905,
        "p95": 0.04725359514968004,
        "p99": 0.04973618534245994,
        "p99.9": 0.0509747338506589
      },
      "time_to_first_token": {
        "mean": 0.5826506294893722,
        "min": 0.050838991068303585,
        "max": 19.707710847258568,
        "p0.1": 0.058663937183097,
        "p1": 0.0653803670592606,
        "p5": 0.10055202101357281,
        "p10": 0.13254327680915595,
        "p25": 0.21022882719989866,
        "median": 0.42412689607590437,
        "p75": 0.6179196940502152,
        "p90": 0.9025011541787535,
        "p95": 1.0909238415770224,
        "p99": 1.696238540727643,
        "p99.9": 19.312941747394902
      },
      "inter_token_latency": {
        "mean": 0.03836624410593118,
        "min": 5.424953997135162e-06,
        "max": 10.439057369716465,
        "p0.1": 6.024515721946954e-06,
        "p1": 1.0281563736498355e-05,
        "p5": 0.009643074264749885,
        "p10": 0.01242456831969321,
        "p25": 0.030129085760563612,
        "median": 0.03342753276228905,
        "p75": 0.038813648046925664,
        "p90": 0.04101512306369841,
        "p95": 0.0422602092847228,
        "p99": 0.38186225021723663,
        "p99.9": 0.47339256847975786
      }
    },
    "throughput": {
      "input_tokens_per_sec": 82201.98274342483,
      "output_tokens_per_sec": 10984.03689133771,
      "total_tokens_per_sec": 93186.01963476255,
      "requests_per_sec": 10.89416727410453
    },
    "prompt_len": {
      "mean": 7545.504,
      "min": 7469.0,
      "max": 7635.0,
      "p0.1": 7481.733,
      "p1": 7494.0,
      "p5": 7508.45,
      "p10": 7516.0,
      "p25": 7529.0,
      "median": 7545.5,
      "p75": 7561.0,
      "p90": 7575.0,
      "p95": 7584.0,
      "p99": 7604.51,
      "p99.9": 7629.7570000000005
    },
    "output_len": {
      "mean": 1008.2493333333333,
      "min": 951.0,
      "max": 8562.0,
      "p0.1": 965.231,
      "p1": 983.49,
      "p5": 991.0,
      "p10": 994.0,
      "p25": 996.0,
      "median": 999.0,
      "p75": 1001.0,
      "p90": 1003.0,
      "p95": 1004.0,
      "p99": 1007.0,
      "p99.9": 2905.55200000068
    }
  },
  "failures": {
    "count": 0,
    "request_latency": null,
    "prompt_len": null
  }
}