{
  "load_summary": {
    "count": 9000,
    "schedule_delay": {
      "mean": 0.0006059446286720534,
      "min": -0.0009669605642557144,
      "max": 0.09928799094632268,
      "p0.1": -0.000878841561730951,
      "p1": -0.0006314311129972339,
      "p5": -0.0003594147739931941,
      "p10": -0.00019017918966710565,
      "p25": 0.0001194654032588005,
      "median": 0.0004872633144259453,
      "p75": 0.0008409513393417001,
      "p90": 0.001166309416294098,
      "p95": 0.0013485886855050906,
      "p99": 0.001713370624929667,
      "p99.9": 0.05060957446321918
    },
    "send_duration": 59.99959363788366,
    "requested_rate": 150.0,
    "achieved_rate": 150.0010159121713
  },
  "successes": {
    "count": 9000,
    "latency": {
      "request_latency": {
        "mean": 71.23773040337116,
        "min": 16.351543835829943,
        "max": 144.75902578793466,
        "p0.1": 19.122510079452766,
        "p1": 25.14320180971641,
        "p5": 35.69844943082426,
        "p10": 43.554073934676126,
        "p25": 52.949807783123106,
        "median": 58.901684707729146,
        "p75": 83.08219915686641,
        "p90": 135.14684226932005,
        "p95": 138.22114211472217,
        "p99": 144.0514493688196,
        "p99.9": 144.48291644276446
      },
      "normalized_time_per_output_token": {
        "mean": 0.14207176797539559,
        "min": 0.032703087671659886,
        "max": 0.2903118259395272,
        "p0.1": 0.03812956052041666,
        "p1": 0.05016052716331928,
        "p5": 0.07106289041278822,
        "p10": 0.08685016902766558,
        "p25": 0.10557203345263716,
        "median": 0.11746797495311082,
        "p75": 0.165900241257344,
        "p90": 0.26970620667651624,
        "p95": 0.27575187930986617,
        "p99": 0.2873844555142557,
        "p99.9": 0.2888353127776757
      },
      "time_per_output_token": {
        "mean": 0.09926087942969,
        "min": 0.03247909094020724,
        "max": 0.1178106445139274,
        "p0.1": 0.037781332253851926,
        "p1": 0.04954576944568194,
        "p5": 0.06540935497661123,
        "p10": 0.07360496026342736,
        "p25": 0.08870283505693077,
        "median": 0.10603163091558963,
        "p75": 0.11274274533707648,
        "p90": 0.11497721241842955,
        "p95": 0.11621507913209497,
        "p99": 0.11700764970095828,
        "p99.9": 0.11748918376093917
      },
      "time_to_first_token": {
        "mean": 21.590210439636838,
        "min": 0.0779461283236742,
        "max": 114.95350860711187,
        "p0.1": 0.1083819860019721,
        "p1": 0.20840179967693984,
        "p5": 0.36276718468870967,
        "p10": 0.4768964579328895,
        "p25": 0.7599152672337368,
        "median": 4.612209448125213,
        "p75": 26.525722269550897,
        "p90": 77.67002600110136,
        "p95": 85.07343398758675,
        "p99": 111.54260609618854,
        "p99.9": 114.52048222221902
      },
      "inter_token_latency": {
        "mean": 0.09926631455236554,
        "min": 5.323905497789383e-06,
        "max": 1.7693220586515963,
        "p0.1": 6.569083780050278e-06,
        "p1": 0.0005327458586543799,
        "p5": 0.03522149110212922,
        "p10": 0.04650727319531143,
        "p25": 0.07459164643660188,
        "median": 0.1021534469909966,
        "p75": 0.11500348697882146,
        "p90": 0.1295793666038662,
        "p95": 0.1512451301328838,
        "p99": 0.3003555718436842,
        "p99.9": 0.6175076171769798
      }
    },
    "throughput": {
      "input_tokens_per_sec": 367159.93160909874,
      "output_tokens_per_sec": 22170.950272461443,
      "total_tokens_per_sec": 389330.8818815602,
      "requests_per_sec": 44.21595385680366
    },
    "prompt_len": {
      "mean": 8303.788555555555,
      "min": 8239.0,
      "max": 8374.0,
      "p0.1": 8243.995,
      "p1": 8248.0,
      "p5": 8262.0,
      "p10": 8272.0,
      "p25": 8287.0,
      "median": 8304.0,
      "p75": 8321.0,
      "p90": 8336.0,
      "p95": 8345.0,
      "p99": 8363.0,
      "p99.9": 8372.002
    },
    "output_len": {
      "mean": 501.4242222222222,
      "min": 467.0,
      "max": 517.0,
      "p0.1": 495.0,
      "p1": 498.0,
      "p5": 500.0,
      "p10": 500.0,
      "p25": 501.0,
      "median": 501.0,
      "p75": 502.0,
      "p90": 503.0,
      "p95": 504.0,
      "p99": 507.0,
      "p99.9": 513.0
    }
  },
  "failures": {
    "count": 0,
    "request_latency": null,
    "prompt_len": null
  }
}