{
  "load_summary": {
    "count": 6000,
    "schedule_delay": {
      "mean": 0.0006345561839019259,
      "min": -0.0009987489320337772,
      "max": 0.09628422651439905,
      "p0.1": -0.0008953184592537582,
      "p1": -0.000635723969899118,
      "p5": -0.00034096252638846634,
      "p10": -0.00017782561480998995,
      "p25": 0.00012739852536469698,
      "median": 0.00048489728942513466,
      "p75": 0.0008423257386311889,
      "p90": 0.001161554735153914,
      "p95": 0.0013417272595688705,
      "p99": 0.001752447225153449,
      "p99.9": 0.050411502045114805
    },
    "send_duration": 59.9947884590365,
    "requested_rate": 100.0,
    "achieved_rate": 100.00868665612023
  },
  "successes": {
    "count": 6000,
    "latency": {
      "request_latency": {
        "mean": 47.48781284776004,
        "min": 12.827442630659789,
        "max": 84.28263068199158,
        "p0.1": 14.256073005682323,
        "p1": 17.0891726649832,
        "p5": 23.697938529867677,
        "p10": 27.955648936051876,
        "p25": 34.770382233778946,
        "median": 42.75993857416324,
        "p75": 58.27819783065934,
        "p90": 80.66057085343637,
        "p95": 82.83693907579872,
        "p99": 83.45459684595465,
        "p99.9": 83.70648546429169
      },
      "normalized_time_per_output_token": {
        "mean": 0.09470618931663974,
        "min": 0.025603677905508562,
        "max": 0.1683100080518052,
        "p0.1": 0.02845523554028408,
        "p1": 0.034110125079806784,
        "p5": 0.04733001769757523,
        "p10": 0.05575719187819179,
        "p25": 0.06933651566372519,
        "median": 0.08530907879933017,
        "p75": 0.11613270437026196,
        "p90": 0.16099861222393663,
        "p95": 0.16508832987005645,
        "p99": 0.16659514320887786,
        "p99.9": 0.1672405309677115
      },
      "time_per_output_token": {
        "mean": 0.08268280977017103,
        "min": 0.0254413188919425,
        "max": 0.11666170940455049,
        "p0.1": 0.02808446899278369,
        "p1": 0.03372667291962542,
        "p5": 0.04670993529637344,
        "p10": 0.05504045371012762,
        "p25": 0.06809874507319182,
        "median": 0.0827975905817002,
        "p75": 0.10113466282119044,
        "p90": 0.1136578099581413,
        "p95": 0.11520271355868318,
        "p99": 0.11643191835247911,
        "p99.9": 0.11662871745037101
      },
      "time_to_first_token": {
        "mean": 6.124270998620273,
        "min": 0.07787611894309521,
        "max": 48.137759615667164,
        "p0.1": 0.09486256103776396,
        "p1": 0.1620755562838167,
        "p5": 0.2520237748976797,
        "p10": 0.313429266680032,
        "p25": 0.44594738306477666,
        "median": 0.5861904039047658,
        "p75": 0.8914358131587505,
        "p90": 29.907108419155705,
        "p95": 31.97852408941835,
        "p99": 45.672607513754656,
        "p99.9": 47.923092076207055
      },
      "inter_token_latency": {
        "mean": 0.08268425480742339,
        "min": 5.293171852827072e-06,
        "max": 0.948578923009336,
        "p0.1": 6.540678441524506e-06,
        "p1": 0.00016070736572146416,
        "p5": 0.029300487786531448,
        "p10": 0.03975254697725177,
        "p25": 0.05900152213871479,
        "median": 0.08125838590785861,
        "p75": 0.10430691996589303,
        "p90": 0.1179025523364544,
        "p95": 0.13011818109080195,
        "p99": 0.21352432548999817,
        "p99.9": 0.4595785817764788
      }
    },
    "throughput": {
      "input_tokens_per_sec": 357426.982696496,
      "output_tokens_per_sec": 21583.051998133997,
      "total_tokens_per_sec": 379010.03469463,
      "requests_per_sec": 43.04373066997326
    },
    "prompt_len": {
      "mean": 8303.8105,
      "min": 8239.0,
      "max": 8374.0,
      "p0.1": 8243.995,
      "p1": 8248.0,
      "p5": 8262.0,
      "p10": 8272.0,
      "p25": 8287.0,
      "median": 8304.0,
      "p75": 8321.0,
      "p90": 8336.0,
      "p95": 8345.0,
      "p99": 8363.0,
      "p99.9": 8372.002000000002
    },
    "output_len": {
      "mean": 501.4215,
      "min": 437.0,
      "max": 517.0,
      "p0.1": 495.997,
      "p1": 498.0,
      "p5": 500.0,
      "p10": 500.0,
      "p25": 501.0,
      "median": 501.0,
      "p75": 502.0,
      "p90": 503.0,
      "p95": 504.0,
      "p99": 507.0,
      "p99.9": 513.0
    }
  },
  "failures": {
    "count": 0,
    "request_latency": null,
    "prompt_len": null
  }
}