{
  "load_summary": {
    "count": 3000,
    "schedule_delay": {
      "mean": 0.0006600570019024114,
      "min": -0.0008758748881518841,
      "max": 0.0786731201224029,
      "p0.1": -0.000812904336489737,
      "p1": -0.0005791735695675016,
      "p5": -0.0003368586068972945,
      "p10": -0.00017577023245394222,
      "p25": 0.00014208070933818817,
      "median": 0.0004890342243015766,
      "p75": 0.0008606733754277229,
      "p90": 0.0011763382237404585,
      "p95": 0.0013857414945960037,
      "p99": 0.0030485613876953524,
      "p99.9": 0.060037404155358784
    },
    "send_duration": 59.974402349907905,
    "requested_rate": 50.0,
    "achieved_rate": 50.021340479512205
  },
  "successes": {
    "count": 3000,
    "latency": {
      "request_latency": {
        "mean": 23.141066679890734,
        "min": 9.50811219215393,
        "max": 38.84291734127328,
        "p0.1": 10.39581180142099,
        "p1": 12.337525655813515,
        "p5": 14.445349056087434,
        "p10": 15.553735741274432,
        "p25": 17.16418113023974,
        "median": 19.25495234434493,
        "p75": 31.140461120870896,
        "p90": 37.220349750854076,
        "p95": 38.27666161523666,
        "p99": 38.70417860371061,
        "p99.9": 38.775353859878614
      },
      "normalized_time_per_output_token": {
        "mean": 0.046152484248569804,
        "min": 0.018902807539073422,
        "max": 0.077530773136274,
        "p0.1": 0.020791582284060122,
        "p1": 0.024625799712202627,
        "p5": 0.028823279732191166,
        "p10": 0.031034238417361026,
        "p25": 0.034259842575328825,
        "median": 0.038402989860660326,
        "p75": 0.06214235219327067,
        "p90": 0.07414216756655234,
        "p95": 0.07633327122873611,
        "p99": 0.07725377255742125,
        "p99.9": 0.07747035216054414
      },
      "time_per_output_token": {
        "mean": 0.04550356827472522,
        "min": 0.018816086648032068,
        "max": 0.07641284762602299,
        "p0.1": 0.02039928865124192,
        "p1": 0.024225156438034027,
        "p5": 0.02830546958479099,
        "p10": 0.030466908344998957,
        "p25": 0.03366957677295431,
        "median": 0.03779717920999974,
        "p75": 0.06120470882207155,
        "p90": 0.07328903379710391,
        "p95": 0.07552014816515147,
        "p99": 0.07629443584324791,
        "p99.9": 0.07638444922889304
      },
      "time_to_first_token": {
        "mean": 0.3643524515971852,
        "min": 0.06910369778051972,
        "max": 1.0908936238847673,
        "p0.1": 0.0849329616734758,
        "p1": 0.12103246666491031,
        "p5": 0.16716490362305195,
        "p10": 0.20167688401415945,
        "p25": 0.28766270482447,
        "median": 0.33546581328846514,
        "p75": 0.43841430032625794,
        "p90": 0.5530259330756963,
        "p95": 0.6037585278507323,
        "p99": 0.7565278331935398,
        "p99.9": 1.0032622706699201
      },
      "inter_token_latency": {
        "mean": 0.04550356827472523,
        "min": 5.176756531000137e-06,
        "max": 0.7756390483118594,
        "p0.1": 5.801208317279816e-06,
        "p1": 7.163733243942261e-06,
        "p5": 0.013130927132442594,
        "p10": 0.02150620622560382,
        "p25": 0.029397490667179227,
        "median": 0.03779255808331072,
        "p75": 0.05750676442403346,
        "p90": 0.07632225537672639,
        "p95": 0.08528748364187778,
        "p99": 0.15564360140357167,
        "p99.9": 0.36205791332014636
      }
    },
    "throughput": {
      "input_tokens_per_sec": 285429.34768237744,
      "output_tokens_per_sec": 17234.615429643014,
      "total_tokens_per_sec": 302663.96311202046,
      "requests_per_sec": 34.373100754176846
    },
    "prompt_len": {
      "mean": 8303.858,
      "min": 8239.0,
      "max": 8374.0,
      "p0.1": 8243.995,
      "p1": 8248.0,
      "p5": 8262.0,
      "p10": 8272.0,
      "p25": 8287.0,
      "median": 8304.0,
      "p75": 8321.0,
      "p90": 8336.0,
      "p95": 8345.0,
      "p99": 8363.0,
      "p99.9": 8372.002
    },
    "output_len": {
      "mean": 501.3983333333333,
      "min": 493.0,
      "max": 512.0,
      "p0.1": 495.999,
      "p1": 499.0,
      "p5": 500.0,
      "p10": 500.0,
      "p25": 501.0,
      "median": 501.0,
      "p75": 502.0,
      "p90": 503.0,
      "p95": 504.0,
      "p99": 507.0,
      "p99.9": 511.0
    }
  },
  "failures": {
    "count": 0,
    "request_latency": null,
    "prompt_len": null
  }
}