{
  "load_summary": {
    "count": 360,
    "schedule_delay": {
      "mean": 0.001077868225466874,
      "min": -0.0006022052839398384,
      "max": 0.008151845075190067,
      "p0.1": -0.0005254927105270326,
      "p1": -0.00020848345942795277,
      "p5": 3.5167043097317216e-05,
      "p10": 0.0002222142182290554,
      "p25": 0.0005513192154467106,
      "median": 0.000971352681517601,
      "p75": 0.0013314558891579509,
      "p90": 0.0017202888149768117,
      "p95": 0.0019764584256336095,
      "p99": 0.00710135669913143,
      "p99.9": 0.00785967268561946
    },
    "send_duration": 59.99267585715279,
    "requested_rate": 6.0,
    "achieved_rate": 6.00073250370075
  },
  "successes": {
    "count": 360,
    "latency": {
      "request_latency": {
        "mean": 19.846800664147466,
        "min": 4.113148981239647,
        "max": 42.33153413981199,
        "p0.1": 4.121881628532894,
        "p1": 4.801372937890701,
        "p5": 5.257243701536209,
        "p10": 6.942536661121994,
        "p25": 8.533523327554576,
        "median": 18.60110542550683,
        "p75": 28.54666337906383,
        "p90": 39.070699474215516,
        "p95": 41.418015294219366,
        "p99": 42.026574701024224,
        "p99.9": 42.27574663377134
      },
      "normalized_time_per_output_token": {
        "mean": 0.03299806534836941,
        "min": 0.006809849306688156,
        "max": 0.07055255689968666,
        "p0.1": 0.0068283855972260474,
        "p1": 0.007957116219071301,
        "p5": 0.008733682226795731,
        "p10": 0.011553559388290379,
        "p25": 0.014194069165874122,
        "median": 0.030950258611492226,
        "p75": 0.04757777229843972,
        "p90": 0.0649024550609625,
        "p95": 0.06888536706356252,
        "p99": 0.06992774492682899,
        "p99.9": 0.0704175887233678
      },
      "time_per_output_token": {
        "mean": 0.03187754066925339,
        "min": 0.007014431736761205,
        "max": 0.06989052738483534,
        "p0.1": 0.007028295424044847,
        "p1": 0.008156434808378635,
        "p5": 0.008650336509514705,
        "p10": 0.01139498744285026,
        "p25": 0.014373169553496327,
        "median": 0.02921348506429543,
        "p75": 0.04334180359251848,
        "p90": 0.06342711113992906,
        "p95": 0.06831355931063691,
        "p99": 0.06938569359084978,
        "p99.9": 0.06988503095389649
      },
      "time_to_first_token": {
        "mean": 0.812405609643449,
        "min": 0.07204355904832482,
        "max": 7.931853036861867,
        "p0.1": 0.07308273613452912,
        "p1": 0.07781485214363784,
        "p5": 0.08722447508480399,
        "p10": 0.09164429511874914,
        "p25": 0.11269868281669915,
        "median": 0.27327903523109853,
        "p75": 0.8162020194577053,
        "p90": 1.779783931281418,
        "p95": 4.191884720069356,
        "p99": 7.107186436913927,
        "p99.9": 7.812614650119568
      },
      "inter_token_latency": {
        "mean": 0.03205415201403617,
        "min": 6.058253347873688e-06,
        "max": 0.9468051907606423,
        "p0.1": 1.0736356023699046e-05,
        "p1": 0.0010565841104835272,
        "p5": 0.004904985288158087,
        "p10": 0.008029018295928836,
        "p25": 0.009854619740508497,
        "median": 0.015060988487675786,
        "p75": 0.022568227141164243,
        "p90": 0.03479687557555735,
        "p95": 0.050906346319243304,
        "p99": 0.595253863884136,
        "p99.9": 0.7821504789981991
      }
    },
    "throughput": {
      "input_tokens_per_sec": 67010.78279490602,
      "output_tokens_per_sec": 2588.284773363073,
      "total_tokens_per_sec": 69599.06756826908,
      "requests_per_sec": 4.303388177748813
    },
    "prompt_len": {
      "mean": 15571.633333333333,
      "min": 15488.0,
      "max": 15654.0,
      "p0.1": 15488.359,
      "p1": 15504.18,
      "p5": 15515.95,
      "p10": 15523.0,
      "p25": 15549.0,
      "median": 15574.0,
      "p75": 15595.0,
      "p90": 15613.0,
      "p95": 15622.05,
      "p99": 15637.41,
      "p99.9": 15653.641
    },
    "output_len": {
      "mean": 601.4527777777778,
      "min": 593.0,
      "max": 608.0,
      "p0.1": 594.795,
      "p1": 599.0,
      "p5": 600.0,
      "p10": 600.0,
      "p25": 601.0,
      "median": 601.0,
      "p75": 602.0,
      "p90": 603.0,
      "p95": 604.0,
      "p99": 605.4100000000001,
      "p99.9": 607.6410000000001
    }
  },
  "failures": {
    "count": 0,
    "request_latency": null,
    "prompt_len": null
  }
}