{
  "load_summary": {
    "count": 180,
    "schedule_delay": {
      "mean": 0.0015809220106651385,
      "min": -0.0005882717669010162,
      "max": 0.00804764311760664,
      "p0.1": -0.0005424119927920401,
      "p1": -0.00011553742457181214,
      "p5": 0.00033473141957074404,
      "p10": 0.0005604882258921862,
      "p25": 0.0009755134815350175,
      "median": 0.0014017834328114986,
      "p75": 0.0018967422656714916,
      "p90": 0.0023442899808287622,
      "p95": 0.0026158027118071896,
      "p99": 0.007691563768312338,
      "p99.9": 0.008034398183692249
    },
    "send_duration": 59.98382524587214,
    "requested_rate": 3.0,
    "achieved_rate": 3.0008089557840747
  },
  "successes": {
    "count": 180,
    "latency": {
      "request_latency": {
        "mean": 11.176547142043193,
        "min": 2.0079218996688724,
        "max": 25.819680796004832,
        "p0.1": 2.0410597268329003,
        "p1": 2.21193891284056,
        "p5": 3.0645710333483294,
        "p10": 3.7022676614578813,
        "p25": 4.655180512578227,
        "median": 9.964063418330625,
        "p75": 16.837544523063116,
        "p90": 22.231206146487967,
        "p95": 24.310959443706082,
        "p99": 25.72151870837435,
        "p99.9": 25.814476576142944
      },
      "normalized_time_per_output_token": {
        "mean": 0.018584970642790178,
        "min": 0.0033409682190829824,
        "max": 0.04296119932779506,
        "p0.1": 0.0033961060346637275,
        "p1": 0.0036707653285871834,
        "p5": 0.005098291304637218,
        "p10": 0.006160179137201134,
        "p25": 0.007754469539016367,
        "median": 0.01657914046311252,
        "p75": 0.02803892206506799,
        "p90": 0.03699035964473871,
        "p95": 0.0404406748453632,
        "p99": 0.04272149254141764,
        "p99.9": 0.042932979715415216
      },
      "time_per_output_token": {
        "mean": 0.01767025880951418,
        "min": 0.0031440363639048514,
        "max": 0.04096769697478964,
        "p0.1": 0.003166464153479837,
        "p1": 0.003343138284889761,
        "p5": 0.00496462234752179,
        "p10": 0.005752918630787752,
        "p25": 0.007220722101682827,
        "median": 0.015348034990520702,
        "p75": 0.026478996292523982,
        "p90": 0.03613947338458048,
        "p95": 0.0381374349270188,
        "p99": 0.03992699175101838,
        "p99.9": 0.040781440368427006
      },
      "time_to_first_token": {
        "mean": 0.6468967888374917,
        "min": 0.07527973083779216,
        "max": 2.5630791820585728,
        "p0.1": 0.07546913670189678,
        "p1": 0.07640960148535669,
        "p5": 0.0817841716343537,
        "p10": 0.0878383869305253,
        "p25": 0.15254002262372524,
        "median": 0.46186980209313333,
        "p75": 0.8928190680453554,
        "p90": 1.4574132821522652,
        "p95": 1.8885536611080156,
        "p99": 2.3581151734525347,
        "p99.9": 2.539679204750344
      },
      "inter_token_latency": {
        "mean": 0.01771770527068609,
        "min": 5.620066076517105e-06,
        "max": 0.8964566038921475,
        "p0.1": 1.0661362204700708e-05,
        "p1": 0.0011525900987908245,
        "p5": 0.0033266762970015407,
        "p10": 0.0042521202005445955,
        "p25": 0.005759106250479817,
        "median": 0.008153719361871481,
        "p75": 0.012143776752054691,
        "p90": 0.016899621766060594,
        "p95": 0.025387816689908502,
        "p99": 0.3909127201233059,
        "p99.9": 0.7149255887186156
      }
    },
    "throughput": {
      "input_tokens_per_sec": 41790.08389835329,
      "output_tokens_per_sec": 1614.1693768001464,
      "total_tokens_per_sec": 43404.25327515344,
      "requests_per_sec": 2.68419315279252
    },
    "prompt_len": {
      "mean": 15568.955555555556,
      "min": 15489.0,
      "max": 15651.0,
      "p0.1": 15489.179,
      "p1": 15500.27,
      "p5": 15511.95,
      "p10": 15520.7,
      "p25": 15546.5,
      "median": 15570.0,
      "p75": 15595.0,
      "p90": 15611.2,
      "p95": 15619.15,
      "p99": 15635.42,
      "p99.9": 15648.494
    },
    "output_len": {
      "mean": 601.3611111111111,
      "min": 598.0,
      "max": 611.0,
      "p0.1": 598.179,
      "p1": 599.0,
      "p5": 600.0,
      "p10": 600.0,
      "p25": 601.0,
      "median": 601.0,
      "p75": 602.0,
      "p90": 603.0,
      "p95": 604.0,
      "p99": 605.21,
      "p99.9": 610.1050000000001
    }
  },
  "failures": {
    "count": 0,
    "request_latency": null,
    "prompt_len": null
  }
}