{
  "load_summary": {
    "count": 120,
    "schedule_delay": {
      "mean": 0.0016354197442221144,
      "min": -7.226970046758652e-05,
      "max": 0.007256031967699528,
      "p0.1": -5.860701110213995e-05,
      "p1": 4.6189958229660985e-05,
      "p5": 0.00039111543446779257,
      "p10": 0.0006180775817483664,
      "p25": 0.001119818538427353,
      "median": 0.0015919085126370192,
      "p75": 0.002067257300950587,
      "p90": 0.002577633177861571,
      "p95": 0.0027459336444735525,
      "p99": 0.005876443949528047,
      "p99.9": 0.0071708161253482205
    },
    "send_duration": 59.70698404870927,
    "requested_rate": 2.0,
    "achieved_rate": 2.0098151315448014
  },
  "successes": {
    "count": 120,
    "latency": {
      "request_latency": {
        "mean": 7.371051626613674,
        "min": 1.956878846976906,
        "max": 14.97145911399275,
        "p0.1": 1.974438079292886,
        "p1": 2.123023230922408,
        "p5": 3.103493810328655,
        "p10": 3.971177180064842,
        "p25": 4.960322070866823,
        "median": 6.755302598699927,
        "p75": 9.322704933583736,
        "p90": 12.6640376330819,
        "p95": 13.359966338379309,
        "p99": 14.559262232198382,
        "p99.9": 14.934944924333603
      },
      "normalized_time_per_output_token": {
        "mean": 0.012253532629036919,
        "min": 0.0032452385522005077,
        "max": 0.024910913667209236,
        "p0.1": 0.0032750482128378693,
        "p1": 0.0035258731566601234,
        "p5": 0.005139737175779354,
        "p10": 0.006607545696864907,
        "p25": 0.008256880838318529,
        "median": 0.011221429936349728,
        "p75": 0.015511988242235835,
        "p90": 0.021036607363923425,
        "p95": 0.022225847387663263,
        "p99": 0.02422506195041328,
        "p99.9": 0.0248501579439827
      },
      "time_per_output_token": {
        "mean": 0.01126316130060339,
        "min": 0.0028976248937244175,
        "max": 0.024133591907199235,
        "p0.1": 0.0028985255278232156,
        "p1": 0.002907500607874897,
        "p5": 0.004243858130623604,
        "p10": 0.005322707151704814,
        "p25": 0.007321954414538891,
        "median": 0.010426833659654251,
        "p75": 0.014340237171446925,
        "p90": 0.019019353544569094,
        "p95": 0.02105662927832255,
        "p99": 0.023279681262569598,
        "p99.9": 0.02404636615655474
      },
      "time_to_first_token": {
        "mean": 0.6561462907353416,
        "min": 0.07343439618125558,
        "max": 2.4365764842368662,
        "p0.1": 0.0738358707157895,
        "p1": 0.07709393216297031,
        "p5": 0.08235951364040375,
        "p10": 0.09555057813413441,
        "p25": 0.42524966853670776,
        "median": 0.5197719051502645,
        "p75": 0.8184552898164839,
        "p90": 1.3115214080549784,
        "p95": 1.668299291678704,
        "p99": 2.2237135464139284,
        "p99.9": 2.4132128658848844
      },
      "inter_token_latency": {
        "mean": 0.011269605085263179,
        "min": 5.786307156085968e-06,
        "max": 0.8384684310294688,
        "p0.1": 9.564999025315046e-06,
        "p1": 0.000821187593974173,
        "p5": 0.00291576343588531,
        "p10": 0.003603766765445471,
        "p25": 0.005476002697832882,
        "median": 0.005889945197850466,
        "p75": 0.007867703447118402,
        "p90": 0.009722748352214695,
        "p95": 0.01440437987912444,
        "p99": 0.04133020698092879,
        "p99.9": 0.6453324486915953
      }
    },
    "throughput": {
      "input_tokens_per_sec": 28153.472151856527,
      "output_tokens_per_sec": 1087.9668422394761,
      "total_tokens_per_sec": 29241.438994096003,
      "requests_per_sec": 1.808330277833388
    },
    "prompt_len": {
      "mean": 15568.766666666666,
      "min": 15490.0,
      "max": 15651.0,
      "p0.1": 15492.023,
      "p1": 15507.38,
      "p5": 15516.0,
      "p10": 15522.8,
      "p25": 15543.0,
      "median": 15568.5,
      "p75": 15595.75,
      "p90": 15615.0,
      "p95": 15622.05,
      "p99": 15636.62,
      "p99.9": 15649.334
    },
    "output_len": {
      "mean": 601.6416666666667,
      "min": 597.0,
      "max": 611.0,
      "p0.1": 597.119,
      "p1": 598.0,
      "p5": 599.95,
      "p10": 600.0,
      "p25": 601.0,
      "median": 601.0,
      "p75": 602.0,
      "p90": 604.0,
      "p95": 605.0,
      "p99": 607.81,
      "p99.9": 610.643
    }
  },
  "failures": {
    "count": 0,
    "request_latency": null,
    "prompt_len": null
  }
}