{
  "load_summary": {
    "count": 60,
    "schedule_delay": {
      "mean": 0.0031729193404316904,
      "min": 0.0008476465009152889,
      "max": 0.025776374619454145,
      "p0.1": 0.000849155648611486,
      "p1": 0.0008627379778772592,
      "p5": 0.0011769347824156285,
      "p10": 0.0012636716477572919,
      "p25": 0.0015679121715947986,
      "median": 0.0019753091037273407,
      "p75": 0.0023839162895455956,
      "p90": 0.007369802612811328,
      "p95": 0.008236384415067724,
      "p99": 0.021735411183908558,
      "p99.9": 0.025372278275899655
    },
    "send_duration": 59.68994311988354,
    "requested_rate": 1.0,
    "achieved_rate": 1.005194457624021
  },
  "successes": {
    "count": 60,
    "latency": {
      "request_latency": {
        "mean": 8.250050262749816,
        "min": 2.2098405370488763,
        "max": 18.558518248144537,
        "p0.1": 2.2101378191714174,
        "p1": 2.2128133582742886,
        "p5": 2.6139552123378964,
        "p10": 2.869446070306003,
        "p25": 3.6533592973137274,
        "median": 7.113007022999227,
        "p75": 11.073044479941018,
        "p90": 16.126499121030793,
        "p95": 16.677871297788805,
        "p99": 18.31197773620486,
        "p99.9": 18.533864196950574
      },
      "normalized_time_per_output_token": {
        "mean": 0.013724506665046788,
        "min": 0.0036730998625073763,
        "max": 0.03087939808343517,
        "p0.1": 0.0036733263910618433,
        "p1": 0.003675365148052046,
        "p5": 0.004341767821136865,
        "p10": 0.004763282437634426,
        "p25": 0.006081545569660385,
        "median": 0.01185501170499871,
        "p75": 0.01835476847519663,
        "p90": 0.026841876859121306,
        "p95": 0.027796452162981343,
        "p99": 0.03046918092546566,
        "p99.9": 0.030838376367638226
      },
      "time_per_output_token": {
        "mean": 0.011372025819985884,
        "min": 0.0028960921670831805,
        "max": 0.028720334593150106,
        "p0.1": 0.002896115583196781,
        "p1": 0.002896326328219185,
        "p5": 0.002897733604051446,
        "p10": 0.0029576025904790196,
        "p25": 0.004288840446079944,
        "median": 0.009789562969313582,
        "p75": 0.01644937682848506,
        "p90": 0.022731741667856492,
        "p95": 0.024386155021511972,
        "p99": 0.027510596560542017,
        "p99.9": 0.028599360789889318
      },
      "time_to_first_token": {
        "mean": 1.4172998813524222,
        "min": 0.42128248792141676,
        "max": 2.9904441642574966,
        "p0.1": 0.4213962901858613,
        "p1": 0.42242051056586205,
        "p5": 0.43792033109348266,
        "p10": 0.4638669710606337,
        "p25": 1.0771103678271174,
        "median": 1.308694744715467,
        "p75": 1.9992967462167144,
        "p90": 2.351685438025743,
        "p95": 2.685372384334914,
        "p99": 2.9414661983819674,
        "p99.9": 2.9855463676699445
      },
      "inter_token_latency": {
        "mean": 0.01136683790215734,
        "min": 5.776993930339813e-06,
        "max": 1.186889291740954,
        "p0.1": 1.1803096160292625e-05,
        "p1": 0.0022428945545107126,
        "p5": 0.002847941918298602,
        "p10": 0.002919556759297848,
        "p25": 0.0034585718531161547,
        "median": 0.0055233086459338665,
        "p75": 0.00710194674320519,
        "p90": 0.008158075343817473,
        "p95": 0.011277756141498643,
        "p99": 0.3578215830307453,
        "p99.9": 0.6926583571155868
      }
    },
    "throughput": {
      "input_tokens_per_sec": 14365.64780713735,
      "output_tokens_per_sec": 554.8012362008769,
      "total_tokens_per_sec": 14920.449043338227,
      "requests_per_sec": 0.9225928929922291
    },
    "prompt_len": {
      "mean": 15570.95,
      "min": 15490.0,
      "max": 15637.0,
      "p0.1": 15491.298,
      "p1": 15502.98,
      "p5": 15515.85,
      "p10": 15522.5,
      "p25": 15546.25,
      "median": 15571.5,
      "p75": 15602.5,
      "p90": 15613.2,
      "p95": 15622.2,
      "p99": 15635.82,
      "p99.9": 15636.882
    },
    "output_len": {
      "mean": 601.35,
      "min": 598.0,
      "max": 607.0,
      "p0.1": 598.059,
      "p1": 598.59,
      "p5": 599.95,
      "p10": 600.0,
      "p25": 601.0,
      "median": 601.0,
      "p75": 602.0,
      "p90": 603.0,
      "p95": 603.05,
      "p99": 605.23,
      "p99.9": 606.823
    }
  },
  "failures": {
    "count": 0,
    "request_latency": null,
    "prompt_len": null
  }
}