{
  "load_summary": {
    "count": 300,
    "schedule_delay": {
      "mean": 0.0017624355371420582,
      "min": -0.0006560566835105419,
      "max": 0.09861238114535809,
      "p0.1": -0.00048523664800450205,
      "p1": -4.9746595323085785e-05,
      "p5": 0.00022697311360388994,
      "p10": 0.0003737634047865868,
      "p25": 0.0007042981451377273,
      "median": 0.0010917442850768566,
      "p75": 0.0014482151018455625,
      "p90": 0.0017842250876128679,
      "p95": 0.0021521762246266007,
      "p99": 0.007578886193223294,
      "p99.9": 0.09348244217596985
    },
    "send_duration": 59.8860590942204,
    "requested_rate": 5.0,
    "achieved_rate": 5.009513141080158
  },
  "successes": {
    "count": 300,
    "latency": {
      "request_latency": {
        "mean": 13.56829226820264,
        "min": 2.458619048818946,
        "max": 31.280675515066832,
        "p0.1": 2.7009550126274116,
        "p1": 4.078902075849474,
        "p5": 4.878903574449941,
        "p10": 5.7798935378436,
        "p25": 6.85827726800926,
        "median": 11.624139436986297,
        "p75": 15.87465454696212,
        "p90": 27.80763842551969,
        "p95": 29.218822097522207,
        "p99": 30.14322342573199,
        "p99.9": 31.22263060727716
      },
      "normalized_time_per_output_token": {
        "mean": 0.02256527944074041,
        "min": 0.004084084798702568,
        "max": 0.05204771300343899,
        "p0.1": 0.00447591878944385,
        "p1": 0.0067756891465760895,
        "p5": 0.008117975997420868,
        "p10": 0.009605919721749479,
        "p25": 0.011416153769769486,
        "median": 0.019325412158629582,
        "p75": 0.0263571130112716,
        "p90": 0.04623128052077563,
        "p95": 0.04863629700610301,
        "p99": 0.050152581161985246,
        "p99.9": 0.05192544195031989
      },
      "time_per_output_token": {
        "mean": 0.02218983753766471,
        "min": 0.003958208314399524,
        "max": 0.05129964726117488,
        "p0.1": 0.004429193919526235,
        "p1": 0.006657509813171831,
        "p5": 0.007817788765815386,
        "p10": 0.009344497872760902,
        "p25": 0.011246961240428734,
        "median": 0.018954238327683365,
        "p75": 0.026122771219953017,
        "p90": 0.04541017982686707,
        "p95": 0.048451117260294364,
        "p99": 0.0496528965094356,
        "p99.9": 0.05112667593150752
      },
      "time_to_first_token": {
        "mean": 0.3700816494241978,
        "min": 0.07335735810920596,
        "max": 2.1291998461820185,
        "p0.1": 0.07421571268187836,
        "p1": 0.07808491441421211,
        "p5": 0.08649092940613627,
        "p10": 0.09010347607545555,
        "p25": 0.10431718663312495,
        "median": 0.19858135841786861,
        "p75": 0.464854356716387,
        "p90": 0.8546541579999033,
        "p95": 1.1172140908893202,
        "p99": 1.930339210159145,
        "p99.9": 2.0827273160289077
      },
      "inter_token_latency": {
        "mean": 0.02227443938252038,
        "min": 5.884096026420593e-06,
        "max": 0.699753075838089,
        "p0.1": 9.943272918462753e-06,
        "p1": 0.000998052004724741,
        "p5": 0.0034965104423463345,
        "p10": 0.005875228904187679,
        "p25": 0.008737168274819851,
        "median": 0.011526221875101328,
        "p75": 0.01627032784745097,
        "p90": 0.02685850253328681,
        "p95": 0.038651912938803434,
        "p99": 0.3971290461346507,
        "p99.9": 0.6576432058624925
      }
    },
    "throughput": {
      "input_tokens_per_sec": 64357.92760032491,
      "output_tokens_per_sec": 2485.414361200628,
      "total_tokens_per_sec": 66843.34196152554,
      "requests_per_sec": 4.133012069155789
    },
    "prompt_len": {
      "mean": 15571.676666666666,
      "min": 15489.0,
      "max": 15654.0,
      "p0.1": 15489.299,
      "p1": 15505.97,
      "p5": 15514.95,
      "p10": 15522.9,
      "p25": 15548.0,
      "median": 15574.0,
      "p75": 15596.0,
      "p90": 15613.0,
      "p95": 15623.0,
      "p99": 15638.13,
      "p99.9": 15653.701000000001
    },
    "output_len": {
      "mean": 601.3566666666667,
      "min": 594.0,
      "max": 609.0,
      "p0.1": 594.897,
      "p1": 598.0,
      "p5": 600.0,
      "p10": 600.0,
      "p25": 601.0,
      "median": 601.0,
      "p75": 602.0,
      "p90": 603.0,
      "p95": 604.0,
      "p99": 606.01,
      "p99.9": 608.402
    }
  },
  "failures": {
    "count": 0,
    "request_latency": null,
    "prompt_len": null
  }
}