{
  "load_summary": {
    "count": 240,
    "schedule_delay": {
      "mean": 0.0012782548379618674,
      "min": -0.0005195951089262962,
      "max": 0.007890721783041954,
      "p0.1": -0.0005014456612989306,
      "p1": -0.0001745246024802327,
      "p5": 0.00018680780194699765,
      "p10": 0.00038858726620674135,
      "p25": 0.0006719696102663875,
      "median": 0.0010795500129461288,
      "p75": 0.0015264723915606737,
      "p90": 0.0020061574410647153,
      "p95": 0.002393493358977139,
      "p99": 0.007043190877884623,
      "p99.9": 0.0077108111181296585
    },
    "send_duration": 59.87750840978697,
    "requested_rate": 4.0,
    "achieved_rate": 4.008182811440632
  },
  "successes": {
    "count": 240,
    "latency": {
      "request_latency": {
        "mean": 12.515319971486072,
        "min": 2.2985112853348255,
        "max": 28.984768935013562,
        "p0.1": 2.3400561487809757,
        "p1": 2.5664256585249676,
        "p5": 3.4966105923755095,
        "p10": 4.10989302508533,
        "p25": 6.09096388227772,
        "median": 8.686095877783373,
        "p75": 18.917460994794965,
        "p90": 26.324450987949966,
        "p95": 27.706661476753652,
        "p99": 28.763757307566703,
        "p99.9": 28.955437212137042
      },
      "normalized_time_per_output_token": {
        "mean": 0.020818441218626655,
        "min": 0.003830852142224709,
        "max": 0.048227568943450184,
        "p0.1": 0.00389034293673659,
        "p1": 0.004270258999209597,
        "p5": 0.005800108898115989,
        "p10": 0.006828218329613792,
        "p25": 0.010109468911746208,
        "median": 0.01446467203605743,
        "p75": 0.03147664059034104,
        "p90": 0.04383161287623139,
        "p95": 0.04610200864278375,
        "p99": 0.047859829130726624,
        "p99.9": 0.04817876408009491
      },
      "time_per_output_token": {
        "mean": 0.01994411142658761,
        "min": 0.003642493829878697,
        "max": 0.04890461709619183,
        "p0.1": 0.00370707763793442,
        "p1": 0.0040762719012379925,
        "p5": 0.005616943921696977,
        "p10": 0.006821957445104622,
        "p25": 0.009959962453928174,
        "median": 0.014248009341390321,
        "p75": 0.029235159044037572,
        "p90": 0.042574123953102325,
        "p95": 0.0460588714517266,
        "p99": 0.04857132194989107,
        "p99.9": 0.04887657161161912
      },
      "time_to_first_token": {
        "mean": 0.6588341940834652,
        "min": 0.07352016028016806,
        "max": 4.519267330411822,
        "p0.1": 0.07353930646833032,
        "p1": 0.07550919143483042,
        "p5": 0.08075595134869218,
        "p10": 0.08282673838548363,
        "p25": 0.0905639590928331,
        "median": 0.22161542670801282,
        "p75": 0.7581763825146481,
        "p90": 1.9088385915849357,
        "p95": 2.5115867650834747,
        "p99": 4.142806871943172,
        "p99.9": 4.468774530417757
      },
      "inter_token_latency": {
        "mean": 0.020012605397223496,
        "min": 5.5800192058086395e-06,
        "max": 0.8466361458413303,
        "p0.1": 9.530516341328621e-06,
        "p1": 0.0008499977365136147,
        "p5": 0.003994090668857098,
        "p10": 0.005583927314728498,
        "p25": 0.007943927776068449,
        "median": 0.009638542775064707,
        "p75": 0.014755585230886936,
        "p90": 0.019410058110952384,
        "p95": 0.029741796106100078,
        "p99": 0.3941603657975793,
        "p99.9": 0.791414403283969
      }
    },
    "throughput": {
      "input_tokens_per_sec": 51440.95950758643,
      "output_tokens_per_sec": 1986.4740813225983,
      "total_tokens_per_sec": 53427.43358890903,
      "requests_per_sec": 3.30376962508436
    },
    "prompt_len": {
      "mean": 15570.383333333333,
      "min": 15489.0,
      "max": 15654.0,
      "p0.1": 15489.239,
      "p1": 15504.17,
      "p5": 15512.95,
      "p10": 15521.9,
      "p25": 15547.0,
      "median": 15572.0,
      "p75": 15595.25,
      "p90": 15610.1,
      "p95": 15622.0,
      "p99": 15636.22,
      "p99.9": 15653.283
    },
    "output_len": {
      "mean": 601.275,
      "min": 598.0,
      "max": 609.0,
      "p0.1": 598.0,
      "p1": 598.0,
      "p5": 599.95,
      "p10": 600.0,
      "p25": 601.0,
      "median": 601.0,
      "p75": 602.0,
      "p90": 603.0,
      "p95": 604.0,
      "p99": 606.0,
      "p99.9": 608.2830000000001
    }
  },
  "failures": {
    "count": 0,
    "request_latency": null,
    "prompt_len": null
  }
}