{
  "load_summary": {
    "count": 480,
    "schedule_delay": {
      "mean": 0.0010699279101875922,
      "min": -0.0003117644228041172,
      "max": 0.007807156536728144,
      "p0.1": -0.00028643109649419785,
      "p1": -9.654568508267403e-05,
      "p5": 9.383086580783131e-05,
      "p10": 0.0002895043697208166,
      "p25": 0.0006018781568855047,
      "median": 0.0010383357293903828,
      "p75": 0.0013738275738433003,
      "p90": 0.0017634943127632142,
      "p95": 0.0019405547529459,
      "p99": 0.005999466874636694,
      "p99.9": 0.007608414298854798
    },
    "send_duration": 59.843716624658555,
    "requested_rate": 8.0,
    "achieved_rate": 8.020892201775723
  },
  "successes": {
    "count": 480,
    "latency": {
      "request_latency": {
        "mean": 26.936664961026207,
        "min": 3.983018769416958,
        "max": 48.00999852223322,
        "p0.1": 3.9874756305818444,
        "p1": 4.955140735153109,
        "p5": 8.124050887837075,
        "p10": 11.003106281394139,
        "p25": 12.991346662631258,
        "median": 27.281775161623955,
        "p75": 38.75643341883551,
        "p90": 46.158840922638774,
        "p95": 47.77684059101157,
        "p99": 47.951518010413274,
        "p99.9": 47.98859307981003
      },
      "normalized_time_per_output_token": {
        "mean": 0.044681791202073357,
        "min": 0.0018254212900262324,
        "max": 0.07994106059661135,
        "p0.1": 0.004122392504899039,
        "p1": 0.008097502576634823,
        "p5": 0.013422573047950932,
        "p10": 0.018049268108543116,
        "p25": 0.021544898142326137,
        "median": 0.04511915844726275,
        "p75": 0.06432767247104122,
        "p90": 0.07676751311154054,
        "p95": 0.07925550317026321,
        "p99": 0.07979472459587554,
        "p99.9": 0.07991350104362938
      },
      "time_per_output_token": {
        "mean": 0.04276454479945781,
        "min": 0.006598870154150522,
        "max": 0.08109288705048011,
        "p0.1": 0.0065989063299422505,
        "p1": 0.008286855182098044,
        "p5": 0.013438555706121331,
        "p10": 0.018296092590644183,
        "p25": 0.021463415516312263,
        "median": 0.03586293119998813,
        "p75": 0.06411505544725521,
        "p90": 0.07729314084218286,
        "p95": 0.08022979389000935,
        "p99": 0.08097489822648801,
        "p99.9": 0.08108737442742699
      },
      "time_to_first_token": {
        "mean": 1.4786876315367408,
        "min": 0.07918278314173222,
        "max": 10.593217975925654,
        "p0.1": 0.08068091628747061,
        "p1": 0.08476077460683883,
        "p5": 0.09293721937574446,
        "p10": 0.10489594480022789,
        "p25": 0.1275580049259588,
        "median": 0.28232983755879104,
        "p75": 1.547293473733589,
        "p90": 5.6105973426252636,
        "p95": 6.872363025136289,
        "p99": 9.571924158097238,
        "p99.9": 10.590878792450763
      },
      "inter_token_latency": {
        "mean": 0.04282858997624249,
        "min": 6.495043635368347e-06,
        "max": 0.9534214292652905,
        "p0.1": 1.2078782543540001e-05,
        "p1": 0.00163524161092937,
        "p5": 0.004513452504761518,
        "p10": 0.009484794223681092,
        "p25": 0.01578997541218996,
        "median": 0.022013160167261958,
        "p75": 0.02631935430690646,
        "p90": 0.04280680795200168,
        "p95": 0.0685284897685051,
        "p99": 0.6240186677267775,
        "p99.9": 0.7256412228471599
      }
    },
    "throughput": {
      "input_tokens_per_sec": 85631.50639215445,
      "output_tokens_per_sec": 3486.843727997139,
      "total_tokens_per_sec": 89118.35012015159,
      "requests_per_sec": 5.49930174452883
    },
    "prompt_len": {
      "mean": 15571.341666666667,
      "min": 15488.0,
      "max": 15654.0,
      "p0.1": 15488.479,
      "p1": 15504.58,
      "p5": 15516.95,
      "p10": 15526.0,
      "p25": 15549.0,
      "median": 15573.0,
      "p75": 15593.25,
      "p90": 15611.0,
      "p95": 15622.05,
      "p99": 15650.21,
      "p99.9": 15653.521
    },
    "output_len": {
      "mean": 634.0520833333334,
      "min": 598.0,
      "max": 16203.0,
      "p0.1": 598.0,
      "p1": 599.0,
      "p5": 600.0,
      "p10": 600.0,
      "p25": 601.0,
      "median": 601.0,
      "p75": 602.0,
      "p90": 603.0,
      "p95": 604.0,
      "p99": 606.21,
      "p99.9": 8734.91100000112
    }
  },
  "failures": {
    "count": 0,
    "request_latency": null,
    "prompt_len": null
  }
}