{
  "load_summary": {
    "count": 2400,
    "schedule_delay": {
      "mean": 0.0011295898994042848,
      "min": -0.0007724077440798283,
      "max": 0.0726618547923863,
      "p0.1": -0.0006414337619207799,
      "p1": -0.00044600024819374084,
      "p5": -0.0001601188443601131,
      "p10": 7.46152363717556e-06,
      "p25": 0.00030599243473261595,
      "median": 0.0006888378411531448,
      "p75": 0.0010783640900626779,
      "p90": 0.0014906914439052343,
      "p95": 0.0018100850749760858,
      "p99": 0.016360009219497318,
      "p99.9": 0.0325596668818035
    },
    "send_duration": 29.61873728176579,
    "requested_rate": 80.0,
    "achieved_rate": 81.02978790650587
  },
  "successes": {
    "count": 2400,
    "latency": {
      "request_latency": {
        "mean": 10.556950513746706,
        "min": 1.1295983442105353,
        "max": 28.443029169924557,
        "p0.1": 1.4824345992403105,
        "p1": 2.470433736066334,
        "p5": 3.9753978441469373,
        "p10": 4.66162291103974,
        "p25": 6.596346506499685,
        "median": 8.105448883259669,
        "p75": 11.390042976709083,
        "p90": 22.156682844785973,
        "p95": 24.475012107309876,
        "p99": 27.830267823357133,
        "p99.9": 28.256390422191018
      },
      "normalized_time_per_output_token": {
        "mean": 0.052431181520371496,
        "min": 0.000593876137466827,
        "max": 0.1579206864657213,
        "p0.1": 0.007019569852781696,
        "p1": 0.01203123575502103,
        "p5": 0.01970557215597263,
        "p10": 0.02303487758115552,
        "p25": 0.03277097335739168,
        "median": 0.04027147799664274,
        "p75": 0.0568092782822224,
        "p90": 0.11035087935915634,
        "p95": 0.1217437602852967,
        "p99": 0.13826177553527336,
        "p99.9": 0.14079300855518204
      },
      "time_per_output_token": {
        "mean": 0.044829381351458815,
        "min": 0.004862037496688078,
        "max": 0.10263003098079934,
        "p0.1": 0.006775030623035759,
        "p1": 0.011311092496901572,
        "p5": 0.018476818436174654,
        "p10": 0.021625586681291414,
        "p25": 0.03080409404180532,
        "median": 0.03828834041953087,
        "p75": 0.04823448165717745,
        "p90": 0.0885484319687821,
        "p95": 0.09064457327127458,
        "p99": 0.10091535346989983,
        "p99.9": 0.10227841571957338
      },
      "time_to_first_token": {
        "mean": 1.6132822173985186,
        "min": 0.07443291880190372,
        "max": 15.28277135733515,
        "p0.1": 0.07891191910021007,
        "p1": 0.09075246313586831,
        "p5": 0.12652715910226106,
        "p10": 0.15726595739834012,
        "p25": 0.22493103856686503,
        "median": 0.37997174449265003,
        "p75": 0.7429781422251835,
        "p90": 5.718918164446948,
        "p95": 9.55575907716993,
        "p99": 14.03091801937668,
        "p99.9": 15.174549443965315
      },
      "inter_token_latency": {
        "mean": 0.0448937245669072,
        "min": 5.2549876272678375e-06,
        "max": 1.8930002637207508,
        "p0.1": 5.734153091907501e-06,
        "p1": 6.982134655117989e-06,
        "p5": 0.005053805001080037,
        "p10": 0.01069582961499691,
        "p25": 0.016803686157800257,
        "median": 0.021318194223567843,
        "p75": 0.02945246279705316,
        "p90": 0.14629075019620363,
        "p95": 0.20016085524111984,
        "p99": 0.2897226405097172,
        "p99.9": 0.4200716875311922
      }
    },
    "throughput": {
      "input_tokens_per_sec": 582327.6661067985,
      "output_tokens_per_sec": 10332.151003698036,
      "total_tokens_per_sec": 592659.8171104965,
      "requests_per_sec": 50.10195785473475
    },
    "prompt_len": {
      "mean": 11622.8525,
      "min": 11527.0,
      "max": 11731.0,
      "p0.1": 11536.399,
      "p1": 11548.0,
      "p5": 11566.0,
      "p10": 11577.0,
      "p25": 11599.0,
      "median": 11623.0,
      "p75": 11647.0,
      "p90": 11666.0,
      "p95": 11678.05,
      "p99": 11708.0,
      "p99.9": 11720.601
    },
    "output_len": {
      "mean": 206.2225,
      "min": 112.0,
      "max": 11858.0,
      "p0.1": 193.596,
      "p1": 199.0,
      "p5": 200.0,
      "p10": 200.0,
      "p25": 201.0,
      "median": 201.0,
      "p75": 202.0,
      "p90": 203.0,
      "p95": 204.0,
      "p99": 207.0,
      "p99.9": 213.6010000000001
    }
  },
  "failures": {
    "count": 0,
    "request_latency": null,
    "prompt_len": null
  }
}