{
  "load_summary": {
    "count": 300,
    "schedule_delay": {
      "mean": 0.0014858997489015262,
      "min": -0.0005017970688641071,
      "max": 0.09478466864675283,
      "p0.1": -0.00048494016285985706,
      "p1": -0.00027191722299903633,
      "p5": 1.7519923858344555e-05,
      "p10": 0.00014681359753012662,
      "p25": 0.00043810124043375254,
      "median": 0.0007868080865591764,
      "p75": 0.0012190594570711255,
      "p90": 0.0016621242742985488,
      "p95": 0.0022675222018733636,
      "p99": 0.006081276219338157,
      "p99.9": 0.08540947098657557
    },
    "send_duration": 19.99367737211287,
    "requested_rate": 15.0,
    "achieved_rate": 15.004743470475283
  },
  "successes": {
    "count": 300,
    "latency": {
      "request_latency": {
        "mean": 1.9278560648191099,
        "min": 0.7800045637413859,
        "max": 7.4805790558457375,
        "p0.1": 0.7914108959110454,
        "p1": 0.8324864753242582,
        "p5": 1.0189750220626592,
        "p10": 1.0443672455381603,
        "p25": 1.2404905231669545,
        "median": 1.6288139123935252,
        "p75": 2.0993176565971226,
        "p90": 2.9370092052035033,
        "p95": 4.123200446506966,
        "p99": 7.257659006533212,
        "p99.9": 7.473739658414387
      },
      "normalized_time_per_output_token": {
        "mean": 0.00956637751743009,
        "min": 0.0038806197201063978,
        "max": 0.03721681122311312,
        "p0.1": 0.0039373676413484845,
        "p1": 0.00414172375783213,
        "p5": 0.005068975757150278,
        "p10": 0.005191103071067019,
        "p25": 0.0061762635283338935,
        "median": 0.008044650111870132,
        "p75": 0.010530876516418161,
        "p90": 0.014557042936288223,
        "p95": 0.02041188339854934,
        "p99": 0.036281038576826984,
        "p99.9": 0.03718278437022083
      },
      "time_per_output_token": {
        "mean": 0.008181874557779014,
        "min": 0.0034677507213983438,
        "max": 0.03706082243113046,
        "p0.1": 0.0034687244785315766,
        "p1": 0.003477873667406045,
        "p5": 0.00351967195267357,
        "p10": 0.004323770481752284,
        "p25": 0.004955594101350859,
        "median": 0.006596981329255078,
        "p75": 0.009262313930213047,
        "p90": 0.012894769125351202,
        "p95": 0.018832591699431616,
        "p99": 0.03136065082700196,
        "p99.9": 0.03641739127098772
      },
      "time_to_first_token": {
        "mean": 0.280226316464444,
        "min": 0.057516996283084154,
        "max": 1.6071781748905778,
        "p0.1": 0.057931080393958834,
        "p1": 0.0649245185777545,
        "p5": 0.07942808996886015,
        "p10": 0.0893224832136184,
        "p25": 0.12149209121707827,
        "median": 0.310195456026122,
        "p75": 0.3455705367960036,
        "p90": 0.44553137985058194,
        "p95": 0.6547558835474776,
        "p99": 1.196403984162022,
        "p99.9": 1.605723990858067
      },
      "inter_token_latency": {
        "mean": 0.00818504911804322,
        "min": 5.307141691446304e-06,
        "max": 0.6570718279108405,
        "p0.1": 5.707188975065946e-06,
        "p1": 7.412461563944816e-06,
        "p5": 0.0021204356569796807,
        "p10": 0.0034709790255874396,
        "p25": 0.004340578801929951,
        "median": 0.0053724844474345446,
        "p75": 0.007464700611308217,
        "p90": 0.0093255287501961,
        "p95": 0.011073016445152451,
        "p99": 0.11690310684498377,
        "p99.9": 0.36786162510234865
      }
    },
    "throughput": {
      "input_tokens_per_sec": 161299.6590042771,
      "output_tokens_per_sec": 2796.4287172894597,
      "total_tokens_per_sec": 164096.08772156658,
      "requests_per_sec": 13.878287733243527
    },
    "prompt_len": {
      "mean": 11622.446666666667,
      "min": 11544.0,
      "max": 11710.0,
      "p0.1": 11544.299,
      "p1": 11558.93,
      "p5": 11572.95,
      "p10": 11578.0,
      "p25": 11599.0,
      "median": 11624.0,
      "p75": 11644.0,
      "p90": 11662.1,
      "p95": 11673.1,
      "p99": 11706.01,
      "p99.9": 11709.402
    },
    "output_len": {
      "mean": 201.49666666666667,
      "min": 199.0,
      "max": 208.0,
      "p0.1": 199.0,
      "p1": 199.0,
      "p5": 200.0,
      "p10": 200.0,
      "p25": 201.0,
      "median": 201.0,
      "p75": 202.0,
      "p90": 203.0,
      "p95": 204.0,
      "p99": 205.0,
      "p99.9": 208.0
    }
  },
  "failures": {
    "count": 0,
    "request_latency": null,
    "prompt_len": null
  }
}