{
  "load_summary": {
    "count": 2700,
    "schedule_delay": {
      "mean": 0.0009206004659817726,
      "min": -0.0007812022231519222,
      "max": 0.03835295373573899,
      "p0.1": -0.0007397032477892935,
      "p1": -0.0005126301385462284,
      "p5": -0.0001984389964491129,
      "p10": -4.99575864523649e-05,
      "p25": 0.0002934749936684966,
      "median": 0.0006751122418791056,
      "p75": 0.001053564832545817,
      "p90": 0.001412260252982378,
      "p95": 0.0017019636696204532,
      "p99": 0.006709213224239643,
      "p99.9": 0.031264151396695555
    },
    "send_duration": 29.717874850146472,
    "requested_rate": 90.0,
    "achieved_rate": 90.85441047231183
  },
  "successes": {
    "count": 2698,
    "latency": {
      "request_latency": {
        "mean": 11.019807052477026,
        "min": 1.0311061502434313,
        "max": 28.523522476665676,
        "p0.1": 1.8999011609875598,
        "p1": 3.0969314099382608,
        "p5": 3.9168297795811666,
        "p10": 4.896866708574817,
        "p25": 7.126004375750199,
        "median": 8.813708779634908,
        "p75": 12.239286330062896,
        "p90": 22.97123124413192,
        "p95": 25.10232113704551,
        "p99": 27.936301999338912,
        "p99.9": 28.37358430195974
      },
      "normalized_time_per_output_token": {
        "mean": 0.05469547029024369,
        "min": 0.0011896758407764646,
        "max": 0.14206924926955253,
        "p0.1": 0.009200693470151611,
        "p1": 0.015381689387002927,
        "p5": 0.01941783722352245,
        "p10": 0.024242046213668753,
        "p25": 0.03524485693412238,
        "median": 0.043735178301983785,
        "p75": 0.06070878234672642,
        "p90": 0.113887096985412,
        "p95": 0.12488168133816575,
        "p99": 0.13897702092105643,
        "p99.9": 0.1415924040189596
      },
      "time_per_output_token": {
        "mean": 0.04802040107681374,
        "min": 0.004321342852348701,
        "max": 0.11475826877402141,
        "p0.1": 0.00905758906981528,
        "p1": 0.014720056279115802,
        "p5": 0.018184600054170004,
        "p10": 0.021667709349889843,
        "p25": 0.032594393391733374,
        "median": 0.042495635718752714,
        "p75": 0.056763287529497206,
        "p90": 0.09075378517410719,
        "p95": 0.09291977215954103,
        "p99": 0.09759001521777827,
        "p99.9": 0.10668634224694909
      },
      "time_to_first_token": {
        "mean": 1.577581790901356,
        "min": 0.06623253738507628,
        "max": 18.93170685786754,
        "p0.1": 0.07849859923450277,
        "p1": 0.09422596303746104,
        "p5": 0.1284716185182333,
        "p10": 0.16421137251891196,
        "p25": 0.25999361753929406,
        "median": 0.4102861287537962,
        "p75": 0.7198041357332841,
        "p90": 5.66627236460336,
        "p95": 9.0530962103745,
        "p99": 16.127490014145163,
        "p99.9": 18.511301426794486
      },
      "inter_token_latency": {
        "mean": 0.04806672540972207,
        "min": 5.265232175588608e-06,
        "max": 3.404910920653492,
        "p0.1": 5.93140721321106e-06,
        "p1": 9.574927389621735e-06,
        "p5": 0.008804989978671074,
        "p10": 0.012868914753198624,
        "p25": 0.018535431008785963,
        "median": 0.023764133919030428,
        "p75": 0.03205727692693472,
        "p90": 0.15788707416504622,
        "p95": 0.20154997613281012,
        "p99": 0.29052841244265437,
        "p99.9": 0.41987443999387414
      }
    },
    "throughput": {
      "input_tokens_per_sec": 598164.3217040878,
      "output_tokens_per_sec": 10585.803792065068,
      "total_tokens_per_sec": 608750.1254961529,
      "requests_per_sec": 51.46267603223848
    },
    "prompt_len": {
      "mean": 11623.265011119347,
      "min": 11527.0,
      "max": 11731.0,
      "p0.1": 11536.697,
      "p1": 11549.0,
      "p5": 11566.0,
      "p10": 11578.0,
      "p25": 11599.0,
      "median": 11623.0,
      "p75": 11647.0,
      "p90": 11666.0,
      "p95": 11679.15,
      "p99": 11708.0,
      "p99.9": 11720.303
    },
    "output_len": {
      "mean": 205.6986656782802,
      "min": 192.0,
      "max": 11858.0,
      "p0.1": 197.0,
      "p1": 199.0,
      "p5": 200.0,
      "p10": 200.0,
      "p25": 201.0,
      "median": 201.0,
      "p75": 202.0,
      "p90": 203.0,
      "p95": 204.0,
      "p99": 206.0,
      "p99.9": 211.30300000000034
    }
  },
  "failures": {
    "count": 2,
    "request_latency": {
      "mean": 0.07805001083761454,
      "min": 0.002537395805120468,
      "max": 0.1535626258701086,
      "p0.1": 0.0026884210351854564,
      "p1": 0.00404764810577035,
      "p5": 0.010088657308369876,
      "p10": 0.017639918811619283,
      "p25": 0.0402937033213675,
      "median": 0.07805001083761454,
      "p75": 0.11580631835386157,
      "p90": 0.1384601028636098,
      "p95": 0.1460113643668592,
      "p99": 0.15205237356945872,
      "p99.9": 0.15341160064004364
    },
    "prompt_len": {
      "mean": 0.0,
      "min": 0.0,
      "max": 0.0,
      "p0.1": 0.0,
      "p1": 0.0,
      "p5": 0.0,
      "p10": 0.0,
      "p25": 0.0,
      "median": 0.0,
      "p75": 0.0,
      "p90": 0.0,
      "p95": 0.0,
      "p99": 0.0,
      "p99.9": 0.0
    }
  }
}