{
  "load_summary": {
    "count": 900,
    "schedule_delay": {
      "mean": 0.001013377275214427,
      "min": -0.0005189301446080208,
      "max": 0.006954139564186335,
      "p0.1": -0.00046148999128490685,
      "p1": -0.00028384337201714516,
      "p5": -3.937436267733573e-05,
      "p10": 0.00016327160410583024,
      "p25": 0.00048351683653891087,
      "median": 0.0008122643921524286,
      "p75": 0.0012372522614896297,
      "p90": 0.001674893544986844,
      "p95": 0.0023647511377930634,
      "p99": 0.00555452501401305,
      "p99.9": 0.006565392677672256
    },
    "send_duration": 30.13786135893315,
    "requested_rate": 30.0,
    "achieved_rate": 29.862769268239113
  },
  "successes": {
    "count": 900,
    "latency": {
      "request_latency": {
        "mean": 3.4360082818014135,
        "min": 0.8227966581471264,
        "max": 10.325056021101773,
        "p0.1": 0.837367352515459,
        "p1": 1.0683658459642902,
        "p5": 1.3278861825820059,
        "p10": 1.5126472041010857,
        "p25": 1.9735324174398556,
        "median": 2.8998998370952904,
        "p75": 4.39802107529249,
        "p90": 5.936488889437169,
        "p95": 6.950878182100128,
        "p99": 9.744664317183195,
        "p99.9": 10.31098704874376
      },
      "normalized_time_per_output_token": {
        "mean": 0.017061043337027168,
        "min": 0.004093515712174758,
        "max": 0.05154703220585361,
        "p0.1": 0.004166006728932632,
        "p1": 0.005314993419848177,
        "p5": 0.006583554707282218,
        "p10": 0.007544221404003934,
        "p25": 0.009818569240994307,
        "median": 0.014377341881292496,
        "p75": 0.021963844755757137,
        "p90": 0.029557943856530353,
        "p95": 0.03456426746456697,
        "p99": 0.048242683755717976,
        "p99.9": 0.051278351612853074
      },
      "time_per_output_token": {
        "mean": 0.015548621968804572,
        "min": 0.003497205869465762,
        "max": 0.05049017816316336,
        "p0.1": 0.0035566325976990987,
        "p1": 0.0045151840409395,
        "p5": 0.005783854045549775,
        "p10": 0.006574599337789395,
        "p25": 0.00887634839513339,
        "median": 0.01299945267356099,
        "p75": 0.019357181188534016,
        "p90": 0.028365407122531907,
        "p95": 0.032992766810689265,
        "p99": 0.04635523292836733,
        "p99.9": 0.049556751359754826
      },
      "time_to_first_token": {
        "mean": 0.3171433356745789,
        "min": 0.05872947629541159,
        "max": 2.003955158405006,
        "p0.1": 0.06094804517924786,
        "p1": 0.07191136394627393,
        "p5": 0.08725067153573036,
        "p10": 0.0996232220903039,
        "p25": 0.13118971476797014,
        "median": 0.23806520109064877,
        "p75": 0.39299018669407815,
        "p90": 0.58550607226789,
        "p95": 0.8504430933855461,
        "p99": 1.5524958552699535,
        "p99.9": 1.8395524369669354
      },
      "inter_token_latency": {
        "mean": 0.015580840673470243,
        "min": 5.1818788051605225e-06,
        "max": 1.0047525889240205,
        "p0.1": 5.771450232714414e-06,
        "p1": 7.78399407863617e-06,
        "p5": 0.002975887735374272,
        "p10": 0.004498198861256242,
        "p25": 0.006247553392313421,
        "median": 0.008814286906272173,
        "p75": 0.011906635481864214,
        "p90": 0.017057476798072457,
        "p95": 0.037565382197499275,
        "p99": 0.17606370029971005,
        "p99.9": 0.42328510134946556
      }
    },
    "throughput": {
      "input_tokens_per_sec": 321392.3397987934,
      "output_tokens_per_sec": 5568.452831426159,
      "total_tokens_per_sec": 326960.79263021954,
      "requests_per_sec": 27.65162158829152
    },
    "prompt_len": {
      "mean": 11622.91111111111,
      "min": 11544.0,
      "max": 11716.0,
      "p0.1": 11544.0,
      "p1": 11552.99,
      "p5": 11566.0,
      "p10": 11577.0,
      "p25": 11599.0,
      "median": 11623.0,
      "p75": 11647.0,
      "p90": 11666.1,
      "p95": 11678.0,
      "p99": 11706.0,
      "p99.9": 11713.303
    },
    "output_len": {
      "mean": 201.3788888888889,
      "min": 197.0,
      "max": 213.0,
      "p0.1": 197.0,
      "p1": 199.0,
      "p5": 200.0,
      "p10": 200.0,
      "p25": 201.0,
      "median": 201.0,
      "p75": 202.0,
      "p90": 203.0,
      "p95": 204.0,
      "p99": 206.0,
      "p99.9": 211.20200000000023
    }
  },
  "failures": {
    "count": 0,
    "request_latency": null,
    "prompt_len": null
  }
}