{
  "load_summary": {
    "count": 1800,
    "schedule_delay": {
      "mean": 0.001447788815583206,
      "min": -0.0006811884231865406,
      "max": 0.045414571184664965,
      "p0.1": -0.0006413861340843142,
      "p1": -0.00045770957600325344,
      "p5": -0.0001299302326515317,
      "p10": 6.123832426965237e-05,
      "p25": 0.00033221382182091475,
      "median": 0.0007165498100221157,
      "p75": 0.0010948542039841413,
      "p90": 0.0015184056479483846,
      "p95": 0.002305191522464132,
      "p99": 0.030633481456898152,
      "p99.9": 0.0390926622571443
    },
    "send_duration": 28.990305599290878,
    "requested_rate": 60.0,
    "achieved_rate": 62.0897214703397
  },
  "successes": {
    "count": 1799,
    "latency": {
      "request_latency": {
        "mean": 7.3971431142738036,
        "min": 0.9497799980454147,
        "max": 19.986045075114816,
        "p0.1": 1.5247974150879309,
        "p1": 2.1294663027860223,
        "p5": 2.903884773561731,
        "p10": 3.5172721362672745,
        "p25": 4.311670916387811,
        "median": 5.830128778703511,
        "p75": 9.165489606093615,
        "p90": 13.795301994215697,
        "p95": 17.00229040170087,
        "p99": 19.545113261956722,
        "p99.9": 19.92661145303864
      },
      "normalized_time_per_output_token": {
        "mean": 0.036723599667903686,
        "min": 0.004678719202194161,
        "max": 0.09943306007519809,
        "p0.1": 0.007586056791482243,
        "p1": 0.010594359715353345,
        "p5": 0.014442891287455215,
        "p10": 0.017464751786121644,
        "p25": 0.021423347676488153,
        "median": 0.02898473699526687,
        "p75": 0.04559080197862164,
        "p90": 0.06863334325480447,
        "p95": 0.08454622221701596,
        "p99": 0.09690008550112153,
        "p99.9": 0.09917003710638875
      },
      "time_per_output_token": {
        "mean": 0.034238505177784095,
        "min": 0.00424409543547004,
        "max": 0.09655267556430772,
        "p0.1": 0.007146994973594627,
        "p1": 0.009883254517675917,
        "p5": 0.0135081788011155,
        "p10": 0.016273066175549324,
        "p25": 0.02015944213250611,
        "median": 0.027077222680390783,
        "p75": 0.042318373245711555,
        "p90": 0.06391708189481168,
        "p95": 0.07919945749337783,
        "p99": 0.09483808868578636,
        "p99.9": 0.09617395153423311
      },
      "time_to_first_token": {
        "mean": 0.5362156712545342,
        "min": 0.07833664678037167,
        "max": 4.137369536794722,
        "p0.1": 0.07964941987209022,
        "p1": 0.08813063306733966,
        "p5": 0.10901673436164856,
        "p10": 0.13646761300042273,
        "p25": 0.17075591394677758,
        "median": 0.28435095585882664,
        "p75": 0.5472944537177682,
        "p90": 1.3846949222497649,
        "p95": 2.016163108265027,
        "p99": 3.3754458816722037,
        "p99.9": 4.025617573644972
      },
      "inter_token_latency": {
        "mean": 0.03426719519286886,
        "min": 5.243811756372452e-06,
        "max": 0.7549513438716531,
        "p0.1": 5.773989483714104e-06,
        "p1": 7.212385535240173e-06,
        "p5": 0.004436476062983275,
        "p10": 0.008126385975629091,
        "p25": 0.012163321953266859,
        "median": 0.016671310178935528,
        "p75": 0.025102646090090275,
        "p90": 0.08422205047681938,
        "p95": 0.1748275433667004,
        "p99": 0.2366609996929767,
        "p99.9": 0.381593442492187
      }
    },
    "throughput": {
      "input_tokens_per_sec": 572193.707159874,
      "output_tokens_per_sec": 9915.945594996774,
      "total_tokens_per_sec": 582109.6527548707,
      "requests_per_sec": 49.23176693188277
    },
    "prompt_len": {
      "mean": 11622.449138410228,
      "min": 11534.0,
      "max": 11731.0,
      "p0.1": 11538.394,
      "p1": 11549.0,
      "p5": 11566.0,
      "p10": 11577.0,
      "p25": 11598.0,
      "median": 11622.0,
      "p75": 11646.0,
      "p90": 11666.0,
      "p95": 11679.0,
      "p99": 11707.02,
      "p99.9": 11717.606
    },
    "output_len": {
      "mean": 201.4135630906059,
      "min": 196.0,
      "max": 211.0,
      "p0.1": 197.0,
      "p1": 199.0,
      "p5": 200.0,
      "p10": 200.0,
      "p25": 201.0,
      "median": 201.0,
      "p75": 202.0,
      "p90": 203.0,
      "p95": 204.0,
      "p99": 206.0,
      "p99.9": 211.0
    }
  },
  "failures": {
    "count": 1,
    "request_latency": {
      "mean": 0.003280607983469963,
      "min": 0.003280607983469963,
      "max": 0.003280607983469963,
      "p0.1": 0.003280607983469963,
      "p1": 0.003280607983469963,
      "p5": 0.003280607983469963,
      "p10": 0.003280607983469963,
      "p25": 0.003280607983469963,
      "median": 0.003280607983469963,
      "p75": 0.003280607983469963,
      "p90": 0.003280607983469963,
      "p95": 0.003280607983469963,
      "p99": 0.003280607983469963,
      "p99.9": 0.003280607983469963
    },
    "prompt_len": {
      "mean": 0.0,
      "min": 0.0,
      "max": 0.0,
      "p0.1": 0.0,
      "p1": 0.0,
      "p5": 0.0,
      "p10": 0.0,
      "p25": 0.0,
      "median": 0.0,
      "p75": 0.0,
      "p90": 0.0,
      "p95": 0.0,
      "p99": 0.0,
      "p99.9": 0.0
    }
  }
}