{
  "load_summary": {
    "count": 600,
    "schedule_delay": {
      "mean": 0.0009771642081129054,
      "min": -0.0008350363932549953,
      "max": 0.006069014314562082,
      "p0.1": -0.0007117507946677506,
      "p1": -0.0003967105038464069,
      "p5": -4.291369114071129e-05,
      "p10": 0.00016428730450570586,
      "p25": 0.0005064602009952068,
      "median": 0.0008622801396995783,
      "p75": 0.0012315274216234684,
      "p90": 0.0016359386965632441,
      "p95": 0.0019507728982716796,
      "p99": 0.0055015155626460905,
      "p99.9": 0.006064000527840108
    },
    "send_duration": 29.444545668084174,
    "requested_rate": 20.0,
    "achieved_rate": 20.37728843785007
  },
  "successes": {
    "count": 600,
    "latency": {
      "request_latency": {
        "mean": 2.4103122704677906,
        "min": 0.7765968469902873,
        "max": 6.27011151611805,
        "p0.1": 0.7995475810896605,
        "p1": 0.9275747482990846,
        "p5": 1.092122317198664,
        "p10": 1.2354083626996726,
        "p25": 1.6509021878009662,
        "median": 2.2693622678052634,
        "p75": 3.01221866463311,
        "p90": 3.769624465424568,
        "p95": 4.2626472868025305,
        "p99": 5.653983761579729,
        "p99.9": 6.025376999420141
      },
      "normalized_time_per_output_token": {
        "mean": 0.011967516962210328,
        "min": 0.0038445388464865707,
        "max": 0.03119458465730373,
        "p0.1": 0.003970178711503579,
        "p1": 0.004562776747939415,
        "p5": 0.005430367667870768,
        "p10": 0.006141069026502265,
        "p25": 0.008213443720402816,
        "median": 0.011279851870046029,
        "p75": 0.014966024938621559,
        "p90": 0.018744995443674625,
        "p95": 0.021207200431853385,
        "p99": 0.02791017183359635,
        "p99.9": 0.02989052489043427
      },
      "time_per_output_token": {
        "mean": 0.01047091910394979,
        "min": 0.003467304598975,
        "max": 0.027921391787440186,
        "p0.1": 0.0034797928092320483,
        "p1": 0.0035662198098961482,
        "p5": 0.004371029441936049,
        "p10": 0.005050953336146415,
        "p25": 0.006888576178933171,
        "median": 0.009522799456285105,
        "p75": 0.013173553331558542,
        "p90": 0.016925167862148066,
        "p95": 0.01965858098364557,
        "p99": 0.026137328165220887,
        "p99.9": 0.027900071075160265
      },
      "time_to_first_token": {
        "mean": 0.30526327149554466,
        "min": 0.06330631300806999,
        "max": 1.152636157348752,
        "p0.1": 0.06354025308880955,
        "p1": 0.0702022414188832,
        "p5": 0.08543560507241636,
        "p10": 0.10630087656900288,
        "p25": 0.13542692770715803,
        "median": 0.3178414525464177,
        "p75": 0.394753796630539,
        "p90": 0.5569658122956753,
        "p95": 0.6474678358528757,
        "p99": 0.9234295572154223,
        "p99.9": 1.1057943524043128
      },
      "inter_token_latency": {
        "mean": 0.010478380379691173,
        "min": 5.291309207677841e-06,
        "max": 0.6362297930754721,
        "p0.1": 5.891771987080574e-06,
        "p1": 9.467750787734985e-06,
        "p5": 0.002993557881563902,
        "p10": 0.004163001850247383,
        "p25": 0.005009440938010812,
        "median": 0.0067313844338059425,
        "p75": 0.008832914987578988,
        "p90": 0.011037216894328595,
        "p95": 0.01272238767705857,
        "p99": 0.1367916031461214,
        "p99.9": 0.3167932861456648
      }
    },
    "throughput": {
      "input_tokens_per_sec": 221467.0103372558,
      "output_tokens_per_sec": 3838.1836940983567,
      "total_tokens_per_sec": 225305.19403135419,
      "requests_per_sec": 19.055938903260355
    },
    "prompt_len": {
      "mean": 11621.941666666668,
      "min": 11544.0,
      "max": 11716.0,
      "p0.1": 11544.599,
      "p1": 11555.99,
      "p5": 11564.95,
      "p10": 11577.0,
      "p25": 11599.0,
      "median": 11621.0,
      "p75": 11645.0,
      "p90": 11665.1,
      "p95": 11677.0,
      "p99": 11706.0,
      "p99.9": 11712.406
    },
    "output_len": {
      "mean": 201.41666666666666,
      "min": 196.0,
      "max": 211.0,
      "p0.1": 197.198,
      "p1": 199.0,
      "p5": 200.0,
      "p10": 200.0,
      "p25": 201.0,
      "median": 201.0,
      "p75": 202.0,
      "p90": 203.0,
      "p95": 204.0,
      "p99": 206.0,
      "p99.9": 210.40100000000007
    }
  },
  "failures": {
    "count": 0,
    "request_latency": null,
    "prompt_len": null
  }
}