{
  "load_summary": {
    "count": 1500,
    "schedule_delay": {
      "mean": 0.001676806479692459,
      "min": -0.0005994834937155247,
      "max": 0.0429995353333652,
      "p0.1": -0.0005580438617616892,
      "p1": -0.0003797183511778712,
      "p5": -9.706276468932626e-05,
      "p10": 9.355745278298855e-05,
      "p25": 0.0004227649187669158,
      "median": 0.000800146022811532,
      "p75": 0.0012110235402360559,
      "p90": 0.00171100669540465,
      "p95": 0.005068174540065229,
      "p99": 0.031328159319236874,
      "p99.9": 0.034797950398177
    },
    "send_duration": 29.795778437983245,
    "requested_rate": 50.0,
    "achieved_rate": 50.34270217581632
  },
  "successes": {
    "count": 1499,
    "latency": {
      "request_latency": {
        "mean": 5.332057317282714,
        "min": 1.0840448341332376,
        "max": 13.691343192011118,
        "p0.1": 1.1443196334084496,
        "p1": 1.5414039531722665,
        "p5": 2.1049492626916617,
        "p10": 2.6427018148824573,
        "p25": 3.6717911679297686,
        "median": 4.729686582926661,
        "p75": 6.3302814366761595,
        "p90": 9.1275589752011,
        "p95": 10.774882532330228,
        "p99": 12.373083110610022,
        "p99.9": 13.615020639508975
      },
      "normalized_time_per_output_token": {
        "mean": 0.026469907015733225,
        "min": 0.005393257881259888,
        "max": 0.06789823693561539,
        "p0.1": 0.005678542279126262,
        "p1": 0.007634400499005038,
        "p5": 0.010421024065811647,
        "p10": 0.013138378460182627,
        "p25": 0.018287675483683485,
        "median": 0.02342465002580884,
        "p75": 0.031435891183148795,
        "p90": 0.04532216703115748,
        "p95": 0.05351457369434241,
        "p99": 0.06155654179841963,
        "p99.9": 0.06750942946915492
      },
      "time_per_output_token": {
        "mean": 0.02466005560187765,
        "min": 0.004881345222998468,
        "max": 0.0671821499144602,
        "p0.1": 0.005201927066641623,
        "p1": 0.007049577403294788,
        "p5": 0.009530022124707585,
        "p10": 0.012144259199721131,
        "p25": 0.01702710419625919,
        "median": 0.022086885278113186,
        "p75": 0.028798041023546828,
        "p90": 0.0431499405873813,
        "p95": 0.05036580346739525,
        "p99": 0.058896997168473894,
        "p99.9": 0.06520601339319809
      },
      "time_to_first_token": {
        "mean": 0.3804103119259674,
        "min": 0.055836780928075314,
        "max": 2.6683652130886912,
        "p0.1": 0.06742425881605596,
        "p1": 0.08580467388965189,
        "p5": 0.09987588133662939,
        "p10": 0.12106381868943572,
        "p25": 0.1523132815491408,
        "median": 0.23296280996873975,
        "p75": 0.4351363121531904,
        "p90": 0.8065297125838697,
        "p95": 1.2133678631391358,
        "p99": 1.9029035979602484,
        "p99.9": 2.5989070040760565
      },
      "inter_token_latency": {
        "mean": 0.024673470659270894,
        "min": 5.20702451467514e-06,
        "max": 0.8737236820161343,
        "p0.1": 5.792788695544004e-06,
        "p1": 7.775700651109218e-06,
        "p5": 0.004046248714439571,
        "p10": 0.00644964431412518,
        "p25": 0.010108159971423447,
        "median": 0.013279929989948869,
        "p75": 0.018377735395915806,
        "p90": 0.03432320081628865,
        "p95": 0.120216047251597,
        "p99": 0.20757769073825327,
        "p99.9": 0.33421062713675215
      }
    },
    "throughput": {
      "input_tokens_per_sec": 486580.02231036127,
      "output_tokens_per_sec": 8432.646300609751,
      "total_tokens_per_sec": 495012.668610971,
      "requests_per_sec": 41.867311446493986
    },
    "prompt_len": {
      "mean": 11621.955303535691,
      "min": 11534.0,
      "max": 11731.0,
      "p0.1": 11537.494,
      "p1": 11549.0,
      "p5": 11564.9,
      "p10": 11577.0,
      "p25": 11598.0,
      "median": 11622.0,
      "p75": 11646.0,
      "p90": 11664.0,
      "p95": 11677.0,
      "p99": 11707.0,
      "p99.9": 11718.008000000002
    },
    "output_len": {
      "mean": 201.41360907271513,
      "min": 198.0,
      "max": 214.0,
      "p0.1": 198.0,
      "p1": 199.0,
      "p5": 200.0,
      "p10": 200.0,
      "p25": 201.0,
      "median": 201.0,
      "p75": 202.0,
      "p90": 203.0,
      "p95": 204.0,
      "p99": 206.0,
      "p99.9": 211.50200000000018
    }
  },
  "failures": {
    "count": 1,
    "request_latency": {
      "mean": 0.002457119058817625,
      "min": 0.002457119058817625,
      "max": 0.002457119058817625,
      "p0.1": 0.002457119058817625,
      "p1": 0.002457119058817625,
      "p5": 0.002457119058817625,
      "p10": 0.002457119058817625,
      "p25": 0.002457119058817625,
      "median": 0.002457119058817625,
      "p75": 0.002457119058817625,
      "p90": 0.002457119058817625,
      "p95": 0.002457119058817625,
      "p99": 0.002457119058817625,
      "p99.9": 0.002457119058817625
    },
    "prompt_len": {
      "mean": 0.0,
      "min": 0.0,
      "max": 0.0,
      "p0.1": 0.0,
      "p1": 0.0,
      "p5": 0.0,
      "p10": 0.0,
      "p25": 0.0,
      "median": 0.0,
      "p75": 0.0,
      "p90": 0.0,
      "p95": 0.0,
      "p99": 0.0,
      "p99.9": 0.0
    }
  }
}