{
  "load_summary": {
    "count": 15260,
    "schedule_delay": {
      "mean": 0.001230778009111982,
      "min": -0.0014150487259030342,
      "max": 0.09478466864675283,
      "p0.1": -0.000700897965580225,
      "p1": -0.0004422639403492212,
      "p5": -0.00012580563779920336,
      "p10": 5.6679639965295794e-05,
      "p25": 0.0003748565213754773,
      "median": 0.000764928525313735,
      "p75": 0.0011577005498111248,
      "p90": 0.0015919111203402281,
      "p95": 0.002100210241042077,
      "p99": 0.021474890145473095,
      "p99.9": 0.03721020487137365
    }
  },
  "successes": {
    "count": 15255,
    "latency": {
      "request_latency": {
        "mean": 7.252693124380029,
        "min": 0.7765968469902873,
        "max": 28.523522476665676,
        "p0.1": 0.8222895535342395,
        "p1": 1.0488717441353947,
        "p5": 1.5447011970449238,
        "p10": 2.038182853255421,
        "p25": 3.5084297340363264,
        "median": 5.878712994046509,
        "p75": 8.68822726723738,
        "p90": 15.9802319589071,
        "p95": 20.050801061233507,
        "p99": 26.418295084126274,
        "p99.9": 28.19737838645652
      },
      "normalized_time_per_output_token": {
        "mean": 0.0360096798614905,
        "min": 0.0002965356387354422,
        "max": 0.1579206864657213,
        "p0.1": 0.0040909633146225715,
        "p1": 0.0051982525021152855,
        "p5": 0.007649463360730582,
        "p10": 0.010096365585602049,
        "p25": 0.017407192500047765,
        "median": 0.029172426189263512,
        "p75": 0.04312129162162914,
        "p90": 0.07940360738361353,
        "p95": 0.09976965583571833,
        "p99": 0.130841234495159,
        "p99.9": 0.14039680550228906
      },
      "time_per_output_token": {
        "mean": 0.03217736908472185,
        "min": 0.003448722836783695,
        "max": 0.11475826877402141,
        "p0.1": 0.003479616223952643,
        "p1": 0.004228859018151279,
        "p5": 0.006381825191484693,
        "p10": 0.008824684819155824,
        "p25": 0.015863311796042202,
        "median": 0.027179902610369025,
        "p75": 0.040999739714535466,
        "p90": 0.06550712527946045,
        "p95": 0.08883983116527087,
        "p99": 0.09483819087822921,
        "p99.9": 0.10224708027680408
      },
      "time_to_first_token": {
        "mean": 0.8443137467880949,
        "min": 0.055836780928075314,
        "max": 18.93170685786754,
        "p0.1": 0.06491365414112807,
        "p1": 0.08251547217369079,
        "p5": 0.10544690876267851,
        "p10": 0.12741981064900756,
        "p25": 0.17950923554599285,
        "median": 0.32691787416115403,
        "p75": 0.5555468371603638,
        "p90": 1.496320680342616,
        "p95": 3.5828253568615716,
        "p99": 9.984897899525238,
        "p99.9": 17.10426071774494
      },
      "inter_token_latency": {
        "mean": 0.032174895281938135,
        "min": 5.1818788051605225e-06,
        "max": 3.404910920653492,
        "p0.1": 5.790963768959045e-06,
        "p1": 7.5730495154857635e-06,
        "p5": 0.0035785260843113065,
        "p10": 0.005052043963223696,
        "p25": 0.009094437584280968,
        "median": 0.01549051096662879,
        "p75": 0.02468699379824102,
        "p90": 0.07653043195605282,
        "p95": 0.17366074982564894,
        "p99": 0.2425624934909865,
        "p99.9": 0.40820652708271565
      }
    },
    "throughput": {
      "input_tokens_per_sec": 369550.35313413845,
      "output_tokens_per_sec": 6476.28435630602,
      "total_tokens_per_sec": 376026.63749044447,
      "requests_per_sec": 31.79583033532484
    },
    "prompt_len": {
      "mean": 11622.604260898066,
      "min": 11527.0,
      "max": 11731.0,
      "p0.1": 11537.0,
      "p1": 11549.0,
      "p5": 11566.0,
      "p10": 11577.0,
      "p25": 11598.0,
      "median": 11623.0,
      "p75": 11646.0,
      "p90": 11666.0,
      "p95": 11678.0,
      "p99": 11707.0,
      "p99.9": 11720.0
    },
    "output_len": {
      "mean": 203.68344804981973,
      "min": 112.0,
      "max": 11858.0,
      "p0.1": 197.0,
      "p1": 199.0,
      "p5": 200.0,
      "p10": 200.0,
      "p25": 201.0,
      "median": 201.0,
      "p75": 202.0,
      "p90": 203.0,
      "p95": 204.0,
      "p99": 206.0,
      "p99.9": 212.0
    }
  },
  "failures": {
    "count": 5,
    "request_latency": {
      "mean": 0.03284491579979658,
      "min": 0.0023868302814662457,
      "max": 0.1535626258701086,
      "p0.1": 0.002387111436575651,
      "p1": 0.0023896418325603007,
      "p5": 0.0024008880369365214,
      "p10": 0.0024149457924067972,
      "p25": 0.002457119058817625,
      "median": 0.002537395805120468,
      "p75": 0.003280607983469963,
      "p90": 0.09344981871545316,
      "p95": 0.12350622229278085,
      "p99": 0.14755134515464305,
      "p99.9": 0.1529614977985621
    },
    "prompt_len": {
      "mean": 0.0,
      "min": 0.0,
      "max": 0.0,
      "p0.1": 0.0,
      "p1": 0.0,
      "p5": 0.0,
      "p10": 0.0,
      "p25": 0.0,
      "median": 0.0,
      "p75": 0.0,
      "p90": 0.0,
      "p95": 0.0,
      "p99": 0.0,
      "p99.9": 0.0
    }
  }
}