{
  "load_summary": {
    "count": 1500,
    "schedule_delay": {
      "mean": 0.0005043871607631445,
      "min": -0.0010668737813830376,
      "max": 0.04134321445599198,
      "p0.1": -0.0009827637625858187,
      "p1": -0.0006625432102009654,
      "p5": -0.000406079925596714,
      "p10": -0.00022594225592911243,
      "p25": 8.335942402482033e-05,
      "median": 0.0004753204993903637,
      "p75": 0.000839982065372169,
      "p90": 0.001147081330418587,
      "p95": 0.0013689424376934767,
      "p99": 0.0016689848992973565,
      "p99.9": 0.00846182231558622
    },
    "send_duration": 30.80131187522784,
    "requested_rate": 50.0,
    "achieved_rate": 48.69922443811184
  },
  "successes": {
    "count": 912,
    "latency": {
      "request_latency": {
        "mean": 160.81508097014432,
        "min": 49.069228583946824,
        "max": 300.2132873912342,
        "p0.1": 49.423639342530166,
        "p1": 50.69338515576441,
        "p5": 53.654108028975315,
        "p10": 57.681935853092,
        "p25": 105.24234229966532,
        "median": 158.09258283488452,
        "p75": 213.35456148069352,
        "p90": 258.35204744194635,
        "p95": 264.2307355024153,
        "p99": 296.803988446407,
        "p99.9": 299.507297626819
      },
      "normalized_time_per_output_token": {
        "mean": 0.16133562863383638,
        "min": 0.006425598635396011,
        "max": 0.30320820868913584,
        "p0.1": 0.01702183210277814,
        "p1": 0.05059784165940845,
        "p5": 0.053777395188226114,
        "p10": 0.05793253101007001,
        "p25": 0.10567779296888344,
        "median": 0.15882248624363332,
        "p75": 0.21422324798445957,
        "p90": 0.26003152772789495,
        "p95": 0.2653255638504645,
        "p99": 0.2984454014938927,
        "p99.9": 0.3019737513888565
      },
      "time_per_output_token": {
        "mean": 0.05248908786716215,
        "min": 0.04802062519174069,
        "max": 0.08863131996477022,
        "p0.1": 0.048057072001737075,
        "p1": 0.04821349413830321,
        "p5": 0.049058198248432015,
        "p10": 0.049369595488533376,
        "p25": 0.0503287140536122,
        "median": 0.05129649808211252,
        "p75": 0.05222747043322306,
        "p90": 0.053080775749962776,
        "p95": 0.062690743749612,
        "p99": 0.08228128896858078,
        "p99.9": 0.08793674005466239
      },
      "time_to_first_token": {
        "mean": 108.30014284856243,
        "min": 0.2358754607848823,
        "max": 249.675373155158,
        "p0.1": 0.42276607977226377,
        "p1": 1.3177106011565776,
        "p5": 3.883723014779389,
        "p10": 7.201250961003826,
        "p25": 53.63616096682381,
        "median": 106.71084675029851,
        "p75": 160.2295266656438,
        "p90": 207.07019972880371,
        "p95": 211.9605059513822,
        "p99": 245.96754843921866,
        "p99.9": 248.99054644756023
      },
      "inter_token_latency": {
        "mean": 0.05248910504845639,
        "min": 7.547903805971146e-06,
        "max": 37.32818901119754,
        "p0.1": 4.1319434531033085e-05,
        "p1": 0.03033665266353637,
        "p5": 0.03272690221201628,
        "p10": 0.03364398796111345,
        "p25": 0.034932886715978384,
        "median": 0.03601371799595654,
        "p75": 0.03705776168499142,
        "p90": 0.03860555081628263,
        "p95": 0.041715097567066546,
        "p99": 0.4294123492995277,
        "p99.9": 0.4543454409861012
      }
    },
    "throughput": {
      "input_tokens_per_sec": 20770.52465883522,
      "output_tokens_per_sec": 2803.8317988767917,
      "total_tokens_per_sec": 23574.356457712012,
      "requests_per_sec": 2.7523815783206405
    },
    "prompt_len": {
      "mean": 7546.382675438596,
      "min": 7488.0,
      "max": 7618.0,
      "p0.1": 7492.555,
      "p1": 7497.11,
      "p5": 7509.55,
      "p10": 7516.0,
      "p25": 7530.0,
      "median": 7545.0,
      "p75": 7561.25,
      "p90": 7576.0,
      "p95": 7583.0,
      "p99": 7605.0,
      "p99.9": 7618.0
    },
    "output_len": {
      "mean": 1018.6929824561404,
      "min": 854.0,
      "max": 8561.0,
      "p0.1": 933.257,
      "p1": 970.22,
      "p5": 985.0,
      "p10": 989.0,
      "p25": 993.0,
      "median": 995.0,
      "p75": 997.0,
      "p90": 999.0,
      "p95": 1000.0,
      "p99": 1002.0,
      "p99.9": 8531.848000000002
    }
  },
  "failures": {
    "count": 588,
    "request_latency": {
      "mean": 300.49070390247897,
      "min": 300.0037380279973,
      "max": 301.00024532107636,
      "p0.1": 300.0056241833791,
      "p1": 300.0123445443064,
      "p5": 300.0423368942691,
      "p10": 300.1000714824535,
      "p25": 300.2509155975422,
      "median": 300.485423138598,
      "p75": 300.74639675358776,
      "p90": 300.88287771944886,
      "p95": 300.94315250080547,
      "p99": 300.9863579036109,
      "p99.9": 300.9990749462345
    },
    "prompt_len": {
      "mean": 0.0,
      "min": 0.0,
      "max": 0.0,
      "p0.1": 0.0,
      "p1": 0.0,
      "p5": 0.0,
      "p10": 0.0,
      "p25": 0.0,
      "median": 0.0,
      "p75": 0.0,
      "p90": 0.0,
      "p95": 0.0,
      "p99": 0.0,
      "p99.9": 0.0
    }
  }
}