{
  "load_summary": {
    "count": 750,
    "schedule_delay": {
      "mean": 0.0014730078112334013,
      "min": -0.0005706120282411575,
      "max": 0.0893165860325098,
      "p0.1": -0.00036575661413371563,
      "p1": -1.999848987907171e-05,
      "p5": 0.00036910830531269314,
      "p10": 0.0005841503851115704,
      "p25": 0.0009550983086228371,
      "median": 0.0013826149515807629,
      "p75": 0.001795332645997405,
      "p90": 0.0021333755459636452,
      "p95": 0.0023257145425304767,
      "p99": 0.0025725728413090107,
      "p99.9": 0.024574757912669665
    },
    "send_duration": 30.5164181352593,
    "requested_rate": 25.0,
    "achieved_rate": 24.57693418263379
  },
  "successes": {
    "count": 750,
    "latency": {
      "request_latency": {
        "mean": 128.93907739503743,
        "min": 49.0237271040678,
        "max": 221.38610080443323,
        "p0.1": 49.862289910089224,
        "p1": 50.61138794559054,
        "p5": 52.99557332701515,
        "p10": 56.06937918947078,
        "p25": 91.17582727526315,
        "median": 142.01157265971415,
        "p75": 181.8041407460114,
        "p90": 196.96322885812262,
        "p95": 203.2475904806517,
        "p99": 220.95449516215362,
        "p99.9": 221.358032735263
      },
      "normalized_time_per_output_token": {
        "mean": 0.12945133679364834,
        "min": 0.006248648834553446,
        "max": 0.24759914300196362,
        "p0.1": 0.015226547639964,
        "p1": 0.050745259175516685,
        "p5": 0.05320333493381265,
        "p10": 0.056328327414152765,
        "p25": 0.08987641302256738,
        "median": 0.14257323894045593,
        "p75": 0.18258973254947364,
        "p90": 0.19924022784972947,
        "p95": 0.20436234663773595,
        "p99": 0.22185054310713914,
        "p99.9": 0.2287969798406137
      },
      "time_per_output_token": {
        "mean": 0.05010281109357563,
        "min": 0.0102082766960375,
        "max": 0.08851171204866841,
        "p0.1": 0.010434010339812375,
        "p1": 0.015286617464921437,
        "p5": 0.034074131254479285,
        "p10": 0.04170269892285578,
        "p25": 0.049319952213554646,
        "median": 0.05062178702536039,
        "p75": 0.05229972229758278,
        "p90": 0.054933057413576174,
        "p95": 0.059226398821710574,
        "p99": 0.08165544957045466,
        "p99.9": 0.08731695564587336
      },
      "time_to_first_token": {
        "mean": 78.80530164239556,
        "min": 0.11928994208574295,
        "max": 197.73319163685665,
        "p0.1": 0.12552952476684004,
        "p1": 0.47972080259583894,
        "p5": 1.884736052970402,
        "p10": 3.3850000160746276,
        "p25": 11.443239818676375,
        "median": 91.40895367320627,
        "p75": 135.0781193737639,
        "p90": 149.95396704585292,
        "p95": 155.4565496899653,
        "p99": 195.80451816351618,
        "p99.9": 197.61791135396902
      },
      "inter_token_latency": {
        "mean": 0.05010281109357563,
        "min": 7.346738129854202e-06,
        "max": 35.84200195595622,
        "p0.1": 3.29281003214419e-05,
        "p1": 0.013027485301718116,
        "p5": 0.02250268759671599,
        "p10": 0.03229312882758677,
        "p25": 0.03447226190473884,
        "median": 0.035787794971838593,
        "p75": 0.03734154114499688,
        "p90": 0.03904639203101397,
        "p95": 0.04092824298422783,
        "p99": 0.4310170055460185,
        "p99.9": 0.45615993653377523
      }
    },
    "throughput": {
      "input_tokens_per_sec": 22647.912224738426,
      "output_tokens_per_sec": 3044.5886451740607,
      "total_tokens_per_sec": 25692.50086991249,
      "requests_per_sec": 3.0013294828939494
    },
    "prompt_len": {
      "mean": 7545.96,
      "min": 7488.0,
      "max": 7618.0,
      "p0.1": 7491.745,
      "p1": 7498.49,
      "p5": 7509.45,
      "p10": 7516.0,
      "p25": 7530.0,
      "median": 7545.0,
      "p75": 7561.0,
      "p90": 7574.1,
      "p95": 7582.0,
      "p99": 7605.0,
      "p99.9": 7612.7570000000005
    },
    "output_len": {
      "mean": 1014.4133333333333,
      "min": 886.0,
      "max": 8575.0,
      "p0.1": 936.183,
      "p1": 975.0,
      "p5": 986.0,
      "p10": 989.9,
      "p25": 993.0,
      "median": 995.0,
      "p75": 997.0,
      "p90": 999.0,
      "p95": 999.0,
      "p99": 1001.51,
      "p99.9": 8536.052000000005
    }
  },
  "failures": {
    "count": 0,
    "request_latency": null,
    "prompt_len": null
  }
}