{
  "load_summary": {
    "count": 200,
    "schedule_delay": {
      "mean": 0.0007433005003258586,
      "min": -0.0008197114802896976,
      "max": 0.034074296709150076,
      "p0.1": -0.0007972806966863573,
      "p1": -0.0006827598810195923,
      "p5": -0.00026191649958491316,
      "p10": -5.971663631498812e-05,
      "p25": 0.0002600784646347165,
      "median": 0.0005669547244906425,
      "p75": 0.0008662205655127764,
      "p90": 0.00140058440156281,
      "p95": 0.001506298780441284,
      "p99": 0.0018233516113832587,
      "p99.9": 0.02766909920098312
    },
    "send_duration": 20.888787013012916,
    "requested_rate": 10.0,
    "achieved_rate": 9.574514780365545
  },
  "successes": {
    "count": 200,
    "latency": {
      "request_latency": {
        "mean": 46.01300442975015,
        "min": 31.497742073144764,
        "max": 58.58573101600632,
        "p0.1": 31.6451550597162,
        "p1": 32.59214105161372,
        "p5": 34.23809375909623,
        "p10": 35.40839842199348,
        "p25": 40.334876962821,
        "median": 46.914057014277205,
        "p75": 51.21481908392161,
        "p90": 54.04187837657518,
        "p95": 56.72923805734608,
        "p99": 57.40916121965273,
        "p99.9": 58.553697212038095
      },
      "normalized_time_per_output_token": {
        "mean": 0.046089565667232775,
        "min": 0.004912850992609712,
        "max": 0.059495679355110756,
        "p0.1": 0.010222105051856514,
        "p1": 0.03232808742439141,
        "p5": 0.03418703809320551,
        "p10": 0.035419750517765754,
        "p25": 0.04068622973097544,
        "median": 0.04712625674374932,
        "p75": 0.05134366720537256,
        "p90": 0.054753391708194765,
        "p95": 0.05691635111156997,
        "p99": 0.05786845111915576,
        "p99.9": 0.05930295272207036
      },
      "time_per_output_token": {
        "mean": 0.04079603052502498,
        "min": 0.014673265079036355,
        "max": 0.05530779048334807,
        "p0.1": 0.014745547471006402,
        "p1": 0.015036579637588003,
        "p5": 0.018286485715257005,
        "p10": 0.02248909341883846,
        "p25": 0.03634543205483351,
        "median": 0.043015570621704684,
        "p75": 0.04820219027204439,
        "p90": 0.050050780421262604,
        "p95": 0.050769692826527164,
        "p99": 0.054246453423486087,
        "p99.9": 0.05520355931299646
      },
      "time_to_first_token": {
        "mean": 5.1861712814471685,
        "min": 0.12496715178713202,
        "max": 40.219883690122515,
        "p0.1": 0.12788502440880983,
        "p1": 0.15340264211874455,
        "p5": 0.4476491518085822,
        "p10": 0.5073501732666046,
        "p25": 0.666229602182284,
        "median": 1.4457342901732773,
        "p75": 2.278500031796284,
        "p90": 35.640432672435416,
        "p95": 37.247722822008654,
        "p99": 39.10761916155461,
        "p99.9": 40.133212199234414
      },
      "inter_token_latency": {
        "mean": 0.04079603052502498,
        "min": 7.745809853076935e-06,
        "max": 33.97474480699748,
        "p0.1": 2.6278010569512843e-05,
        "p1": 0.008607829315587878,
        "p5": 0.014460564265027643,
        "p10": 0.016174566512927414,
        "p25": 0.029700533021241426,
        "median": 0.033885933458805084,
        "p75": 0.03585999191273004,
        "p90": 0.03697263128124177,
        "p95": 0.03849012667778879,
        "p99": 0.4049526038020849,
        "p99.9": 0.43716544693615295
      }
    },
    "throughput": {
      "input_tokens_per_sec": 20025.27569062613,
      "output_tokens_per_sec": 2738.715272176336,
      "total_tokens_per_sec": 22763.99096280247,
      "requests_per_sec": 2.6536267310453665
    },
    "prompt_len": {
      "mean": 7546.38,
      "min": 7496.0,
      "max": 7611.0,
      "p0.1": 7496.0,
      "p1": 7496.99,
      "p5": 7508.95,
      "p10": 7514.0,
      "p25": 7530.0,
      "median": 7545.0,
      "p75": 7561.0,
      "p90": 7579.0,
      "p95": 7587.1,
      "p99": 7597.01,
      "p99.9": 7608.4130000000005
    },
    "output_len": {
      "mean": 1032.065,
      "min": 952.0,
      "max": 8527.0,
      "p0.1": 955.383,
      "p1": 971.97,
      "p5": 986.9,
      "p10": 990.0,
      "p25": 993.0,
      "median": 996.0,
      "p75": 997.0,
      "p90": 999.0,
      "p95": 1001.0,
      "p99": 1003.02,
      "p99.9": 7030.122000000121
    }
  },
  "failures": {
    "count": 0,
    "request_latency": null,
    "prompt_len": null
  }
}