{
  "load_summary": {
    "count": 6260,
    "schedule_delay": {
      "mean": 0.000630509504340232,
      "min": -0.0010700710117816925,
      "max": 0.0893165860325098,
      "p0.1": -0.0009727645348757506,
      "p1": -0.0006704584741964936,
      "p5": -0.00036860823165625335,
      "p10": -0.00016969228163361542,
      "p25": 0.00016996765043586493,
      "median": 0.0005651300307363272,
      "p75": 0.0009848993504419923,
      "p90": 0.001412875158712268,
      "p95": 0.0016904077026992992,
      "p99": 0.0022680374514311534,
      "p99.9": 0.007904137786015484
    }
  },
  "successes": {
    "count": 5460,
    "latency": {
      "request_latency": {
        "mean": 132.77082003193675,
        "min": 9.665398178622127,
        "max": 300.6193205602467,
        "p0.1": 12.270118975855876,
        "p1": 22.15897410893813,
        "p5": 50.30950298407115,
        "p10": 52.9463936209213,
        "p25": 60.798137419624254,
        "median": 128.60712283104658,
        "p75": 184.170743103954,
        "p90": 239.89612366533856,
        "p95": 256.16833674635274,
        "p99": 292.8100562283303,
        "p99.9": 300.1326998761599
      },
      "normalized_time_per_output_token": {
        "mean": 0.13326198376484716,
        "min": 0.002301210362261111,
        "max": 0.30674000183502453,
        "p0.1": 0.006395263106766026,
        "p1": 0.020437169910715258,
        "p5": 0.05041802872739408,
        "p10": 0.05314737662071097,
        "p25": 0.061057469468282444,
        "median": 0.1276915691671347,
        "p75": 0.18518985664469528,
        "p90": 0.2408428539367548,
        "p95": 0.25787184396865714,
        "p99": 0.2946648439599915,
        "p99.9": 0.3018661066113582
      },
      "time_per_output_token": {
        "mean": 0.049951666858738066,
        "min": 0.009493061386048794,
        "max": 0.09099017531983554,
        "p0.1": 0.010287445718252566,
        "p1": 0.016492268703662275,
        "p5": 0.03203665337453131,
        "p10": 0.04189640732896514,
        "p25": 0.04928234687459189,
        "median": 0.05098918178887106,
        "p75": 0.05239678533258848,
        "p90": 0.054241002638777715,
        "p95": 0.05998212646835019,
        "p99": 0.0828352402043715,
        "p99.9": 0.08838874509228212
      },
      "time_to_first_token": {
        "mean": 82.78862770741895,
        "min": 0.060190745163708925,
        "max": 258.0873524909839,
        "p0.1": 0.12892369963228703,
        "p1": 0.46029635972809047,
        "p5": 1.176773677044548,
        "p10": 2.319995119795203,
        "p25": 8.09357107593678,
        "median": 63.50398384802975,
        "p75": 139.88577607146,
        "p90": 194.4928298972082,
        "p95": 205.26892664215993,
        "p99": 243.1546162282256,
        "p99.9": 249.50895896593065
      },
      "inter_token_latency": {
        "mean": 0.04995182705133798,
        "min": 6.86105340719223e-06,
        "max": 37.32818901119754,
        "p0.1": 3.403882682323456e-05,
        "p1": 0.013864926174283029,
        "p5": 0.02208584975451231,
        "p10": 0.0318854414857924,
        "p25": 0.03441393980756402,
        "median": 0.03586998535320163,
        "p75": 0.037171682342886925,
        "p90": 0.038765135873109105,
        "p95": 0.040941335354000324,
        "p99": 0.4285669595934451,
        "p99.9": 0.45379177112504887
      }
    },
    "throughput": {
      "input_tokens_per_sec": 22128.66204836847,
      "output_tokens_per_sec": 2987.2494169515035,
      "total_tokens_per_sec": 25115.911465319972,
      "requests_per_sec": 2.932458629488878
    },
    "prompt_len": {
      "mean": 7546.112271062271,
      "min": 7488.0,
      "max": 7618.0,
      "p0.1": 7490.295,
      "p1": 7497.59,
      "p5": 7509.0,
      "p10": 7516.0,
      "p25": 7530.0,
      "median": 7545.0,
      "p75": 7561.0,
      "p90": 7575.1,
      "p95": 7583.0,
      "p99": 7605.0,
      "p99.9": 7618.0
    },
    "output_len": {
      "mean": 1018.6842490842491,
      "min": 622.0,
      "max": 8575.0,
      "p0.1": 893.377,
      "p1": 968.0,
      "p5": 985.0,
      "p10": 989.0,
      "p25": 993.0,
      "median": 995.0,
      "p75": 997.0,
      "p90": 999.0,
      "p95": 1000.0,
      "p99": 1003.0,
      "p99.9": 8548.607000000004
    }
  },
  "failures": {
    "count": 800,
    "request_latency": {
      "mean": 300.4902153572702,
      "min": 300.0037380279973,
      "max": 301.00024532107636,
      "p0.1": 300.0063053843007,
      "p1": 300.0176444605552,
      "p5": 300.05245683197865,
      "p10": 300.10777024924755,
      "p25": 300.2500916988356,
      "median": 300.4902005654294,
      "p75": 300.73964714759495,
      "p90": 300.87985497317277,
      "p95": 300.9286090257345,
      "p99": 300.9859263129346,
      "p99.9": 300.999274861495
    },
    "prompt_len": {
      "mean": 0.0,
      "min": 0.0,
      "max": 0.0,
      "p0.1": 0.0,
      "p1": 0.0,
      "p5": 0.0,
      "p10": 0.0,
      "p25": 0.0,
      "median": 0.0,
      "p75": 0.0,
      "p90": 0.0,
      "p95": 0.0,
      "p99": 0.0,
      "p99.9": 0.0
    }
  }
}