{
  "load_summary": {
    "count": 60,
    "schedule_delay": {
      "mean": 0.000741602402801315,
      "min": -0.0005440572276711464,
      "max": 0.0017304038628935814,
      "p0.1": -0.0005309965750202537,
      "p1": -0.00041345070116221905,
      "p5": -0.0001351369312033057,
      "p10": 0.00011878572404384613,
      "p25": 0.0004737040726467967,
      "median": 0.0008199233561754227,
      "p75": 0.0009456481784582138,
      "p90": 0.0012744634877890348,
      "p95": 0.0015111836604773997,
      "p99": 0.0016901662433519958,
      "p99.9": 0.0017263801009394235
    },
    "send_duration": 19.182035522069782,
    "requested_rate": 3.0,
    "achieved_rate": 3.1279266442274776
  },
  "successes": {
    "count": 60,
    "latency": {
      "request_latency": {
        "mean": 7.441902448850063,
        "min": 6.443539958912879,
        "max": 8.288328390102834,
        "p0.1": 6.44410321066482,
        "p1": 6.449172476432286,
        "p5": 6.580472384602762,
        "p10": 6.6595514682121575,
        "p25": 6.955473688081838,
        "median": 7.535273420624435,
        "p75": 7.9160646023228765,
        "p90": 8.195110175805166,
        "p95": 8.20682877264917,
        "p99": 8.245822895495222,
        "p99.9": 8.284077840642073
      },
      "normalized_time_per_output_token": {
        "mean": 0.007451491193986056,
        "min": 0.006459546144921202,
        "max": 0.008280048341761072,
        "p0.1": 0.006459745718334602,
        "p1": 0.006461541879055204,
        "p5": 0.006591952836181998,
        "p10": 0.006695805602946473,
        "p25": 0.00697291216587172,
        "median": 0.007547059721123448,
        "p75": 0.007917974352983843,
        "p90": 0.008146902652489066,
        "p95": 0.008247251377186867,
        "p99": 0.008264194534169692,
        "p99.9": 0.008278462961001935
      },
      "time_per_output_token": {
        "mean": 0.007300120879686437,
        "min": 0.0063210853850468995,
        "max": 0.008095642969012261,
        "p0.1": 0.0063215678450316195,
        "p1": 0.006325909984894097,
        "p5": 0.00645870867203921,
        "p10": 0.006490777169913053,
        "p25": 0.006834303291398101,
        "median": 0.007405262123793364,
        "p75": 0.007753150250413455,
        "p90": 0.007938688854454085,
        "p95": 0.008081214723247103,
        "p99": 0.008092986950664781,
        "p99.9": 0.008095377367177513
      },
      "time_to_first_token": {
        "mean": 0.11248285071148227,
        "min": 0.07534685404971242,
        "max": 0.4187207347713411,
        "p0.1": 0.07553079156996682,
        "p1": 0.07718622925225645,
        "p5": 0.08506100431550294,
        "p10": 0.08721966296434402,
        "p25": 0.0912490685004741,
        "median": 0.09414627635851502,
        "p75": 0.09975103789474815,
        "p90": 0.11083247382193805,
        "p95": 0.2279848092235621,
        "p99": 0.3861614268273113,
        "p99.9": 0.41546480397693863
      },
      "inter_token_latency": {
        "mean": 0.007300120879686438,
        "min": 5.539972335100174e-06,
        "max": 0.3680465039797127,
        "p0.1": 5.796085577458143e-06,
        "p1": 6.509013473987579e-06,
        "p5": 2.9019406065344833e-05,
        "p10": 0.0055712140165269375,
        "p25": 0.006409376044757664,
        "median": 0.007386087905615568,
        "p75": 0.007866051630117,
        "p90": 0.008350756810978055,
        "p95": 0.008805809821933507,
        "p99": 0.010857410486787572,
        "p99.9": 0.21016663788306633
      }
    },
    "throughput": {
      "input_tokens_per_sec": 17533.309369879098,
      "output_tokens_per_sec": 2320.9997557553675,
      "total_tokens_per_sec": 19854.309125634467,
      "requests_per_sec": 2.324098553827137
    },
    "prompt_len": {
      "mean": 7544.133333333333,
      "min": 7497.0,
      "max": 7613.0,
      "p0.1": 7497.59,
      "p1": 7502.9,
      "p5": 7512.9,
      "p10": 7518.9,
      "p25": 7528.0,
      "median": 7543.5,
      "p75": 7554.25,
      "p90": 7567.1,
      "p95": 7579.4,
      "p99": 7610.05,
      "p99.9": 7612.705
    },
    "output_len": {
      "mean": 998.6666666666666,
      "min": 990.0,
      "max": 1007.0,
      "p0.1": 990.118,
      "p1": 991.18,
      "p5": 993.95,
      "p10": 994.0,
      "p25": 996.75,
      "median": 999.0,
      "p75": 1001.0,
      "p90": 1003.0,
      "p95": 1005.0,
      "p99": 1006.41,
      "p99.9": 1006.941
    }
  },
  "failures": {
    "count": 0,
    "request_latency": null,
    "prompt_len": null
  }
}