{
  "load_summary": {
    "count": 1500,
    "schedule_delay": {
      "mean": 0.00044484412825355926,
      "min": -0.00100365886464715,
      "max": 0.012731674127280712,
      "p0.1": -0.0009389691827818751,
      "p1": -0.0007378778979182243,
      "p5": -0.0004537057364359498,
      "p10": -0.0002524906303733587,
      "p25": 7.672596257179976e-05,
      "median": 0.00044513423927128315,
      "p75": 0.0007997876964509487,
      "p90": 0.0011227526236325504,
      "p95": 0.001284157810732722,
      "p99": 0.0015730969235301017,
      "p99.9": 0.002350630245171688
    },
    "send_duration": 24.29889194201678,
    "requested_rate": 60.0,
    "achieved_rate": 61.7312099489711
  },
  "successes": {
    "count": 1419,
    "latency": {
      "request_latency": {
        "mean": 59.94011725051758,
        "min": 36.60584262292832,
        "max": 71.23236917005852,
        "p0.1": 37.86882150353957,
        "p1": 40.07655431009829,
        "p5": 47.23597232666798,
        "p10": 52.49403145387769,
        "p25": 57.61913314904086,
        "median": 60.67572491616011,
        "p75": 63.500596278114244,
        "p90": 66.88308022329583,
        "p95": 68.59641769728623,
        "p99": 70.29288388505577,
        "p99.9": 71.12822963740305
      },
      "normalized_time_per_output_token": {
        "mean": 0.0600936197623578,
        "min": 0.03664248510803636,
        "max": 0.12378381213179829,
        "p0.1": 0.03792874341598925,
        "p1": 0.040149608003482024,
        "p5": 0.0472586270540251,
        "p10": 0.052768178802579495,
        "p25": 0.05778769691190429,
        "median": 0.06077014437861711,
        "p75": 0.06357660294695193,
        "p90": 0.0670046449868966,
        "p95": 0.06878775254378582,
        "p99": 0.07045963794845389,
        "p99.9": 0.07252788705920155
      },
      "time_per_output_token": {
        "mean": 0.05728575184402312,
        "min": 0.036373669899068775,
        "max": 0.06708550431393087,
        "p0.1": 0.0381093153773123,
        "p1": 0.04023996200685621,
        "p5": 0.04741121101703947,
        "p10": 0.05173568530560411,
        "p25": 0.05498410990505788,
        "median": 0.05786131513701718,
        "p75": 0.060160471371216384,
        "p90": 0.06336987011306054,
        "p95": 0.0649917805255206,
        "p99": 0.0663972609699983,
        "p99.9": 0.06695106005119905
      },
      "time_to_first_token": {
        "mean": 3.1602933700583677,
        "min": 0.13921546330675483,
        "max": 12.321391445118934,
        "p0.1": 0.1505181221468374,
        "p1": 0.2034172266256064,
        "p5": 0.3266304795164615,
        "p10": 0.44869010811671617,
        "p25": 1.371892248513177,
        "median": 3.0398597829043865,
        "p75": 4.640278706792742,
        "p90": 5.919472175370902,
        "p95": 6.76313668275252,
        "p99": 8.252004840830324,
        "p99.9": 10.663742130096116
      },
      "inter_token_latency": {
        "mean": 0.05729524862161756,
        "min": 5.315057933330536e-06,
        "max": 6.269593945238739,
        "p0.1": 5.607958883047104e-06,
        "p1": 5.7853758335113525e-06,
        "p5": 6.0070306062698364e-06,
        "p10": 6.179790943861008e-06,
        "p25": 6.643123924732208e-06,
        "median": 7.628928869962692e-06,
        "p75": 1.1433148756623268e-05,
        "p90": 0.1296614443883306,
        "p95": 0.48794671231880804,
        "p99": 0.985594624113297,
        "p99.9": 1.5173038933566922
      }
    },
    "throughput": {
      "input_tokens_per_sec": 118523.52293652535,
      "output_tokens_per_sec": 15670.740212821864,
      "total_tokens_per_sec": 134194.2631493472,
      "requests_per_sec": 15.70558247754301
    },
    "prompt_len": {
      "mean": 7546.585623678647,
      "min": 7469.0,
      "max": 7638.0,
      "p0.1": 7475.27,
      "p1": 7489.9,
      "p5": 7507.9,
      "p10": 7517.0,
      "p25": 7531.0,
      "median": 7546.0,
      "p75": 7562.0,
      "p90": 7578.0,
      "p95": 7587.0,
      "p99": 7602.0,
      "p99.9": 7634.238000000001
    },
    "output_len": {
      "mean": 997.7815362931642,
      "min": 568.0,
      "max": 1009.0,
      "p0.1": 932.434,
      "p1": 984.0,
      "p5": 992.0,
      "p10": 994.0,
      "p25": 996.0,
      "median": 998.0,
      "p75": 1001.0,
      "p90": 1002.2,
      "p95": 1004.0,
      "p99": 1006.0,
      "p99.9": 1008.0
    }
  },
  "failures": {
    "count": 81,
    "request_latency": {
      "mean": 0.002908953718473146,
      "min": 0.0014195428229868412,
      "max": 0.006214329041540623,
      "p0.1": 0.0014206943847239017,
      "p1": 0.0014310584403574467,
      "p5": 0.0014567850157618523,
      "p10": 0.001506658736616373,
      "p25": 0.0016885241493582726,
      "median": 0.00288906367495656,
      "p75": 0.0038232370279729366,
      "p90": 0.004263591021299362,
      "p95": 0.004700205288827419,
      "p99": 0.0053720666095614465,
      "p99.9": 0.006130102798342722
    },
    "prompt_len": {
      "mean": 0.0,
      "min": 0.0,
      "max": 0.0,
      "p0.1": 0.0,
      "p1": 0.0,
      "p5": 0.0,
      "p10": 0.0,
      "p25": 0.0,
      "median": 0.0,
      "p75": 0.0,
      "p90": 0.0,
      "p95": 0.0,
      "p99": 0.0,
      "p99.9": 0.0
    }
  }
}