{
  "load_summary": {
    "count": 750,
    "schedule_delay": {
      "mean": 0.00043568412276605767,
      "min": -0.0009352173656225204,
      "max": 0.0019064960069954395,
      "p0.1": -0.0009222636651247739,
      "p1": -0.0006670388858765364,
      "p5": -0.0003878931747749448,
      "p10": -0.00021496536210179325,
      "p25": 7.44933495298028e-05,
      "median": 0.0004251322243362665,
      "p75": 0.0007899587508291006,
      "p90": 0.0011139180045574904,
      "p95": 0.001278985454700887,
      "p99": 0.0016375007852911946,
      "p99.9": 0.0018236223189160327
    },
    "send_duration": 25.381637014914304,
    "requested_rate": 30.0,
    "achieved_rate": 29.548921512008796
  },
  "successes": {
    "count": 750,
    "latency": {
      "request_latency": {
        "mean": 36.30962390631313,
        "min": 17.90128854289651,
        "max": 41.22943471278995,
        "p0.1": 18.116028785644097,
        "p1": 21.68938990578521,
        "p5": 25.963177109253593,
        "p10": 31.163935366459192,
        "p25": 35.93085169128608,
        "median": 37.4506506442558,
        "p75": 38.795123300049454,
        "p90": 39.71197273205034,
        "p95": 40.22594765499234,
        "p99": 40.9186566420272,
        "p99.9": 41.21831798060565
      },
      "normalized_time_per_output_token": {
        "mean": 0.03638223056997899,
        "min": 0.017955154004911242,
        "max": 0.04143661780179895,
        "p0.1": 0.018143185458412977,
        "p1": 0.02180823665194987,
        "p5": 0.02598662737457185,
        "p10": 0.03131682073737487,
        "p25": 0.03596336706524853,
        "median": 0.037512015723125194,
        "p75": 0.03886505737606094,
        "p90": 0.03980198040846013,
        "p95": 0.040375476222630914,
        "p99": 0.04104859861755022,
        "p99.9": 0.041410018336902554
      },
      "time_per_output_token": {
        "mean": 0.03572466898613254,
        "min": 0.01778595614200458,
        "max": 0.04110521242598029,
        "p0.1": 0.017992701905599796,
        "p1": 0.02175624687014125,
        "p5": 0.026031949804203258,
        "p10": 0.030572433012356206,
        "p25": 0.03494106737140862,
        "median": 0.036824164650808434,
        "p75": 0.03830382530057453,
        "p90": 0.03916251070074191,
        "p95": 0.04011145196761142,
        "p99": 0.040864469917581706,
        "p99.9": 0.041037814082134534
      },
      "time_to_first_token": {
        "mean": 1.158931136889383,
        "min": 0.08169607538729906,
        "max": 5.558892161119729,
        "p0.1": 0.08324178877845406,
        "p1": 0.08729769981931895,
        "p5": 0.12047875160351397,
        "p10": 0.18573936121538281,
        "p25": 0.376964075723663,
        "median": 0.8969702904578298,
        "p75": 1.7304300640244037,
        "p90": 2.5660792841576043,
        "p95": 3.1188300491776317,
        "p99": 3.973121308321132,
        "p99.9": 5.361413945714036
      },
      "inter_token_latency": {
        "mean": 0.035703391817803416,
        "min": 5.357898771762848e-06,
        "max": 1.8602142757736146,
        "p0.1": 5.61075285077095e-06,
        "p1": 5.788635462522507e-06,
        "p5": 6.025191396474838e-06,
        "p10": 6.218906491994858e-06,
        "p25": 6.757210940122604e-06,
        "median": 8.06618481874466e-06,
        "p75": 1.6996171325445175e-05,
        "p90": 0.11059325444512069,
        "p95": 0.25462926633190364,
        "p99": 0.5598834027769044,
        "p99.9": 1.0313713199575716
      }
    },
    "throughput": {
      "input_tokens_per_sec": 89039.88767472298,
      "output_tokens_per_sec": 11775.572740739852,
      "total_tokens_per_sec": 100815.46041546283,
      "requests_per_sec": 11.798650901903976
    },
    "prompt_len": {
      "mean": 7546.616,
      "min": 7469.0,
      "max": 7638.0,
      "p0.1": 7480.235,
      "p1": 7491.45,
      "p5": 7508.0,
      "p10": 7517.0,
      "p25": 7531.0,
      "median": 7546.0,
      "p75": 7562.0,
      "p90": 7578.0,
      "p95": 7587.0,
      "p99": 7602.0,
      "p99.9": 7631.259000000001
    },
    "output_len": {
      "mean": 998.044,
      "min": 961.0,
      "max": 1008.0,
      "p0.1": 962.498,
      "p1": 980.98,
      "p5": 992.0,
      "p10": 994.0,
      "p25": 996.0,
      "median": 998.0,
      "p75": 1000.0,
      "p90": 1002.0,
      "p95": 1004.0,
      "p99": 1006.0,
      "p99.9": 1008.0
    }
  },
  "failures": {
    "count": 0,
    "request_latency": null,
    "prompt_len": null
  }
}