{
  "load_summary": {
    "count": 300,
    "schedule_delay": {
      "mean": 0.0005374056287109852,
      "min": -0.0006202114745974541,
      "max": 0.0017896718345582485,
      "p0.1": -0.000603152263443917,
      "p1": -0.0005423956597223878,
      "p5": -0.0003346071811392903,
      "p10": -0.0001424375455826521,
      "p25": 0.00022970209829509258,
      "median": 0.0005171389784663916,
      "p75": 0.0008690302493050694,
      "p90": 0.0011913792695850134,
      "p95": 0.0013606493594124918,
      "p99": 0.001621489063836633,
      "p99.9": 0.0017895470820367336
    },
    "send_duration": 20.0055754003115,
    "requested_rate": 15.0,
    "achieved_rate": 14.99581961513233
  },
  "successes": {
    "count": 300,
    "latency": {
      "request_latency": {
        "mean": 23.91607100716171,
        "min": 8.291203922126442,
        "max": 31.188235498964787,
        "p0.1": 8.347769397003576,
        "p1": 8.835882011940702,
        "p5": 9.718915577745065,
        "p10": 13.167064262088394,
        "p25": 21.368025159463286,
        "median": 25.868412447394803,
        "p75": 28.862696426571347,
        "p90": 30.025033638393506,
        "p95": 30.550384106440468,
        "p99": 30.915367341800593,
        "p99.9": 31.140013524938844
      },
      "normalized_time_per_output_token": {
        "mean": 0.02397703758556278,
        "min": 0.008291203922126442,
        "max": 0.031219454953918705,
        "p0.1": 0.008360511283674897,
        "p1": 0.00878370651677586,
        "p5": 0.009744806239340854,
        "p10": 0.013180244506594987,
        "p25": 0.021475330581659898,
        "median": 0.025945900316638983,
        "p75": 0.028881418151033043,
        "p90": 0.030081186134580957,
        "p95": 0.030634596812972783,
        "p99": 0.030998869450821715,
        "p99.9": 0.031204725271323765
      },
      "time_per_output_token": {
        "mean": 0.023709600318911117,
        "min": 0.008159577269107104,
        "max": 0.031071418226161936,
        "p0.1": 0.008218368450518232,
        "p1": 0.008716495489473454,
        "p5": 0.009594718640716746,
        "p10": 0.013041218634974216,
        "p25": 0.021164184348202542,
        "median": 0.02566270124143921,
        "p75": 0.028701036940985237,
        "p90": 0.0300454643680429,
        "p95": 0.030310160219250246,
        "p99": 0.031039327329915378,
        "p99.9": 0.03107046928877317
      },
      "time_to_first_token": {
        "mean": 0.2940275982301682,
        "min": 0.07427531620487571,
        "max": 1.1460439451038837,
        "p0.1": 0.07629011217178777,
        "p1": 0.08526698890607803,
        "p5": 0.09549968934152275,
        "p10": 0.1084941718261689,
        "p25": 0.18574531248304993,
        "median": 0.2452850874979049,
        "p75": 0.3578678460326046,
        "p90": 0.5333812610246241,
        "p95": 0.6345006845891479,
        "p99": 0.7912178533058611,
        "p99.9": 1.0763328154287353
      },
      "inter_token_latency": {
        "mean": 0.02369864908165406,
        "min": 5.441252142190933e-06,
        "max": 0.8805432640947402,
        "p0.1": 5.655921995639801e-06,
        "p1": 5.88688999414444e-06,
        "p5": 6.302259862422943e-06,
        "p10": 6.732996553182602e-06,
        "p25": 8.400063961744308e-06,
        "median": 0.007514764089137316,
        "p75": 0.033375675324350595,
        "p90": 0.06440047770738605,
        "p95": 0.08918283190578215,
        "p99": 0.15914632931351547,
        "p99.9": 0.5313012458346804
      }
    },
    "throughput": {
      "input_tokens_per_sec": 48136.90368536506,
      "output_tokens_per_sec": 6363.900333499521,
      "total_tokens_per_sec": 54500.80401886458,
      "requests_per_sec": 6.379018607599532
    },
    "prompt_len": {
      "mean": 7546.13,
      "min": 7487.0,
      "max": 7613.0,
      "p0.1": 7487.0,
      "p1": 7496.99,
      "p5": 7507.95,
      "p10": 7516.9,
      "p25": 7531.75,
      "median": 7545.5,
      "p75": 7562.0,
      "p90": 7575.2,
      "p95": 7584.05,
      "p99": 7602.0,
      "p99.9": 7611.505
    },
    "output_len": {
      "mean": 997.63,
      "min": 838.0,
      "max": 1009.0,
      "p0.1": 859.827,
      "p1": 976.74,
      "p5": 992.95,
      "p10": 995.0,
      "p25": 996.0,
      "median": 999.0,
      "p75": 1001.0,
      "p90": 1003.0,
      "p95": 1004.0,
      "p99": 1006.01,
      "p99.9": 1008.701
    }
  },
  "failures": {
    "count": 0,
    "request_latency": null,
    "prompt_len": null
  }
}