{
  "load_summary": {
    "count": 6935,
    "schedule_delay": {
      "mean": 0.0004884696903987032,
      "min": -0.0010376381687819958,
      "max": 0.042019189801067114,
      "p0.1": -0.000932012383826077,
      "p1": -0.0007047853618860245,
      "p5": -0.00040405201725661754,
      "p10": -0.00020855264738202093,
      "p25": 0.00010795216076076031,
      "median": 0.00046546943485736847,
      "p75": 0.000833969796076417,
      "p90": 0.0011541557498276234,
      "p95": 0.0013485881034284819,
      "p99": 0.0017369976267218583,
      "p99.9": 0.003004272345453862
    }
  },
  "successes": {
    "count": 6851,
    "latency": {
      "request_latency": {
        "mean": 44.14818178334874,
        "min": 6.443539958912879,
        "max": 71.23236917005852,
        "p0.1": 6.688248477270827,
        "p1": 8.672143564093858,
        "p5": 18.7030920968391,
        "p10": 27.53373150387779,
        "p25": 35.01708211773075,
        "median": 43.69778063893318,
        "p75": 56.595490116393194,
        "p90": 61.4715527780354,
        "p95": 63.69684323016554,
        "p99": 68.6877935915254,
        "p99.9": 70.54799683804167
      },
      "normalized_time_per_output_token": {
        "mean": 0.044248817812515565,
        "min": 0.006459546144921202,
        "max": 0.12378381213179829,
        "p0.1": 0.006699404098218282,
        "p1": 0.008658923728945691,
        "p5": 0.018666139341438244,
        "p10": 0.02759545045946516,
        "p25": 0.03509068677344866,
        "median": 0.04381506528447798,
        "p75": 0.05673849925963284,
        "p90": 0.061651240455932975,
        "p95": 0.06381640403311602,
        "p99": 0.06890974003398367,
        "p99.9": 0.07115938740474918
      },
      "time_per_output_token": {
        "mean": 0.04298570890153786,
        "min": 0.0063210853850468995,
        "max": 0.06708550431393087,
        "p0.1": 0.006536681614909321,
        "p1": 0.008478679016465322,
        "p5": 0.018546032641548665,
        "p10": 0.027040195553767233,
        "p25": 0.034748883652693505,
        "median": 0.043416130959755286,
        "p75": 0.054546759519081375,
        "p90": 0.058633631805565044,
        "p95": 0.060500008031484157,
        "p99": 0.06503436749242246,
        "p99.9": 0.06673195325741546
      },
      "time_to_first_token": {
        "mean": 1.6718426679894915,
        "min": 0.0659466846846044,
        "max": 12.321391445118934,
        "p0.1": 0.07925209293607623,
        "p1": 0.09086141316220164,
        "p5": 0.1390096079558134,
        "p10": 0.19629816198721528,
        "p25": 0.4264447777532041,
        "median": 1.0884606433100998,
        "p75": 2.4235119530931115,
        "p90": 4.110829351935536,
        "p95": 5.065059710061178,
        "p99": 6.874092946993187,
        "p99.9": 8.700291419029405
      },
      "inter_token_latency": {
        "mean": 0.04298850307027796,
        "min": 5.2209943532943726e-06,
        "max": 6.269593945238739,
        "p0.1": 5.606096237897873e-06,
        "p1": 5.7891011238098145e-06,
        "p5": 6.031244993209839e-06,
        "p10": 6.22868537902832e-06,
        "p25": 6.791669875383377e-06,
        "median": 8.265022188425064e-06,
        "p75": 2.3250002413988113e-05,
        "p90": 0.10543731348589068,
        "p95": 0.2935635804198681,
        "p99": 0.7574894477799532,
        "p99.9": 1.2650173306707506
      }
    },
    "throughput": {
      "input_tokens_per_sec": 81689.14963678464,
      "output_tokens_per_sec": 10801.745616843198,
      "total_tokens_per_sec": 92490.89525362784,
      "requests_per_sec": 10.824744446234439
    },
    "prompt_len": {
      "mean": 7546.519924098672,
      "min": 7469.0,
      "max": 7638.0,
      "p0.1": 7484.0,
      "p1": 7495.0,
      "p5": 7508.0,
      "p10": 7517.0,
      "p25": 7531.0,
      "median": 7546.0,
      "p75": 7562.0,
      "p90": 7577.0,
      "p95": 7587.0,
      "p99": 7602.0,
      "p99.9": 7638.0
    },
    "output_len": {
      "mean": 997.8753466647205,
      "min": 525.0,
      "max": 1012.0,
      "p0.1": 928.7,
      "p1": 982.0,
      "p5": 992.0,
      "p10": 994.0,
      "p25": 996.0,
      "median": 998.0,
      "p75": 1001.0,
      "p90": 1003.0,
      "p95": 1004.0,
      "p99": 1006.0,
      "p99.9": 1009.0
    }
  },
  "failures": {
    "count": 84,
    "request_latency": {
      "mean": 0.0032065676835676036,
      "min": 0.0014195428229868412,
      "max": 0.015119010116904974,
      "p0.1": 0.0014207375682890415,
      "p1": 0.0014314902760088444,
      "p5": 0.0014596315799281002,
      "p10": 0.0015116208232939243,
      "p25": 0.0017140344716608524,
      "median": 0.0029081229586154222,
      "p75": 0.0038373233983293176,
      "p90": 0.0043696496635675436,
      "p95": 0.004982253513298927,
      "p99": 0.015058938143774868,
      "p99.9": 0.015113002919591964
    },
    "prompt_len": {
      "mean": 0.0,
      "min": 0.0,
      "max": 0.0,
      "p0.1": 0.0,
      "p1": 0.0,
      "p5": 0.0,
      "p10": 0.0,
      "p25": 0.0,
      "median": 0.0,
      "p75": 0.0,
      "p90": 0.0,
      "p95": 0.0,
      "p99": 0.0,
      "p99.9": 0.0
    }
  }
}