{
  "load_summary": {
    "count": 3000,
    "schedule_delay": {
      "mean": 0.0006004953815912207,
      "min": -0.0009089671075344086,
      "max": 0.07075437158346176,
      "p0.1": -0.0008375205360352993,
      "p1": -0.0006728604948148131,
      "p5": -0.0003495680633932352,
      "p10": -0.00017923540435731407,
      "p25": 0.00013563584070652723,
      "median": 0.0005089116748422384,
      "p75": 0.0008876178180798888,
      "p90": 0.0011950678192079061,
      "p95": 0.001403697021305561,
      "p99": 0.0034751890087500086,
      "p99.9": 0.023492493315135126
    },
    "send_duration": 59.9676732677035,
    "requested_rate": 50.0,
    "achieved_rate": 50.02695346553816
  },
  "successes": {
    "count": 3000,
    "latency": {
      "request_latency": {
        "mean": 23.965942596042062,
        "min": 13.508203112054616,
        "max": 33.46626326208934,
        "p0.1": 13.831888556065504,
        "p1": 14.615300605245865,
        "p5": 16.370967509271576,
        "p10": 18.155511440942064,
        "p25": 21.79515146429185,
        "median": 24.753757622558624,
        "p75": 26.670472534839064,
        "p90": 28.224043606594204,
        "p95": 28.827699968754313,
        "p99": 32.218605533521604,
        "p99.9": 32.921348616883165
      },
      "normalized_time_per_output_token": {
        "mean": 0.047797617333767334,
        "min": 0.026962481261586062,
        "max": 0.06679892866684499,
        "p0.1": 0.027608559992146713,
        "p1": 0.02912005971909606,
        "p5": 0.03267020834819993,
        "p10": 0.036254950690711336,
        "p25": 0.04346597060968285,
        "median": 0.049365078765497415,
        "p75": 0.05318230449759244,
        "p90": 0.05629627595123551,
        "p95": 0.057525939255929595,
        "p99": 0.06421475457255994,
        "p99.9": 0.06590310184687863
      },
      "time_per_output_token": {
        "mean": 0.047318223104666705,
        "min": 0.026120778766313666,
        "max": 0.06291522579136975,
        "p0.1": 0.026662116896627962,
        "p1": 0.027792080682141663,
        "p5": 0.03184681444677089,
        "p10": 0.03559684900540703,
        "p25": 0.04360401871334761,
        "median": 0.04975418412571893,
        "p75": 0.05237207796838653,
        "p90": 0.05494412983005697,
        "p95": 0.05684436596347949,
        "p99": 0.06218138923429004,
        "p99.9": 0.06288676224570752
      },
      "time_to_first_token": {
        "mean": 0.7614653856876927,
        "min": 0.06231960095465183,
        "max": 3.3116198019124568,
        "p0.1": 0.07107716251956299,
        "p1": 0.09955258416477591,
        "p5": 0.15370492427609864,
        "p10": 0.20109964380972087,
        "p25": 0.33106403530109674,
        "median": 0.6026205907110125,
        "p75": 1.1330561939394102,
        "p90": 1.5240539666265247,
        "p95": 1.771857542614452,
        "p99": 2.205710279680784,
        "p99.9": 3.086228627445649
      },
      "inter_token_latency": {
        "mean": 0.04738839882451485,
        "min": 5.133915692567825e-06,
        "max": 0.9558373410254717,
        "p0.1": 5.666166543960571e-06,
        "p1": 6.556045264005661e-06,
        "p5": 0.004685485176742087,
        "p10": 0.021765667526051403,
        "p25": 0.03019814775325358,
        "median": 0.039294305024668574,
        "p75": 0.046495045302435756,
        "p90": 0.06097359401173888,
        "p95": 0.11148207264486697,
        "p99": 0.3058905633585527,
        "p99.9": 0.48876965702096187
      }
    },
    "throughput": {
      "input_tokens_per_sec": 333491.58027428127,
      "output_tokens_per_sec": 20135.857145417413,
      "total_tokens_per_sec": 353627.4374196987,
      "requests_per_sec": 40.15820044424576
    },
    "prompt_len": {
      "mean": 8304.445333333333,
      "min": 8226.0,
      "max": 8372.0,
      "p0.1": 8228.997,
      "p1": 8245.0,
      "p5": 8269.0,
      "p10": 8277.0,
      "p25": 8289.0,
      "median": 8305.0,
      "p75": 8320.0,
      "p90": 8334.0,
      "p95": 8340.0,
      "p99": 8355.01,
      "p99.9": 8370.002
    },
    "output_len": {
      "mean": 501.41333333333336,
      "min": 477.0,
      "max": 516.0,
      "p0.1": 496.0,
      "p1": 499.0,
      "p5": 500.0,
      "p10": 500.0,
      "p25": 501.0,
      "median": 501.0,
      "p75": 502.0,
      "p90": 503.0,
      "p95": 504.0,
      "p99": 507.0,
      "p99.9": 512.0
    }
  },
  "failures": {
    "count": 0,
    "request_latency": null,
    "prompt_len": null
  }
}