{
  "load_summary": {
    "count": 6000,
    "schedule_delay": {
      "mean": 0.0006046937021116416,
      "min": -0.0009508128277957439,
      "max": 0.07760915393009782,
      "p0.1": -0.0008430458065122366,
      "p1": -0.0006344515737146139,
      "p5": -0.00035221916623413564,
      "p10": -0.0001663495320826769,
      "p25": 0.00014036439824849367,
      "median": 0.0004962515085935593,
      "p75": 0.0008667223155498505,
      "p90": 0.0012070205993950367,
      "p95": 0.0013957935618236661,
      "p99": 0.002439047694206238,
      "p99.9": 0.025085933357480317
    },
    "send_duration": 59.99822680000216,
    "requested_rate": 100.0,
    "achieved_rate": 100.00295542067227
  },
  "successes": {
    "count": 5997,
    "latency": {
      "request_latency": {
        "mean": 60.89637109686855,
        "min": 13.49299350194633,
        "max": 81.87265387689695,
        "p0.1": 18.005259981352836,
        "p1": 25.189179202932866,
        "p5": 34.84653989532963,
        "p10": 39.10131637621671,
        "p25": 53.05661484785378,
        "median": 64.49675792781636,
        "p75": 71.90176548715681,
        "p90": 75.74936241572723,
        "p95": 77.73026896174997,
        "p99": 80.89218737158924,
        "p99.9": 81.80734224430658
      },
      "normalized_time_per_output_token": {
        "mean": 0.12152594055447855,
        "min": 0.02693212275837591,
        "max": 0.5061511303822044,
        "p0.1": 0.03579629315744468,
        "p1": 0.04999041809430354,
        "p5": 0.0695884341400243,
        "p10": 0.07802443894262123,
        "p25": 0.1058378987722545,
        "median": 0.1286593734095256,
        "p75": 0.14333912187285602,
        "p90": 0.15118879355337858,
        "p95": 0.15503845222666712,
        "p99": 0.16125995813614835,
        "p99.9": 0.16328966826745522
      },
      "time_per_output_token": {
        "mean": 0.10929236481102693,
        "min": 0.027204463928483608,
        "max": 0.15375899777933955,
        "p0.1": 0.03608854684387634,
        "p1": 0.05055265319404683,
        "p5": 0.0684695218434377,
        "p10": 0.07677130178514734,
        "p25": 0.09489147445926774,
        "median": 0.10906366618257016,
        "p75": 0.1269706055521965,
        "p90": 0.13877497046571227,
        "p95": 0.1457147882591933,
        "p99": 0.1530381591914967,
        "p99.9": 0.15353567577129604
      },
      "time_to_first_token": {
        "mean": 7.037308797401302,
        "min": 0.0720774782821536,
        "max": 22.19002622878179,
        "p0.1": 0.07811322066932917,
        "p1": 0.10167161097750067,
        "p5": 0.22440745104104282,
        "p10": 0.4355419617146254,
        "p25": 1.5381707269698381,
        "median": 4.793917167931795,
        "p75": 11.764479194767773,
        "p90": 17.129243772383784,
        "p95": 19.22860946683213,
        "p99": 21.3183295811899,
        "p99.9": 22.038350766222937
      },
      "inter_token_latency": {
        "mean": 0.10967518169041832,
        "min": 5.216803401708603e-06,
        "max": 1.759264724329114,
        "p0.1": 5.732756108045578e-06,
        "p1": 6.563030183315277e-06,
        "p5": 0.0007406733930110915,
        "p10": 0.0388924437109381,
        "p25": 0.07607535482384264,
        "median": 0.11356112896464765,
        "p75": 0.14132180449087173,
        "p90": 0.16312390053644776,
        "p95": 0.18023655212018638,
        "p99": 0.2996332533098758,
        "p99.9": 0.54630434011529
      }
    },
    "throughput": {
      "input_tokens_per_sec": 398041.25600290333,
      "output_tokens_per_sec": 24028.048370538934,
      "total_tokens_per_sec": 422069.3043734423,
      "requests_per_sec": 47.9312373464096
    },
    "prompt_len": {
      "mean": 8304.422711355677,
      "min": 8226.0,
      "max": 8372.0,
      "p0.1": 8228.988,
      "p1": 8245.0,
      "p5": 8269.0,
      "p10": 8276.6,
      "p25": 8289.0,
      "median": 8305.0,
      "p75": 8320.0,
      "p90": 8334.0,
      "p95": 8340.0,
      "p99": 8355.0,
      "p99.9": 8370.0
    },
    "output_len": {
      "mean": 501.3024845756211,
      "min": 160.0,
      "max": 515.0,
      "p0.1": 493.996,
      "p1": 498.0,
      "p5": 500.0,
      "p10": 500.0,
      "p25": 501.0,
      "median": 501.0,
      "p75": 502.0,
      "p90": 503.0,
      "p95": 504.0,
      "p99": 507.0,
      "p99.9": 512.0040000000008
    }
  },
  "failures": {
    "count": 3,
    "request_latency": {
      "mean": 0.037763148080557585,
      "min": 0.003396339248865843,
      "max": 0.08534038811922073,
      "p0.1": 0.0034386520041152836,
      "p1": 0.0038194668013602495,
      "p5": 0.005511977011337876,
      "p10": 0.00762761477380991,
      "p25": 0.01397452806122601,
      "median": 0.024552716873586178,
      "p75": 0.054946552496403456,
      "p90": 0.07318285387009382,
      "p95": 0.07926162099465728,
      "p99": 0.08412463469430805,
      "p99.9": 0.08521881277672948
    },
    "prompt_len": {
      "mean": 0.0,
      "min": 0.0,
      "max": 0.0,
      "p0.1": 0.0,
      "p1": 0.0,
      "p5": 0.0,
      "p10": 0.0,
      "p25": 0.0,
      "median": 0.0,
      "p75": 0.0,
      "p90": 0.0,
      "p95": 0.0,
      "p99": 0.0,
      "p99.9": 0.0
    }
  }
}