{
  "load_summary": {
    "count": 32460,
    "schedule_delay": {
      "mean": 0.0006654637057055304,
      "min": -0.0017344155348837376,
      "max": 0.098639783449471,
      "p0.1": -0.000846049812156707,
      "p1": -0.0006332550011575222,
      "p5": -0.00034432210959494113,
      "p10": -0.00016822773031890386,
      "p25": 0.00014783930964767933,
      "median": 0.0005124551244080067,
      "p75": 0.0008847746066749096,
      "p90": 0.0012177139054983857,
      "p95": 0.0014202485093846916,
      "p99": 0.0025013758242130226,
      "p99.9": 0.05647375990544705
    }
  },
  "successes": {
    "count": 32455,
    "latency": {
      "request_latency": {
        "mean": 67.4349677882724,
        "min": 4.599036577157676,
        "max": 135.08094950811937,
        "p0.1": 5.120259564355016,
        "p1": 7.47342095149681,
        "p5": 14.321702376147732,
        "p10": 21.230690026469528,
        "p25": 36.41231701755896,
        "median": 67.33202264318243,
        "p75": 96.01342957257293,
        "p90": 118.9326808301732,
        "p95": 124.16476049930787,
        "p99": 130.7019263158459,
        "p99.9": 133.62800274626167
      },
      "normalized_time_per_output_token": {
        "mean": 0.13450484853284705,
        "min": 0.009125072573725548,
        "max": 0.5061511303822044,
        "p0.1": 0.010221536646087022,
        "p1": 0.014869703495637532,
        "p5": 0.028558782942544863,
        "p10": 0.042349070397404556,
        "p25": 0.07260814374043215,
        "median": 0.13430044486187398,
        "p75": 0.19155889401847703,
        "p90": 0.2370999587569321,
        "p95": 0.2476729827330721,
        "p99": 0.26072426684453576,
        "p99.9": 0.2666548291031775
      },
      "time_per_output_token": {
        "mean": 0.11633941913088243,
        "min": 0.0088436571219936,
        "max": 0.23139437426999213,
        "p0.1": 0.009480729721676557,
        "p1": 0.014387027495596557,
        "p5": 0.028062074895016848,
        "p10": 0.04245204289095721,
        "p25": 0.07175764208754176,
        "median": 0.1177207504902035,
        "p75": 0.16421099085826427,
        "p90": 0.18874996545333417,
        "p95": 0.20358646504357455,
        "p99": 0.2264912832600437,
        "p99.9": 0.23118546856102345
      },
      "time_to_first_token": {
        "mean": 9.910598580666994,
        "min": 0.06231960095465183,
        "max": 52.71049311803654,
        "p0.1": 0.07729654097091407,
        "p1": 0.09935733689926565,
        "p5": 0.154224088601768,
        "p10": 0.22362867854535579,
        "p25": 0.734467314556241,
        "median": 4.5105801578611135,
        "p75": 16.22425984684378,
        "p90": 28.202978959959005,
        "p95": 35.32693592491559,
        "p99": 45.404565331423655,
        "p99.9": 50.92487514458038
      },
      "inter_token_latency": {
        "mean": 0.11681464349797299,
        "min": 5.107838660478592e-06,
        "max": 1.8884739209897816,
        "p0.1": 5.786772817373276e-06,
        "p1": 7.109250873327255e-06,
        "p5": 0.013046406209468842,
        "p10": 0.022137254010885954,
        "p25": 0.05169022816698998,
        "median": 0.10994934011250734,
        "p75": 0.16931669518817216,
        "p90": 0.21133648599497976,
        "p95": 0.23711338269058616,
        "p99": 0.35242041973862837,
        "p99.9": 0.5299673440372579
      }
    },
    "throughput": {
      "input_tokens_per_sec": 294509.1921984897,
      "output_tokens_per_sec": 17781.315267921527,
      "total_tokens_per_sec": 312290.50746641116,
      "requests_per_sec": 35.46412212083172
    },
    "prompt_len": {
      "mean": 8304.426405792636,
      "min": 8226.0,
      "max": 8372.0,
      "p0.1": 8229.0,
      "p1": 8245.0,
      "p5": 8269.0,
      "p10": 8276.0,
      "p25": 8289.0,
      "median": 8305.0,
      "p75": 8320.0,
      "p90": 8334.0,
      "p95": 8340.0,
      "p99": 8355.0,
      "p99.9": 8370.0
    },
    "output_len": {
      "mean": 501.3888460945925,
      "min": 160.0,
      "max": 516.0,
      "p0.1": 495.0,
      "p1": 498.0,
      "p5": 500.0,
      "p10": 500.0,
      "p25": 501.0,
      "median": 501.0,
      "p75": 502.0,
      "p90": 503.0,
      "p95": 504.0,
      "p99": 507.0,
      "p99.9": 512.0
    }
  },
  "failures": {
    "count": 5,
    "request_latency": {
      "mean": 0.07008291427046061,
      "min": 0.003396339248865843,
      "max": 0.2269872361794114,
      "p0.1": 0.003423305455595255,
      "p1": 0.0036660013161599636,
      "p5": 0.004744649585336447,
      "p10": 0.006092959921807051,
      "p25": 0.010137890931218863,
      "median": 0.024552716873586178,
      "p75": 0.08534038811922073,
      "p90": 0.17032849695533514,
      "p95": 0.19865786656737325,
      "p99": 0.22132136225700377,
      "p99.9": 0.22642064878717072
    },
    "prompt_len": {
      "mean": 0.0,
      "min": 0.0,
      "max": 0.0,
      "p0.1": 0.0,
      "p1": 0.0,
      "p5": 0.0,
      "p10": 0.0,
      "p25": 0.0,
      "median": 0.0,
      "p75": 0.0,
      "p90": 0.0,
      "p95": 0.0,
      "p99": 0.0,
      "p99.9": 0.0
    }
  }
}