{
  "load_summary": {
    "count": 6260,
    "schedule_delay": {
      "mean": 0.0005004198647464236,
      "min": -0.0010235323570668697,
      "max": 0.07293667830526829,
      "p0.1": -0.000936689602676779,
      "p1": -0.0007002007914707065,
      "p5": -0.00040684652049094433,
      "p10": -0.0002378062810748815,
      "p25": 9.027414489537477e-05,
      "median": 0.0004654056392610073,
      "p75": 0.0008253589039668441,
      "p90": 0.0011683308985084297,
      "p95": 0.0013607322704046962,
      "p99": 0.0017208434175699939,
      "p99.9": 0.0063051621136259745
    }
  },
  "successes": {
    "count": 6009,
    "latency": {
      "request_latency": {
        "mean": 122.48422812576352,
        "min": 8.724119575228542,
        "max": 300.61132775619626,
        "p0.1": 10.881128900874407,
        "p1": 18.53176913363859,
        "p5": 44.026404104381804,
        "p10": 50.92968531278893,
        "p25": 65.06878015585244,
        "median": 112.13700088718906,
        "p75": 162.58134270459414,
        "p90": 216.0124822876416,
        "p95": 251.21191985318436,
        "p99": 280.316239991542,
        "p99.9": 300.08428203924746
      },
      "normalized_time_per_output_token": {
        "mean": 0.12237143229291259,
        "min": 0.0037799207123698888,
        "max": 0.8904255921997418,
        "p0.1": 0.005779999600200335,
        "p1": 0.012242447845953016,
        "p5": 0.0392849017509077,
        "p10": 0.05040052282212889,
        "p25": 0.06503646265597306,
        "median": 0.11239490257295308,
        "p75": 0.1633738400306183,
        "p90": 0.21703625861059772,
        "p95": 0.2521065435596034,
        "p99": 0.28252122469128466,
        "p99.9": 0.30307579910950994
      },
      "time_per_output_token": {
        "mean": 0.058998452003405776,
        "min": 0.008577767626715225,
        "max": 0.1301689248662442,
        "p0.1": 0.01038167877843231,
        "p1": 0.0157997262156941,
        "p5": 0.031203469228465112,
        "p10": 0.04280148302111775,
        "p25": 0.05326745293708518,
        "median": 0.058159825265873225,
        "p75": 0.0632494488642551,
        "p90": 0.0754655536867678,
        "p95": 0.08991439685653893,
        "p99": 0.11440752350211147,
        "p99.9": 0.12732646785811355
      },
      "time_to_first_token": {
        "mean": 63.455664108220375,
        "min": 0.047883632592856884,
        "max": 248.89890913572162,
        "p0.1": 0.05179357474297285,
        "p1": 0.07490689374506473,
        "p5": 0.13742216173559427,
        "p10": 0.3011752075515689,
        "p25": 1.7033388819545507,
        "median": 51.84106417698786,
        "p75": 104.32080517010763,
        "p90": 162.08260827530177,
        "p95": 197.2548685591668,
        "p99": 231.52974391289055,
        "p99.9": 248.36781881682575
      },
      "inter_token_latency": {
        "mean": 0.058998579173355596,
        "min": 5.3551048040390015e-06,
        "max": 64.55970075493678,
        "p0.1": 5.749985575675964e-06,
        "p1": 6.323680281639099e-06,
        "p5": 8.37305560708046e-06,
        "p10": 0.011156351817771791,
        "p25": 0.03638267598580569,
        "median": 0.047444774536415935,
        "p75": 0.05347617156803608,
        "p90": 0.0626096592284739,
        "p95": 0.0758112162584439,
        "p99": 0.4743844096548851,
        "p99.9": 1.2240101538249564
      }
    },
    "throughput": {
      "input_tokens_per_sec": 27286.866973715023,
      "output_tokens_per_sec": 3896.6829445541716,
      "total_tokens_per_sec": 31183.549918269196,
      "requests_per_sec": 3.616285696387697
    },
    "prompt_len": {
      "mean": 7545.550673989016,
      "min": 7464.0,
      "max": 7621.0,
      "p0.1": 7464.0,
      "p1": 7487.0,
      "p5": 7501.0,
      "p10": 7511.0,
      "p25": 7529.0,
      "median": 7547.0,
      "p75": 7563.0,
      "p90": 7576.0,
      "p95": 7585.0,
      "p99": 7596.0,
      "p99.9": 7621.0
    },
    "output_len": {
      "mean": 1077.537360625728,
      "min": 207.0,
      "max": 8573.0,
      "p0.1": 901.016,
      "p1": 965.0,
      "p5": 983.0,
      "p10": 988.0,
      "p25": 993.0,
      "median": 995.0,
      "p75": 997.0,
      "p90": 999.0,
      "p95": 1000.0,
      "p99": 8496.0,
      "p99.9": 8566.984000000002
    }
  },
  "failures": {
    "count": 251,
    "request_latency": {
      "mean": 300.53137417317396,
      "min": 300.0054831318557,
      "max": 301.00141827436164,
      "p0.1": 300.0083368696505,
      "p1": 300.02026989869773,
      "p5": 300.0590119045228,
      "p10": 300.10973233310506,
      "p25": 300.2846295828931,
      "median": 300.54230358591303,
      "p75": 300.77254282543436,
      "p90": 300.9107235511765,
      "p95": 300.9577584762592,
      "p99": 300.9870063595008,
      "p99.9": 301.00051931105554
    },
    "prompt_len": {
      "mean": 0.0,
      "min": 0.0,
      "max": 0.0,
      "p0.1": 0.0,
      "p1": 0.0,
      "p5": 0.0,
      "p10": 0.0,
      "p25": 0.0,
      "median": 0.0,
      "p75": 0.0,
      "p90": 0.0,
      "p95": 0.0,
      "p99": 0.0,
      "p99.9": 0.0
    }
  }
}