{
  "load_summary": {
    "count": 900,
    "schedule_delay": {
      "mean": 0.0010425079815710584,
      "min": -0.0008164751343429089,
      "max": 0.08649141946807504,
      "p0.1": -0.0006773951123468577,
      "p1": -0.0004519744170829654,
      "p5": -7.434561848640344e-06,
      "p10": 0.000156347081065178,
      "p25": 0.00045437098015099764,
      "median": 0.0008349756244570017,
      "p75": 0.0012249865103513002,
      "p90": 0.0016002527438104153,
      "p95": 0.0018615103093907231,
      "p99": 0.005558570805005728,
      "p99.9": 0.015351051533603652
    },
    "send_duration": 29.410221179947257,
    "requested_rate": 30.0,
    "achieved_rate": 30.601605968663918
  },
  "successes": {
    "count": 900,
    "latency": {
      "request_latency": {
        "mean": 1.7871050199933558,
        "min": 0.7870707232505083,
        "max": 4.805601836182177,
        "p0.1": 0.7928280417909845,
        "p1": 0.9337796867685393,
        "p5": 1.0628396817250176,
        "p10": 1.1927677135448902,
        "p25": 1.3914507541339844,
        "median": 1.7043722642119974,
        "p75": 2.057258799439296,
        "p90": 2.483636647742242,
        "p95": 2.8265263162320475,
        "p99": 3.569006387004627,
        "p99.9": 4.668234596585872
      },
      "normalized_time_per_output_token": {
        "mean": 0.008874305400297803,
        "min": 0.0039157747425398425,
        "max": 0.0239084668466775,
        "p0.1": 0.0039738251158150046,
        "p1": 0.004645670083425569,
        "p5": 0.005287759610572227,
        "p10": 0.00592932545195278,
        "p25": 0.006893998411002184,
        "median": 0.008431631942812986,
        "p75": 0.010163680228002955,
        "p90": 0.01238558787221103,
        "p95": 0.014056244022120254,
        "p99": 0.017841343144773425,
        "p99.9": 0.023020020230979835
      },
      "time_per_output_token": {
        "mean": 0.007812380317139739,
        "min": 9.910669177770615e-06,
        "max": 0.016425373295066773,
        "p0.1": 9.93049756390974e-06,
        "p1": 0.002820532359229635,
        "p5": 0.004658755312202801,
        "p10": 0.005199970885866731,
        "p25": 0.006223504961190835,
        "median": 0.007666055065512465,
        "p75": 0.009054481042638564,
        "p90": 0.01061464435524881,
        "p95": 0.011999330374076064,
        "p99": 0.015025776980360547,
        "p99.9": 0.016301708102848287
      },
      "time_to_first_token": {
        "mean": 0.2149247139149035,
        "min": 0.07012238213792443,
        "max": 1.8214224283583462,
        "p0.1": 0.07104566112160683,
        "p1": 0.07442615368869156,
        "p5": 0.0831693550106138,
        "p10": 0.08805171893909573,
        "p25": 0.09869321656879038,
        "median": 0.11629996285773814,
        "p75": 0.16690884216222912,
        "p90": 0.46436522058211277,
        "p95": 0.870281731965951,
        "p99": 1.6271406865725293,
        "p99.9": 1.7317435659575389
      },
      "inter_token_latency": {
        "mean": 0.007818554573942297,
        "min": 5.260109901428223e-06,
        "max": 1.5891203610226512,
        "p0.1": 5.633104592561722e-06,
        "p1": 6.1211176216602325e-06,
        "p5": 7.418915629386902e-06,
        "p10": 9.106472134590149e-06,
        "p25": 0.003711789264343679,
        "median": 0.006265996256843209,
        "p75": 0.008457162184640765,
        "p90": 0.010771007044240832,
        "p95": 0.014441987033933401,
        "p99": 0.04251750458497556,
        "p99.9": 0.23212997969708013
      }
    },
    "throughput": {
      "input_tokens_per_sec": 335572.9092035157,
      "output_tokens_per_sec": 5814.417426861368,
      "total_tokens_per_sec": 341387.32663037704,
      "requests_per_sec": 28.872864370152787
    },
    "prompt_len": {
      "mean": 11622.432222222222,
      "min": 11520.0,
      "max": 11731.0,
      "p0.1": 11523.596,
      "p1": 11554.98,
      "p5": 11575.0,
      "p10": 11583.9,
      "p25": 11600.0,
      "median": 11622.0,
      "p75": 11643.0,
      "p90": 11662.0,
      "p95": 11674.0,
      "p99": 11710.0,
      "p99.9": 11723.808
    },
    "output_len": {
      "mean": 201.38,
      "min": 189.0,
      "max": 211.0,
      "p0.1": 194.394,
      "p1": 199.0,
      "p5": 200.0,
      "p10": 200.0,
      "p25": 201.0,
      "median": 201.0,
      "p75": 202.0,
      "p90": 203.0,
      "p95": 204.0,
      "p99": 205.0,
      "p99.9": 207.40400000000045
    }
  },
  "failures": {
    "count": 0,
    "request_latency": null,
    "prompt_len": null
  }
}