{
  "load_summary": {
    "count": 2400,
    "schedule_delay": {
      "mean": 0.003685161163060305,
      "min": -0.0007297205738723278,
      "max": 0.26718809781596065,
      "p0.1": -0.0006373310131020844,
      "p1": -0.0004408265510573983,
      "p5": -0.00014325487427413464,
      "p10": 7.655653171241285e-05,
      "p25": 0.0004058810882270336,
      "median": 0.0007910497952252626,
      "p75": 0.0012421008432283998,
      "p90": 0.0021824680268764498,
      "p95": 0.027819443657062914,
      "p99": 0.058471318306400864,
      "p99.9": 0.21238779991446313
    },
    "send_duration": 31.011109768413007,
    "requested_rate": 80.0,
    "achieved_rate": 77.39161925912656
  },
  "successes": {
    "count": 2397,
    "latency": {
      "request_latency": {
        "mean": 3.819498327750329,
        "min": 1.1547562177293003,
        "max": 8.207473708316684,
        "p0.1": 1.2909481394086033,
        "p1": 1.8844255982898175,
        "p5": 2.470639751292765,
        "p10": 2.673786301817745,
        "p25": 3.0964114111848176,
        "median": 3.6189530617557466,
        "p75": 4.470673590898514,
        "p90": 5.208944397885353,
        "p95": 5.652168337535113,
        "p99": 6.855247417408973,
        "p99.9": 7.897096074771172
      },
      "normalized_time_per_output_token": {
        "mean": 0.018965097984803513,
        "min": 0.005716614939253962,
        "max": 0.040833202528938725,
        "p0.1": 0.0064150437641739295,
        "p1": 0.009373647571487159,
        "p5": 0.012284742706870877,
        "p10": 0.013263865235477245,
        "p25": 0.015373695604503156,
        "median": 0.01800700736930594,
        "p75": 0.02219851779756113,
        "p90": 0.02592933590818134,
        "p95": 0.0281154695467384,
        "p99": 0.03397839661894466,
        "p99.9": 0.03940848395850685
      },
      "time_per_output_token": {
        "mean": 0.015819902632274997,
        "min": 9.312762424873947e-06,
        "max": 0.037010518431513754,
        "p0.1": 0.00016464449410331458,
        "p1": 0.006447284267248166,
        "p5": 0.01010874118981883,
        "p10": 0.011145406766991182,
        "p25": 0.012859229028842708,
        "median": 0.014869923640192304,
        "p75": 0.018010345251616284,
        "p90": 0.021931975322947515,
        "p95": 0.02476835812179922,
        "p99": 0.03156615897937856,
        "p99.9": 0.03607702061750163
      },
      "time_to_first_token": {
        "mean": 0.651000750225471,
        "min": 0.06925030192360282,
        "max": 2.65114966314286,
        "p0.1": 0.07945997405424714,
        "p1": 0.10582498269155621,
        "p5": 0.21867435406893493,
        "p10": 0.27617649910971526,
        "p25": 0.35494998609647155,
        "median": 0.5137349739670753,
        "p75": 0.747795038856566,
        "p90": 1.2168110916391017,
        "p95": 1.8729738849215198,
        "p99": 2.3083795136585827,
        "p99.9": 2.625954138116913
      },
      "inter_token_latency": {
        "mean": 0.015830534145098135,
        "min": 5.2102841436862946e-06,
        "max": 1.951346323825419,
        "p0.1": 5.491077899932861e-06,
        "p1": 5.695968866348267e-06,
        "p5": 5.977228283882141e-06,
        "p10": 6.227800622582438e-06,
        "p25": 6.977003067731857e-06,
        "median": 9.233132004737854e-06,
        "p75": 0.012680498766712844,
        "p90": 0.05436248918995263,
        "p95": 0.07904002894647404,
        "p99": 0.1417843241197987,
        "p99.9": 1.502853846776301
      }
    },
    "throughput": {
      "input_tokens_per_sec": 777951.5640552118,
      "output_tokens_per_sec": 13480.232110867604,
      "total_tokens_per_sec": 791431.7961660795,
      "requests_per_sec": 66.92941567414832
    },
    "prompt_len": {
      "mean": 11623.46266166041,
      "min": 11510.0,
      "max": 11756.0,
      "p0.1": 11518.792,
      "p1": 11549.92,
      "p5": 11575.0,
      "p10": 11585.0,
      "p25": 11601.0,
      "median": 11624.0,
      "p75": 11645.0,
      "p90": 11662.0,
      "p95": 11676.0,
      "p99": 11705.0,
      "p99.9": 11732.208
    },
    "output_len": {
      "mean": 201.40967876512306,
      "min": 196.0,
      "max": 212.0,
      "p0.1": 198.0,
      "p1": 199.0,
      "p5": 200.0,
      "p10": 200.0,
      "p25": 201.0,
      "median": 201.0,
      "p75": 202.0,
      "p90": 203.0,
      "p95": 204.0,
      "p99": 206.0,
      "p99.9": 211.0
    }
  },
  "failures": {
    "count": 3,
    "request_latency": {
      "mean": 1.0271951818528275,
      "min": 0.3646115171723068,
      "max": 2.2977232029661536,
      "p0.1": 0.36472079578880223,
      "p1": 0.36570430333726106,
      "p5": 0.3700754479970783,
      "p10": 0.37553937882184985,
      "p25": 0.3919311712961644,
      "median": 0.419250825420022,
      "p75": 1.3584870141930878,
      "p90": 1.9220287274569274,
      "p95": 2.10987596521154,
      "p99": 2.260153755415231,
      "p99.9": 2.2939662582110616
    },
    "prompt_len": {
      "mean": 11617.666666666666,
      "min": 11605.0,
      "max": 11632.0,
      "p0.1": 11605.022,
      "p1": 11605.22,
      "p5": 11606.1,
      "p10": 11607.2,
      "p25": 11610.5,
      "median": 11616.0,
      "p75": 11624.0,
      "p90": 11628.8,
      "p95": 11630.4,
      "p99": 11631.68,
      "p99.9": 11631.968
    }
  }
}