{
  "load_summary": {
    "count": 1050,
    "schedule_delay": {
      "mean": 0.0005230892977366845,
      "min": -0.0009218212217092514,
      "max": 0.02929775044322014,
      "p0.1": -0.0009130433099344373,
      "p1": -0.0006679890817031264,
      "p5": -0.0004011387936770916,
      "p10": -0.0002553131431341171,
      "p25": 5.9632700867950916e-05,
      "median": 0.00046167452819645405,
      "p75": 0.0007906231330707669,
      "p90": 0.0011327017098665237,
      "p95": 0.0013204768998548383,
      "p99": 0.0016836699889972806,
      "p99.9": 0.028523985651321797
    },
    "send_duration": 29.790103362873197,
    "requested_rate": 35.0,
    "achieved_rate": 35.24660479387909
  },
  "successes": {
    "count": 1050,
    "latency": {
      "request_latency": {
        "mean": 35.53394985143495,
        "min": 8.61353151500225,
        "max": 46.29124103393406,
        "p0.1": 8.932586671828293,
        "p1": 12.466097154333257,
        "p5": 14.789792369236238,
        "p10": 17.102258726255968,
        "p25": 36.06228267948609,
        "median": 39.49629298201762,
        "p75": 41.170608986518346,
        "p90": 42.552097485587,
        "p95": 43.557261377666144,
        "p99": 44.96539404540323,
        "p99.9": 46.20110666516843
      },
      "normalized_time_per_output_token": {
        "mean": 0.035603976034487214,
        "min": 0.008622153668670921,
        "max": 0.046388402250441656,
        "p0.1": 0.008944294169935791,
        "p1": 0.0124665678093157,
        "p5": 0.014793643270446563,
        "p10": 0.017148482127064203,
        "p25": 0.03617621332346588,
        "median": 0.03958754158196503,
        "p75": 0.04122020533258045,
        "p90": 0.0426474562144972,
        "p95": 0.0435853837696819,
        "p99": 0.0450571968635538,
        "p99.9": 0.04637105995503165
      },
      "time_per_output_token": {
        "mean": 0.03425895262372074,
        "min": 0.008490368020255119,
        "max": 0.044240478182029794,
        "p0.1": 0.008803043297005967,
        "p1": 0.011252434601101398,
        "p5": 0.01300090894990135,
        "p10": 0.015290300914226099,
        "p25": 0.03439224648258604,
        "median": 0.03857762682057267,
        "p75": 0.03985433976383514,
        "p90": 0.041005624729497,
        "p95": 0.042433058586774305,
        "p99": 0.04350911038874732,
        "p99.9": 0.043883856981459864
      },
      "time_to_first_token": {
        "mean": 1.8412873944875208,
        "min": 0.07539219316095114,
        "max": 12.004117706790566,
        "p0.1": 0.0759091342575848,
        "p1": 0.08767751770094037,
        "p5": 0.14291189457289877,
        "p10": 0.20192187475040554,
        "p25": 0.6070049550617114,
        "median": 1.4666077853180468,
        "p75": 2.7792905487585813,
        "p90": 3.956550878379494,
        "p95": 4.723416505451314,
        "p99": 6.350986293829046,
        "p99.9": 10.79351195083885
      },
      "inter_token_latency": {
        "mean": 0.03420239789963611,
        "min": 5.30807301402092e-06,
        "max": 4.899529451038688,
        "p0.1": 5.6140124797821045e-06,
        "p1": 5.790963768959045e-06,
        "p5": 6.027054041624069e-06,
        "p10": 6.224028766155243e-06,
        "p25": 6.751157343387604e-06,
        "median": 7.828231900930405e-06,
        "p75": 1.253373920917511e-05,
        "p90": 0.056545141991227905,
        "p95": 0.23488385370001189,
        "p99": 0.7109198514744639,
        "p99.9": 1.271291764952289
      }
    },
    "throughput": {
      "input_tokens_per_sec": 111921.54447405563,
      "output_tokens_per_sec": 14803.308858465765,
      "total_tokens_per_sec": 126724.8533325214,
      "requests_per_sec": 14.832691714433404
    },
    "prompt_len": {
      "mean": 7545.599047619047,
      "min": 7481.0,
      "max": 7624.0,
      "p0.1": 7488.049,
      "p1": 7493.0,
      "p5": 7504.45,
      "p10": 7513.9,
      "p25": 7528.25,
      "median": 7545.0,
      "p75": 7562.0,
      "p90": 7575.1,
      "p95": 7587.0,
      "p99": 7613.02,
      "p99.9": 7622.0
    },
    "output_len": {
      "mean": 998.0190476190476,
      "min": 939.0,
      "max": 1011.0,
      "p0.1": 954.0,
      "p1": 977.0,
      "p5": 992.0,
      "p10": 994.0,
      "p25": 996.0,
      "median": 998.0,
      "p75": 1000.75,
      "p90": 1003.0,
      "p95": 1004.0,
      "p99": 1007.0,
      "p99.9": 1008.951
    }
  },
  "failures": {
    "count": 0,
    "request_latency": null,
    "prompt_len": null
  }
}