{
  "load_summary": {
    "count": 750,
    "schedule_delay": {
      "mean": 0.000481989707176884,
      "min": -0.0013125818222761154,
      "max": 0.029706886038184166,
      "p0.1": -0.001122642695438117,
      "p1": -0.000783633952960372,
      "p5": -0.00044486559927463525,
      "p10": -0.00027200342155992986,
      "p25": 7.912225555628538e-05,
      "median": 0.0004494190216064453,
      "p75": 0.000812525162473321,
      "p90": 0.0011143206618726255,
      "p95": 0.0013176682405173779,
      "p99": 0.001700237742625177,
      "p99.9": 0.008926863487346733
    },
    "send_duration": 29.84701353404671,
    "requested_rate": 25.0,
    "achieved_rate": 25.12814218898214
  },
  "successes": {
    "count": 750,
    "latency": {
      "request_latency": {
        "mean": 29.338914128858598,
        "min": 8.2805898450315,
        "max": 36.630328096915036,
        "p0.1": 8.516560584856197,
        "p1": 9.866825551241636,
        "p5": 11.747786383540369,
        "p10": 13.371783759538085,
        "p25": 28.41287856758572,
        "median": 33.904282957548276,
        "p75": 34.69675553042907,
        "p90": 35.16734589640983,
        "p95": 35.39453081709799,
        "p99": 35.92675939785317,
        "p99.9": 36.60894573043008
      },
      "normalized_time_per_output_token": {
        "mean": 0.029403915548979236,
        "min": 0.008272317527503997,
        "max": 0.03738313876691071,
        "p0.1": 0.008546836657949523,
        "p1": 0.009849509118725291,
        "p5": 0.011799533331736127,
        "p10": 0.013373949142359133,
        "p25": 0.028455649095324564,
        "median": 0.03393435895258675,
        "p75": 0.034787303721976026,
        "p90": 0.035243062110603414,
        "p95": 0.035538381000195296,
        "p99": 0.036096354971750164,
        "p99.9": 0.03723050418174391
      },
      "time_per_output_token": {
        "mean": 0.028900946922503237,
        "min": 0.007419098204933107,
        "max": 0.03633903201743031,
        "p0.1": 0.0078040018125367355,
        "p1": 0.008525802883160854,
        "p5": 0.011217666105157696,
        "p10": 0.012358382413769142,
        "p25": 0.02781566154394344,
        "median": 0.03346261361252156,
        "p75": 0.03448424106359147,
        "p90": 0.0351660757759555,
        "p95": 0.03553398491874271,
        "p99": 0.03599650523658144,
        "p99.9": 0.03615628294241017
      },
      "time_to_first_token": {
        "mean": 0.9547141569592059,
        "min": 0.0726753561757505,
        "max": 4.605088118929416,
        "p0.1": 0.07705802170513197,
        "p1": 0.08612007721327246,
        "p5": 0.11819984123576432,
        "p10": 0.16458912431262435,
        "p25": 0.30868102493695915,
        "median": 0.7306551085785031,
        "p75": 1.35813802073244,
        "p90": 2.1397421891801063,
        "p95": 2.583034337800927,
        "p99": 3.5254856729693707,
        "p99.9": 4.591925550997725
      },
      "inter_token_latency": {
        "mean": 0.028832919648119106,
        "min": 5.337409675121307e-06,
        "max": 2.2056436012499034,
        "p0.1": 5.611455999314785e-06,
        "p1": 5.7942233979702e-06,
        "p5": 6.043817847967148e-06,
        "p10": 6.2552280724048615e-06,
        "p25": 6.853602826595306e-06,
        "median": 8.346978574991226e-06,
        "p75": 2.1732645109295845e-05,
        "p90": 0.08223585085943341,
        "p95": 0.18370990548282862,
        "p99": 0.47353537147864744,
        "p99.9": 0.9643992961244795
      }
    },
    "throughput": {
      "input_tokens_per_sec": 94019.1995381564,
      "output_tokens_per_sec": 12432.04946007735,
      "total_tokens_per_sec": 106451.24899823376,
      "requests_per_sec": 12.460725743588597
    },
    "prompt_len": {
      "mean": 7545.242666666667,
      "min": 7481.0,
      "max": 7624.0,
      "p0.1": 7486.243,
      "p1": 7495.0,
      "p5": 7504.45,
      "p10": 7513.0,
      "p25": 7528.0,
      "median": 7545.0,
      "p75": 7561.0,
      "p90": 7575.1,
      "p95": 7587.0,
      "p99": 7611.51,
      "p99.9": 7622.502
    },
    "output_len": {
      "mean": 997.6986666666667,
      "min": 930.0,
      "max": 1009.0,
      "p0.1": 932.996,
      "p1": 975.0,
      "p5": 991.0,
      "p10": 994.0,
      "p25": 996.0,
      "median": 998.0,
      "p75": 1001.0,
      "p90": 1003.0,
      "p95": 1004.0,
      "p99": 1006.51,
      "p99.9": 1009.0
    }
  },
  "failures": {
    "count": 0,
    "request_latency": null,
    "prompt_len": null
  }
}