{
  "load_summary": {
    "count": 300,
    "schedule_delay": {
      "mean": 0.0005385594644273321,
      "min": -0.0010277926921844482,
      "max": 0.0016648764722049236,
      "p0.1": -0.0009076853920705617,
      "p1": -0.0006121773319318891,
      "p5": -0.00031590422149747606,
      "p10": -5.0663854926824564e-05,
      "p25": 0.000227823737077415,
      "median": 0.0005506512243300676,
      "p75": 0.0009100101888179779,
      "p90": 0.0011806383728981019,
      "p95": 0.001328390371054411,
      "p99": 0.0015338719403371205,
      "p99.9": 0.0016622222787700596
    },
    "send_duration": 20.563007968012244,
    "requested_rate": 15.0,
    "achieved_rate": 14.589305244966065
  },
  "successes": {
    "count": 300,
    "latency": {
      "request_latency": {
        "mean": 17.605407320003337,
        "min": 7.229135190136731,
        "max": 30.760209190193564,
        "p0.1": 7.263428535250015,
        "p1": 7.396820422769524,
        "p5": 8.047336448961868,
        "p10": 9.168170690257103,
        "p25": 10.40989097720012,
        "median": 17.377860471140593,
        "p75": 22.433322470402345,
        "p90": 29.550929334014658,
        "p95": 30.493031116668135,
        "p99": 30.749358848030678,
        "p99.9": 30.757274113114924
      },
      "normalized_time_per_output_token": {
        "mean": 0.017633432206957213,
        "min": 0.007258167861583063,
        "max": 0.030904917466224886,
        "p0.1": 0.007283780437933894,
        "p1": 0.007459673262707172,
        "p5": 0.008093706827553806,
        "p10": 0.009219831276351913,
        "p25": 0.01041330907210593,
        "median": 0.017409010486020407,
        "p75": 0.022510886267553373,
        "p90": 0.029517890376049946,
        "p95": 0.03052508428982159,
        "p99": 0.030807906049763467,
        "p99.9": 0.030895494287260357
      },
      "time_per_output_token": {
        "mean": 0.017352823714716605,
        "min": 0.007117657272145152,
        "max": 0.030489689718931914,
        "p0.1": 0.007149494624670595,
        "p1": 0.00728294981805142,
        "p5": 0.007870689610764384,
        "p10": 0.008928577552782372,
        "p25": 0.010177819623611866,
        "median": 0.017006853597937154,
        "p75": 0.02242843823923701,
        "p90": 0.0295189559473783,
        "p95": 0.03021382615508046,
        "p99": 0.030437843637126497,
        "p99.9": 0.030488066288611386
      },
      "time_to_first_token": {
        "mean": 0.2858644480832542,
        "min": 0.07938330201432109,
        "max": 1.4178416319191456,
        "p0.1": 0.07960198552673682,
        "p1": 0.08173611478414386,
        "p5": 0.09280366683378816,
        "p10": 0.10652355402708054,
        "p25": 0.16851002362091094,
        "median": 0.22276784875430167,
        "p75": 0.3620598380221054,
        "p90": 0.5065937445964664,
        "p95": 0.6397624804405496,
        "p99": 1.0817241627536707,
        "p99.9": 1.3770849852287241
      },
      "inter_token_latency": {
        "mean": 0.017350009815547598,
        "min": 5.3872354328632355e-06,
        "max": 0.7918040971271694,
        "p0.1": 5.618669092655182e-06,
        "p1": 5.8319419622421265e-06,
        "p5": 6.176065653562546e-06,
        "p10": 6.523914635181427e-06,
        "p25": 7.913913577795029e-06,
        "median": 0.006115155527368188,
        "p75": 0.0292119913501665,
        "p90": 0.0430482229217887,
        "p95": 0.057842168654315164,
        "p99": 0.10089721138589076,
        "p99.9": 0.6395927611505687
      }
    },
    "throughput": {
      "input_tokens_per_sec": 49007.95651246405,
      "output_tokens_per_sec": 6483.726927643059,
      "total_tokens_per_sec": 55491.68344010711,
      "requests_per_sec": 6.494139197489701
    },
    "prompt_len": {
      "mean": 7546.49,
      "min": 7489.0,
      "max": 7622.0,
      "p0.1": 7489.299,
      "p1": 7491.99,
      "p5": 7504.95,
      "p10": 7514.9,
      "p25": 7529.0,
      "median": 7547.0,
      "p75": 7562.0,
      "p90": 7575.1,
      "p95": 7587.05,
      "p99": 7614.01,
      "p99.9": 7621.103
    },
    "output_len": {
      "mean": 998.3966666666666,
      "min": 985.0,
      "max": 1010.0,
      "p0.1": 985.299,
      "p1": 990.98,
      "p5": 994.0,
      "p10": 995.0,
      "p25": 996.0,
      "median": 998.0,
      "p75": 1001.0,
      "p90": 1002.1,
      "p95": 1004.0,
      "p99": 1007.0,
      "p99.9": 1009.402
    }
  },
  "failures": {
    "count": 0,
    "request_latency": null,
    "prompt_len": null
  }
}