{
  "load_summary": {
    "count": 100,
    "schedule_delay": {
      "mean": 0.0005968658858910203,
      "min": -0.0008564237505197525,
      "max": 0.0018536243587732315,
      "p0.1": -0.0008269235081970692,
      "p1": -0.0005614213272929192,
      "p5": -0.0001977650448679924,
      "p10": -9.871567599475383e-05,
      "p25": 0.0003252848982810974,
      "median": 0.0005631411913782358,
      "p75": 0.0008633356774225831,
      "p90": 0.0013007834088057282,
      "p95": 0.0015612476971000433,
      "p99": 0.0017291157552972443,
      "p99.9": 0.001841173498425634
    },
    "send_duration": 21.766541396733373,
    "requested_rate": 5.0,
    "achieved_rate": 4.5942071446871005
  },
  "successes": {
    "count": 100,
    "latency": {
      "request_latency": {
        "mean": 11.53241835308727,
        "min": 6.28960492182523,
        "max": 23.544443404302,
        "p0.1": 6.290946233457886,
        "p1": 6.3030180381517855,
        "p5": 6.575755787431262,
        "p10": 6.873518174141646,
        "p25": 7.44733756466303,
        "median": 8.229086856590584,
        "p75": 11.078586949734017,
        "p90": 23.207819557562473,
        "p95": 23.51030840103049,
        "p99": 23.533012521406636,
        "p99.9": 23.543300316012466
      },
      "normalized_time_per_output_token": {
        "mean": 0.011552316986199187,
        "min": 0.006296856667507778,
        "max": 0.023761903364664244,
        "p0.1": 0.006300528166851193,
        "p1": 0.006333571660941923,
        "p5": 0.006646226332992702,
        "p10": 0.006863068227053011,
        "p25": 0.007457210400701545,
        "median": 0.00821694012241371,
        "p75": 0.011123760089751633,
        "p90": 0.023282776302702344,
        "p95": 0.023475243470957176,
        "p99": 0.023628751651481598,
        "p99.9": 0.023748588193345983
      },
      "time_per_output_token": {
        "mean": 0.011376519304169582,
        "min": 0.006167675203178078,
        "max": 0.02340859536640346,
        "p0.1": 0.006168563266217243,
        "p1": 0.006176555833569727,
        "p5": 0.006461651857734008,
        "p10": 0.006744216766301542,
        "p25": 0.00729437041003257,
        "median": 0.008107167276320978,
        "p75": 0.010509644054924138,
        "p90": 0.023033287798380483,
        "p95": 0.023375840018782765,
        "p99": 0.023400144625175746,
        "p99.9": 0.023407750292280687
      },
      "time_to_first_token": {
        "mean": 0.12918681853916497,
        "min": 0.07397323194891214,
        "max": 0.7557745622470975,
        "p0.1": 0.07434176581632346,
        "p1": 0.0776585706230253,
        "p5": 0.08173875352367758,
        "p10": 0.08572882455773652,
        "p25": 0.09273689449764788,
        "median": 0.10142681654542685,
        "p75": 0.11283476848620921,
        "p90": 0.1481380892917514,
        "p95": 0.2802951991558075,
        "p99": 0.6393638548580935,
        "p99.9": 0.7441334915081983
      },
      "inter_token_latency": {
        "mean": 0.011378207779979301,
        "min": 5.514360964298248e-06,
        "max": 0.6113995756022632,
        "p0.1": 5.803865380585194e-06,
        "p1": 6.5065640956163405e-06,
        "p5": 1.240833662450314e-05,
        "p10": 0.004589064698666334,
        "p25": 0.006498656934127212,
        "median": 0.008163316175341606,
        "p75": 0.010755486553534865,
        "p90": 0.027384549845010042,
        "p95": 0.028337355842813848,
        "p99": 0.030754312593489878,
        "p99.9": 0.2828358494024756
      }
    },
    "throughput": {
      "input_tokens_per_sec": 18485.409470411945,
      "output_tokens_per_sec": 2445.185648624255,
      "total_tokens_per_sec": 20930.5951190362,
      "requests_per_sec": 2.4499139826106937
    },
    "prompt_len": {
      "mean": 7545.33,
      "min": 7491.0,
      "max": 7608.0,
      "p0.1": 7491.396,
      "p1": 7494.96,
      "p5": 7506.95,
      "p10": 7514.7,
      "p25": 7530.0,
      "median": 7545.5,
      "p75": 7560.0,
      "p90": 7574.0,
      "p95": 7584.25,
      "p99": 7607.01,
      "p99.9": 7607.901
    },
    "output_len": {
      "mean": 998.07,
      "min": 982.0,
      "max": 1010.0,
      "p0.1": 982.495,
      "p1": 986.95,
      "p5": 991.95,
      "p10": 993.0,
      "p25": 996.0,
      "median": 998.0,
      "p75": 1001.0,
      "p90": 1003.1,
      "p95": 1005.0,
      "p99": 1007.03,
      "p99.9": 1009.703
    }
  },
  "failures": {
    "count": 0,
    "request_latency": null,
    "prompt_len": null
  }
}