{
  "load_summary": {
    "count": 1650,
    "schedule_delay": {
      "mean": 0.0005555376198820093,
      "min": -0.0009970399551093578,
      "max": 0.052711295429617167,
      "p0.1": -0.0008810960613191128,
      "p1": -0.0006765349814668298,
      "p5": -0.0004131947411224246,
      "p10": -0.0002388354856520891,
      "p25": 0.00010534690227359533,
      "median": 0.0004584142006933689,
      "p75": 0.0008142486913129687,
      "p90": 0.0011291041970252996,
      "p95": 0.0013166718883439897,
      "p99": 0.0016098319413140416,
      "p99.9": 0.03156572782807113
    },
    "send_duration": 29.69638042896986,
    "requested_rate": 55.0,
    "achieved_rate": 55.56232699626811
  },
  "successes": {
    "count": 1312,
    "latency": {
      "request_latency": {
        "mean": 43.27526772357509,
        "min": 10.160276018083096,
        "max": 58.05217698402703,
        "p0.1": 10.479353408272845,
        "p1": 14.568383000977338,
        "p5": 17.42935363124125,
        "p10": 20.142783138761295,
        "p25": 43.509773238096386,
        "median": 47.49461745796725,
        "p75": 50.050141080399044,
        "p90": 52.2720178722404,
        "p95": 54.09224360911176,
        "p99": 56.75905491729267,
        "p99.9": 57.820462311633875
      },
      "normalized_time_per_output_token": {
        "mean": 0.04335880307251737,
        "min": 0.010180637292668432,
        "max": 0.05846140683184998,
        "p0.1": 0.010502979820718157,
        "p1": 0.014627449922907222,
        "p5": 0.01747307411828137,
        "p10": 0.02032038851340035,
        "p25": 0.04366442312916249,
        "median": 0.04755850369820763,
        "p75": 0.050191527330033056,
        "p90": 0.05243017886921412,
        "p95": 0.0543595145825247,
        "p99": 0.056903823916872924,
        "p99.9": 0.058034590006171276
      },
      "time_per_output_token": {
        "mean": 0.04131012729864448,
        "min": 0.010037217001896352,
        "max": 0.055027690815939986,
        "p0.1": 0.010307213524989783,
        "p1": 0.01179754872804042,
        "p5": 0.01461549951711204,
        "p10": 0.017605057707661763,
        "p25": 0.041014130324679175,
        "median": 0.04600158659620135,
        "p75": 0.048161019614447756,
        "p90": 0.049810882309664094,
        "p95": 0.052642645744705244,
        "p99": 0.054309042126159904,
        "p99.9": 0.05487807876330127
      },
      "time_to_first_token": {
        "mean": 2.7059205972175002,
        "min": 0.09289943799376488,
        "max": 13.51195104373619,
        "p0.1": 0.09547071257932112,
        "p1": 0.11814681715797633,
        "p5": 0.21201714768540114,
        "p10": 0.541035738401115,
        "p25": 0.9263405159581453,
        "median": 2.379445463884622,
        "p75": 3.871899187914096,
        "p90": 5.3617460644803945,
        "p95": 6.28716776056681,
        "p99": 9.483396611115902,
        "p99.9": 12.803596026107215
      },
      "inter_token_latency": {
        "mean": 0.04123159226792906,
        "min": 5.364883691072464e-06,
        "max": 12.045585237909108,
        "p0.1": 5.635898560285568e-06,
        "p1": 5.8212317526340485e-06,
        "p5": 6.06197863817215e-06,
        "p10": 6.258022040128708e-06,
        "p25": 6.7749060690402985e-06,
        "median": 7.770024240016937e-06,
        "p75": 1.132674515247345e-05,
        "p90": 0.03405520971864462,
        "p95": 0.29569510789588094,
        "p99": 0.922446813061833,
        "p99.9": 1.5630977826751846
      }
    },
    "throughput": {
      "input_tokens_per_sec": 123013.62133786207,
      "output_tokens_per_sec": 16272.765747585749,
      "total_tokens_per_sec": 139286.38708544782,
      "requests_per_sec": 16.303409198105967
    },
    "prompt_len": {
      "mean": 7545.269817073171,
      "min": 7481.0,
      "max": 7624.0,
      "p0.1": 7483.177,
      "p1": 7493.0,
      "p5": 7505.0,
      "p10": 7514.0,
      "p25": 7528.0,
      "median": 7545.0,
      "p75": 7561.0,
      "p90": 7575.0,
      "p95": 7587.0,
      "p99": 7611.89,
      "p99.9": 7623.378000000001
    },
    "output_len": {
      "mean": 998.1204268292682,
      "min": 868.0,
      "max": 1011.0,
      "p0.1": 951.799,
      "p1": 986.0,
      "p5": 993.0,
      "p10": 994.0,
      "p25": 996.0,
      "median": 998.0,
      "p75": 1001.0,
      "p90": 1003.0,
      "p95": 1004.0,
      "p99": 1006.8900000000001,
      "p99.9": 1010.6890000000001
    }
  },
  "failures": {
    "count": 338,
    "request_latency": {
      "mean": 0.043659610044178086,
      "min": 0.0013888562098145485,
      "max": 7.624003647826612,
      "p0.1": 0.0013889199225232006,
      "p1": 0.0014301446871832013,
      "p5": 0.0014980172039940954,
      "p10": 0.0015489590354263783,
      "p25": 0.0017002345994114876,
      "median": 0.002687823725864291,
      "p75": 0.00317273719701916,
      "p90": 0.00405092490836978,
      "p95": 0.004359783371910449,
      "p99": 0.010453295675106309,
      "p99.9": 6.803416329112396
    },
    "prompt_len": {
      "mean": 44.650887573964496,
      "min": 0.0,
      "max": 7562.0,
      "p0.1": 0.0,
      "p1": 0.0,
      "p5": 0.0,
      "p10": 0.0,
      "p25": 0.0,
      "median": 0.0,
      "p75": 0.0,
      "p90": 0.0,
      "p95": 0.0,
      "p99": 0.0,
      "p99.9": 7551.216
    }
  }
}