{
  "load_summary": {
    "count": 1200,
    "schedule_delay": {
      "mean": 0.0003831575042568147,
      "min": -0.0010213772766292095,
      "max": 0.002005806192755699,
      "p0.1": -0.0009477494861930609,
      "p1": -0.0007847877917811274,
      "p5": -0.0005155760096386074,
      "p10": -0.0003238140605390072,
      "p25": 1.3017444871366024e-05,
      "median": 0.00038109254091978073,
      "p75": 0.0007722156587988138,
      "p90": 0.001070880424231291,
      "p95": 0.0012368029914796351,
      "p99": 0.001499274163506925,
      "p99.9": 0.0018904976770282172
    },
    "send_duration": 27.727374362759292,
    "requested_rate": 40.0,
    "achieved_rate": 43.27852988531518
  },
  "successes": {
    "count": 1200,
    "latency": {
      "request_latency": {
        "mean": 155.0546502776176,
        "min": 52.63401158293709,
        "max": 273.1445389459841,
        "p0.1": 53.04095733000338,
        "p1": 55.16101119068451,
        "p5": 56.88167341677472,
        "p10": 58.02734545711428,
        "p25": 104.48791120946407,
        "median": 164.59750540507957,
        "p75": 220.13551804074086,
        "p90": 245.74096418758853,
        "p95": 252.43779931697063,
        "p99": 272.43357728874776,
        "p99.9": 273.01061164055255
      },
      "normalized_time_per_output_token": {
        "mean": 0.15503147919621368,
        "min": 0.006660685152146939,
        "max": 0.27669868981664053,
        "p0.1": 0.006964769023302286,
        "p1": 0.054392339507787726,
        "p5": 0.057038601069426174,
        "p10": 0.0582281350559347,
        "p25": 0.10274154782369416,
        "median": 0.1649129391928923,
        "p75": 0.22090235013825604,
        "p90": 0.247314198256235,
        "p95": 0.25360939586097897,
        "p99": 0.27364949487813717,
        "p99.9": 0.2750615812692996
      },
      "time_per_output_token": {
        "mean": 0.06440944545250638,
        "min": 0.01418304050900042,
        "max": 0.1240070821098052,
        "p0.1": 0.014183727677799296,
        "p1": 0.022882662004800512,
        "p5": 0.053881804236005436,
        "p10": 0.05517130499244668,
        "p25": 0.05745385159761645,
        "median": 0.06060885871341452,
        "p75": 0.06629410053638275,
        "p90": 0.08678861139598315,
        "p95": 0.1019973371150205,
        "p99": 0.11454141821459868,
        "p99.9": 0.12286789306460197
      },
      "time_to_first_token": {
        "mean": 90.62226291338098,
        "min": 0.09666580380871892,
        "max": 248.66768924612552,
        "p0.1": 0.10144165284372866,
        "p1": 0.137031964790076,
        "p5": 0.20736205813009292,
        "p10": 0.6485227923840284,
        "p25": 4.5130880972137675,
        "median": 106.20803270139731,
        "p75": 160.73481184407137,
        "p90": 183.64253957704642,
        "p95": 188.91750666459555,
        "p99": 246.2565687118843,
        "p99.9": 247.93959375036462
      },
      "inter_token_latency": {
        "mean": 0.06440944270707584,
        "min": 5.342997610569e-06,
        "max": 57.97811711393297,
        "p0.1": 5.766693968325853e-06,
        "p1": 6.312793120741844e-06,
        "p5": 8.316710591316223e-06,
        "p10": 2.5487318634986894e-05,
        "p25": 0.039102314156480134,
        "median": 0.05062979063950479,
        "p75": 0.05851567012723535,
        "p90": 0.07564475652761762,
        "p95": 0.11391229096334421,
        "p99": 0.48068338729906773,
        "p99.9": 0.9235006766664091
      }
    },
    "throughput": {
      "input_tokens_per_sec": 30254.397906345203,
      "output_tokens_per_sec": 4210.658235851004,
      "total_tokens_per_sec": 34465.056142196205,
      "requests_per_sec": 4.009135689473225
    },
    "prompt_len": {
      "mean": 7546.364166666666,
      "min": 7474.0,
      "max": 7617.0,
      "p0.1": 7474.796,
      "p1": 7491.99,
      "p5": 7504.0,
      "p10": 7513.0,
      "p25": 7528.75,
      "median": 7546.0,
      "p75": 7564.25,
      "p90": 7581.0,
      "p95": 7591.05,
      "p99": 7605.0,
      "p99.9": 7615.801
    },
    "output_len": {
      "mean": 1050.2658333333334,
      "min": 879.0,
      "max": 8556.0,
      "p0.1": 924.398,
      "p1": 961.99,
      "p5": 984.0,
      "p10": 989.0,
      "p25": 993.0,
      "median": 995.0,
      "p75": 997.0,
      "p90": 999.0,
      "p95": 1000.0,
      "p99": 1003.05,
      "p99.9": 8552.010000000002
    }
  },
  "failures": {
    "count": 0,
    "request_latency": null,
    "prompt_len": null
  }
}