{
  "load_summary": {
    "count": 1050,
    "schedule_delay": {
      "mean": 0.0004007274085389716,
      "min": -0.0008231950923800468,
      "max": 0.001961959060281515,
      "p0.1": -0.0007859208551235497,
      "p1": -0.0006753571098670364,
      "p5": -0.00041279962752014396,
      "p10": -0.0002706222236156464,
      "p25": 7.165095303207636e-05,
      "median": 0.00039388053119182587,
      "p75": 0.0007225989829748869,
      "p90": 0.0010537242982536555,
      "p95": 0.0012271648505702616,
      "p99": 0.001580777666531503,
      "p99.9": 0.0018900616825558254
    },
    "send_duration": 29.37231250293553,
    "requested_rate": 35.0,
    "achieved_rate": 35.74795140474761
  },
  "successes": {
    "count": 1050,
    "latency": {
      "request_latency": {
        "mean": 136.9354399362916,
        "min": 41.98859239695594,
        "max": 234.41744871018454,
        "p0.1": 42.35982151129283,
        "p1": 47.418629892859606,
        "p5": 54.44423196238932,
        "p10": 60.16092101186514,
        "p25": 74.35338001756463,
        "median": 133.3404974678997,
        "p75": 185.10368135001045,
        "p90": 211.85782068422995,
        "p95": 229.2793939809082,
        "p99": 234.12774972753598,
        "p99.9": 234.40113927068654
      },
      "normalized_time_per_output_token": {
        "mean": 0.13670106275549507,
        "min": 0.00726320653473263,
        "max": 0.23828478941910444,
        "p0.1": 0.007459601045708306,
        "p1": 0.04261572239620094,
        "p5": 0.05424666800724492,
        "p10": 0.05939314021541733,
        "p25": 0.07456256688434706,
        "median": 0.1338050666016049,
        "p75": 0.18542701700291317,
        "p90": 0.2129734977461098,
        "p95": 0.22546745533329207,
        "p99": 0.2352274363835768,
        "p99.9": 0.23690856661509596
      },
      "time_per_output_token": {
        "mean": 0.06262391447290203,
        "min": 0.03184951986093074,
        "max": 0.11968577926931903,
        "p0.1": 0.03185272940603271,
        "p1": 0.032643193298080006,
        "p5": 0.03943044189135544,
        "p10": 0.04401511682155542,
        "p25": 0.057775039270636624,
        "median": 0.06190499453945086,
        "p75": 0.06684975607681554,
        "p90": 0.07934098828691058,
        "p95": 0.09402463692135642,
        "p99": 0.11025672639999538,
        "p99.9": 0.1174244286353188
      },
      "time_to_first_token": {
        "mean": 74.28242779830028,
        "min": 0.06351922592148185,
        "max": 186.5167607651092,
        "p0.1": 0.06729173533432185,
        "p1": 0.07392916825134307,
        "p5": 0.11750369970686735,
        "p10": 0.16998930876143276,
        "p25": 3.1431774550583214,
        "median": 61.39735425286926,
        "p75": 114.65825031185523,
        "p90": 169.10025765378958,
        "p95": 178.8461112439397,
        "p99": 185.82126070841682,
        "p99.9": 186.13133324852726
      },
      "inter_token_latency": {
        "mean": 0.06262391447290201,
        "min": 5.299225449562073e-06,
        "max": 54.44224455906078,
        "p0.1": 5.77978789806366e-06,
        "p1": 6.363261491060257e-06,
        "p5": 8.814036846160889e-06,
        "p10": 0.008464050106704252,
        "p25": 0.037832060595974326,
        "median": 0.048914766404777765,
        "p75": 0.05751299543771893,
        "p90": 0.07526590619236231,
        "p95": 0.1164772518910466,
        "p99": 0.47976699997205297,
        "p99.9": 0.7943549761572676
      }
    },
    "throughput": {
      "input_tokens_per_sec": 30646.93973562013,
      "output_tokens_per_sec": 4298.215225768229,
      "total_tokens_per_sec": 34945.15496138836,
      "requests_per_sec": 4.061375165970568
    },
    "prompt_len": {
      "mean": 7545.951428571429,
      "min": 7474.0,
      "max": 7617.0,
      "p0.1": 7474.196,
      "p1": 7491.49,
      "p5": 7504.0,
      "p10": 7513.0,
      "p25": 7528.0,
      "median": 7545.0,
      "p75": 7564.0,
      "p90": 7581.0,
      "p95": 7590.0,
      "p99": 7605.0,
      "p99.9": 7615.951
    },
    "output_len": {
      "mean": 1058.315238095238,
      "min": 869.0,
      "max": 8558.0,
      "p0.1": 923.245,
      "p1": 964.49,
      "p5": 985.0,
      "p10": 989.0,
      "p25": 993.0,
      "median": 995.0,
      "p75": 997.0,
      "p90": 999.0,
      "p95": 1000.0,
      "p99": 1003.0,
      "p99.9": 8555.853
    }
  },
  "failures": {
    "count": 0,
    "request_latency": null,
    "prompt_len": null
  }
}