{
  "load_summary": {
    "count": 1500,
    "schedule_delay": {
      "mean": 0.0004512042241791884,
      "min": -0.0009872042573988438,
      "max": 0.07716580107808113,
      "p0.1": -0.0009517661072313786,
      "p1": -0.0007385810418054461,
      "p5": -0.00043913652189075947,
      "p10": -0.00026801568455994126,
      "p25": 3.3129239454865456e-05,
      "median": 0.0003907894715666771,
      "p75": 0.0007678989786654711,
      "p90": 0.0010675046127289539,
      "p95": 0.0012366094626486302,
      "p99": 0.0015793116157874466,
      "p99.9": 0.0020687981257215497
    },
    "send_duration": 29.105108739808202,
    "requested_rate": 50.0,
    "achieved_rate": 51.53734395599048
  },
  "successes": {
    "count": 1269,
    "latency": {
      "request_latency": {
        "mean": 169.36108871389817,
        "min": 54.62825507996604,
        "max": 298.66450841911137,
        "p0.1": 54.74474635673873,
        "p1": 56.62977099543437,
        "p5": 59.87585337096825,
        "p10": 63.24185264129191,
        "p25": 114.24334887973964,
        "median": 175.13581784907728,
        "p75": 237.72875983966514,
        "p90": 273.47074611578137,
        "p95": 284.22247935617247,
        "p99": 293.93356239570306,
        "p99.9": 298.16602625053383
      },
      "normalized_time_per_output_token": {
        "mean": 0.16925665344507865,
        "min": 0.007395895665120902,
        "max": 0.30644119325334995,
        "p0.1": 0.007975779070549876,
        "p1": 0.05509234634423488,
        "p5": 0.059779990240450484,
        "p10": 0.06334995605728153,
        "p25": 0.11357019980714832,
        "median": 0.1705418608667083,
        "p75": 0.23818361199315843,
        "p90": 0.2743857742032212,
        "p95": 0.29073738030020924,
        "p99": 0.2957931222634529,
        "p99.9": 0.30218409758364656
      },
      "time_per_output_token": {
        "mean": 0.06710957390455273,
        "min": 0.05092578889383003,
        "max": 0.1266695512807928,
        "p0.1": 0.05137104113472439,
        "p1": 0.05265955435136333,
        "p5": 0.05617935165120289,
        "p10": 0.05720952002126724,
        "p25": 0.058855756343808026,
        "median": 0.06271672171680256,
        "p75": 0.06739606119133532,
        "p90": 0.08911733973268421,
        "p95": 0.10458362954016774,
        "p99": 0.11918635713446879,
        "p99.9": 0.12623878834244245
      },
      "time_to_first_token": {
        "mean": 102.22590174384003,
        "min": 0.13865375332534313,
        "max": 235.6429134523496,
        "p0.1": 0.1456307878922671,
        "p1": 0.4418346888013184,
        "p5": 1.8901111952029168,
        "p10": 2.915793742146343,
        "p25": 7.43455080781132,
        "median": 110.1838163472712,
        "p75": 166.47548317397013,
        "p90": 213.08412564191983,
        "p95": 222.15442610830067,
        "p99": 234.64635037856178,
        "p99.9": 235.55961595356652
      },
      "inter_token_latency": {
        "mean": 0.06710986215901894,
        "min": 5.3211115300655365e-06,
        "max": 60.661128003150225,
        "p0.1": 5.766283720731735e-06,
        "p1": 6.309244781732559e-06,
        "p5": 8.55233520269394e-06,
        "p10": 0.005184661969542514,
        "p25": 0.043384413700550795,
        "median": 0.051803888753056526,
        "p75": 0.05907171964645386,
        "p90": 0.07508100662380458,
        "p95": 0.1151756108738483,
        "p99": 0.4923237171955407,
        "p99.9": 0.7931036374773841
      }
    },
    "throughput": {
      "input_tokens_per_sec": 29051.960129084742,
      "output_tokens_per_sec": 4053.9492698341323,
      "total_tokens_per_sec": 33105.90939891888,
      "requests_per_sec": 3.8499187454308874
    },
    "prompt_len": {
      "mean": 7546.122931442081,
      "min": 7474.0,
      "max": 7617.0,
      "p0.1": 7475.072,
      "p1": 7491.0,
      "p5": 7504.0,
      "p10": 7513.0,
      "p25": 7528.0,
      "median": 7545.0,
      "p75": 7564.0,
      "p90": 7581.0,
      "p95": 7590.6,
      "p99": 7605.639999999999,
      "p99.9": 7616.0
    },
    "output_len": {
      "mean": 1052.9960598896769,
      "min": 815.0,
      "max": 8556.0,
      "p0.1": 889.608,
      "p1": 963.68,
      "p5": 984.0,
      "p10": 989.0,
      "p25": 993.0,
      "median": 995.0,
      "p75": 997.0,
      "p90": 999.0,
      "p95": 1000.0,
      "p99": 1005.3199999999999,
      "p99.9": 8549.052000000001
    }
  },
  "failures": {
    "count": 231,
    "request_latency": {
      "mean": 300.52261113353853,
      "min": 300.00414450094104,
      "max": 300.9989965688437,
      "p0.1": 300.00513444165233,
      "p1": 300.0155917549506,
      "p5": 300.075951987179,
      "p10": 300.10551726585254,
      "p25": 300.2817466107663,
      "median": 300.5754816941917,
      "p75": 300.761513418518,
      "p90": 300.899126782082,
      "p95": 300.9633232464548,
      "p99": 300.9899202445522,
      "p99.9": 300.99704602193555
    },
    "prompt_len": {
      "mean": 0.0,
      "min": 0.0,
      "max": 0.0,
      "p0.1": 0.0,
      "p1": 0.0,
      "p5": 0.0,
      "p10": 0.0,
      "p25": 0.0,
      "median": 0.0,
      "p75": 0.0,
      "p90": 0.0,
      "p95": 0.0,
      "p99": 0.0,
      "p99.9": 0.0
    }
  }
}