{
  "load_summary": {
    "count": 200,
    "schedule_delay": {
      "mean": 0.0005280961492098868,
      "min": -0.0008802488446235657,
      "max": 0.0017539639957249165,
      "p0.1": -0.0008333462956361473,
      "p1": -0.0006077044690027833,
      "p5": -0.00024546119384467603,
      "p10": -9.783986024558543e-05,
      "p25": 0.00018437393009662628,
      "median": 0.0004794830456376076,
      "p75": 0.0008885511197149754,
      "p90": 0.001190123939886689,
      "p95": 0.001370264566503465,
      "p99": 0.001558410879224538,
      "p99.9": 0.0017306069168262202
    },
    "send_duration": 20.84389364020899,
    "requested_rate": 10.0,
    "achieved_rate": 9.595136275987768
  },
  "successes": {
    "count": 200,
    "latency": {
      "request_latency": {
        "mean": 33.853301465811676,
        "min": 18.02785491105169,
        "max": 40.39704696787521,
        "p0.1": 18.06398720891215,
        "p1": 18.32693465802353,
        "p5": 25.589141968381593,
        "p10": 28.185079262871295,
        "p25": 30.511545071029104,
        "median": 34.45061273383908,
        "p75": 37.75964278751053,
        "p90": 38.88659644862637,
        "p95": 39.6271139894845,
        "p99": 40.22493020688184,
        "p99.9": 40.37053222698858
      },
      "normalized_time_per_output_token": {
        "mean": 0.03372718061014759,
        "min": 0.004440679921834443,
        "max": 0.04055928410429238,
        "p0.1": 0.004459316384899041,
        "p1": 0.017910785108644904,
        "p5": 0.024763010811894158,
        "p10": 0.027970924272102543,
        "p25": 0.03050040314757066,
        "median": 0.03450104828290437,
        "p75": 0.03793200677723396,
        "p90": 0.039305373399400476,
        "p95": 0.039867256679593836,
        "p99": 0.04045913215724155,
        "p99.9": 0.04054074798032266
      },
      "time_per_output_token": {
        "mean": 0.03327908869305076,
        "min": 0.017848399011893674,
        "max": 0.0401445329869166,
        "p0.1": 0.017904543112210642,
        "p1": 0.018230693925296082,
        "p5": 0.025302915268437937,
        "p10": 0.027990025335550308,
        "p25": 0.030243400971214328,
        "median": 0.034026522343512625,
        "p75": 0.03658163672918454,
        "p90": 0.03855275328499265,
        "p95": 0.03931775533480104,
        "p99": 0.03996386415008921,
        "p99.9": 0.04013544304824341
      },
      "time_to_first_token": {
        "mean": 0.550194234228693,
        "min": 0.05951457330957055,
        "max": 2.4247093577869236,
        "p0.1": 0.05981103107938543,
        "p1": 0.06255564781837165,
        "p5": 0.07402316937223077,
        "p10": 0.07963567809201777,
        "p25": 0.09800230304244906,
        "median": 0.24002897762693465,
        "p75": 0.7764906784286723,
        "p90": 1.6080103418324143,
        "p95": 1.8871107206214195,
        "p99": 2.3074379199650132,
        "p99.9": 2.4131691233250323
      },
      "inter_token_latency": {
        "mean": 0.033280497412517665,
        "min": 5.340203642845154e-06,
        "max": 0.8183710779994726,
        "p0.1": 5.749985575675964e-06,
        "p1": 6.52603805065155e-06,
        "p5": 1.2620817869901662e-05,
        "p10": 0.010541847255080944,
        "p25": 0.02088379906490445,
        "median": 0.03014471475034952,
        "p75": 0.03716367017477751,
        "p90": 0.043547950126230715,
        "p95": 0.05089182751253241,
        "p99": 0.1913151824474336,
        "p99.9": 0.5908747013881834
      }
    },
    "throughput": {
      "input_tokens_per_sec": 28113.720361624215,
      "output_tokens_per_sec": 3984.4505690380643,
      "total_tokens_per_sec": 32098.17093066228,
      "requests_per_sec": 3.7265195204314048
    },
    "prompt_len": {
      "mean": 7544.23,
      "min": 7474.0,
      "max": 7605.0,
      "p0.1": 7474.796,
      "p1": 7485.92,
      "p5": 7502.0,
      "p10": 7510.0,
      "p25": 7527.0,
      "median": 7544.5,
      "p75": 7562.0,
      "p90": 7578.1,
      "p95": 7586.0,
      "p99": 7599.04,
      "p99.9": 7604.602
    },
    "output_len": {
      "mean": 1069.215,
      "min": 939.0,
      "max": 8544.0,
      "p0.1": 939.0,
      "p1": 961.77,
      "p5": 985.95,
      "p10": 988.0,
      "p25": 993.0,
      "median": 995.0,
      "p75": 997.0,
      "p90": 998.1,
      "p95": 1000.0,
      "p99": 1077.3899999999314,
      "p99.9": 8543.403
    }
  },
  "failures": {
    "count": 0,
    "request_latency": null,
    "prompt_len": null
  }
}