{
  "load_summary": {
    "count": 750,
    "schedule_delay": {
      "mean": 0.0006671627685427665,
      "min": -0.0009087752550840378,
      "max": 0.012089194729924202,
      "p0.1": -0.0008773030643351377,
      "p1": -0.0006874280236661434,
      "p5": -0.000368435843847692,
      "p10": -0.00012743636034429068,
      "p25": 0.00023355160374194384,
      "median": 0.0006478624418377876,
      "p75": 0.001067734439857304,
      "p90": 0.0014383521396666766,
      "p95": 0.0016158422455191605,
      "p99": 0.0020212864782661196,
      "p99.9": 0.0048554985453383385
    },
    "send_duration": 49.46266871597618,
    "requested_rate": 15.0,
    "achieved_rate": 15.162950553813406
  },
  "successes": {
    "count": 750,
    "latency": {
      "request_latency": {
        "mean": 107.85326614962705,
        "min": 61.89010035991669,
        "max": 178.19877404673025,
        "p0.1": 61.97341699340195,
        "p1": 62.50617628543172,
        "p5": 65.00338550719898,
        "p10": 66.46407651943154,
        "p25": 80.19030943023972,
        "median": 108.4939986395184,
        "p75": 135.85658237198368,
        "p90": 142.96032577580772,
        "p95": 170.87077961929606,
        "p99": 176.79772763100453,
        "p99.9": 178.18759670106323
      },
      "normalized_time_per_output_token": {
        "mean": 0.10776151912730787,
        "min": 0.007837858385203594,
        "max": 0.19003759117556676,
        "p0.1": 0.007978572786988302,
        "p1": 0.0621347728999043,
        "p5": 0.0651137910507155,
        "p10": 0.06679375645717858,
        "p25": 0.07808012994530987,
        "median": 0.10897922601856376,
        "p75": 0.13637998647675928,
        "p90": 0.14353446363032904,
        "p95": 0.1711978098378176,
        "p99": 0.17796037054708272,
        "p99.9": 0.18346719165702524
      },
      "time_per_output_token": {
        "mean": 0.06464945057745927,
        "min": 0.03035297355009243,
        "max": 0.13379813832696527,
        "p0.1": 0.03039223893504357,
        "p1": 0.03202926258347463,
        "p5": 0.036855745784193275,
        "p10": 0.0417293099695351,
        "p25": 0.058112381630577144,
        "median": 0.06429313340294174,
        "p75": 0.06768337910971604,
        "p90": 0.08644874121895992,
        "p95": 0.1001427166079171,
        "p99": 0.11676561152945272,
        "p99.9": 0.13274393618605018
      },
      "time_to_first_token": {
        "mean": 43.170319437551,
        "min": 0.14235812285915017,
        "max": 128.22362881107256,
        "p0.1": 0.19619178732391446,
        "p1": 0.32275481432210656,
        "p5": 0.7600427307887005,
        "p10": 1.3497551091015343,
        "p25": 2.743278395035304,
        "median": 46.19978549215011,
        "p75": 69.86220986978151,
        "p90": 100.02416525436566,
        "p95": 126.07126152892597,
        "p99": 127.39323326939717,
        "p99.9": 128.15228967689166
      },
      "inter_token_latency": {
        "mean": 0.06464945957305185,
        "min": 5.360227078199387e-06,
        "max": 65.17875317903236,
        "p0.1": 5.7737315073609355e-06,
        "p1": 6.491784006357193e-06,
        "p5": 1.1524511501193049e-05,
        "p10": 0.01917138136923313,
        "p25": 0.03869831352494657,
        "median": 0.048893701285123825,
        "p75": 0.05819839611649513,
        "p90": 0.07419753326103092,
        "p95": 0.10824421918950963,
        "p99": 0.49258970872499025,
        "p99.9": 0.9045475913928841
      }
    },
    "throughput": {
      "input_tokens_per_sec": 26127.20533414247,
      "output_tokens_per_sec": 3650.1315046181744,
      "total_tokens_per_sec": 29777.336838760642,
      "requests_per_sec": 3.4622512845768503
    },
    "prompt_len": {
      "mean": 7546.305333333334,
      "min": 7474.0,
      "max": 7617.0,
      "p0.1": 7476.996,
      "p1": 7491.49,
      "p5": 7504.45,
      "p10": 7513.0,
      "p25": 7529.0,
      "median": 7545.0,
      "p75": 7564.0,
      "p90": 7581.1,
      "p95": 7591.55,
      "p99": 7606.02,
      "p99.9": 7616.251
    },
    "output_len": {
      "mean": 1054.2653333333333,
      "min": 930.0,
      "max": 8563.0,
      "p0.1": 935.992,
      "p1": 969.49,
      "p5": 984.0,
      "p10": 988.9,
      "p25": 993.0,
      "median": 995.0,
      "p75": 997.0,
      "p90": 999.0,
      "p95": 1000.0,
      "p99": 1003.0,
      "p99.9": 8545.773000000003
    }
  },
  "failures": {
    "count": 0,
    "request_latency": null,
    "prompt_len": null
  }
}