{
  "load_summary": {
    "count": 7310,
    "schedule_delay": {
      "mean": 0.00045028591545097395,
      "min": -0.0011178967542946339,
      "max": 0.07716580107808113,
      "p0.1": -0.0009445085492916405,
      "p1": -0.0007264487538486719,
      "p5": -0.0004321380518376827,
      "p10": -0.00026003113016486167,
      "p25": 6.732193287461996e-05,
      "median": 0.0004341739695519209,
      "p75": 0.0008043571142479777,
      "p90": 0.001127473870292306,
      "p95": 0.001320967520587146,
      "p99": 0.0016637463960796587,
      "p99.9": 0.0022031511231326065
    }
  },
  "successes": {
    "count": 7079,
    "latency": {
      "request_latency": {
        "mean": 125.7576389165456,
        "min": 9.278576763346791,
        "max": 298.66450841911137,
        "p0.1": 9.99585154785309,
        "p1": 26.19064395329915,
        "p5": 44.32745575224981,
        "p10": 55.22603710955009,
        "p25": 66.00331249437295,
        "median": 116.60157434176654,
        "p75": 173.90232693892904,
        "p90": 223.93764774156733,
        "p95": 249.81968356892463,
        "p99": 277.1674171070941,
        "p99.9": 294.09393619147227
      },
      "normalized_time_per_output_token": {
        "mean": 0.12566375881032413,
        "min": 0.004440679921834443,
        "max": 0.30644119325334995,
        "p0.1": 0.006752154934382552,
        "p1": 0.014014981058843306,
        "p5": 0.040450483187968206,
        "p10": 0.054241267316065864,
        "p25": 0.0659782121402749,
        "median": 0.116787325269221,
        "p75": 0.1745156389116262,
        "p90": 0.22476693204208956,
        "p95": 0.25067306749470714,
        "p99": 0.2796975551089548,
        "p99.9": 0.29711402948857724
      },
      "time_per_output_token": {
        "mean": 0.0621001400682458,
        "min": 0.008793809179216624,
        "max": 0.13379813832696527,
        "p0.1": 0.009830637612548656,
        "p1": 0.017021874587936327,
        "p5": 0.03404733149125241,
        "p10": 0.0429287942388095,
        "p25": 0.056905947491992265,
        "median": 0.061324605136178434,
        "p75": 0.066421398562612,
        "p90": 0.08131599095361308,
        "p95": 0.09790306389653124,
        "p99": 0.11471905953670854,
        "p99.9": 0.12664791078704143
      },
      "time_to_first_token": {
        "mean": 63.630811553483106,
        "min": 0.05951457330957055,
        "max": 248.66768924612552,
        "p0.1": 0.06678944129310549,
        "p1": 0.08391175483353436,
        "p5": 0.15573967164382338,
        "p10": 0.2443225556984544,
        "p25": 1.7786489045247436,
        "median": 53.304957307875156,
        "p75": 110.51771357399411,
        "p90": 166.99187342785297,
        "p95": 185.42287331200205,
        "p99": 232.94236269758085,
        "p99.9": 247.6493843271409
      },
      "inter_token_latency": {
        "mean": 0.0621010485261973,
        "min": 5.299225449562073e-06,
        "max": 65.17875317903236,
        "p0.1": 5.760695785284042e-06,
        "p1": 6.337650120258331e-06,
        "p5": 8.672010153532028e-06,
        "p10": 0.006963247619569313,
        "p25": 0.03655999596230686,
        "median": 0.049348542001098394,
        "p75": 0.057622156105935574,
        "p90": 0.07327761175110936,
        "p95": 0.10885864538140592,
        "p99": 0.4817408330272884,
        "p99.9": 0.900914109166719
      }
    },
    "throughput": {
      "input_tokens_per_sec": 28486.33582281188,
      "output_tokens_per_sec": 3983.8254851673914,
      "total_tokens_per_sec": 32470.161307979273,
      "requests_per_sec": 3.775017275741767
    },
    "prompt_len": {
      "mean": 7546.014691340585,
      "min": 7474.0,
      "max": 7617.0,
      "p0.1": 7474.0,
      "p1": 7491.0,
      "p5": 7504.0,
      "p10": 7513.0,
      "p25": 7528.0,
      "median": 7545.0,
      "p75": 7564.0,
      "p90": 7581.0,
      "p95": 7590.0,
      "p99": 7605.0,
      "p99.9": 7616.0
    },
    "output_len": {
      "mean": 1055.3131798276593,
      "min": 326.0,
      "max": 8563.0,
      "p0.1": 879.702,
      "p1": 964.0,
      "p5": 984.0,
      "p10": 989.0,
      "p25": 993.0,
      "median": 995.0,
      "p75": 997.0,
      "p90": 999.0,
      "p95": 1000.0,
      "p99": 1004.0,
      "p99.9": 8555.844000000001
    }
  },
  "failures": {
    "count": 231,
    "request_latency": {
      "mean": 300.52261113353853,
      "min": 300.00414450094104,
      "max": 300.9989965688437,
      "p0.1": 300.00513444165233,
      "p1": 300.0155917549506,
      "p5": 300.075951987179,
      "p10": 300.10551726585254,
      "p25": 300.2817466107663,
      "median": 300.5754816941917,
      "p75": 300.761513418518,
      "p90": 300.899126782082,
      "p95": 300.9633232464548,
      "p99": 300.9899202445522,
      "p99.9": 300.99704602193555
    },
    "prompt_len": {
      "mean": 0.0,
      "min": 0.0,
      "max": 0.0,
      "p0.1": 0.0,
      "p1": 0.0,
      "p5": 0.0,
      "p10": 0.0,
      "p25": 0.0,
      "median": 0.0,
      "p75": 0.0,
      "p90": 0.0,
      "p95": 0.0,
      "p99": 0.0,
      "p99.9": 0.0
    }
  }
}