{
  "load_summary": {
    "count": 1050,
    "schedule_delay": {
      "mean": 0.00045366743269066015,
      "min": -0.0015963944606482983,
      "max": 0.001983099151402712,
      "p0.1": -0.0012656800653785467,
      "p1": -0.0007430183747783304,
      "p5": -0.0004019883461296558,
      "p10": -0.0002276778221130371,
      "p25": 7.420929614454508e-05,
      "median": 0.0004597506485879421,
      "p75": 0.0008178380085155368,
      "p90": 0.001179740158841014,
      "p95": 0.0013654462294653057,
      "p99": 0.0016072403686121105,
      "p99.9": 0.0019493681355379556
    },
    "send_duration": 31.701029969844967,
    "requested_rate": 35.0,
    "achieved_rate": 33.12195222044185
  },
  "successes": {
    "count": 958,
    "latency": {
      "request_latency": {
        "mean": 179.30016737147858,
        "min": 127.55823235912248,
        "max": 192.45895695174113,
        "p0.1": 129.67883959725359,
        "p1": 137.03869265339338,
        "p5": 152.05711264233105,
        "p10": 165.03280496490189,
        "p25": 177.1307153441012,
        "median": 182.29165560891852,
        "p75": 186.4737419935409,
        "p90": 189.15915773659944,
        "p95": 189.77234280353878,
        "p99": 190.78351633824408,
        "p99.9": 191.78864982885364
      },
      "normalized_time_per_output_token": {
        "mean": 0.17973166637606125,
        "min": 0.12819922850163062,
        "max": 0.2176233177111338,
        "p0.1": 0.13035092476037966,
        "p1": 0.13788340024721688,
        "p5": 0.15293567278465725,
        "p10": 0.16521471096655777,
        "p25": 0.17738083368404378,
        "median": 0.18266464468606491,
        "p75": 0.18699962366549866,
        "p90": 0.18948256362667468,
        "p95": 0.19039934429153801,
        "p99": 0.19150136449615646,
        "p99.9": 0.1951258461500785
      },
      "time_per_output_token": {
        "mean": 0.17744809835003436,
        "min": 0.12748600992606954,
        "max": 0.18970693168696015,
        "p0.1": 0.12958637298410386,
        "p1": 0.1369050412150193,
        "p5": 0.1519318988962099,
        "p10": 0.16471558609991335,
        "p25": 0.175200073754997,
        "median": 0.18014588830270806,
        "p75": 0.18403375222021712,
        "p90": 0.18695894685578532,
        "p95": 0.18788033594843,
        "p99": 0.18857156997657382,
        "p99.9": 0.18936065413908013
      },
      "time_to_first_token": {
        "mean": 1.821078937518214,
        "min": 0.042362954933196306,
        "max": 10.126593426801264,
        "p0.1": 0.04472617870103568,
        "p1": 0.06461237068288028,
        "p5": 0.19724452726077288,
        "p10": 0.32137553612701597,
        "p25": 0.7686310296412557,
        "median": 1.6097893328405917,
        "p75": 2.621082400204614,
        "p90": 3.4827758662402633,
        "p95": 4.049810340208932,
        "p99": 5.762771134166972,
        "p99.9": 9.736646208588548
      },
      "inter_token_latency": {
        "mean": 0.17744809835003436,
        "min": 5.359761416912079e-06,
        "max": 2.4459353713318706,
        "p0.1": 5.747191607952118e-06,
        "p1": 6.0498714447021484e-06,
        "p5": 6.6193751990795135e-06,
        "p10": 7.267575711011887e-06,
        "p25": 1.0239891707897186e-05,
        "median": 2.5375280529260635e-05,
        "p75": 0.3110074531286955,
        "p90": 0.5225756732281297,
        "p95": 0.6771812654566018,
        "p99": 1.1825779923191297,
        "p99.9": 1.6451064168475578
      }
    },
    "throughput": {
      "input_tokens_per_sec": 34233.33557397173,
      "output_tokens_per_sec": 4527.3021137571895,
      "total_tokens_per_sec": 38760.63768772892,
      "requests_per_sec": 4.537945918013741
    },
    "prompt_len": {
      "mean": 7543.795407098121,
      "min": 7482.0,
      "max": 7616.0,
      "p0.1": 7482.0,
      "p1": 7496.0,
      "p5": 7509.0,
      "p10": 7515.0,
      "p25": 7529.0,
      "median": 7543.0,
      "p75": 7558.0,
      "p90": 7573.0,
      "p95": 7583.0,
      "p99": 7600.0,
      "p99.9": 7616.0
    },
    "output_len": {
      "mean": 997.6544885177453,
      "min": 759.0,
      "max": 1011.0,
      "p0.1": 889.152,
      "p1": 980.57,
      "p5": 992.0,
      "p10": 994.0,
      "p25": 996.0,
      "median": 998.0,
      "p75": 1000.0,
      "p90": 1003.0,
      "p95": 1004.0,
      "p99": 1007.43,
      "p99.9": 1009.0860000000002
    }
  },
  "failures": {
    "count": 92,
    "request_latency": {
      "mean": 0.004665125611886058,
      "min": 0.0014664162881672382,
      "max": 0.030094272922724485,
      "p0.1": 0.001468606237322092,
      "p1": 0.0014883157797157764,
      "p5": 0.0016170473536476493,
      "p10": 0.0016507423017174006,
      "p25": 0.0030728609999641776,
      "median": 0.003906732425093651,
      "p75": 0.0042630244279280305,
      "p90": 0.004861691780388356,
      "p95": 0.015414590225555004,
      "p99": 0.028769969395361847,
      "p99.9": 0.02996184256998823
    },
    "prompt_len": {
      "mean": 0.0,
      "min": 0.0,
      "max": 0.0,
      "p0.1": 0.0,
      "p1": 0.0,
      "p5": 0.0,
      "p10": 0.0,
      "p25": 0.0,
      "median": 0.0,
      "p75": 0.0,
      "p90": 0.0,
      "p95": 0.0,
      "p99": 0.0,
      "p99.9": 0.0
    }
  }
}