{
  "load_summary": {
    "count": 500,
    "schedule_delay": {
      "mean": 0.0008613367462530732,
      "min": -0.0007111420854926109,
      "max": 0.007691602222621441,
      "p0.1": -0.0006554256100207567,
      "p1": -0.0005085413064807653,
      "p5": -0.00019728082697838544,
      "p10": -1.3780733570456504e-05,
      "p25": 0.000403005164116621,
      "median": 0.0008602067828178406,
      "p75": 0.001231973641552031,
      "p90": 0.0016258959192782644,
      "p95": 0.001800181646831333,
      "p99": 0.002329477723687886,
      "p99.9": 0.00744613859383391
    },
    "send_duration": 54.69282226078212,
    "requested_rate": 10.0,
    "achieved_rate": 9.14196743433605
  },
  "successes": {
    "count": 500,
    "latency": {
      "request_latency": {
        "mean": 77.06085599971004,
        "min": 32.97461248887703,
        "max": 95.01076252711937,
        "p0.1": 33.034718860292806,
        "p1": 41.91716217102483,
        "p5": 51.71302330940962,
        "p10": 60.48623246871866,
        "p25": 72.82734553981572,
        "median": 79.56217797356658,
        "p75": 84.64441892597824,
        "p90": 88.27181845717132,
        "p95": 91.78163238735868,
        "p99": 94.10462956206408,
        "p99.9": 94.87146783274925
      },
      "normalized_time_per_output_token": {
        "mean": 0.07725609971028814,
        "min": 0.03304069387663029,
        "max": 0.09496377347968518,
        "p0.1": 0.0331009207016962,
        "p1": 0.0420851145408863,
        "p5": 0.05187637791333147,
        "p10": 0.06068040757263438,
        "p25": 0.0731102717984477,
        "median": 0.07982031356966882,
        "p75": 0.08483837055827857,
        "p90": 0.08850498292678967,
        "p95": 0.09210456498445398,
        "p99": 0.09437838043315168,
        "p99.9": 0.09494265793482773
      },
      "time_per_output_token": {
        "mean": 0.07581933569970076,
        "min": 0.03237612728774548,
        "max": 0.09343945931084455,
        "p0.1": 0.03254346824215958,
        "p1": 0.040886971046538094,
        "p5": 0.05109214348371607,
        "p10": 0.059378825332783165,
        "p25": 0.0716445317697944,
        "median": 0.07813477697689086,
        "p75": 0.08330081536038779,
        "p90": 0.086985520164622,
        "p95": 0.09001934744170864,
        "p99": 0.09308723196441773,
        "p99.9": 0.09332846988377255
      },
      "time_to_first_token": {
        "mean": 1.2048264209004118,
        "min": 0.12931213667616248,
        "max": 3.916825761087239,
        "p0.1": 0.13634013825654984,
        "p1": 0.1707305180421099,
        "p5": 0.3416003583464772,
        "p10": 0.4222875538747758,
        "p25": 0.6832191075664014,
        "median": 1.0952316999901086,
        "p75": 1.5820044367574155,
        "p90": 2.2052267365157605,
        "p95": 2.546658738469702,
        "p99": 3.086384765389373,
        "p99.9": 3.857226008536298
      },
      "inter_token_latency": {
        "mean": 0.07581933569970076,
        "min": 5.367211997509003e-06,
        "max": 1.9201743453741074,
        "p0.1": 5.657318513840437e-06,
        "p1": 5.9409067034721375e-06,
        "p5": 6.474088877439499e-06,
        "p10": 7.105991244316101e-06,
        "p25": 1.0105199180543423e-05,
        "median": 2.5408808141946793e-05,
        "p75": 0.10626626969315112,
        "p90": 0.23449434405192737,
        "p95": 0.3227007593493908,
        "p99": 0.595134691661225,
        "p99.9": 1.4415049904077328
      }
    },
    "throughput": {
      "input_tokens_per_sec": 28337.160672032875,
      "output_tokens_per_sec": 3747.164152468655,
      "total_tokens_per_sec": 32084.32482450153,
      "requests_per_sec": 3.756630862241504
    },
    "prompt_len": {
      "mean": 7543.238,
      "min": 7482.0,
      "max": 7616.0,
      "p0.1": 7482.0,
      "p1": 7493.0,
      "p5": 7509.0,
      "p10": 7515.0,
      "p25": 7528.0,
      "median": 7542.0,
      "p75": 7557.0,
      "p90": 7572.0,
      "p95": 7582.05,
      "p99": 7600.02,
      "p99.9": 7614.503
    },
    "output_len": {
      "mean": 997.48,
      "min": 975.0,
      "max": 1009.0,
      "p0.1": 978.493,
      "p1": 989.98,
      "p5": 992.0,
      "p10": 994.0,
      "p25": 996.0,
      "median": 998.0,
      "p75": 999.0,
      "p90": 1001.0,
      "p95": 1002.0,
      "p99": 1005.0,
      "p99.9": 1007.5030000000002
    }
  },
  "failures": {
    "count": 0,
    "request_latency": null,
    "prompt_len": null
  }
}