{
  "load_summary": {
    "count": 4580,
    "schedule_delay": {
      "mean": 0.0005165537010967797,
      "min": -0.0015963944606482983,
      "max": 0.009044016245752573,
      "p0.1": -0.0009381920993328095,
      "p1": -0.0006606821622699499,
      "p5": -0.00037928023375570773,
      "p10": -0.00018449192866683007,
      "p25": 0.0001328976359218359,
      "median": 0.0004968938883394003,
      "p75": 0.0008824046235531569,
      "p90": 0.0012259936891496188,
      "p95": 0.0014327471610158684,
      "p99": 0.0017718921788036823,
      "p99.9": 0.0024513644757680657
    }
  },
  "successes": {
    "count": 4488,
    "latency": {
      "request_latency": {
        "mean": 165.82420761426147,
        "min": 10.034824620001018,
        "max": 276.29452011873946,
        "p0.1": 11.504168058461975,
        "p1": 16.18477380578872,
        "p5": 39.263694971823135,
        "p10": 65.06637923200616,
        "p25": 86.15379428537562,
        "median": 176.13371531106532,
        "p75": 261.27194127393886,
        "p90": 268.8222997080535,
        "p95": 270.871253848495,
        "p99": 273.80913273492826,
        "p99.9": 275.8968261267847
      },
      "normalized_time_per_output_token": {
        "mean": 0.16617031414596034,
        "min": 0.010075125120482949,
        "max": 0.28273925934814303,
        "p0.1": 0.011521376394527647,
        "p1": 0.016158673159486294,
        "p5": 0.03925429475697869,
        "p10": 0.06525672509690648,
        "p25": 0.08634105176847362,
        "median": 0.1763473840328973,
        "p75": 0.2614017273161893,
        "p90": 0.2692437156175499,
        "p95": 0.2713858239868945,
        "p99": 0.27470566870767343,
        "p99.9": 0.2783323019659803
      },
      "time_per_output_token": {
        "mean": 0.16394987373500536,
        "min": 0.009836950613185763,
        "max": 0.2726247792690992,
        "p0.1": 0.011404767221244052,
        "p1": 0.01582975089594722,
        "p5": 0.03843401669701561,
        "p10": 0.06437118903552182,
        "p25": 0.08454418459860608,
        "median": 0.17425059339567087,
        "p75": 0.25753415754402526,
        "p90": 0.2653846830236725,
        "p95": 0.26796217705823944,
        "p99": 0.27083090034443885,
        "p99.9": 0.27205777523748065
      },
      "time_to_first_token": {
        "mean": 1.8424602539178752,
        "min": 0.041441380977630615,
        "max": 12.375974077731371,
        "p0.1": 0.043932564618531615,
        "p1": 0.05879099078476429,
        "p5": 0.09238577587530018,
        "p10": 0.2583904040046036,
        "p25": 0.6645057189743966,
        "median": 1.4278435807209462,
        "p75": 2.6168887172825634,
        "p90": 3.9034828662406653,
        "p95": 4.937737886048853,
        "p99": 7.067753066164455,
        "p99.9": 9.907136304953607
      },
      "inter_token_latency": {
        "mean": 0.16394987373500536,
        "min": 5.359761416912079e-06,
        "max": 3.2352427602745593,
        "p0.1": 5.7211145758628845e-06,
        "p1": 6.0121528804302216e-06,
        "p5": 6.550922989845276e-06,
        "p10": 7.149297744035721e-06,
        "p25": 9.787268936634064e-06,
        "median": 2.376781776547432e-05,
        "p75": 0.2452154327183962,
        "p90": 0.5357077620923519,
        "p95": 0.7557211548555638,
        "p99": 1.3178926218906375,
        "p99.9": 1.8878889099899736
      }
    },
    "throughput": {
      "input_tokens_per_sec": 32255.756029152704,
      "output_tokens_per_sec": 4266.52468964227,
      "total_tokens_per_sec": 36522.28071879497,
      "requests_per_sec": 4.275877695733851
    },
    "prompt_len": {
      "mean": 7543.657308377897,
      "min": 7482.0,
      "max": 7616.0,
      "p0.1": 7482.0,
      "p1": 7495.0,
      "p5": 7509.0,
      "p10": 7515.0,
      "p25": 7529.0,
      "median": 7543.0,
      "p75": 7558.0,
      "p90": 7573.0,
      "p95": 7583.0,
      "p99": 7600.0,
      "p99.9": 7616.0
    },
    "output_len": {
      "mean": 997.8126114081997,
      "min": 759.0,
      "max": 1012.0,
      "p0.1": 938.0,
      "p1": 983.87,
      "p5": 992.0,
      "p10": 994.0,
      "p25": 996.0,
      "median": 998.0,
      "p75": 1000.0,
      "p90": 1002.0,
      "p95": 1004.0,
      "p99": 1007.0,
      "p99.9": 1009.0
    }
  },
  "failures": {
    "count": 92,
    "request_latency": {
      "mean": 0.004665125611886058,
      "min": 0.0014664162881672382,
      "max": 0.030094272922724485,
      "p0.1": 0.001468606237322092,
      "p1": 0.0014883157797157764,
      "p5": 0.0016170473536476493,
      "p10": 0.0016507423017174006,
      "p25": 0.0030728609999641776,
      "median": 0.003906732425093651,
      "p75": 0.0042630244279280305,
      "p90": 0.004861691780388356,
      "p95": 0.015414590225555004,
      "p99": 0.028769969395361847,
      "p99.9": 0.02996184256998823
    },
    "prompt_len": {
      "mean": 0.0,
      "min": 0.0,
      "max": 0.0,
      "p0.1": 0.0,
      "p1": 0.0,
      "p5": 0.0,
      "p10": 0.0,
      "p25": 0.0,
      "median": 0.0,
      "p75": 0.0,
      "p90": 0.0,
      "p95": 0.0,
      "p99": 0.0,
      "p99.9": 0.0
    }
  }
}