{
  "load_summary": {
    "count": 240,
    "schedule_delay": {
      "mean": 0.0013899029154951373,
      "min": -0.000352589413523674,
      "max": 0.007409302517771721,
      "p0.1": -0.0003158324360847473,
      "p1": -9.966523386538027e-05,
      "p5": 0.00022657129447907213,
      "p10": 0.0005027231294661761,
      "p25": 0.0007832290139049292,
      "median": 0.001193405594676733,
      "p75": 0.001663822098635137,
      "p90": 0.0021383044775575397,
      "p95": 0.0026174124795943494,
      "p99": 0.006994829801842569,
      "p99.9": 0.00735059743840248
    },
    "send_duration": 59.78459103778005,
    "requested_rate": 4.0,
    "achieved_rate": 4.014412339934471
  },
  "successes": {
    "count": 240,
    "latency": {
      "request_latency": {
        "mean": 102.82899823982929,
        "min": 2.2510390882380307,
        "max": 216.61550499405712,
        "p0.1": 2.278360605593305,
        "p1": 2.3976951670041307,
        "p5": 2.91338886434678,
        "p10": 3.4963524176273495,
        "p25": 43.872853074455634,
        "median": 104.63651618012227,
        "p75": 157.5728492803173,
        "p90": 192.63774001821875,
        "p95": 204.83935537885407,
        "p99": 215.35921489894855,
        "p99.9": 216.52747689092112
      },
      "normalized_time_per_output_token": {
        "mean": 0.1710116563067453,
        "min": 0.0037454893315108664,
        "max": 0.35982642025590883,
        "p0.1": 0.003792517147020042,
        "p1": 0.003985567150348537,
        "p5": 0.004853489226622883,
        "p10": 0.0058165950135985085,
        "p25": 0.07304797925993517,
        "median": 0.17381349351392922,
        "p75": 0.2623485259850357,
        "p90": 0.3204752825853444,
        "p95": 0.34137031796626927,
        "p99": 0.35820302368867707,
        "p99.9": 0.35968019417096536
      },
      "time_per_output_token": {
        "mean": 0.0035813679540292616,
        "min": 0.0030140779397920055,
        "max": 0.005627528882507724,
        "p0.1": 0.0030213381801675603,
        "p1": 0.0030768499123453048,
        "p5": 0.0031611692246739016,
        "p10": 0.0032129954242248724,
        "p25": 0.0032829249494201007,
        "median": 0.003368169759776461,
        "p75": 0.0036164503247920767,
        "p90": 0.004504975523853894,
        "p95": 0.004923804220941105,
        "p99": 0.005504025231231385,
        "p99.9": 0.005609080181977463
      },
      "time_to_first_token": {
        "mean": 100.6779960506324,
        "min": 0.08429883513599634,
        "max": 214.6685154242441,
        "p0.1": 0.08441098992573097,
        "p1": 0.08774194591213018,
        "p5": 0.09486785281915218,
        "p10": 1.3443706312216848,
        "p25": 41.92703199922107,
        "median": 102.67212264752015,
        "p75": 155.5726167424582,
        "p90": 190.55150862862357,
        "p95": 203.03491995369546,
        "p99": 213.39209993962663,
        "p99.9": 214.55578700732673
      },
      "inter_token_latency": {
        "mean": 0.0035819320704906874,
        "min": 5.286186933517456e-06,
        "max": 0.05128569295629859,
        "p0.1": 5.680694710463286e-06,
        "p1": 6.253519095480442e-06,
        "p5": 1.3952748849987985e-05,
        "p10": 0.0011198757681995632,
        "p25": 0.002838613698258996,
        "median": 0.003372231498360634,
        "p75": 0.0039749458665028214,
        "p90": 0.005607743514701724,
        "p95": 0.006745467428117991,
        "p99": 0.01311287287157031,
        "p99.9": 0.029271174207795504
      }
    },
    "throughput": {
      "input_tokens_per_sec": 13507.69429389038,
      "output_tokens_per_sec": 522.1922932449882,
      "total_tokens_per_sec": 14029.886587135368,
      "requests_per_sec": 0.8683065000540217
    },
    "prompt_len": {
      "mean": 15556.366666666667,
      "min": 15476.0,
      "max": 15653.0,
      "p0.1": 15476.717,
      "p1": 15482.73,
      "p5": 15497.95,
      "p10": 15515.9,
      "p25": 15532.0,
      "median": 15553.5,
      "p75": 15582.0,
      "p90": 15605.0,
      "p95": 15614.05,
      "p99": 15639.22,
      "p99.9": 15651.805
    },
    "output_len": {
      "mean": 601.3916666666667,
      "min": 596.0,
      "max": 608.0,
      "p0.1": 596.0,
      "p1": 597.78,
      "p5": 600.0,
      "p10": 600.0,
      "p25": 601.0,
      "median": 601.0,
      "p75": 602.0,
      "p90": 603.0,
      "p95": 604.0,
      "p99": 606.61,
      "p99.9": 607.761
    }
  },
  "failures": {
    "count": 0,
    "request_latency": null,
    "prompt_len": null
  }
}