{
  "load_summary": {
    "count": 60,
    "schedule_delay": {
      "mean": 0.0029415726584071916,
      "min": 0.0005760989151895046,
      "max": 0.023329466581344604,
      "p0.1": 0.0005905359885655343,
      "p1": 0.0007204696489498019,
      "p5": 0.0008690464776009322,
      "p10": 0.001115327188745141,
      "p25": 0.001363464747555554,
      "median": 0.001959377434104681,
      "p75": 0.0024854757357388735,
      "p90": 0.007611596398055554,
      "p95": 0.008192054647952317,
      "p99": 0.014622288802638599,
      "p99.9": 0.022458748803474152
    },
    "send_duration": 59.09899261407554,
    "requested_rate": 1.0,
    "achieved_rate": 1.0152457317133672
  },
  "successes": {
    "count": 60,
    "latency": {
      "request_latency": {
        "mean": 10.635140533093363,
        "min": 5.037250315304846,
        "max": 16.819505786988884,
        "p0.1": 5.065165318059735,
        "p1": 5.31640034285374,
        "p5": 5.82103743373882,
        "p10": 6.769426068523899,
        "p25": 8.576323635643348,
        "median": 10.799772111000493,
        "p75": 12.718234685715288,
        "p90": 14.833220262406394,
        "p95": 15.786370768072084,
        "p99": 16.707450986448674,
        "p99.9": 16.808300306934864
      },
      "normalized_time_per_output_token": {
        "mean": 0.01769019121398001,
        "min": 0.00842349551054322,
        "max": 0.02798586653409132,
        "p0.1": 0.00846746230596672,
        "p1": 0.008863163464778216,
        "p5": 0.009699329584242527,
        "p10": 0.011280568019182076,
        "p25": 0.014276219394171315,
        "median": 0.017969670733777858,
        "p75": 0.02115291773260205,
        "p90": 0.02470978243112067,
        "p95": 0.02630842072544179,
        "p99": 0.027799419278616764,
        "p99.9": 0.027967221808543868
      },
      "time_per_output_token": {
        "mean": 0.0033675315110813847,
        "min": 0.0031544666275678005,
        "max": 0.003668187739493402,
        "p0.1": 0.00315567589543406,
        "p1": 0.003166559306230393,
        "p5": 0.003181542115075314,
        "p10": 0.0032562600186681395,
        "p25": 0.003301943894714499,
        "median": 0.003361568035908838,
        "p75": 0.0034055206180219934,
        "p90": 0.0035074337067742653,
        "p95": 0.0035494773197985675,
        "p99": 0.003667467603598468,
        "p99.9": 0.0036681157259039086
      },
      "time_to_first_token": {
        "mean": 8.598702885451106,
        "min": 3.0767514402978122,
        "max": 14.691225485876203,
        "p0.1": 3.096969777933322,
        "p1": 3.278934816652909,
        "p5": 3.782899359590374,
        "p10": 4.5976347856223585,
        "p25": 6.537881125812419,
        "median": 8.775142306927592,
        "p75": 10.617736662039533,
        "p90": 12.880236804112792,
        "p95": 13.756627052882687,
        "p99": 14.633660722370259,
        "p99.9": 14.68546900952561
      },
      "inter_token_latency": {
        "mean": 0.0033677169791190785,
        "min": 5.3872354328632355e-06,
        "max": 0.042084841057658195,
        "p0.1": 5.776181817054748e-06,
        "p1": 6.4737722277641295e-06,
        "p5": 0.00011148499324917794,
        "p10": 0.0013435143046081068,
        "p25": 0.0028389329090714455,
        "median": 0.003319478128105402,
        "p75": 0.0036288960836827755,
        "p90": 0.004810985457152128,
        "p95": 0.006100151874125009,
        "p99": 0.011013489961624151,
        "p99.9": 0.02516311171650892
      }
    },
    "throughput": {
      "input_tokens_per_sec": 12330.735127034513,
      "output_tokens_per_sec": 476.30633476313693,
      "total_tokens_per_sec": 12807.04146179765,
      "requests_per_sec": 0.7923033015189415
    },
    "prompt_len": {
      "mean": 15563.15,
      "min": 15496.0,
      "max": 15653.0,
      "p0.1": 15496.295,
      "p1": 15498.95,
      "p5": 15518.55,
      "p10": 15524.7,
      "p25": 15535.75,
      "median": 15555.5,
      "p75": 15585.75,
      "p90": 15613.0,
      "p95": 15627.35,
      "p99": 15645.33,
      "p99.9": 15652.233
    },
    "output_len": {
      "mean": 601.1666666666666,
      "min": 595.0,
      "max": 604.0,
      "p0.1": 595.059,
      "p1": 595.59,
      "p5": 598.95,
      "p10": 599.9,
      "p25": 601.0,
      "median": 601.0,
      "p75": 602.0,
      "p90": 603.0,
      "p95": 604.0,
      "p99": 604.0,
      "p99.9": 604.0
    }
  },
  "failures": {
    "count": 0,
    "request_latency": null,
    "prompt_len": null
  }
}