{
  "load_summary": {
    "count": 180,
    "schedule_delay": {
      "mean": 0.0017518199643948012,
      "min": -0.00014180457219481468,
      "max": 0.008703234605491161,
      "p0.1": -0.00011460603401064873,
      "p1": 1.7453664913773536e-05,
      "p5": 0.0003279533702880144,
      "p10": 0.0006039418745785952,
      "p25": 0.0010118631180375814,
      "median": 0.0015421058051288128,
      "p75": 0.0019015574362128973,
      "p90": 0.0024885696358978747,
      "p95": 0.006148683885112404,
      "p99": 0.007627747193910189,
      "p99.9": 0.008637271082028756
    },
    "send_duration": 59.65222642105073,
    "requested_rate": 3.0,
    "achieved_rate": 3.017490055266062
  },
  "successes": {
    "count": 180,
    "latency": {
      "request_latency": {
        "mean": 73.02720329846618,
        "min": 2.0575083629228175,
        "max": 156.95880294498056,
        "p0.1": 2.0945514398594387,
        "p1": 2.3827000464592127,
        "p5": 3.0483569837175315,
        "p10": 6.045150138810278,
        "p25": 31.060117734130472,
        "median": 73.46326466021128,
        "p75": 112.28440448606852,
        "p90": 140.91359577896074,
        "p95": 148.8374845889164,
        "p99": 155.39438113981393,
        "p99.9": 156.83979170935322
      },
      "normalized_time_per_output_token": {
        "mean": 0.12143564882760764,
        "min": 0.0034234748135155034,
        "max": 0.25986556778970293,
        "p0.1": 0.0034851105488509795,
        "p1": 0.003969848011113023,
        "p5": 0.005072141403856125,
        "p10": 0.010070813268978324,
        "p25": 0.051680728342979154,
        "median": 0.12223673538405552,
        "p75": 0.18729649141822646,
        "p90": 0.23411497904532577,
        "p95": 0.24767054503453972,
        "p99": 0.2577925410948205,
        "p99.9": 0.2598224127027285
      },
      "time_per_output_token": {
        "mean": 0.0035388900241966775,
        "min": 0.0029522588098888952,
        "max": 0.005776548671330941,
        "p0.1": 0.0029577656312951305,
        "p1": 0.0030080011723470942,
        "p5": 0.0031088537967916352,
        "p10": 0.0031663866878746992,
        "p25": 0.0032321273984505863,
        "median": 0.0033061541126094066,
        "p75": 0.003464397363152103,
        "p90": 0.004317939239297699,
        "p95": 0.005081602496480913,
        "p99": 0.005656854853504776,
        "p99.9": 0.005760134755809864
      },
      "time_to_first_token": {
        "mean": 70.89813693764154,
        "min": 0.08274470921605825,
        "max": 154.98917265003547,
        "p0.1": 0.08291761261317879,
        "p1": 0.08377180950716138,
        "p5": 0.09835832137614489,
        "p10": 4.0795080406125654,
        "p25": 27.93785120313987,
        "median": 71.53365469863638,
        "p75": 110.20934219611809,
        "p90": 138.93856350407003,
        "p95": 146.91089718332512,
        "p99": 153.37731761641803,
        "p99.9": 154.8527555084154
      },
      "inter_token_latency": {
        "mean": 0.00354034722898081,
        "min": 5.295965820550919e-06,
        "max": 0.05062612425535917,
        "p0.1": 5.670099519193172e-06,
        "p1": 6.208876147866249e-06,
        "p5": 1.4598155394196515e-05,
        "p10": 0.0010519453324377536,
        "p25": 0.0027821199037134647,
        "median": 0.0033423108980059624,
        "p75": 0.004066664492711425,
        "p90": 0.005659093800932171,
        "p95": 0.006735716853290793,
        "p99": 0.012176909372210453,
        "p99.9": 0.025225331775844108
      }
    },
    "throughput": {
      "input_tokens_per_sec": 12927.730449348663,
      "output_tokens_per_sec": 499.64676460270937,
      "total_tokens_per_sec": 13427.377213951371,
      "requests_per_sec": 0.8309826167523278
    },
    "prompt_len": {
      "mean": 15557.16111111111,
      "min": 15479.0,
      "max": 15653.0,
      "p0.1": 15479.179,
      "p1": 15485.53,
      "p5": 15500.85,
      "p10": 15516.9,
      "p25": 15534.0,
      "median": 15553.0,
      "p75": 15580.25,
      "p90": 15606.0,
      "p95": 15619.3,
      "p99": 15641.68,
      "p99.9": 15652.105
    },
    "output_len": {
      "mean": 601.2722222222222,
      "min": 597.0,
      "max": 606.0,
      "p0.1": 597.179,
      "p1": 598.79,
      "p5": 599.0,
      "p10": 600.0,
      "p25": 601.0,
      "median": 601.0,
      "p75": 602.0,
      "p90": 603.0,
      "p95": 604.0,
      "p99": 605.21,
      "p99.9": 606.0
    }
  },
  "failures": {
    "count": 0,
    "request_latency": null,
    "prompt_len": null
  }
}