{
  "load_summary": {
    "count": 480,
    "schedule_delay": {
      "mean": 0.0016467115754494443,
      "min": -0.000367509201169014,
      "max": 0.07421479607000947,
      "p0.1": -0.00034735915157943964,
      "p1": -0.00019673387054353953,
      "p5": 0.00021755658090114597,
      "p10": 0.00043622869998216634,
      "p25": 0.0007667691679671407,
      "median": 0.0011185980401933193,
      "p75": 0.0014661874156445265,
      "p90": 0.0018992557656019927,
      "p95": 0.0021010426804423314,
      "p99": 0.007365648723207411,
      "p99.9": 0.07389100008783867
    },
    "send_duration": 59.87071733409539,
    "requested_rate": 8.0,
    "achieved_rate": 8.017274911230233
  },
  "successes": {
    "count": 322,
    "latency": {
      "request_latency": {
        "mean": 135.9364532255047,
        "min": 1.9713090909644961,
        "max": 299.6604253342375,
        "p0.1": 2.1255574872712604,
        "p1": 2.946439596801065,
        "p5": 3.581399862118997,
        "p10": 3.953524288069457,
        "p25": 49.114005155162886,
        "median": 132.90797656588256,
        "p75": 219.7067372421734,
        "p90": 268.4131989166141,
        "p95": 283.4350988805294,
        "p99": 295.9880020566937,
        "p99.9": 299.31840413140185
      },
      "normalized_time_per_output_token": {
        "mean": 0.2260435864849388,
        "min": 0.0032855151516074936,
        "max": 0.4986030371617929,
        "p0.1": 0.003544785680272653,
        "p1": 0.004888154680887563,
        "p5": 0.005956386161867569,
        "p10": 0.006605775428271439,
        "p25": 0.0817204744678251,
        "median": 0.22059377703283373,
        "p75": 0.36602609824694593,
        "p90": 0.44586910119038886,
        "p95": 0.4708614601917684,
        "p99": 0.4929701337689827,
        "p99.9": 0.4977690292253068
      },
      "time_per_output_token": {
        "mean": 0.004063305870783803,
        "min": 0.0029952052094144714,
        "max": 0.008885948119916694,
        "p0.1": 0.0030172156356378034,
        "p1": 0.003117959102049024,
        "p5": 0.003217519465056478,
        "p10": 0.0032660864492035694,
        "p25": 0.0033280359171094422,
        "median": 0.003389755213037315,
        "p75": 0.003756149327795209,
        "p90": 0.006071837086387642,
        "p95": 0.006771371835703592,
        "p99": 0.008543905059718231,
        "p99.9": 0.008827085490858953
      },
      "time_to_first_token": {
        "mean": 133.50657101163802,
        "min": 0.08494818862527609,
        "max": 297.67678133491427,
        "p0.1": 0.08583752473862842,
        "p1": 0.09262435340788215,
        "p5": 0.10139984672423452,
        "p10": 0.11699472931213677,
        "p25": 47.19491778186057,
        "median": 130.92402499262244,
        "p75": 217.68566015549004,
        "p90": 266.3926046303008,
        "p95": 281.3947999710217,
        "p99": 293.9912165246625,
        "p99.9": 297.3238412350584
      },
      "inter_token_latency": {
        "mean": 0.004064305642585669,
        "min": 5.3211115300655365e-06,
        "max": 0.9282427448779345,
        "p0.1": 5.7211145758628845e-06,
        "p1": 6.4391642808914185e-06,
        "p5": 0.0003167001996189356,
        "p10": 0.0016690518707036972,
        "p25": 0.002969085006043315,
        "median": 0.0034655709750950336,
        "p75": 0.004646806977689266,
        "p90": 0.006406229548156262,
        "p95": 0.008113181218504906,
        "p99": 0.014203587770462019,
        "p99.9": 0.03095420088618995
      }
    },
    "throughput": {
      "input_tokens_per_sec": 13913.193883579268,
      "output_tokens_per_sec": 537.9133592016685,
      "total_tokens_per_sec": 14451.107242780936,
      "requests_per_sec": 0.8944528015561163
    },
    "prompt_len": {
      "mean": 15554.978260869566,
      "min": 15476.0,
      "max": 15653.0,
      "p0.1": 15476.0,
      "p1": 15481.47,
      "p5": 15497.05,
      "p10": 15513.0,
      "p25": 15530.0,
      "median": 15551.0,
      "p75": 15581.0,
      "p90": 15605.0,
      "p95": 15613.95,
      "p99": 15639.58,
      "p99.9": 15651.395
    },
    "output_len": {
      "mean": 601.388198757764,
      "min": 594.0,
      "max": 609.0,
      "p0.1": 595.284,
      "p1": 599.0,
      "p5": 600.0,
      "p10": 600.0,
      "p25": 601.0,
      "median": 601.0,
      "p75": 602.0,
      "p90": 603.0,
      "p95": 604.0,
      "p99": 605.0,
      "p99.9": 608.3580000000001
    }
  },
  "failures": {
    "count": 158,
    "request_latency": {
      "mean": 300.4748335298316,
      "min": 300.0158415888436,
      "max": 300.99890264403075,
      "p0.1": 300.01912602555984,
      "p1": 300.0384812170081,
      "p5": 300.055202478217,
      "p10": 300.09395006718114,
      "p25": 300.17522742110305,
      "median": 300.4717157888226,
      "p75": 300.74575842230115,
      "p90": 300.8476369150914,
      "p95": 300.9248286349233,
      "p99": 300.9775199198164,
      "p99.9": 300.9961408945979
    },
    "prompt_len": {
      "mean": 0.0,
      "min": 0.0,
      "max": 0.0,
      "p0.1": 0.0,
      "p1": 0.0,
      "p5": 0.0,
      "p10": 0.0,
      "p25": 0.0,
      "median": 0.0,
      "p75": 0.0,
      "p90": 0.0,
      "p95": 0.0,
      "p99": 0.0,
      "p99.9": 0.0
    }
  }
}