{
  "load_summary": {
    "count": 120,
    "schedule_delay": {
      "mean": 0.0021015639766119422,
      "min": 9.799003601074219e-05,
      "max": 0.008359925355762243,
      "p0.1": 0.00010058927070349455,
      "p1": 0.0001382373133674264,
      "p5": 0.0007148126838728786,
      "p10": 0.0009572430048137903,
      "p25": 0.0013059977209195495,
      "median": 0.0016543064266443253,
      "p75": 0.0020948407473042607,
      "p90": 0.0028133102692663673,
      "p95": 0.007251266995444892,
      "p99": 0.008349450770765543,
      "p99.9": 0.00835985703067854
    },
    "send_duration": 59.561859796755016,
    "requested_rate": 2.0,
    "achieved_rate": 2.0147121061948052
  },
  "successes": {
    "count": 120,
    "latency": {
      "request_latency": {
        "mean": 40.98402012487252,
        "min": 2.426701277960092,
        "max": 83.38464698009193,
        "p0.1": 2.4343120873332955,
        "p1": 2.4936691778432576,
        "p5": 3.690894425241277,
        "p10": 7.049255183991045,
        "p25": 23.147402180475183,
        "median": 36.658887015422806,
        "p75": 62.99142406624742,
        "p90": 75.30321818073281,
        "p95": 78.33079002825544,
        "p99": 82.30675979941618,
        "p99.9": 83.28131251422177
      },
      "normalized_time_per_output_token": {
        "mean": 0.06814342464937445,
        "min": 0.004044502129933486,
        "max": 0.13828299665023538,
        "p0.1": 0.004056364881380644,
        "p1": 0.00414657174827962,
        "p5": 0.006160637801812193,
        "p10": 0.011741622841078173,
        "p25": 0.03851481228032476,
        "median": 0.06089516115518739,
        "p75": 0.10481102174084429,
        "p90": 0.12529653607443064,
        "p95": 0.13033409322505063,
        "p99": 0.1371037612835127,
        "p99.9": 0.13819305092345868
      },
      "time_per_output_token": {
        "mean": 0.0034568939135192576,
        "min": 0.002951007365830179,
        "max": 0.00434149014135133,
        "p0.1": 0.0029555415749901834,
        "p1": 0.002990407690052869,
        "p5": 0.003135753879124601,
        "p10": 0.003215597313332464,
        "p25": 0.0033054449371406505,
        "median": 0.003372180416508555,
        "p75": 0.0035388724610353616,
        "p90": 0.0038351711070784013,
        "p95": 0.004109119133037856,
        "p99": 0.0042775163903225055,
        "p99.9": 0.00433453274491924
      },
      "time_to_first_token": {
        "mean": 38.89768958336208,
        "min": 0.08830576622858644,
        "max": 81.44868688005954,
        "p0.1": 0.08903992013959214,
        "p1": 0.09669397858437151,
        "p5": 1.403442914481275,
        "p10": 5.0654193562921135,
        "p25": 20.6167698308127,
        "median": 34.66258231177926,
        "p75": 60.9600237919949,
        "p90": 73.30659785899334,
        "p95": 76.384081472666,
        "p99": 80.22927821964491,
        "p99.9": 81.32914225278238
      },
      "inter_token_latency": {
        "mean": 0.0034571093160718626,
        "min": 5.27501106262207e-06,
        "max": 0.05347981117665768,
        "p0.1": 5.740903317928314e-06,
        "p1": 6.415760144591331e-06,
        "p5": 0.00019367327913641936,
        "p10": 0.0013565051369369033,
        "p25": 0.0028641221579164267,
        "median": 0.0033727791160345078,
        "p75": 0.003808305598795414,
        "p90": 0.004935608338564634,
        "p95": 0.006182719208300114,
        "p99": 0.010835552811622587,
        "p99.9": 0.02327029906213317
      }
    },
    "throughput": {
      "input_tokens_per_sec": 13062.298912381902,
      "output_tokens_per_sec": 504.85319038022755,
      "total_tokens_per_sec": 13567.15210276213,
      "requests_per_sec": 0.8394748686467126
    },
    "prompt_len": {
      "mean": 15560.083333333334,
      "min": 15479.0,
      "max": 15653.0,
      "p0.1": 15479.952,
      "p1": 15488.14,
      "p5": 15509.55,
      "p10": 15519.0,
      "p25": 15534.75,
      "median": 15554.0,
      "p75": 15585.25,
      "p90": 15609.1,
      "p95": 15625.05,
      "p99": 15646.48,
      "p99.9": 15652.405
    },
    "output_len": {
      "mean": 601.3916666666667,
      "min": 598.0,
      "max": 609.0,
      "p0.1": 598.0,
      "p1": 598.19,
      "p5": 599.0,
      "p10": 600.0,
      "p25": 601.0,
      "median": 601.0,
      "p75": 602.0,
      "p90": 603.0,
      "p95": 604.0,
      "p99": 608.0,
      "p99.9": 608.881
    }
  },
  "failures": {
    "count": 0,
    "request_latency": null,
    "prompt_len": null
  }
}