{
  "load_summary": {
    "count": 300,
    "schedule_delay": {
      "mean": 0.001796754812821746,
      "min": -8.671358227729797e-05,
      "max": 0.09323414554819465,
      "p0.1": -8.643609145656228e-05,
      "p1": -3.8574016653001305e-05,
      "p5": 0.00031199424993246796,
      "p10": 0.00048189861699938775,
      "p25": 0.0007826410001143813,
      "median": 0.0011246297508478165,
      "p75": 0.0015011947834864259,
      "p90": 0.0018391509074717767,
      "p95": 0.002363710408098996,
      "p99": 0.015564833963289821,
      "p99.9": 0.07470057386951656
    },
    "send_duration": 59.91164315678179,
    "requested_rate": 5.0,
    "achieved_rate": 5.007373929219984
  },
  "successes": {
    "count": 300,
    "latency": {
      "request_latency": {
        "mean": 133.53762316831543,
        "min": 2.0018314737826586,
        "max": 283.8792047840543,
        "p0.1": 2.09299233522173,
        "p1": 2.521055444953963,
        "p5": 2.81650832016021,
        "p10": 3.592091039475054,
        "p25": 59.24953333067242,
        "median": 134.00183743797243,
        "p75": 208.08876582980156,
        "p90": 253.82764678713866,
        "p95": 269.1415231020423,
        "p99": 282.30355250807946,
        "p99.9": 283.8339734944296
      },
      "normalized_time_per_output_token": {
        "mean": 0.22207428432797344,
        "min": 0.0033308343989728096,
        "max": 0.47313200797342386,
        "p0.1": 0.0034825163647616143,
        "p1": 0.004194767795264498,
        "p5": 0.004666132241747267,
        "p10": 0.005976856970840355,
        "p25": 0.09870861857471008,
        "median": 0.2229647877503701,
        "p75": 0.3459515529337597,
        "p90": 0.4236815110873217,
        "p95": 0.44637477059311953,
        "p99": 0.4697263170633319,
        "p99.9": 0.4729587474827275
      },
      "time_per_output_token": {
        "mean": 0.003581397362092889,
        "min": 0.0029487098863373706,
        "max": 0.005796637704192932,
        "p0.1": 0.002974133948050199,
        "p1": 0.0030959351428981436,
        "p5": 0.003149847526786666,
        "p10": 0.0032067556758419162,
        "p25": 0.003288947408684648,
        "median": 0.0033769096791253774,
        "p75": 0.0035774010554159245,
        "p90": 0.004328707624081379,
        "p95": 0.004779590934282921,
        "p99": 0.005694148479386994,
        "p99.9": 0.0057956071643515805
      },
      "time_to_first_token": {
        "mean": 131.3892540684777,
        "min": 0.07912405719980597,
        "max": 281.8899568039924,
        "p0.1": 0.08035485123610124,
        "p1": 0.08630362418014556,
        "p5": 0.09847536641173064,
        "p10": 0.14446549154818059,
        "p25": 57.346965499571525,
        "median": 131.9137869430706,
        "p75": 206.057231723913,
        "p90": 251.5978879725095,
        "p95": 267.1961825531209,
        "p99": 280.2757397313416,
        "p99.9": 281.78860906015524
      },
      "inter_token_latency": {
        "mean": 0.003582649036615024,
        "min": 5.204696208238602e-06,
        "max": 0.10244285594671965,
        "p0.1": 5.673617124557495e-06,
        "p1": 6.257770583033561e-06,
        "p5": 1.2095319107174872e-05,
        "p10": 0.0011467670090496537,
        "p25": 0.0028370219515636563,
        "median": 0.0033716021571308374,
        "p75": 0.003971791244111955,
        "p90": 0.005613081343472004,
        "p95": 0.006954771000891924,
        "p99": 0.013091444009914964,
        "p99.9": 0.026319356790744066
      }
    },
    "throughput": {
      "input_tokens_per_sec": 13573.275809840778,
      "output_tokens_per_sec": 524.7376452297111,
      "total_tokens_per_sec": 14098.01345507049,
      "requests_per_sec": 0.8726235785416482
    },
    "prompt_len": {
      "mean": 15554.56,
      "min": 15476.0,
      "max": 15653.0,
      "p0.1": 15476.0,
      "p1": 15479.99,
      "p5": 15496.95,
      "p10": 15512.9,
      "p25": 15530.0,
      "median": 15550.5,
      "p75": 15581.0,
      "p90": 15604.1,
      "p95": 15613.05,
      "p99": 15638.02,
      "p99.9": 15651.505000000001
    },
    "output_len": {
      "mean": 601.3333333333334,
      "min": 597.0,
      "max": 613.0,
      "p0.1": 597.0,
      "p1": 598.0,
      "p5": 599.95,
      "p10": 600.0,
      "p25": 601.0,
      "median": 601.0,
      "p75": 602.0,
      "p90": 603.0,
      "p95": 604.0,
      "p99": 606.02,
      "p99.9": 612.402
    }
  },
  "failures": {
    "count": 0,
    "request_latency": null,
    "prompt_len": null
  }
}