{
  "load_summary": {
    "count": 1740,
    "schedule_delay": {
      "mean": 0.001633814497497575,
      "min": -0.000367509201169014,
      "max": 0.09323414554819465,
      "p0.1": -0.00033252769056707623,
      "p1": -7.412280421704053e-05,
      "p5": 0.0002445822348818183,
      "p10": 0.00048720040358603,
      "p25": 0.0008268412202596664,
      "median": 0.001191263785585761,
      "p75": 0.0016240519471466541,
      "p90": 0.0020990902557969093,
      "p95": 0.0028491280041635023,
      "p99": 0.008056413559243079,
      "p99.9": 0.07371524443989633
    }
  },
  "successes": {
    "count": 1548,
    "latency": {
      "request_latency": {
        "mean": 110.89972141423944,
        "min": 1.9713090909644961,
        "max": 299.7034096652642,
        "p0.1": 2.0068515221709387,
        "p1": 2.4443022946966813,
        "p5": 3.196371809300035,
        "p10": 4.2308352790772945,
        "p25": 32.09642856323626,
        "median": 97.59949756856076,
        "p75": 177.5833829061594,
        "p90": 244.17143362001514,
        "p95": 269.0809139361605,
        "p99": 292.13313255774324,
        "p99.9": 299.3101435677001
      },
      "normalized_time_per_output_token": {
        "mean": 0.1844161869720158,
        "min": 0.0032855151516074936,
        "max": 0.4986745585112549,
        "p0.1": 0.0033391872249100476,
        "p1": 0.004084244958679706,
        "p5": 0.005313812375932517,
        "p10": 0.007039659366185183,
        "p25": 0.05353887275369233,
        "median": 0.1622480334578383,
        "p75": 0.2959186132143433,
        "p90": 0.4059652192644836,
        "p95": 0.44720717385607267,
        "p99": 0.4857480316161768,
        "p99.9": 0.4980202056034943
      },
      "time_per_output_token": {
        "mean": 0.003715892994453215,
        "min": 0.0029487098863373706,
        "max": 0.008885948119916694,
        "p0.1": 0.002951691905730297,
        "p1": 0.0030493557360130675,
        "p5": 0.0031750317941762985,
        "p10": 0.0032171279310923657,
        "p25": 0.0032912426150065984,
        "median": 0.0033723182631545845,
        "p75": 0.003620795625285159,
        "p90": 0.004971272213683562,
        "p95": 0.005786843944688215,
        "p99": 0.007495738504612755,
        "p99.9": 0.008663645730821765
      },
      "time_to_first_token": {
        "mean": 108.67034205344586,
        "min": 0.07912405719980597,
        "max": 297.7129806773737,
        "p0.1": 0.08160745933232828,
        "p1": 0.0849340114183724,
        "p5": 0.09856672484893352,
        "p10": 0.14853927483782173,
        "p25": 29.361677838955075,
        "median": 95.6048357996624,
        "p75": 175.64480501180515,
        "p90": 242.03237450448796,
        "p95": 267.0977900411701,
        "p99": 289.91882626955396,
        "p99.9": 297.3299470058988
      },
      "inter_token_latency": {
        "mean": 0.0037169272806143027,
        "min": 5.204696208238602e-06,
        "max": 0.9282427448779345,
        "p0.1": 5.6908465921878815e-06,
        "p1": 6.322283297777176e-06,
        "p5": 3.281505778431893e-05,
        "p10": 0.001308462722226978,
        "p25": 0.0028753989608958364,
        "median": 0.003399349283427,
        "p75": 0.0041419899789616466,
        "p90": 0.005885971756651997,
        "p95": 0.007344310567714271,
        "p99": 0.01303501063026486,
        "p99.9": 0.028166424156166832
      }
    },
    "throughput": {
      "input_tokens_per_sec": 13432.467135088513,
      "output_tokens_per_sec": 519.2738774684371,
      "total_tokens_per_sec": 13951.74101255695,
      "requests_per_sec": 0.8634911090832673
    },
    "prompt_len": {
      "mean": 15555.999354005167,
      "min": 15476.0,
      "max": 15653.0,
      "p0.1": 15476.0,
      "p1": 15480.0,
      "p5": 15497.35,
      "p10": 15513.0,
      "p25": 15532.0,
      "median": 15552.0,
      "p75": 15582.0,
      "p90": 15606.0,
      "p95": 15616.949999999999,
      "p99": 15640.0,
      "p99.9": 15653.0
    },
    "output_len": {
      "mean": 601.3656330749354,
      "min": 594.0,
      "max": 613.0,
      "p0.1": 595.547,
      "p1": 598.0,
      "p5": 599.0,
      "p10": 600.0,
      "p25": 601.0,
      "median": 601.0,
      "p75": 602.0,
      "p90": 603.0,
      "p95": 604.0,
      "p99": 606.53,
      "p99.9": 611.0
    }
  },
  "failures": {
    "count": 192,
    "request_latency": {
      "mean": 300.47690637955867,
      "min": 300.0158415888436,
      "max": 300.99890264403075,
      "p0.1": 300.0169874681602,
      "p1": 300.0354187129438,
      "p5": 300.0563403736334,
      "p10": 300.0961186850909,
      "p25": 300.200041907141,
      "median": 300.4717157888226,
      "p75": 300.7321109136101,
      "p90": 300.846315352479,
      "p95": 300.92848959849215,
      "p99": 300.98149835484105,
      "p99.9": 300.99593854275673
    },
    "prompt_len": {
      "mean": 0.0,
      "min": 0.0,
      "max": 0.0,
      "p0.1": 0.0,
      "p1": 0.0,
      "p5": 0.0,
      "p10": 0.0,
      "p25": 0.0,
      "median": 0.0,
      "p75": 0.0,
      "p90": 0.0,
      "p95": 0.0,
      "p99": 0.0,
      "p99.9": 0.0
    }
  }
}