{
  "load_summary": {
    "count": 300,
    "schedule_delay": {
      "mean": 0.0005537953755507867,
      "min": -0.000941920094192028,
      "max": 0.002414821647107601,
      "p0.1": -0.000924119190312922,
      "p1": -0.0007110222522169351,
      "p5": -0.00032765744253993034,
      "p10": -7.433472201228141e-05,
      "p25": 0.0001806137152016163,
      "median": 0.0005395289044827223,
      "p75": 0.000909911235794425,
      "p90": 0.0012185859959572554,
      "p95": 0.0014583287760615352,
      "p99": 0.0019746583700180047,
      "p99.9": 0.0023234642338939076
    },
    "send_duration": 59.906199948862195,
    "requested_rate": 5.0,
    "achieved_rate": 5.0078289101309945
  },
  "successes": {
    "count": 300,
    "latency": {
      "request_latency": {
        "mean": 48.78426496354708,
        "min": 27.291685787960887,
        "max": 54.99704986810684,
        "p0.1": 27.40488838576153,
        "p1": 28.664057435896247,
        "p5": 33.90845499215648,
        "p10": 37.390534775378185,
        "p25": 45.25424278364517,
        "median": 50.89406765229069,
        "p75": 54.08640530414414,
        "p90": 54.76909542735666,
        "p95": 54.84062759655062,
        "p99": 54.897389830630274,
        "p99.9": 54.971206804623826
      },
      "normalized_time_per_output_token": {
        "mean": 0.024410569517240174,
        "min": 0.0136390233822893,
        "max": 0.03684674823419295,
        "p0.1": 0.013695596394683422,
        "p1": 0.014296426939108754,
        "p5": 0.016945754618768856,
        "p10": 0.01868499844875495,
        "p25": 0.022624267486082376,
        "median": 0.02545666968643836,
        "p75": 0.02702020650813547,
        "p90": 0.02736211694169526,
        "p95": 0.027396807144673022,
        "p99": 0.027469090750891094,
        "p99.9": 0.03404752049246129
      },
      "time_per_output_token": {
        "mean": 0.024127270603585202,
        "min": 0.013584974776765237,
        "max": 0.027351461184909567,
        "p0.1": 0.013645294228206926,
        "p1": 0.014281638283303472,
        "p5": 0.016899937684286853,
        "p10": 0.01863092557853088,
        "p25": 0.0224781088239979,
        "median": 0.025288887812988832,
        "p75": 0.026784184010059105,
        "p90": 0.02726545756305568,
        "p95": 0.02731368776469026,
        "p99": 0.027341095639914274,
        "p99.9": 0.0273504327093889
      },
      "time_to_first_token": {
        "mean": 0.5142902573275691,
        "min": 0.048915228340774775,
        "max": 2.01653115125373,
        "p0.1": 0.051300961589440704,
        "p1": 0.06385883823037147,
        "p5": 0.08761055176146329,
        "p10": 0.10741655975580215,
        "p25": 0.15519935986958444,
        "median": 0.20416515856049955,
        "p75": 0.7361010632012039,
        "p90": 1.4552574746310716,
        "p95": 1.665863832831383,
        "p99": 1.885140591464005,
        "p99.9": 1.9943756039743328
      },
      "inter_token_latency": {
        "mean": 0.024127298767581212,
        "min": 5.595851689577103e-06,
        "max": 0.11832081526517868,
        "p0.1": 1.0220320895314217e-05,
        "p1": 0.0071808756142854695,
        "p5": 0.012776689697057008,
        "p10": 0.01516777891665697,
        "p25": 0.019462039228528738,
        "median": 0.02474495116621256,
        "p75": 0.028623021207749844,
        "p90": 0.03113021096214652,
        "p95": 0.03338629081845283,
        "p99": 0.04467559510841974,
        "p99.9": 0.0732737601809208
      }
    },
    "throughput": {
      "input_tokens_per_sec": 9131.207773564493,
      "output_tokens_per_sec": 5858.364064200458,
      "total_tokens_per_sec": 14989.571837764952,
      "requests_per_sec": 2.930100130141007
    },
    "prompt_len": {
      "mean": 3116.346666666667,
      "min": 3069.0,
      "max": 3169.0,
      "p0.1": 3072.588,
      "p1": 3082.98,
      "p5": 3091.95,
      "p10": 3096.0,
      "p25": 3106.0,
      "median": 3115.0,
      "p75": 3127.0,
      "p90": 3138.0,
      "p95": 3142.05,
      "p99": 3151.01,
      "p99.9": 3164.5150000000003
    },
    "output_len": {
      "mean": 1999.3733333333332,
      "min": 1483.0,
      "max": 2017.0,
      "p0.1": 1626.52,
      "p1": 1996.98,
      "p5": 1998.0,
      "p10": 1999.0,
      "p25": 2000.0,
      "median": 2001.0,
      "p75": 2002.0,
      "p90": 2003.0,
      "p95": 2005.0,
      "p99": 2008.03,
      "p99.9": 2016.103
    }
  },
  "failures": {
    "count": 0,
    "request_latency": null,
    "prompt_len": null
  }
}