{
  "load_summary": {
    "count": 900,
    "schedule_delay": {
      "mean": 0.0004243512430952655,
      "min": -0.0010746889747679234,
      "max": 0.08084131451323628,
      "p0.1": -0.0010382443466223777,
      "p1": -0.0007723835902288556,
      "p5": -0.000500716082751751,
      "p10": -0.000324719026684761,
      "p25": -3.2157404348254204e-05,
      "median": 0.00033597066067159176,
      "p75": 0.0006916096899658442,
      "p90": 0.0009919225238263609,
      "p95": 0.0011801188345998525,
      "p99": 0.001639588070102036,
      "p99.9": 0.010479767407299464
    },
    "send_duration": 59.94532449776307,
    "requested_rate": 15.0,
    "achieved_rate": 15.013681342797378
  },
  "successes": {
    "count": 900,
    "latency": {
      "request_latency": {
        "mean": 145.25793409674324,
        "min": 79.23824090603739,
        "max": 155.82763109914958,
        "p0.1": 80.04441611664323,
        "p1": 91.67018217367585,
        "p5": 109.03100707158447,
        "p10": 122.17606472233311,
        "p25": 146.34740794915706,
        "median": 150.03714750357904,
        "p75": 154.393960466492,
        "p90": 155.48141424525528,
        "p95": 155.6989812099142,
        "p99": 155.75972135335206,
        "p99.9": 155.79676729911614
      },
      "normalized_time_per_output_token": {
        "mean": 0.07253477470460061,
        "min": 0.0304377223123095,
        "max": 0.07839397665778844,
        "p0.1": 0.038673999346110786,
        "p1": 0.04526973890164669,
        "p5": 0.054201549105334104,
        "p10": 0.06091258557041928,
        "p25": 0.07312237935890145,
        "median": 0.07500981266799908,
        "p75": 0.07713197549271215,
        "p90": 0.07768286026413909,
        "p95": 0.07778798861211002,
        "p99": 0.07789768234629496,
        "p99.9": 0.07819081703024744
      },
      "time_per_output_token": {
        "mean": 0.07068935858097859,
        "min": 0.03952034646249376,
        "max": 0.07769542901846581,
        "p0.1": 0.03997450846688659,
        "p1": 0.04577965076490538,
        "p5": 0.05447943935756339,
        "p10": 0.05837842036383226,
        "p25": 0.06633223638439086,
        "median": 0.07443174851336516,
        "p75": 0.07702328598243184,
        "p90": 0.07756865613276605,
        "p95": 0.07765570909787203,
        "p99": 0.07768310210546944,
        "p99.9": 0.0776874184187022
      },
      "time_to_first_token": {
        "mean": 3.8658591266731834,
        "min": 0.04595235828310251,
        "max": 31.320304485969245,
        "p0.1": 0.04814178176270798,
        "p1": 0.06345107213128358,
        "p5": 0.11654072601813824,
        "p10": 0.14733642414212228,
        "p25": 0.22417611617129296,
        "median": 0.3464447916485369,
        "p75": 0.4571581204654649,
        "p90": 19.219148848345505,
        "p95": 25.307231290941125,
        "p99": 30.810808782544918,
        "p99.9": 31.233563866793656
      },
      "inter_token_latency": {
        "mean": 0.07068935858097859,
        "min": 5.791895091533661e-06,
        "max": 0.3177399439737201,
        "p0.1": 0.004972493287641555,
        "p1": 0.014873227681964637,
        "p5": 0.024275519885122776,
        "p10": 0.03275198671035469,
        "p25": 0.054087620810605586,
        "median": 0.07647208450362086,
        "p75": 0.08611318818293512,
        "p90": 0.09098106711171568,
        "p95": 0.09517117813229559,
        "p99": 0.1735112197324634,
        "p99.9": 0.23247172323847276
      }
    },
    "throughput": {
      "input_tokens_per_sec": 13598.010137574864,
      "output_tokens_per_sec": 8744.604191451468,
      "total_tokens_per_sec": 22342.61432902633,
      "requests_per_sec": 4.362280966948882
    },
    "prompt_len": {
      "mean": 3117.178888888889,
      "min": 3069.0,
      "max": 3169.0,
      "p0.1": 3079.788,
      "p1": 3085.99,
      "p5": 3093.95,
      "p10": 3098.0,
      "p25": 3106.0,
      "median": 3116.0,
      "p75": 3128.0,
      "p90": 3138.0,
      "p95": 3144.0,
      "p99": 3154.0,
      "p99.9": 3169.0
    },
    "output_len": {
      "mean": 2004.5944444444444,
      "min": 1978.0,
      "max": 5101.0,
      "p0.1": 1983.394,
      "p1": 1994.0,
      "p5": 1998.0,
      "p10": 1999.0,
      "p25": 2000.0,
      "median": 2001.0,
      "p75": 2002.0,
      "p90": 2004.0,
      "p95": 2005.0,
      "p99": 2010.01,
      "p99.9": 2328.484000000348
    }
  },
  "failures": {
    "count": 0,
    "request_latency": null,
    "prompt_len": null
  }
}