{
  "load_summary": {
    "count": 180,
    "schedule_delay": {
      "mean": 0.0007651815009820793,
      "min": -0.0008227359503507614,
      "max": 0.0026442878879606724,
      "p0.1": -0.0007867583017796278,
      "p1": -0.0005867551546543837,
      "p5": -0.0001562237041071056,
      "p10": -4.5474898070096966e-05,
      "p25": 0.0003294670023024082,
      "median": 0.0007518634665757418,
      "p75": 0.001176413963548839,
      "p90": 0.0015028775203973054,
      "p95": 0.0018913726555183522,
      "p99": 0.0022137326514348405,
      "p99.9": 0.002596687778830535
    },
    "send_duration": 59.847795685753226,
    "requested_rate": 3.0,
    "achieved_rate": 3.0076295699366753
  },
  "successes": {
    "count": 180,
    "latency": {
      "request_latency": {
        "mean": 32.447518299025894,
        "min": 19.918040815740824,
        "max": 36.007043020799756,
        "p0.1": 19.920107131456955,
        "p1": 20.010488220998084,
        "p5": 24.04994723771233,
        "p10": 27.851129432301967,
        "p25": 30.88890944351442,
        "median": 33.68894703104161,
        "p75": 35.30685375269968,
        "p90": 35.88331926926039,
        "p95": 35.94785196182784,
        "p99": 36.001917868731546,
        "p99.9": 36.00657029757975
      },
      "normalized_time_per_output_token": {
        "mean": 0.016215424786958796,
        "min": 0.0099201515574711,
        "max": 0.018002201054478063,
        "p0.1": 0.009926218194809515,
        "p1": 0.009995082118298339,
        "p5": 0.012016871655917732,
        "p10": 0.013927142614187489,
        "p25": 0.015437481617103241,
        "median": 0.016823445962705897,
        "p75": 0.017652838819666585,
        "p90": 0.01793270769204641,
        "p95": 0.01796492225298733,
        "p99": 0.01799215109706314,
        "p99.9": 0.018000826906167847
      },
      "time_per_output_token": {
        "mean": 0.016109280818934917,
        "min": 0.009871115326648578,
        "max": 0.017911502585979178,
        "p0.1": 0.009872989085618173,
        "p1": 0.009881608321783133,
        "p5": 0.01196552472678013,
        "p10": 0.01374066977163311,
        "p25": 0.015309078461548779,
        "median": 0.016718098267097956,
        "p75": 0.01750535751489224,
        "p90": 0.017844245569431223,
        "p95": 0.01789318469364662,
        "p99": 0.017908425302421673,
        "p99.9": 0.01791134956202749
      },
      "time_to_first_token": {
        "mean": 0.21159055124088708,
        "min": 0.04817493399605155,
        "max": 0.6438622358255088,
        "p0.1": 0.04983422928629443,
        "p1": 0.05795994393527508,
        "p5": 0.07949478791560978,
        "p10": 0.0984131898265332,
        "p25": 0.13594675343483686,
        "median": 0.16084857005625963,
        "p75": 0.2957963431254029,
        "p90": 0.3713714015204459,
        "p95": 0.4518202984705565,
        "p99": 0.6019657573848964,
        "p99.9": 0.6385188971878969
      },
      "inter_token_latency": {
        "mean": 0.016109280818934913,
        "min": 6.058253347873688e-06,
        "max": 0.0788504839874804,
        "p0.1": 0.0013800708395428957,
        "p1": 0.005473610074259341,
        "p5": 0.009420637274160981,
        "p10": 0.01174683035351336,
        "p25": 0.014424044289626181,
        "median": 0.016611268278211355,
        "p75": 0.018002264550887048,
        "p90": 0.01933585801161826,
        "p95": 0.020985089917667208,
        "p99": 0.024995191260240975,
        "p99.9": 0.03790164100099515
      }
    },
    "throughput": {
      "input_tokens_per_sec": 6400.292456967756,
      "output_tokens_per_sec": 4108.2014289829585,
      "total_tokens_per_sec": 10508.493885950715,
      "requests_per_sec": 2.0530171776477206
    },
    "prompt_len": {
      "mean": 3117.5055555555555,
      "min": 3069.0,
      "max": 3169.0,
      "p0.1": 3071.864,
      "p1": 3087.37,
      "p5": 3091.95,
      "p10": 3097.0,
      "p25": 3106.0,
      "median": 3116.0,
      "p75": 3129.0,
      "p90": 3139.0,
      "p95": 3144.0,
      "p99": 3152.42,
      "p99.9": 3166.3150000000005
    },
    "output_len": {
      "mean": 2001.0555555555557,
      "min": 1989.0,
      "max": 2009.0,
      "p0.1": 1990.253,
      "p1": 1996.0,
      "p5": 1998.0,
      "p10": 1999.0,
      "p25": 2000.0,
      "median": 2001.0,
      "p75": 2002.0,
      "p90": 2003.0,
      "p95": 2004.05,
      "p99": 2009.0,
      "p99.9": 2009.0
    }
  },
  "failures": {
    "count": 0,
    "request_latency": null,
    "prompt_len": null
  }
}