{
  "load_summary": {
    "count": 120,
    "schedule_delay": {
      "mean": 0.0008737509682153662,
      "min": -0.00044690724462270737,
      "max": 0.0026529780589044094,
      "p0.1": -0.00043017097935080527,
      "p1": -0.0002985098771750927,
      "p5": -0.0001544169383123517,
      "p10": -8.297059684991835e-06,
      "p25": 0.000396467512473464,
      "median": 0.0009609346743673086,
      "p75": 0.0012611903948709369,
      "p90": 0.001607439620420337,
      "p95": 0.0018850155174732208,
      "p99": 0.0022618915559723977,
      "p99.9": 0.002611021581105893
    },
    "send_duration": 59.878735831938684,
    "requested_rate": 2.0,
    "achieved_rate": 2.0040503249234143
  },
  "successes": {
    "count": 120,
    "latency": {
      "request_latency": {
        "mean": 25.62364072620403,
        "min": 12.08821561280638,
        "max": 29.853991772048175,
        "p0.1": 12.32015125619946,
        "p1": 14.19910561333876,
        "p5": 17.55808995529078,
        "p10": 22.175449759000912,
        "p25": 23.930007243528962,
        "median": 26.447116907453164,
        "p75": 28.33568102773279,
        "p90": 28.954192752344532,
        "p95": 29.281607823772354,
        "p99": 29.723192338482477,
        "p99.9": 29.84088214336988
      },
      "normalized_time_per_output_token": {
        "mean": 0.012803715735711955,
        "min": 0.006041087262771804,
        "max": 0.014926995886024088,
        "p0.1": 0.006156997129534963,
        "p1": 0.007096004804267247,
        "p5": 0.00876382068207797,
        "p10": 0.011082183787606652,
        "p25": 0.011954585524583053,
        "median": 0.013200253861006397,
        "p75": 0.014175972864702166,
        "p90": 0.014475701606940904,
        "p95": 0.014633487168302026,
        "p99": 0.014858783635469964,
        "p99.9": 0.014920441071684939
      },
      "time_per_output_token": {
        "mean": 0.012674018216504468,
        "min": 0.005958290613170879,
        "max": 0.014333600950427353,
        "p0.1": 0.0060794182598337045,
        "p1": 0.007056469276011452,
        "p5": 0.008724495968746488,
        "p10": 0.010945436499034986,
        "p25": 0.011817896040563937,
        "median": 0.013099127698456867,
        "p75": 0.013998995586764068,
        "p90": 0.01430179093554616,
        "p95": 0.01433000750177307,
        "p99": 0.01433257154381834,
        "p99.9": 0.014333485585158226
      },
      "time_to_first_token": {
        "mean": 0.257039532410757,
        "min": 0.05277414992451668,
        "max": 1.1916867098771036,
        "p0.1": 0.05323961912887171,
        "p1": 0.057037770859897134,
        "p5": 0.06759235407225787,
        "p10": 0.08459840905852616,
        "p25": 0.12136664136778563,
        "median": 0.2087125051766634,
        "p75": 0.31722033105324954,
        "p90": 0.4492897843476385,
        "p95": 0.8205293141305445,
        "p99": 1.0468154490226882,
        "p99.9": 1.1768313888311404
      },
      "inter_token_latency": {
        "mean": 0.012674303825050894,
        "min": 5.725771188735962e-06,
        "max": 0.0573489461094141,
        "p0.1": 1.0310791432857514e-05,
        "p1": 0.0039029249921441076,
        "p5": 0.007058290019631387,
        "p10": 0.008987126778811217,
        "p25": 0.011045167688280344,
        "median": 0.013081748969852924,
        "p75": 0.014421929139643908,
        "p90": 0.015519263967871667,
        "p95": 0.01705310046672821,
        "p99": 0.02060394056141376,
        "p99.9": 0.0317288936674595
      }
    },
    "throughput": {
      "input_tokens_per_sec": 4559.752240350634,
      "output_tokens_per_sec": 2926.4332534801183,
      "total_tokens_per_sec": 7486.1854938307515,
      "requests_per_sec": 1.462302687560334
    },
    "prompt_len": {
      "mean": 3118.2,
      "min": 3089.0,
      "max": 3169.0,
      "p0.1": 3089.119,
      "p1": 3090.0,
      "p5": 3093.0,
      "p10": 3097.0,
      "p25": 3106.0,
      "median": 3116.5,
      "p75": 3130.25,
      "p90": 3140.1,
      "p95": 3145.0,
      "p99": 3153.62,
      "p99.9": 3167.215
    },
    "output_len": {
      "mean": 2001.25,
      "min": 1992.0,
      "max": 2010.0,
      "p0.1": 1992.119,
      "p1": 1993.38,
      "p5": 1998.0,
      "p10": 1998.9,
      "p25": 2000.0,
      "median": 2001.0,
      "p75": 2002.0,
      "p90": 2004.0,
      "p95": 2006.0,
      "p99": 2008.81,
      "p99.9": 2009.881
    }
  },
  "failures": {
    "count": 0,
    "request_latency": null,
    "prompt_len": null
  }
}