{
  "load_summary": {
    "count": 600,
    "schedule_delay": {
      "mean": 0.00043182457331568,
      "min": -0.0010121678933501244,
      "max": 0.027812938671559095,
      "p0.1": -0.0010120830982923508,
      "p1": -0.0008932812279090286,
      "p5": -0.000537503999657929,
      "p10": -0.00028664208948612206,
      "p25": -9.349430911242962e-06,
      "median": 0.0003880336880683899,
      "p75": 0.0007659754483029246,
      "p90": 0.0011625520884990693,
      "p95": 0.0013420974835753438,
      "p99": 0.0015928626526147127,
      "p99.9": 0.012356243107935289
    },
    "send_duration": 59.86431924579665,
    "requested_rate": 10.0,
    "achieved_rate": 10.022664711787042
  },
  "successes": {
    "count": 600,
    "latency": {
      "request_latency": {
        "mean": 91.37441785835816,
        "min": 46.2717867391184,
        "max": 99.93905608681962,
        "p0.1": 48.87887954577059,
        "p1": 55.90328973917756,
        "p5": 64.05859428495168,
        "p10": 71.51934110191651,
        "p25": 90.24219268723391,
        "median": 96.5200068037957,
        "p75": 98.06739054585341,
        "p90": 98.38372410954908,
        "p95": 99.13990023173392,
        "p99": 99.45177381156944,
        "p99.9": 99.7887031629975
      },
      "normalized_time_per_output_token": {
        "mean": 0.04561636756761358,
        "min": 0.018846360546345663,
        "max": 0.04996952804340981,
        "p0.1": 0.02141579070745057,
        "p1": 0.027607372811741717,
        "p5": 0.0318836165187643,
        "p10": 0.0354352765632986,
        "p25": 0.04492478720680784,
        "median": 0.0482134698947102,
        "p75": 0.04899656431741474,
        "p90": 0.049212187586001516,
        "p95": 0.04957228520025579,
        "p99": 0.049751023625906186,
        "p99.9": 0.04992423803879214
      },
      "time_per_output_token": {
        "mean": 0.04322138165841148,
        "min": 0.023107553894617078,
        "max": 0.0490187603274826,
        "p0.1": 0.024397007319044334,
        "p1": 0.027902652387693523,
        "p5": 0.03196513933468377,
        "p10": 0.034022987330402245,
        "p25": 0.039304306242847815,
        "median": 0.04529748187772929,
        "p75": 0.04826036688522436,
        "p90": 0.048929478303901854,
        "p95": 0.04899380119828275,
        "p99": 0.04901658612133004,
        "p99.9": 0.049017712409936125
      },
      "time_to_first_token": {
        "mean": 4.917978491670607,
        "min": 0.04713863180950284,
        "max": 27.621695739217103,
        "p0.1": 0.05077753138169646,
        "p1": 0.06564200268127024,
        "p5": 0.10172599107027054,
        "p10": 0.12751402645371854,
        "p25": 0.18530961347278208,
        "median": 0.2800974922720343,
        "p75": 7.044016674160957,
        "p90": 20.180588789796456,
        "p95": 23.565883622760882,
        "p99": 27.062817443255334,
        "p99.9": 27.514298362426473
      },
      "inter_token_latency": {
        "mean": 0.04322149898975787,
        "min": 5.482695996761322e-06,
        "max": 0.6974558592773974,
        "p0.1": 1.2959819287061691e-05,
        "p1": 0.01098481485620141,
        "p5": 0.017945064324885608,
        "p10": 0.022558050509542227,
        "p25": 0.03286366397514939,
        "median": 0.044956025667488575,
        "p75": 0.05220692092552781,
        "p90": 0.05688670761883259,
        "p95": 0.06125172786414622,
        "p99": 0.09104287141934062,
        "p99.9": 0.14920967559889567
      }
    },
    "throughput": {
      "input_tokens_per_sec": 12215.447211915001,
      "output_tokens_per_sec": 7861.3884012408525,
      "total_tokens_per_sec": 20076.835613155854,
      "requests_per_sec": 3.9186215806340896
    },
    "prompt_len": {
      "mean": 3117.2816666666668,
      "min": 3069.0,
      "max": 3169.0,
      "p0.1": 3076.188,
      "p1": 3084.98,
      "p5": 3093.0,
      "p10": 3097.0,
      "p25": 3106.0,
      "median": 3116.0,
      "p75": 3128.0,
      "p90": 3139.0,
      "p95": 3144.0,
      "p99": 3154.0,
      "p99.9": 3169.0
    },
    "output_len": {
      "mean": 2006.1616666666666,
      "min": 1975.0,
      "max": 5103.0,
      "p0.1": 1978.594,
      "p1": 1993.99,
      "p5": 1998.0,
      "p10": 1999.0,
      "p25": 2000.0,
      "median": 2001.0,
      "p75": 2002.0,
      "p90": 2003.0,
      "p95": 2004.0,
      "p99": 2007.01,
      "p99.9": 3259.877000000207
    }
  },
  "failures": {
    "count": 0,
    "request_latency": null,
    "prompt_len": null
  }
}