{
  "load_summary": {
    "count": 3300,
    "schedule_delay": {
      "mean": 0.0004711126160779686,
      "min": -0.0011130333878099918,
      "max": 0.08084131451323628,
      "p0.1": -0.0010439460864290595,
      "p1": -0.0007970614917576313,
      "p5": -0.0004666147287935018,
      "p10": -0.00026561627164483064,
      "p25": 3.409339115023613e-05,
      "median": 0.0004048000555485487,
      "p75": 0.0007912598084658384,
      "p90": 0.001177990948781371,
      "p95": 0.001394819119013846,
      "p99": 0.0019473072513937948,
      "p99.9": 0.002918808749411436
    }
  },
  "successes": {
    "count": 3300,
    "latency": {
      "request_latency": {
        "mean": 97.01322118350586,
        "min": 8.450074481777847,
        "max": 155.82763109914958,
        "p0.1": 12.287666466449387,
        "p1": 17.008931618216447,
        "p5": 27.852412089984863,
        "p10": 34.85833865501918,
        "p25": 64.50963889574632,
        "median": 98.14917860063724,
        "p75": 124.78322267427575,
        "p90": 152.39752312041819,
        "p95": 154.9622072995873,
        "p99": 155.71794561967255,
        "p99.9": 155.77943103610724
      },
      "normalized_time_per_output_token": {
        "mean": 0.04844275187609333,
        "min": 0.004222925777999924,
        "max": 0.07839397665778844,
        "p0.1": 0.006139810823486808,
        "p1": 0.008495927734519878,
        "p5": 0.013917596913458173,
        "p10": 0.017421106504582392,
        "p25": 0.03220193487826263,
        "median": 0.04904365785405004,
        "p75": 0.0623651474977479,
        "p90": 0.07614909167175012,
        "p95": 0.07741231340674017,
        "p99": 0.07781076596107339,
        "p99.9": 0.07796447702595381
      },
      "time_per_output_token": {
        "mean": 0.04724237634422459,
        "min": 0.0037124933422766682,
        "max": 0.07769542901846581,
        "p0.1": 0.006026560854105373,
        "p1": 0.008314295959128068,
        "p5": 0.01374953957030084,
        "p10": 0.017320895826909693,
        "p25": 0.031328738924348724,
        "median": 0.04849253008072264,
        "p75": 0.06213350881944643,
        "p90": 0.07600671633856837,
        "p95": 0.07731080512115732,
        "p99": 0.0776710004316899,
        "p99.9": 0.0776855395535247
      },
      "time_to_first_token": {
        "mean": 2.514307708983084,
        "min": 0.04595235828310251,
        "max": 31.320304485969245,
        "p0.1": 0.04854547095671296,
        "p1": 0.06304823333863169,
        "p5": 0.10033796976786107,
        "p10": 0.12480516615323722,
        "p25": 0.1756101412465796,
        "median": 0.27960134530439973,
        "p75": 0.44202884391415864,
        "p90": 9.481879887636724,
        "p95": 18.335712479799934,
        "p99": 27.62302004149646,
        "p99.9": 31.169970884676093
      },
      "inter_token_latency": {
        "mean": 0.04724282389017331,
        "min": 5.385838449001312e-06,
        "max": 0.6974558592773974,
        "p0.1": 1.6941538080573082e-05,
        "p1": 0.007344532269053161,
        "p5": 0.012207054998725653,
        "p10": 0.01560570658184588,
        "p25": 0.025543226511217654,
        "median": 0.04320988757535815,
        "p75": 0.06757975718937814,
        "p90": 0.08355539748445154,
        "p95": 0.08891258630901575,
        "p99": 0.10949277659412467,
        "p99.9": 0.2135847191140061
      }
    },
    "throughput": {
      "input_tokens_per_sec": 10097.270808813204,
      "output_tokens_per_sec": 6493.730767362538,
      "total_tokens_per_sec": 16591.001576175742,
      "requests_per_sec": 3.2392932902143863
    },
    "prompt_len": {
      "mean": 3117.1215151515153,
      "min": 3069.0,
      "max": 3169.0,
      "p0.1": 3069.0,
      "p1": 3085.0,
      "p5": 3093.0,
      "p10": 3097.0,
      "p25": 3106.0,
      "median": 3116.0,
      "p75": 3128.0,
      "p90": 3139.0,
      "p95": 3144.0,
      "p99": 3154.0,
      "p99.9": 3169.0
    },
    "output_len": {
      "mean": 2004.6751515151516,
      "min": 1483.0,
      "max": 5103.0,
      "p0.1": 1975.897,
      "p1": 1994.0,
      "p5": 1998.0,
      "p10": 1999.0,
      "p25": 2000.0,
      "median": 2001.0,
      "p75": 2002.0,
      "p90": 2004.0,
      "p95": 2005.0,
      "p99": 2009.0099999999998,
      "p99.9": 4180.874000001465
    }
  },
  "failures": {
    "count": 0,
    "request_latency": null,
    "prompt_len": null
  }
}