{
  "load_summary": {
    "count": 750,
    "schedule_delay": {
      "mean": 0.0017173643472294014,
      "min": -0.0006520533934235573,
      "max": 0.05780282290652394,
      "p0.1": -0.0005755564556457103,
      "p1": -0.00022393843159079551,
      "p5": 0.0001018892973661423,
      "p10": 0.0002983316779136658,
      "p25": 0.0007223066641017795,
      "median": 0.0011787929106503725,
      "p75": 0.0016975036123767495,
      "p90": 0.002741861902177334,
      "p95": 0.006299334578216073,
      "p99": 0.007918225838802747,
      "p99.9": 0.040433774072213324
    },
    "send_duration": 48.241621491033584,
    "requested_rate": 15.0,
    "achieved_rate": 15.546741109010993
  },
  "successes": {
    "count": 750,
    "latency": {
      "request_latency": {
        "mean": 3.0504406130264203,
        "min": 0.8220180156640708,
        "max": 11.082781377248466,
        "p0.1": 0.8228495354629122,
        "p1": 1.0106712564872578,
        "p5": 1.2066672940272838,
        "p10": 1.3582507025450468,
        "p25": 1.6817161246435717,
        "median": 2.4822440498974174,
        "p75": 3.7394881764193997,
        "p90": 5.583281307062134,
        "p95": 6.906139652361162,
        "p99": 10.15599733668845,
        "p99.9": 11.068086769159885
      },
      "normalized_time_per_output_token": {
        "mean": 0.015129884325930078,
        "min": 0.0001382028506553936,
        "max": 0.0551382158072063,
        "p0.1": 0.003082666607259004,
        "p1": 0.004911560048579953,
        "p5": 0.00596316600089761,
        "p10": 0.006681655521139132,
        "p25": 0.008357192867662303,
        "median": 0.01227288045824015,
        "p75": 0.018609842109725258,
        "p90": 0.02774490055428883,
        "p95": 0.034204572367531084,
        "p99": 0.0507854295917488,
        "p99.9": 0.055065108304278035
      },
      "time_per_output_token": {
        "mean": 0.012752932567084822,
        "min": 0.0034647597625588225,
        "max": 0.0534546742006205,
        "p0.1": 0.003473810787604313,
        "p1": 0.003499442602344265,
        "p5": 0.004337637859732298,
        "p10": 0.004838557663337911,
        "p25": 0.006486387178577583,
        "median": 0.010005131602360709,
        "p75": 0.015521177515962208,
        "p90": 0.024144516040769937,
        "p95": 0.03046818873519078,
        "p99": 0.047615702876239084,
        "p99.9": 0.05189430377582805
      },
      "time_to_first_token": {
        "mean": 0.47634829762826364,
        "min": 0.09963881503790617,
        "max": 2.408097320701927,
        "p0.1": 0.10063476940384135,
        "p1": 0.10346355830784887,
        "p5": 0.1229039138648659,
        "p10": 0.15043674907647075,
        "p25": 0.3227201186819002,
        "median": 0.3908658963628113,
        "p75": 0.5604201557580382,
        "p90": 0.8530360597185791,
        "p95": 1.1022033141925927,
        "p99": 1.6823915340285747,
        "p99.9": 2.2910922546857178
      },
      "inter_token_latency": {
        "mean": 0.012781471683120278,
        "min": 5.24008646607399e-06,
        "max": 1.3453379827551544,
        "p0.1": 5.845911800861359e-06,
        "p1": 1.0804915800690651e-05,
        "p5": 0.0032211342826485635,
        "p10": 0.00392251368612051,
        "p25": 0.004870999604463577,
        "median": 0.006460653152316809,
        "p75": 0.009001632453873754,
        "p90": 0.011425253842025997,
        "p95": 0.013145477743819358,
        "p99": 0.17302886441349946,
        "p99.9": 0.5027243486559033
      }
    },
    "throughput": {
      "input_tokens_per_sec": 175213.3504428605,
      "output_tokens_per_sec": 3271.0456742820757,
      "total_tokens_per_sec": 178484.39611714258,
      "requests_per_sec": 15.078575634367281
    },
    "prompt_len": {
      "mean": 11620.02,
      "min": 11532.0,
      "max": 11727.0,
      "p0.1": 11538.741,
      "p1": 11550.98,
      "p5": 11570.9,
      "p10": 11580.9,
      "p25": 11598.0,
      "median": 11618.0,
      "p75": 11641.0,
      "p90": 11661.0,
      "p95": 11672.0,
      "p99": 11695.0,
      "p99.9": 11724.004
    },
    "output_len": {
      "mean": 216.93333333333334,
      "min": 197.0,
      "max": 11813.0,
      "p0.1": 197.749,
      "p1": 199.0,
      "p5": 200.0,
      "p10": 200.0,
      "p25": 201.0,
      "median": 201.0,
      "p75": 202.0,
      "p90": 203.0,
      "p95": 204.0,
      "p99": 207.51,
      "p99.9": 3123.102000001045
    }
  },
  "failures": {
    "count": 0,
    "request_latency": null,
    "prompt_len": null
  }
}