{
  "load_summary": {
    "count": 6000,
    "schedule_delay": {
      "mean": 0.0010055673165091624,
      "min": -0.0007742680609226227,
      "max": 0.10737320268526673,
      "p0.1": -0.000651020233053714,
      "p1": -0.0004469854524359107,
      "p5": -0.00017076286021620036,
      "p10": 1.3595586642622942e-05,
      "p25": 0.00033054244704544544,
      "median": 0.0006977473385632038,
      "p75": 0.0010847727535292506,
      "p90": 0.001505194697529078,
      "p95": 0.001884536072611809,
      "p99": 0.006945581398904336,
      "p99.9": 0.029013051221614607
    },
    "send_duration": 29.879965874832124,
    "requested_rate": 200.0,
    "achieved_rate": 200.80344218377425
  },
  "successes": {
    "count": 6000,
    "latency": {
      "request_latency": {
        "mean": 28.845822961306588,
        "min": 2.9266058928333223,
        "max": 100.92270289594308,
        "p0.1": 6.537080167664215,
        "p1": 8.774236727319657,
        "p5": 11.383601372083648,
        "p10": 13.53176398393698,
        "p25": 15.828563800780103,
        "median": 19.79685067012906,
        "p75": 30.200249992660247,
        "p90": 63.62162410910242,
        "p95": 81.86404623962012,
        "p99": 99.50456911231392,
        "p99.9": 100.79232964875317
      },
      "normalized_time_per_output_token": {
        "mean": 0.1430702485151078,
        "min": 0.0013757203506935105,
        "max": 0.5061884225849439,
        "p0.1": 0.014623264556175361,
        "p1": 0.04333252801388428,
        "p5": 0.05626890824296072,
        "p10": 0.06695954985240002,
        "p25": 0.07858689686620272,
        "median": 0.09826954435166381,
        "p75": 0.14916748784781336,
        "p90": 0.3153696139522893,
        "p95": 0.40626165420646915,
        "p99": 0.4954244063501547,
        "p99.9": 0.5023699464684497
      },
      "time_per_output_token": {
        "mean": 0.07828540673538557,
        "min": 0.013988839483891543,
        "max": 0.12014521218137815,
        "p0.1": 0.019772166917253184,
        "p1": 0.022377105590395838,
        "p5": 0.041698957773594884,
        "p10": 0.054799805868565844,
        "p25": 0.07065189259085522,
        "median": 0.08139597493320372,
        "p75": 0.0896020068071084,
        "p90": 0.0956240510673323,
        "p95": 0.1000126110547941,
        "p99": 0.11526639180772474,
        "p99.9": 0.11755734703546379
      },
      "time_to_first_token": {
        "mean": 13.552541967991042,
        "min": 0.07588998088613153,
        "max": 94.81939656939358,
        "p0.1": 0.09029683432728053,
        "p1": 0.1460022143833339,
        "p5": 0.31838096636347474,
        "p10": 0.4783512575086206,
        "p25": 0.9800631277030334,
        "median": 4.531683106441051,
        "p75": 12.555749405059032,
        "p90": 48.39676848244856,
        "p95": 63.60231103932024,
        "p99": 85.67120433180129,
        "p99.9": 93.86839239462434
      },
      "inter_token_latency": {
        "mean": 0.07871265925584783,
        "min": 5.130190402269363e-06,
        "max": 2.805033322889358,
        "p0.1": 5.659181624650955e-06,
        "p1": 6.366986781358719e-06,
        "p5": 1.1248048394918442e-05,
        "p10": 0.01531128128990531,
        "p25": 0.028886489919386804,
        "median": 0.056294840993359685,
        "p75": 0.08573852165136486,
        "p90": 0.19497108911164102,
        "p95": 0.22604733866173782,
        "p99": 0.4091781210154294,
        "p99.9": 0.7717714614216246
      }
    },
    "throughput": {
      "input_tokens_per_sec": 543739.6811327937,
      "output_tokens_per_sec": 9966.14681283749,
      "total_tokens_per_sec": 553705.8279456311,
      "requests_per_sec": 46.79216767574384
    },
    "prompt_len": {
      "mean": 11620.314,
      "min": 11530.0,
      "max": 11741.0,
      "p0.1": 11533.998,
      "p1": 11550.0,
      "p5": 11568.95,
      "p10": 11580.0,
      "p25": 11597.0,
      "median": 11618.0,
      "p75": 11642.0,
      "p90": 11663.1,
      "p95": 11675.0,
      "p99": 11702.01,
      "p99.9": 11727.0
    },
    "output_len": {
      "mean": 212.9875,
      "min": 195.0,
      "max": 11843.0,
      "p0.1": 197.0,
      "p1": 199.0,
      "p5": 200.0,
      "p10": 200.0,
      "p25": 201.0,
      "median": 201.0,
      "p75": 202.0,
      "p90": 203.0,
      "p95": 204.0,
      "p99": 206.0,
      "p99.9": 223.56600001287552
    }
  },
  "failures": {
    "count": 0,
    "request_latency": null,
    "prompt_len": null
  }
}