{
  "load_summary": {
    "count": 1500,
    "schedule_delay": {
      "mean": 0.0010336722694337368,
      "min": -0.0014930693432688713,
      "max": 0.032293088268488646,
      "p0.1": -0.0011537788738496602,
      "p1": -0.0005403622193261981,
      "p5": -0.00019119121134281156,
      "p10": 1.5510758385062224e-05,
      "p25": 0.00035565264988690615,
      "median": 0.0007234734948724508,
      "p75": 0.0010954570025205612,
      "p90": 0.0015638890210539105,
      "p95": 0.005247794813476501,
      "p99": 0.006686398875899612,
      "p99.9": 0.03218664735881612
    },
    "send_duration": 29.517387351952493,
    "requested_rate": 50.0,
    "achieved_rate": 50.81750569976442
  },
  "successes": {
    "count": 1500,
    "latency": {
      "request_latency": {
        "mean": 12.590398565054251,
        "min": 1.2562520480714738,
        "max": 28.744311589282006,
        "p0.1": 1.4304095542384312,
        "p1": 3.5623928463226187,
        "p5": 5.094080640887841,
        "p10": 5.966880614915863,
        "p25": 8.787438704981469,
        "median": 12.46742056356743,
        "p75": 15.661615410004742,
        "p90": 18.410051527060574,
        "p95": 22.116582808364182,
        "p99": 27.141452760277314,
        "p99.9": 28.66455367679245
      },
      "normalized_time_per_output_token": {
        "mean": 0.062429445396516146,
        "min": 0.0006872108699173484,
        "max": 0.1429758797497002,
        "p0.1": 0.0036627882953031935,
        "p1": 0.01669568285874244,
        "p5": 0.025164003851269618,
        "p10": 0.0294321457232205,
        "p25": 0.04356348329389946,
        "median": 0.06184531223211919,
        "p75": 0.07759940239448897,
        "p90": 0.0914784377192921,
        "p95": 0.10925500259726219,
        "p99": 0.13503210328496176,
        "p99.9": 0.14208873975311154
      },
      "time_per_output_token": {
        "mean": 0.05701406696247395,
        "min": 0.005645091866248662,
        "max": 0.1442078512980405,
        "p0.1": 0.006461210339597669,
        "p1": 0.01404439662136079,
        "p5": 0.02033228988949883,
        "p10": 0.025564331468152603,
        "p25": 0.03723612746242814,
        "median": 0.05785191008006223,
        "p75": 0.07161063161678612,
        "p90": 0.08632772355037742,
        "p95": 0.10114283255684997,
        "p99": 0.1266094431674716,
        "p99.9": 0.14287398593030853
      },
      "time_to_first_token": {
        "mean": 1.2045262625167767,
        "min": 0.06503101391717792,
        "max": 6.067169957328588,
        "p0.1": 0.08456936534959823,
        "p1": 0.1234345330297947,
        "p5": 0.15669632544741036,
        "p10": 0.2140444993507117,
        "p25": 0.40162935946136713,
        "median": 0.8626142784487456,
        "p75": 1.708836815552786,
        "p90": 2.6969075634144253,
        "p95": 3.296369988727383,
        "p99": 4.735894065261818,
        "p99.9": 5.923836629503462
      },
      "inter_token_latency": {
        "mean": 0.05698870241029111,
        "min": 5.3318217396736145e-06,
        "max": 1.9327881867066026,
        "p0.1": 5.817972123622894e-06,
        "p1": 7.898937910795212e-06,
        "p5": 0.006302046775817871,
        "p10": 0.011125731468200685,
        "p25": 0.017018948448821902,
        "median": 0.02202677121385932,
        "p75": 0.02840276714414358,
        "p90": 0.17537651471793655,
        "p95": 0.2216169368941337,
        "p99": 0.5403032159246475,
        "p99.9": 1.0449113559527325
      }
    },
    "throughput": {
      "input_tokens_per_sec": 492047.656388174,
      "output_tokens_per_sec": 9185.908818378173,
      "total_tokens_per_sec": 501233.56520655216,
      "requests_per_sec": 42.34568741377196
    },
    "prompt_len": {
      "mean": 11619.782,
      "min": 11530.0,
      "max": 11727.0,
      "p0.1": 11535.992,
      "p1": 11548.99,
      "p5": 11568.0,
      "p10": 11579.0,
      "p25": 11597.0,
      "median": 11618.0,
      "p75": 11642.0,
      "p90": 11662.0,
      "p95": 11674.0,
      "p99": 11695.03,
      "p99.9": 11723.0
    },
    "output_len": {
      "mean": 216.92666666666668,
      "min": 197.0,
      "max": 11813.0,
      "p0.1": 197.499,
      "p1": 199.0,
      "p5": 200.0,
      "p10": 200.0,
      "p25": 201.0,
      "median": 201.0,
      "p75": 202.0,
      "p90": 203.0,
      "p95": 204.0,
      "p99": 207.0,
      "p99.9": 6007.065000002356
    }
  },
  "failures": {
    "count": 0,
    "request_latency": null,
    "prompt_len": null
  }
}