{
  "load_summary": {
    "count": 3000,
    "schedule_delay": {
      "mean": 0.0013307036700037618,
      "min": -0.0007031485438346863,
      "max": 0.09878245182335377,
      "p0.1": -0.0006348943142220378,
      "p1": -0.0004679263150319457,
      "p5": -0.00019409332890063522,
      "p10": 5.879905074834832e-06,
      "p25": 0.0003371135098859668,
      "median": 0.0007176247891038656,
      "p75": 0.0011234406847506762,
      "p90": 0.0016627131495624767,
      "p95": 0.0057248531840741615,
      "p99": 0.01192100470885598,
      "p99.9": 0.05770695812767865
    },
    "send_duration": 29.450912537053227,
    "requested_rate": 100.0,
    "achieved_rate": 101.86441578764646
  },
  "successes": {
    "count": 3000,
    "latency": {
      "request_latency": {
        "mean": 15.470643848554076,
        "min": 1.4221410690806806,
        "max": 33.19943024497479,
        "p0.1": 1.6082969997702166,
        "p1": 4.543045649598352,
        "p5": 6.11516868157778,
        "p10": 7.528716909792275,
        "p25": 10.395588397863321,
        "median": 13.197012449381873,
        "p75": 20.01407310378272,
        "p90": 28.556536274030805,
        "p95": 29.648747294326313,
        "p99": 31.298604087959966,
        "p99.9": 33.09367931713957
      },
      "normalized_time_per_output_token": {
        "mean": 0.07674048963525877,
        "min": 0.00044600352568961417,
        "max": 0.16599715122487396,
        "p0.1": 0.007070706660313214,
        "p1": 0.022425275892668073,
        "p5": 0.030347661519322937,
        "p10": 0.03727281685858134,
        "p25": 0.051544149115450556,
        "median": 0.06534916479549846,
        "p75": 0.09971134077033911,
        "p90": 0.14176520143615065,
        "p95": 0.14712555384569262,
        "p99": 0.15480261402304246,
        "p99.9": 0.16464517073203766
      },
      "time_per_output_token": {
        "mean": 0.06298733671021058,
        "min": 0.006266985520986574,
        "max": 0.1150946031906642,
        "p0.1": 0.0076894187470468904,
        "p1": 0.021428158145318246,
        "p5": 0.02674785993188958,
        "p10": 0.033690208107741045,
        "p25": 0.04892211446842379,
        "median": 0.06443125601928618,
        "p75": 0.0809473935470195,
        "p90": 0.08958468534782879,
        "p95": 0.09061974804743658,
        "p99": 0.09288996005693917,
        "p99.9": 0.10911356074347395
      },
      "time_to_first_token": {
        "mean": 3.4232022251645104,
        "min": 0.07006936520338058,
        "max": 21.972969672176987,
        "p0.1": 0.08283357698470355,
        "p1": 0.12329599121119827,
        "p5": 0.19111219577025623,
        "p10": 0.26482542692683647,
        "p25": 0.4182892794487998,
        "median": 0.7072082126978785,
        "p75": 2.8431043702876195,
        "p90": 12.781054873019457,
        "p95": 17.494468992226754,
        "p99": 19.922208407558497,
        "p99.9": 21.68560477975756
      },
      "inter_token_latency": {
        "mean": 0.0631904786396337,
        "min": 5.1478855311870575e-06,
        "max": 3.7549259969964623,
        "p0.1": 5.997849628329277e-06,
        "p1": 1.0354910045862198e-05,
        "p5": 0.01215308615937829,
        "p10": 0.018337965290993453,
        "p25": 0.024294272996485233,
        "median": 0.029367004055529833,
        "p75": 0.04616302391514182,
        "p90": 0.18978461315855383,
        "p95": 0.22109650466591113,
        "p99": 0.3630337714776394,
        "p99.9": 0.7228757331334055
      }
    },
    "throughput": {
      "input_tokens_per_sec": 626021.0513307755,
      "output_tokens_per_sec": 11475.44952714711,
      "total_tokens_per_sec": 637496.5008579226,
      "requests_per_sec": 53.872989260942134
    },
    "prompt_len": {
      "mean": 11620.314,
      "min": 11530.0,
      "max": 11741.0,
      "p0.1": 11533.998,
      "p1": 11550.0,
      "p5": 11568.95,
      "p10": 11580.0,
      "p25": 11597.0,
      "median": 11618.0,
      "p75": 11642.0,
      "p90": 11663.1,
      "p95": 11675.0,
      "p99": 11702.01,
      "p99.9": 11727.0
    },
    "output_len": {
      "mean": 213.00933333333333,
      "min": 172.0,
      "max": 11844.0,
      "p0.1": 196.0,
      "p1": 199.0,
      "p5": 200.0,
      "p10": 200.0,
      "p25": 201.0,
      "median": 201.0,
      "p75": 202.0,
      "p90": 203.0,
      "p95": 204.0,
      "p99": 206.0,
      "p99.9": 226.5650000023561
    }
  },
  "failures": {
    "count": 0,
    "request_latency": null,
    "prompt_len": null
  }
}