{
  "load_summary": {
    "count": 3750,
    "schedule_delay": {
      "mean": 0.001361001979932189,
      "min": -0.0007984079420566559,
      "max": 0.19351924071088433,
      "p0.1": -0.00075126977218315,
      "p1": -0.000497650383040309,
      "p5": -0.00019718729890882966,
      "p10": -1.6423873603343953e-05,
      "p25": 0.00030500104185193777,
      "median": 0.0006704158149659634,
      "p75": 0.0010705530876293778,
      "p90": 0.001567202340811491,
      "p95": 0.005471781478263434,
      "p99": 0.0179503420926626,
      "p99.9": 0.07199437483819207
    },
    "send_duration": 30.796442636754364,
    "requested_rate": 125.0,
    "achieved_rate": 121.76731073232854
  },
  "successes": {
    "count": 3749,
    "latency": {
      "request_latency": {
        "mean": 16.131520346900615,
        "min": 2.2531477897427976,
        "max": 44.32663683919236,
        "p0.1": 2.9352399779688567,
        "p1": 4.5775595322065055,
        "p5": 6.025590963754803,
        "p10": 7.214640652760863,
        "p25": 9.608176060952246,
        "median": 12.260827105026692,
        "p75": 20.04262396832928,
        "p90": 33.93873353386298,
        "p95": 37.536285248678176,
        "p99": 43.84133020261302,
        "p99.9": 44.293906328901656
      },
      "normalized_time_per_output_token": {
        "mean": 0.07998240879552415,
        "min": 0.000563839145227037,
        "max": 0.22253064706397416,
        "p0.1": 0.009168320847465296,
        "p1": 0.02213868497884763,
        "p5": 0.029931418187666075,
        "p10": 0.03565088665426368,
        "p25": 0.047655902574724046,
        "median": 0.06089486978225299,
        "p75": 0.0993738694728088,
        "p90": 0.16864136509615837,
        "p95": 0.18636819790120454,
        "p99": 0.21769890187962654,
        "p99.9": 0.22074092013984337
      },
      "time_per_output_token": {
        "mean": 0.061234574954638396,
        "min": 0.011439081256115891,
        "max": 0.10916909864638001,
        "p0.1": 0.014047615626384739,
        "p1": 0.020384975964855404,
        "p5": 0.026180215418258664,
        "p10": 0.032928524403811436,
        "p25": 0.047337282778181396,
        "median": 0.06247371200582273,
        "p75": 0.07374773447912547,
        "p90": 0.09021096573627774,
        "p95": 0.0933081854316406,
        "p99": 0.09540271861158246,
        "p99.9": 0.09946812257008636
      },
      "time_to_first_token": {
        "mean": 4.553821873549664,
        "min": 0.07336536608636379,
        "max": 36.030189322307706,
        "p0.1": 0.08850157007947564,
        "p1": 0.12140260284766555,
        "p5": 0.2037379739806056,
        "p10": 0.2788615577854216,
        "p25": 0.44332124199718237,
        "median": 0.7957216468639672,
        "p75": 2.753371126949787,
        "p90": 17.934762332215907,
        "p95": 23.538862324692307,
        "p99": 33.67840220324695,
        "p99.9": 35.95553756035122
      },
      "inter_token_latency": {
        "mean": 0.06168224015388638,
        "min": 5.195382982492447e-06,
        "max": 3.5727301547303796,
        "p0.1": 5.879905074834824e-06,
        "p1": 8.750446140766145e-06,
        "p5": 0.011256066244095564,
        "p10": 0.01826144549995661,
        "p25": 0.026452532969415188,
        "median": 0.03319548675790429,
        "p75": 0.048667328897863626,
        "p90": 0.18353440640494229,
        "p95": 0.2195337071083486,
        "p99": 0.33357259370386605,
        "p99.9": 0.5646929448545377
      }
    },
    "throughput": {
      "input_tokens_per_sec": 619836.2716430505,
      "output_tokens_per_sec": 11404.682974373562,
      "total_tokens_per_sec": 631240.9546174239,
      "requests_per_sec": 53.3410471940118
    },
    "prompt_len": {
      "mean": 11620.249399839957,
      "min": 11530.0,
      "max": 11741.0,
      "p0.1": 11533.496,
      "p1": 11550.0,
      "p5": 11569.0,
      "p10": 11580.0,
      "p25": 11597.0,
      "median": 11618.0,
      "p75": 11642.0,
      "p90": 11663.0,
      "p95": 11674.6,
      "p99": 11701.0,
      "p99.9": 11727.0
    },
    "output_len": {
      "mean": 213.80688183515605,
      "min": 195.0,
      "max": 11842.0,
      "p0.1": 196.748,
      "p1": 199.0,
      "p5": 200.0,
      "p10": 200.0,
      "p25": 201.0,
      "median": 201.0,
      "p75": 202.0,
      "p90": 203.0,
      "p95": 204.0,
      "p99": 206.0,
      "p99.9": 3128.128000004712
    }
  },
  "failures": {
    "count": 1,
    "request_latency": {
      "mean": 0.023693867027759552,
      "min": 0.023693867027759552,
      "max": 0.023693867027759552,
      "p0.1": 0.023693867027759552,
      "p1": 0.023693867027759552,
      "p5": 0.023693867027759552,
      "p10": 0.023693867027759552,
      "p25": 0.023693867027759552,
      "median": 0.023693867027759552,
      "p75": 0.023693867027759552,
      "p90": 0.023693867027759552,
      "p95": 0.023693867027759552,
      "p99": 0.023693867027759552,
      "p99.9": 0.023693867027759552
    },
    "prompt_len": {
      "mean": 0.0,
      "min": 0.0,
      "max": 0.0,
      "p0.1": 0.0,
      "p1": 0.0,
      "p5": 0.0,
      "p10": 0.0,
      "p25": 0.0,
      "median": 0.0,
      "p75": 0.0,
      "p90": 0.0,
      "p95": 0.0,
      "p99": 0.0,
      "p99.9": 0.0
    }
  }
}