{
  "load_summary": {
    "count": 150,
    "schedule_delay": {
      "mean": 0.001696785188590487,
      "min": -0.000624191015958786,
      "max": 0.01361834304407239,
      "p0.1": -0.0006189721948467195,
      "p1": -0.0005725285178050398,
      "p5": 2.157371491193772e-05,
      "p10": 0.00017392230220139026,
      "p25": 0.0006185773527249694,
      "median": 0.0009705896954983473,
      "p75": 0.0014869921142235398,
      "p90": 0.005923459306359291,
      "p95": 0.006479192106053231,
      "p99": 0.00790345265995709,
      "p99.9": 0.012924958441406616
    },
    "send_duration": 29.48689670395106,
    "requested_rate": 5.0,
    "achieved_rate": 5.0870053063230944
  },
  "successes": {
    "count": 150,
    "latency": {
      "request_latency": {
        "mean": 1.3031665148989608,
        "min": 0.7774754427373409,
        "max": 2.8434376469813287,
        "p0.1": 0.777952316375915,
        "p1": 0.7841551941307262,
        "p5": 0.8299662155797705,
        "p10": 0.97331049349159,
        "p25": 1.0383079664316028,
        "median": 1.2162184505723417,
        "p75": 1.4649736662395298,
        "p90": 1.759605172695592,
        "p95": 1.9523250519298012,
        "p99": 2.445730428588575,
        "p99.9": 2.7972100571263665
      },
      "normalized_time_per_output_token": {
        "mean": 0.0064677302839777975,
        "min": 0.0038111541310653966,
        "max": 0.014146455955130989,
        "p0.1": 0.0038220021884542536,
        "p1": 0.003901269622540926,
        "p5": 0.004161952141363491,
        "p10": 0.004857597291236744,
        "p25": 0.005151970403882613,
        "median": 0.006030128739784228,
        "p75": 0.007271498206651008,
        "p90": 0.008754254590525333,
        "p95": 0.009654929833789213,
        "p99": 0.012107576379151361,
        "p99.9": 0.013907171738337542
      },
      "time_per_output_token": {
        "mean": 0.005106559317239111,
        "min": 0.003459473350912635,
        "max": 0.012031590949800147,
        "p0.1": 0.0034599109912394235,
        "p1": 0.0034636400062760266,
        "p5": 0.0034720117988695127,
        "p10": 0.0034816579968871804,
        "p25": 0.0042254413246332195,
        "median": 0.004506088689015565,
        "p75": 0.0057694603795389755,
        "p90": 0.007124983589467289,
        "p95": 0.008267709842781407,
        "p99": 0.009872440772508987,
        "p99.9": 0.011783379563167924
      },
      "time_to_first_token": {
        "mean": 0.2631933186793079,
        "min": 0.060492448043078184,
        "max": 0.5476250112988055,
        "p0.1": 0.06087091932026669,
        "p1": 0.06408563084900379,
        "p5": 0.08299002347048372,
        "p10": 0.10227659200318158,
        "p25": 0.13217065553180873,
        "median": 0.31429575849324465,
        "p75": 0.3255672147497535,
        "p90": 0.4014058252796531,
        "p95": 0.4316200217232106,
        "p99": 0.5005205181241035,
        "p99.9": 0.5408712964383898
      },
      "inter_token_latency": {
        "mean": 0.0051067261718873115,
        "min": 5.146954208612442e-06,
        "max": 0.30122966319322586,
        "p0.1": 5.763160064816475e-06,
        "p1": 7.212501950562e-06,
        "p5": 0.0019827327225357297,
        "p10": 0.0033333227504044774,
        "p25": 0.003707823809236288,
        "median": 0.004365601576864719,
        "p75": 0.00495600386057049,
        "p90": 0.006299107987433672,
        "p95": 0.0065516994800418615,
        "p99": 0.008805733919143677,
        "p99.9": 0.16494595811935184
      }
    },
    "throughput": {
      "input_tokens_per_sec": 56623.149111936924,
      "output_tokens_per_sec": 981.8641332388199,
      "total_tokens_per_sec": 57605.01324517574,
      "requests_per_sec": 4.873097309526618
    },
    "prompt_len": {
      "mean": 11619.54,
      "min": 11541.0,
      "max": 11723.0,
      "p0.1": 11543.086,
      "p1": 11555.98,
      "p5": 11570.0,
      "p10": 11580.9,
      "p25": 11595.25,
      "median": 11619.0,
      "p75": 11641.75,
      "p90": 11662.0,
      "p95": 11671.1,
      "p99": 11696.16,
      "p99.9": 11720.169
    },
    "output_len": {
      "mean": 201.48666666666668,
      "min": 199.0,
      "max": 210.0,
      "p0.1": 199.0,
      "p1": 199.0,
      "p5": 200.0,
      "p10": 201.0,
      "p25": 201.0,
      "median": 201.0,
      "p75": 202.0,
      "p90": 203.0,
      "p95": 204.0,
      "p99": 206.01999999999998,
      "p99.9": 209.55300000000008
    }
  },
  "failures": {
    "count": 0,
    "request_latency": null,
    "prompt_len": null
  }
}