{
  "load_summary": {
    "count": 750,
    "schedule_delay": {
      "mean": 0.00127252665348351,
      "min": -0.000655763316899538,
      "max": 0.007807201240211725,
      "p0.1": -0.0006377226556651295,
      "p1": -0.0003074719244614243,
      "p5": -2.41856090724468e-05,
      "p10": 0.00012147570960223675,
      "p25": 0.00047135178465396166,
      "median": 0.0008303492795675993,
      "p75": 0.0013086122926324606,
      "p90": 0.0020198561716824777,
      "p95": 0.005936706904321909,
      "p99": 0.00688983891159296,
      "p99.9": 0.007472264375072013
    },
    "send_duration": 29.54383720085025,
    "requested_rate": 25.0,
    "achieved_rate": 25.386005037233808
  },
  "successes": {
    "count": 749,
    "latency": {
      "request_latency": {
        "mean": 4.340210033957417,
        "min": 0.7727621607482433,
        "max": 15.082567490171641,
        "p0.1": 0.8057839650195092,
        "p1": 0.9103010442666709,
        "p5": 1.154136607889086,
        "p10": 1.434190105367452,
        "p25": 2.142360113095492,
        "median": 3.46212618611753,
        "p75": 5.588009661063552,
        "p90": 8.007688459567726,
        "p95": 12.065915892552587,
        "p99": 14.59079196743667,
        "p99.9": 15.034712774753574
      },
      "normalized_time_per_output_token": {
        "mean": 0.02146147932547602,
        "min": 0.0011660319521027563,
        "max": 0.07471935620846513,
        "p0.1": 0.003169591774515397,
        "p1": 0.004483364538463737,
        "p5": 0.005741973173577542,
        "p10": 0.007077862606077288,
        "p25": 0.010635803493008536,
        "median": 0.01716446200969504,
        "p75": 0.02767618068850678,
        "p90": 0.039291574200883694,
        "p95": 0.05909766342351218,
        "p99": 0.07243156000944681,
        "p99.9": 0.07467957718358464
      },
      "time_per_output_token": {
        "mean": 0.019210880651542875,
        "min": 0.0034506691378650024,
        "max": 0.07403236252488568,
        "p0.1": 0.0034645279221324956,
        "p1": 0.003776679082073316,
        "p5": 0.004817721106842849,
        "p10": 0.006036302852064219,
        "p25": 0.009037447994518461,
        "median": 0.015300599411223552,
        "p75": 0.025493531382050027,
        "p90": 0.036695058056944285,
        "p95": 0.052872230689041316,
        "p99": 0.0696006594103761,
        "p99.9": 0.07370450434522706
      },
      "time_to_first_token": {
        "mean": 0.4851465461245963,
        "min": 0.06048636278137565,
        "max": 3.162199895363301,
        "p0.1": 0.060682513386011126,
        "p1": 0.07182500101625919,
        "p5": 0.09779912354424596,
        "p10": 0.11061637662351131,
        "p25": 0.17437735805287957,
        "median": 0.3449408421292901,
        "p75": 0.5736690550111234,
        "p90": 1.0355199626646943,
        "p95": 1.4932762918062514,
        "p99": 2.4439099692366995,
        "p99.9": 2.9662197489477866
      },
      "inter_token_latency": {
        "mean": 0.01925778793495632,
        "min": 5.228910595178604e-06,
        "max": 1.1983887758105993,
        "p0.1": 5.865003913640976e-06,
        "p1": 8.735470473766326e-06,
        "p5": 0.003386120917275548,
        "p10": 0.004303578799590468,
        "p25": 0.00614145421423018,
        "median": 0.00896633043885231,
        "p75": 0.012061430839821696,
        "p90": 0.016310545103624455,
        "p95": 0.051877398230134895,
        "p99": 0.2583440139284357,
        "p99.9": 0.7844620993975551
      }
    },
    "throughput": {
      "input_tokens_per_sec": 266696.4999917349,
      "output_tokens_per_sec": 4979.679520425093,
      "total_tokens_per_sec": 271676.17951216,
      "requests_per_sec": 22.951503386305784
    },
    "prompt_len": {
      "mean": 11620.001335113484,
      "min": 11532.0,
      "max": 11727.0,
      "p0.1": 11538.732,
      "p1": 11550.96,
      "p5": 11570.8,
      "p10": 11580.8,
      "p25": 11598.0,
      "median": 11618.0,
      "p75": 11641.0,
      "p90": 11661.0,
      "p95": 11672.0,
      "p99": 11695.0,
      "p99.9": 11724.008
    },
    "output_len": {
      "mean": 216.9652870493992,
      "min": 198.0,
      "max": 11816.0,
      "p0.1": 198.0,
      "p1": 199.0,
      "p5": 200.0,
      "p10": 200.0,
      "p25": 201.0,
      "median": 201.0,
      "p75": 202.0,
      "p90": 203.0,
      "p95": 204.0,
      "p99": 207.0,
      "p99.9": 3137.70400000077
    }
  },
  "failures": {
    "count": 1,
    "request_latency": {
      "mean": 0.003314309287816286,
      "min": 0.003314309287816286,
      "max": 0.003314309287816286,
      "p0.1": 0.003314309287816286,
      "p1": 0.003314309287816286,
      "p5": 0.003314309287816286,
      "p10": 0.003314309287816286,
      "p25": 0.003314309287816286,
      "median": 0.003314309287816286,
      "p75": 0.003314309287816286,
      "p90": 0.003314309287816286,
      "p95": 0.003314309287816286,
      "p99": 0.003314309287816286,
      "p99.9": 0.003314309287816286
    },
    "prompt_len": {
      "mean": 0.0,
      "min": 0.0,
      "max": 0.0,
      "p0.1": 0.0,
      "p1": 0.0,
      "p5": 0.0,
      "p10": 0.0,
      "p25": 0.0,
      "median": 0.0,
      "p75": 0.0,
      "p90": 0.0,
      "p95": 0.0,
      "p99": 0.0,
      "p99.9": 0.0
    }
  }
}