{
  "load_summary": {
    "count": 750,
    "schedule_delay": {
      "mean": 0.0006926456422855457,
      "min": -0.0009431783109903336,
      "max": 0.0075044031254947186,
      "p0.1": -0.0008188224374316632,
      "p1": -0.000635945056565106,
      "p5": -0.00033263214863836764,
      "p10": -0.000126262241974473,
      "p25": 0.0002224907511845231,
      "median": 0.0006708439905196428,
      "p75": 0.0011093287030234933,
      "p90": 0.0014812906272709371,
      "p95": 0.001709480187855661,
      "p99": 0.0023896145727485413,
      "p99.9": 0.0066968992920593395
    },
    "send_duration": 48.715822213329375,
    "requested_rate": 15.0,
    "achieved_rate": 15.395408841006667
  },
  "successes": {
    "count": 750,
    "latency": {
      "request_latency": {
        "mean": 108.85488401182431,
        "min": 58.49068541591987,
        "max": 167.2468817802146,
        "p0.1": 58.49929666072317,
        "p1": 59.159188304445706,
        "p5": 62.11804223796353,
        "p10": 64.17550711389632,
        "p25": 86.29304921533912,
        "median": 106.48937579523772,
        "p75": 135.00262813805602,
        "p90": 152.85095059238375,
        "p95": 162.45443148794584,
        "p99": 166.7282645864412,
        "p99.9": 167.16478210957163
      },
      "normalized_time_per_output_token": {
        "mean": 0.10882615780671348,
        "min": 0.0071067924672726605,
        "max": 0.17680531221199824,
        "p0.1": 0.007128182119497988,
        "p1": 0.05872548557774716,
        "p5": 0.062182919437207156,
        "p10": 0.0644256094675811,
        "p25": 0.08648761511592659,
        "median": 0.10695432027142364,
        "p75": 0.13612259678512154,
        "p90": 0.15403104243264326,
        "p95": 0.16292119242537223,
        "p99": 0.16782053434178465,
        "p99.9": 0.17081706369127359
      },
      "time_per_output_token": {
        "mean": 0.06442316105996755,
        "min": 0.011637670462951064,
        "max": 0.1301689248662442,
        "p0.1": 0.01163790308441641,
        "p1": 0.019884997606459075,
        "p5": 0.04674392735781148,
        "p10": 0.05298849977743812,
        "p25": 0.05663171011931263,
        "median": 0.06113587202667259,
        "p75": 0.06431796183378902,
        "p90": 0.08690142745827324,
        "p95": 0.09520902488124555,
        "p99": 0.12469719508125446,
        "p99.9": 0.1297462338762675
      },
      "time_to_first_token": {
        "mean": 44.397747067822145,
        "min": 0.35179606499150395,
        "max": 153.88077710941434,
        "p0.1": 0.36060692827263846,
        "p1": 0.4724994012713432,
        "p5": 1.2686390209244565,
        "p10": 2.3098608324769887,
        "p25": 4.741331235622056,
        "median": 48.81562490318902,
        "p75": 82.67941159871407,
        "p90": 101.52215429106728,
        "p95": 103.61956278420985,
        "p99": 131.99293230511714,
        "p99.9": 153.7016577063585
      },
      "inter_token_latency": {
        "mean": 0.06442316105996755,
        "min": 5.3551048040390015e-06,
        "max": 64.55970075493678,
        "p0.1": 5.733221303671598e-06,
        "p1": 6.323214620351791e-06,
        "p5": 8.461996912956238e-06,
        "p10": 0.0019772622268647033,
        "p25": 0.039852725458331406,
        "median": 0.04884284106083214,
        "p75": 0.05567715433426201,
        "p90": 0.06702051484026014,
        "p95": 0.0828481043456122,
        "p99": 0.5078941241092984,
        "p99.9": 1.5420039427708854
      }
    },
    "throughput": {
      "input_tokens_per_sec": 26584.448631538424,
      "output_tokens_per_sec": 3749.591091686492,
      "total_tokens_per_sec": 30334.039723224912,
      "requests_per_sec": 3.5233453427443986
    },
    "prompt_len": {
      "mean": 7545.229333333334,
      "min": 7464.0,
      "max": 7621.0,
      "p0.1": 7473.737,
      "p1": 7487.0,
      "p5": 7501.45,
      "p10": 7510.0,
      "p25": 7529.0,
      "median": 7547.0,
      "p75": 7562.0,
      "p90": 7576.0,
      "p95": 7585.0,
      "p99": 7595.51,
      "p99.9": 7614.259000000001
    },
    "output_len": {
      "mean": 1064.2133333333334,
      "min": 854.0,
      "max": 8573.0,
      "p0.1": 895.195,
      "p1": 964.49,
      "p5": 983.45,
      "p10": 990.0,
      "p25": 993.0,
      "median": 995.0,
      "p75": 997.0,
      "p90": 999.0,
      "p95": 1000.0,
      "p99": 1005.51,
      "p99.9": 8560.267000000002
    }
  },
  "failures": {
    "count": 0,
    "request_latency": null,
    "prompt_len": null
  }
}