{
  "load_summary": {
    "count": 1200,
    "schedule_delay": {
      "mean": 0.00045120526143970586,
      "min": -0.0010235323570668697,
      "max": 0.019042068161070347,
      "p0.1": -0.0009770048991777002,
      "p1": -0.0006606377754360438,
      "p5": -0.00040506443474441767,
      "p10": -0.0002472784835845232,
      "p25": 6.470025982707739e-05,
      "median": 0.00044882437214255333,
      "p75": 0.0007712150691077113,
      "p90": 0.0011037799529731278,
      "p95": 0.00126705605071038,
      "p99": 0.0015757768042385578,
      "p99.9": 0.0023599947723561138
    },
    "send_duration": 30.396970294881612,
    "requested_rate": 40.0,
    "achieved_rate": 39.47761860339291
  },
  "successes": {
    "count": 1200,
    "latency": {
      "request_latency": {
        "mean": 154.47376596574088,
        "min": 44.8952894131653,
        "max": 281.5892056510784,
        "p0.1": 44.98446391008841,
        "p1": 46.3006030511111,
        "p5": 51.35023414071184,
        "p10": 59.41387863443233,
        "p25": 98.93589000869542,
        "median": 154.04338380647823,
        "p75": 210.46849905245472,
        "p90": 251.563012876641,
        "p95": 267.99071739618665,
        "p99": 280.64053420356475,
        "p99.9": 281.4697873895108
      },
      "normalized_time_per_output_token": {
        "mean": 0.15490742112565417,
        "min": 0.005483165077040188,
        "max": 0.8904255921997418,
        "p0.1": 0.005734134477745491,
        "p1": 0.04470041019657528,
        "p5": 0.0500808074222867,
        "p10": 0.059380078003690426,
        "p25": 0.09906500691054496,
        "median": 0.15426451883271447,
        "p75": 0.21109737746225232,
        "p90": 0.2526149134306077,
        "p95": 0.27896748548399175,
        "p99": 0.2830305468715087,
        "p99.9": 0.3526387872925293
      },
      "time_per_output_token": {
        "mean": 0.06113058081672126,
        "min": 0.01835852246824652,
        "max": 0.1247388372560963,
        "p0.1": 0.018358951782158576,
        "p1": 0.03422747193062678,
        "p5": 0.044240087242075246,
        "p10": 0.048254258817667144,
        "p25": 0.0549525600959314,
        "median": 0.05921488022059202,
        "p75": 0.0647691114009358,
        "p90": 0.07291246351599694,
        "p95": 0.09045666086163834,
        "p99": 0.11082112204059957,
        "p99.9": 0.12332264038504817
      },
      "time_to_first_token": {
        "mean": 93.31354238741372,
        "min": 0.05354153411462903,
        "max": 248.89890913572162,
        "p0.1": 0.061528104764875025,
        "p1": 0.0793265279661864,
        "p5": 0.12633374673314393,
        "p10": 0.5289179255720229,
        "p25": 3.7050013294210657,
        "median": 94.8250799071975,
        "p75": 155.16127723257523,
        "p90": 197.71976479990408,
        "p95": 226.8599246611585,
        "p99": 232.70365181022325,
        "p99.9": 248.86387380791268
      },
      "inter_token_latency": {
        "mean": 0.06113068616678525,
        "min": 5.367211997509003e-06,
        "max": 57.033219137229025,
        "p0.1": 5.7639554142951965e-06,
        "p1": 6.355810910463333e-06,
        "p5": 8.617062121629715e-06,
        "p10": 0.017407744703814388,
        "p25": 0.041013190522789955,
        "median": 0.04840880259871483,
        "p75": 0.054254537099041045,
        "p90": 0.06321742851287128,
        "p95": 0.07579124991316351,
        "p99": 0.4780533718038352,
        "p99.9": 1.082261851965004
      }
    },
    "throughput": {
      "input_tokens_per_sec": 29345.181377851564,
      "output_tokens_per_sec": 4154.879087571776,
      "total_tokens_per_sec": 33500.06046542334,
      "requests_per_sec": 3.889116323598661
    },
    "prompt_len": {
      "mean": 7545.4625,
      "min": 7464.0,
      "max": 7621.0,
      "p0.1": 7466.587,
      "p1": 7487.0,
      "p5": 7501.95,
      "p10": 7511.0,
      "p25": 7529.0,
      "median": 7547.0,
      "p75": 7562.0,
      "p90": 7576.0,
      "p95": 7585.0,
      "p99": 7595.01,
      "p99.9": 7619.209000000002
    },
    "output_len": {
      "mean": 1068.335,
      "min": 207.0,
      "max": 8572.0,
      "p0.1": 705.183,
      "p1": 966.97,
      "p5": 983.95,
      "p10": 988.0,
      "p25": 993.0,
      "median": 995.0,
      "p75": 997.0,
      "p90": 999.0,
      "p95": 1000.0,
      "p99": 1079.859999999932,
      "p99.9": 8564.602
    }
  },
  "failures": {
    "count": 0,
    "request_latency": null,
    "prompt_len": null
  }
}