{
  "load_summary": {
    "count": 300,
    "schedule_delay": {
      "mean": 0.0005085183338572581,
      "min": -0.0007943864911794662,
      "max": 0.0045217364095151424,
      "p0.1": -0.0007641895585693419,
      "p1": -0.0005305516254156828,
      "p5": -0.0002393278991803527,
      "p10": -0.00013657398521900175,
      "p25": 0.00013773480895906687,
      "median": 0.00046891788952052593,
      "p75": 0.0008314729202538729,
      "p90": 0.001190064288675785,
      "p95": 0.0013417641632258892,
      "p99": 0.002067715832963584,
      "p99.9": 0.004094885910861225
    },
    "send_duration": 20.660916454624385,
    "requested_rate": 15.0,
    "achieved_rate": 14.520169066985078
  },
  "successes": {
    "count": 300,
    "latency": {
      "request_latency": {
        "mean": 31.585874290233477,
        "min": 13.406129932031035,
        "max": 39.099913412705064,
        "p0.1": 14.22939102657372,
        "p1": 17.75333415410947,
        "p5": 21.88845640202053,
        "p10": 25.172195116616784,
        "p25": 28.605044222902507,
        "median": 32.55026262206957,
        "p75": 35.3691568140639,
        "p90": 36.94061205568723,
        "p95": 37.486649341927844,
        "p99": 38.749044749727474,
        "p99.9": 39.09635299467668
      },
      "normalized_time_per_output_token": {
        "mean": 0.03164849822605278,
        "min": 0.013432995923878793,
        "max": 0.039256941177414725,
        "p0.1": 0.014243397219781856,
        "p1": 0.01787831740066215,
        "p5": 0.02192146945160719,
        "p10": 0.025205613130139727,
        "p25": 0.02865788930665218,
        "median": 0.03262453447736065,
        "p75": 0.03545642651955275,
        "p90": 0.03698410756869225,
        "p95": 0.037541906808578135,
        "p99": 0.03880197326993135,
        "p99.9": 0.039229850928063546
      },
      "time_per_output_token": {
        "mean": 0.03113928408009716,
        "min": 0.013310004093684257,
        "max": 0.03859611130878329,
        "p0.1": 0.01413167375414353,
        "p1": 0.017659163434649818,
        "p5": 0.02165335982685794,
        "p10": 0.02464715238939971,
        "p25": 0.028184254361200145,
        "median": 0.03209030951912534,
        "p75": 0.03467020636878442,
        "p90": 0.03675679562029555,
        "p95": 0.03718824475055327,
        "p99": 0.038513190956912004,
        "p99.9": 0.03857685307643982
      },
      "time_to_first_token": {
        "mean": 0.432454217732884,
        "min": 0.04560510255396366,
        "max": 2.2404158748686314,
        "p0.1": 0.04746741905529052,
        "p1": 0.06180298554711044,
        "p5": 0.0707972252042964,
        "p10": 0.08409357774071397,
        "p25": 0.1630516751902178,
        "median": 0.4017971165012568,
        "p75": 0.5236234070034698,
        "p90": 0.8504021891858433,
        "p95": 1.2700961538590492,
        "p99": 1.8043610491277648,
        "p99.9": 2.2178151915175857
      },
      "inter_token_latency": {
        "mean": 0.03113811007899208,
        "min": 5.4370611906051636e-06,
        "max": 0.5340649192221463,
        "p0.1": 5.885958671569824e-06,
        "p1": 7.89162702858448e-06,
        "p5": 0.007671393896453082,
        "p10": 0.009903667215257882,
        "p25": 0.028367252671159804,
        "median": 0.030962064629420638,
        "p75": 0.03214580053463578,
        "p90": 0.03309393189847469,
        "p95": 0.0338985814480111,
        "p99": 0.21150688422843777,
        "p99.9": 0.4532101503130984
      }
    },
    "throughput": {
      "input_tokens_per_sec": 44518.88498323025,
      "output_tokens_per_sec": 5889.32338868001,
      "total_tokens_per_sec": 50408.20837191026,
      "requests_per_sec": 5.901066511036974
    },
    "prompt_len": {
      "mean": 7544.21,
      "min": 7490.0,
      "max": 7597.0,
      "p0.1": 7491.794,
      "p1": 7497.99,
      "p5": 7509.0,
      "p10": 7516.0,
      "p25": 7526.0,
      "median": 7543.0,
      "p75": 7561.0,
      "p90": 7575.0,
      "p95": 7584.05,
      "p99": 7592.0,
      "p99.9": 7596.701
    },
    "output_len": {
      "mean": 998.01,
      "min": 969.0,
      "max": 1006.0,
      "p0.1": 970.196,
      "p1": 978.0,
      "p5": 991.0,
      "p10": 994.0,
      "p25": 996.0,
      "median": 999.0,
      "p75": 1001.0,
      "p90": 1003.0,
      "p95": 1004.0,
      "p99": 1005.01,
      "p99.9": 1006.0
    }
  },
  "failures": {
    "count": 0,
    "request_latency": null,
    "prompt_len": null
  }
}