{
  "load_summary": {
    "count": 625,
    "schedule_delay": {
      "mean": 0.0005118891306221485,
      "min": -0.0009329365566372871,
      "max": 0.036472751293331385,
      "p0.1": -0.0008955096378922462,
      "p1": -0.0007729487121105194,
      "p5": -0.00043000681325793265,
      "p10": -0.00020278384909033767,
      "p25": 0.0001023951917886734,
      "median": 0.00046678073704242706,
      "p75": 0.0008059036917984486,
      "p90": 0.0011194498278200627,
      "p95": 0.0013114696368575092,
      "p99": 0.0016599790565669536,
      "p99.9": 0.016688166189941636
    },
    "send_duration": 25.69072204688564,
    "requested_rate": 25.0,
    "achieved_rate": 24.32784874085568
  },
  "successes": {
    "count": 625,
    "latency": {
      "request_latency": {
        "mean": 41.43125908584744,
        "min": 18.126626073848456,
        "max": 48.48929843213409,
        "p0.1": 20.08169254146144,
        "p1": 30.010725659802556,
        "p5": 34.343882833700626,
        "p10": 36.18860031878576,
        "p25": 38.94256780715659,
        "median": 41.990173905622214,
        "p75": 44.539326635189354,
        "p90": 45.941071291267875,
        "p95": 47.23825791459531,
        "p99": 48.39824369411915,
        "p99.9": 48.474253773756324
      },
      "normalized_time_per_output_token": {
        "mean": 0.04151885880359965,
        "min": 0.018162951977804064,
        "max": 0.04907482284504701,
        "p0.1": 0.02005567187555305,
        "p1": 0.029926178391707213,
        "p5": 0.03426848175190907,
        "p10": 0.03621404142965096,
        "p25": 0.03915626262577491,
        "median": 0.04210350201935978,
        "p75": 0.044630841102618,
        "p90": 0.04605216816777029,
        "p95": 0.047343916984266175,
        "p99": 0.048474731266385344,
        "p99.9": 0.04883700953135842
      },
      "time_per_output_token": {
        "mean": 0.04102198585638032,
        "min": 0.018027807345148177,
        "max": 0.04827750380011275,
        "p0.1": 0.019917354318659753,
        "p1": 0.029834447947070002,
        "p5": 0.03390170861119404,
        "p10": 0.03588972161347047,
        "p25": 0.03862656003888697,
        "median": 0.04173241756716743,
        "p75": 0.04413288542581722,
        "p90": 0.045656353404931724,
        "p95": 0.046279356126114723,
        "p99": 0.048119855102747675,
        "p99.9": 0.04827361256837472
      },
      "time_to_first_token": {
        "mean": 0.37853416884094476,
        "min": 0.043667012825608253,
        "max": 1.783984970767051,
        "p0.1": 0.0478725014925003,
        "p1": 0.06542774172499775,
        "p5": 0.07774004628881813,
        "p10": 0.10732473600655794,
        "p25": 0.16977466410025954,
        "median": 0.27320509124547243,
        "p75": 0.526423311792314,
        "p90": 0.7418396283872426,
        "p95": 0.9822806296870111,
        "p99": 1.313777314927429,
        "p99.9": 1.7158940395303168
      },
      "inter_token_latency": {
        "mean": 0.04102198585638031,
        "min": 5.385838449001312e-06,
        "max": 0.6578199085779488,
        "p0.1": 5.968846380710602e-06,
        "p1": 8.30832403153181e-06,
        "p5": 0.010075297486037017,
        "p10": 0.027799989189952613,
        "p25": 0.03366240405011922,
        "median": 0.039012671913951635,
        "p75": 0.041354773682542145,
        "p90": 0.0432033893186599,
        "p95": 0.044728003093041466,
        "p99": 0.22738194091711203,
        "p99.9": 0.44833021020283936
      }
    },
    "throughput": {
      "input_tokens_per_sec": 73708.96490954325,
      "output_tokens_per_sec": 9751.37667820621,
      "total_tokens_per_sec": 83460.34158774947,
      "requests_per_sec": 9.771733152709935
    },
    "prompt_len": {
      "mean": 7543.08,
      "min": 7482.0,
      "max": 7619.0,
      "p0.1": 7485.744,
      "p1": 7494.48,
      "p5": 7507.0,
      "p10": 7514.4,
      "p25": 7526.0,
      "median": 7542.0,
      "p75": 7560.0,
      "p90": 7575.0,
      "p95": 7582.0,
      "p99": 7591.76,
      "p99.9": 7605.896000000002
    },
    "output_len": {
      "mean": 997.9168,
      "min": 919.0,
      "max": 1009.0,
      "p0.1": 937.72,
      "p1": 978.48,
      "p5": 992.2,
      "p10": 994.0,
      "p25": 996.0,
      "median": 998.0,
      "p75": 1000.0,
      "p90": 1003.0,
      "p95": 1004.0,
      "p99": 1007.0,
      "p99.9": 1008.3760000000001
    }
  },
  "failures": {
    "count": 0,
    "request_latency": null,
    "prompt_len": null
  }
}