{
  "load_summary": {
    "count": 1500,
    "schedule_delay": {
      "mean": 0.0007302928393085798,
      "min": -0.0010591838508844376,
      "max": 0.03565564705058932,
      "p0.1": -0.0009179241936653852,
      "p1": -0.0006233332306146621,
      "p5": -0.00028838845901191235,
      "p10": -0.00010445597581565379,
      "p25": 0.00022696249652653933,
      "median": 0.0006104710046201944,
      "p75": 0.0010183886624872684,
      "p90": 0.0014741212129592899,
      "p95": 0.0018074761377647513,
      "p99": 0.0028829690208658576,
      "p99.9": 0.03219662825018223
    },
    "send_duration": 51.10812091594562,
    "requested_rate": 30.0,
    "achieved_rate": 29.349543147300558
  },
  "successes": {
    "count": 1491,
    "latency": {
      "request_latency": {
        "mean": 71.76627704806846,
        "min": 8.49267689185217,
        "max": 297.1708620185964,
        "p0.1": 9.582079773778096,
        "p1": 12.335548266116529,
        "p5": 15.14549680473283,
        "p10": 19.39656657818705,
        "p25": 38.46221157652326,
        "median": 40.87667634896934,
        "p75": 45.03287845244631,
        "p90": 168.25266800401732,
        "p95": 257.781070034951,
        "p99": 289.0344060830771,
        "p99.9": 296.2433775081208
      },
      "normalized_time_per_output_token": {
        "mean": 0.07196876657937513,
        "min": 0.008526784027964026,
        "max": 0.3004760991087931,
        "p0.1": 0.00960601950208111,
        "p1": 0.012368077623112164,
        "p5": 0.015191100972809683,
        "p10": 0.01937718938879825,
        "p25": 0.038516139051988085,
        "median": 0.04098923624014534,
        "p75": 0.04516673740624591,
        "p90": 0.16861645807512105,
        "p95": 0.25899406186121,
        "p99": 0.2902186906091624,
        "p99.9": 0.2979703329648953
      },
      "time_per_output_token": {
        "mean": 0.06796053935567481,
        "min": 0.007832115687306724,
        "max": 0.2718558369390667,
        "p0.1": 0.007986230886220629,
        "p1": 0.010340251459774921,
        "p5": 0.012488534122472628,
        "p10": 0.01705398413306102,
        "p25": 0.0350641083221383,
        "median": 0.03937980393651918,
        "p75": 0.0442127374635797,
        "p90": 0.15798545513581486,
        "p95": 0.24609193127579054,
        "p99": 0.2638405629175715,
        "p99.9": 0.26960693352313725
      },
      "time_to_first_token": {
        "mean": 4.072911870384453,
        "min": 0.13711180165410042,
        "max": 35.59017444262281,
        "p0.1": 0.1548394504142925,
        "p1": 0.19166914424858988,
        "p5": 0.41215929575264454,
        "p10": 0.5388023196719587,
        "p25": 1.094749868614599,
        "median": 2.6307045500725508,
        "p75": 4.770443228306249,
        "p90": 9.210927384905517,
        "p95": 14.472805335884914,
        "p99": 27.377933626575384,
        "p99.9": 34.78679301782987
      },
      "inter_token_latency": {
        "mean": 0.06819740478903709,
        "min": 5.309004336595535e-06,
        "max": 12.813088549301028,
        "p0.1": 5.607027560472488e-06,
        "p1": 5.818437784910202e-06,
        "p5": 6.15464523434639e-06,
        "p10": 6.466172635555267e-06,
        "p25": 7.33276829123497e-06,
        "median": 1.054396852850914e-05,
        "p75": 0.029452716116793454,
        "p90": 0.25317980651743716,
        "p95": 0.29664612826891273,
        "p99": 0.8820273198932392,
        "p99.9": 1.60670598318195
      }
    },
    "throughput": {
      "input_tokens_per_sec": 36993.84137632311,
      "output_tokens_per_sec": 4888.743949255572,
      "total_tokens_per_sec": 41882.58532557868,
      "requests_per_sec": 4.899772545272968
    },
    "prompt_len": {
      "mean": 7550.114017437961,
      "min": 7482.0,
      "max": 7631.0,
      "p0.1": 7487.39,
      "p1": 7500.0,
      "p5": 7515.0,
      "p10": 7522.0,
      "p25": 7535.0,
      "median": 7550.0,
      "p75": 7563.0,
      "p90": 7578.0,
      "p95": 7590.0,
      "p99": 7617.0,
      "p99.9": 7628.550000000001
    },
    "output_len": {
      "mean": 997.7491616364856,
      "min": 927.0,
      "max": 1012.0,
      "p0.1": 934.88,
      "p1": 977.8,
      "p5": 991.5,
      "p10": 994.0,
      "p25": 996.0,
      "median": 998.0,
      "p75": 1000.0,
      "p90": 1002.0,
      "p95": 1004.0,
      "p99": 1006.0999999999999,
      "p99.9": 1010.0200000000004
    }
  },
  "failures": {
    "count": 9,
    "request_latency": {
      "mean": 0.45322962990030646,
      "min": 0.002148105762898922,
      "max": 4.03711021784693,
      "p0.1": 0.0021544989570975305,
      "p1": 0.002212037704885006,
      "p5": 0.002467765472829342,
      "p10": 0.002787425182759762,
      "p25": 0.0031808409839868546,
      "median": 0.00420577684417367,
      "p75": 0.004463710822165012,
      "p90": 0.8208143459632999,
      "p95": 2.4289622819051133,
      "p99": 3.7154806306585666,
      "p99.9": 4.004947259128097
    },
    "prompt_len": {
      "mean": 839.4444444444445,
      "min": 0.0,
      "max": 7555.0,
      "p0.1": 0.0,
      "p1": 0.0,
      "p5": 0.0,
      "p10": 0.0,
      "p25": 0.0,
      "median": 0.0,
      "p75": 0.0,
      "p90": 1511.0000000000014,
      "p95": 4532.999999999997,
      "p99": 6950.599999999999,
      "p99.9": 7494.560000000007
    }
  }
}