{
  "load_summary": {
    "count": 750,
    "schedule_delay": {
      "mean": 0.0009401143950720628,
      "min": -0.001002203207463026,
      "max": 0.08850870467722416,
      "p0.1": -0.0009488178477622569,
      "p1": -0.0007501970417797565,
      "p5": -0.0004222024697810411,
      "p10": -0.000213081669062376,
      "p25": 0.00014231051318347454,
      "median": 0.0005123838782310486,
      "p75": 0.0008819646900519729,
      "p90": 0.0012764114420861007,
      "p95": 0.0015109970001503823,
      "p99": 0.022645275262184343,
      "p99.9": 0.0554024258861358
    },
    "send_duration": 29.494200576096773,
    "requested_rate": 25.0,
    "achieved_rate": 25.428727863464406
  },
  "successes": {
    "count": 750,
    "latency": {
      "request_latency": {
        "mean": 37.59267152121477,
        "min": 6.875797384418547,
        "max": 93.88960216101259,
        "p0.1": 7.014655211684294,
        "p1": 7.7182048552343625,
        "p5": 10.358801374631003,
        "p10": 12.058427434414627,
        "p25": 25.494336259318516,
        "median": 32.092938859947026,
        "p75": 33.29047636396717,
        "p90": 79.9036318378523,
        "p95": 87.14719474192242,
        "p99": 93.66449690267443,
        "p99.9": 93.8854745808416
      },
      "normalized_time_per_output_token": {
        "mean": 0.03766453802427142,
        "min": 0.006889576537493535,
        "max": 0.09434750568608392,
        "p0.1": 0.007050038306680735,
        "p1": 0.007717848540142254,
        "p5": 0.010348452921709293,
        "p10": 0.012060481501682358,
        "p25": 0.02552621009173248,
        "median": 0.03214540378436674,
        "p75": 0.033375881324472535,
        "p90": 0.08011304251619991,
        "p95": 0.08744651722993042,
        "p99": 0.09390734057892676,
        "p99.9": 0.09422818214618046
      },
      "time_per_output_token": {
        "mean": 0.03699674414319056,
        "min": 0.006761134563013911,
        "max": 0.09351616106880829,
        "p0.1": 0.0068959019105671905,
        "p1": 0.007446639986759647,
        "p5": 0.009258181176683864,
        "p10": 0.011214488538121804,
        "p25": 0.024569999733181247,
        "median": 0.03164664956601247,
        "p75": 0.03306087932965732,
        "p90": 0.07838974873833358,
        "p95": 0.08559133397629483,
        "p99": 0.09324661253291182,
        "p99.9": 0.09351563370950054
      },
      "time_to_first_token": {
        "mean": 0.9325286634452641,
        "min": 0.06815100088715553,
        "max": 4.628327358979732,
        "p0.1": 0.06888084739074112,
        "p1": 0.0858308348013088,
        "p5": 0.11295388897415251,
        "p10": 0.15768783432431518,
        "p25": 0.27707692701369524,
        "median": 0.6650907818693668,
        "p75": 1.3997603442985564,
        "p90": 2.0628949963487684,
        "p95": 2.647477422468364,
        "p99": 3.6038633989030493,
        "p99.9": 4.546727935207552
      },
      "inter_token_latency": {
        "mean": 0.03707538839815069,
        "min": 5.337875336408615e-06,
        "max": 1.8940972839482129,
        "p0.1": 5.6228600442409515e-06,
        "p1": 5.825422704219818e-06,
        "p5": 6.129033863544464e-06,
        "p10": 6.401911377906799e-06,
        "p25": 7.236376404762268e-06,
        "median": 1.0667834430932999e-05,
        "p75": 0.03975544776767492,
        "p90": 0.10435044476762412,
        "p95": 0.18966279169544556,
        "p99": 0.43506494252942307,
        "p99.9": 0.8133283131933056
      }
    },
    "throughput": {
      "input_tokens_per_sec": 51090.87978494357,
      "output_tokens_per_sec": 6754.824096775028,
      "total_tokens_per_sec": 57845.703881718604,
      "requests_per_sec": 6.76691431702144
    },
    "prompt_len": {
      "mean": 7550.1,
      "min": 7482.0,
      "max": 7631.0,
      "p0.1": 7490.239,
      "p1": 7500.0,
      "p5": 7515.0,
      "p10": 7522.0,
      "p25": 7535.0,
      "median": 7550.0,
      "p75": 7563.0,
      "p90": 7578.0,
      "p95": 7589.55,
      "p99": 7615.04,
      "p99.9": 7627.255
    },
    "output_len": {
      "mean": 998.2133333333334,
      "min": 941.0,
      "max": 1009.0,
      "p0.1": 955.231,
      "p1": 985.0,
      "p5": 993.0,
      "p10": 994.0,
      "p25": 996.0,
      "median": 999.0,
      "p75": 1001.0,
      "p90": 1003.0,
      "p95": 1004.0,
      "p99": 1007.0,
      "p99.9": 1009.0
    }
  },
  "failures": {
    "count": 0,
    "request_latency": null,
    "prompt_len": null
  }
}