{
  "load_summary": {
    "count": 10150,
    "schedule_delay": {
      "mean": 0.0005986233392794584,
      "min": -0.0011466792784631252,
      "max": 0.08850870467722416,
      "p0.1": -0.000937312482856214,
      "p1": -0.000697698313742876,
      "p5": -0.0003866794751957059,
      "p10": -0.00020894031040370463,
      "p25": 0.00011566421017050743,
      "median": 0.00048346398398280144,
      "p75": 0.00086029595695436,
      "p90": 0.0012084285262972116,
      "p95": 0.0014180974569171665,
      "p99": 0.0022695372998714496,
      "p99.9": 0.0313810090343468
    }
  },
  "successes": {
    "count": 8912,
    "latency": {
      "request_latency": {
        "mean": 72.21639878259936,
        "min": 6.324214369989932,
        "max": 297.1708620185964,
        "p0.1": 6.491538542043883,
        "p1": 8.783313045348041,
        "p5": 14.043371307686902,
        "p10": 19.95962847978808,
        "p25": 35.20805437164381,
        "median": 43.121747482800856,
        "p75": 64.14097814529669,
        "p90": 195.14938170891259,
        "p95": 240.2345614963211,
        "p99": 268.19471946333533,
        "p99.9": 292.82840903237843
      },
      "normalized_time_per_output_token": {
        "mean": 0.07241370743990663,
        "min": 0.006336888146282496,
        "max": 0.3004760991087931,
        "p0.1": 0.006506865718675986,
        "p1": 0.00882447990004044,
        "p5": 0.014066600584836367,
        "p10": 0.019960305617391486,
        "p25": 0.035262741490725884,
        "median": 0.043202752153388826,
        "p75": 0.06419094471882948,
        "p90": 0.19581514783491838,
        "p95": 0.24103978452658864,
        "p99": 0.268557373486819,
        "p99.9": 0.29359286835934056
      },
      "time_per_output_token": {
        "mean": 0.06738535304710613,
        "min": 0.006205709403380752,
        "max": 0.2718558369390667,
        "p0.1": 0.006368824115685652,
        "p1": 0.00843045561536232,
        "p5": 0.012199066391622288,
        "p10": 0.016213616298604756,
        "p25": 0.03267411633061371,
        "median": 0.040361957467212106,
        "p75": 0.052221240342746986,
        "p90": 0.1920065738754347,
        "p95": 0.23404735877732732,
        "p99": 0.25562849559243767,
        "p99.9": 0.2647503461032108
      },
      "time_to_first_token": {
        "mean": 5.110763950441747,
        "min": 0.06815100088715553,
        "max": 35.59017444262281,
        "p0.1": 0.07439180801808834,
        "p1": 0.09634112656582147,
        "p5": 0.18698065786156803,
        "p10": 0.31945467768236996,
        "p25": 0.8804905992001295,
        "median": 3.1882358447182924,
        "p75": 8.114615128957666,
        "p90": 12.93743599634618,
        "p95": 15.4598698157817,
        "p99": 21.764617701698963,
        "p99.9": 30.378647803344784
      },
      "inter_token_latency": {
        "mean": 0.0676292890025458,
        "min": 5.309004336595535e-06,
        "max": 25.726493232883513,
        "p0.1": 5.641952157020569e-06,
        "p1": 5.850102752447128e-06,
        "p5": 6.1676837503910065e-06,
        "p10": 6.451737135648727e-06,
        "p25": 7.224269211292267e-06,
        "median": 9.54093411564827e-06,
        "p75": 0.028616799972951412,
        "p90": 0.25251157209277153,
        "p95": 0.27529273950494826,
        "p99": 0.9787904187571193,
        "p99.9": 2.068399556712275
      }
    },
    "throughput": {
      "input_tokens_per_sec": 40430.49012814413,
      "output_tokens_per_sec": 5343.123849448538,
      "total_tokens_per_sec": 45773.613977592664,
      "requests_per_sec": 5.354862848041693
    },
    "prompt_len": {
      "mean": 7550.238218132855,
      "min": 7482.0,
      "max": 7631.0,
      "p0.1": 7482.0,
      "p1": 7500.0,
      "p5": 7515.0,
      "p10": 7522.0,
      "p25": 7535.0,
      "median": 7550.0,
      "p75": 7563.0,
      "p90": 7578.0,
      "p95": 7590.0,
      "p99": 7617.0,
      "p99.9": 7631.0
    },
    "output_len": {
      "mean": 997.8077872531418,
      "min": 891.0,
      "max": 1012.0,
      "p0.1": 941.0,
      "p1": 980.0,
      "p5": 992.0,
      "p10": 994.0,
      "p25": 996.0,
      "median": 998.0,
      "p75": 1000.0,
      "p90": 1002.0,
      "p95": 1004.0,
      "p99": 1006.0,
      "p99.9": 1009.0
    }
  },
  "failures": {
    "count": 1238,
    "request_latency": {
      "mean": 0.027445209876864378,
      "min": 0.0013415063731372356,
      "max": 14.233626489061862,
      "p0.1": 0.0013521344647742808,
      "p1": 0.0013989612413570285,
      "p5": 0.0014788250671699643,
      "p10": 0.0015264012385159732,
      "p25": 0.0016329371137544513,
      "median": 0.0019858849700540304,
      "p75": 0.0029068714939057827,
      "p90": 0.0037961583118885753,
      "p95": 0.004168745945207774,
      "p99": 0.0057128396816551645,
      "p99.9": 5.879570863106764
    },
    "prompt_len": {
      "mean": 30.521809369951534,
      "min": 0.0,
      "max": 7570.0,
      "p0.1": 0.0,
      "p1": 0.0,
      "p5": 0.0,
      "p10": 0.0,
      "p25": 0.0,
      "median": 0.0,
      "p75": 0.0,
      "p90": 0.0,
      "p95": 0.0,
      "p99": 0.0,
      "p99.9": 7557.289000000001
    }
  }
}