{
  "load_summary": {
    "count": 200,
    "schedule_delay": {
      "mean": 0.0005846444424241781,
      "min": -0.0008846037089824677,
      "max": 0.0017644092440605164,
      "p0.1": -0.0008811525269411504,
      "p1": -0.0006630032835528254,
      "p5": -0.0003129396354779601,
      "p10": -9.810016490519039e-05,
      "p25": 0.00024120009038597345,
      "median": 0.00057066953741014,
      "p75": 0.0009458268759772182,
      "p90": 0.0012847200967371461,
      "p95": 0.001470076362602411,
      "p99": 0.0017154971743002531,
      "p99.9": 0.0017592914532870059
    },
    "send_duration": 19.580285862088203,
    "requested_rate": 10.0,
    "achieved_rate": 10.21435547002123
  },
  "successes": {
    "count": 200,
    "latency": {
      "request_latency": {
        "mean": 10.339884051559492,
        "min": 7.989220593124628,
        "max": 13.768921977840364,
        "p0.1": 8.006905193183105,
        "p1": 8.305087293796241,
        "p5": 8.722377619775944,
        "p10": 8.959073274303227,
        "p25": 9.747013558167964,
        "median": 10.284955564653501,
        "p75": 10.863067132071592,
        "p90": 11.242204316379501,
        "p95": 12.911444561462847,
        "p99": 13.617000437676905,
        "p99.9": 13.753046511723662
      },
      "normalized_time_per_output_token": {
        "mean": 0.01036343563478707,
        "min": 0.00802130581639019,
        "max": 0.013768921977840364,
        "p0.1": 0.008037442586902742,
        "p1": 0.008305330365649705,
        "p5": 0.008747032198184434,
        "p10": 0.008974338618172336,
        "p25": 0.009768004154874742,
        "median": 0.01031597731073449,
        "p75": 0.01088483378928103,
        "p90": 0.011227572760745232,
        "p95": 0.012978830444394143,
        "p99": 0.013657289214213449,
        "p99.9": 0.013747609106519124
      },
      "time_per_output_token": {
        "mean": 0.010107104262878712,
        "min": 0.00786848319415003,
        "max": 0.013527777893934398,
        "p0.1": 0.007885190865607001,
        "p1": 0.008042056916286237,
        "p5": 0.008554263517935761,
        "p10": 0.00875723539032042,
        "p25": 0.009488817312405445,
        "median": 0.010027198783838908,
        "p75": 0.010609065433265641,
        "p90": 0.01090948186251335,
        "p95": 0.012707770242146216,
        "p99": 0.0130564196842676,
        "p99.9": 0.01350298093987303
      },
      "time_to_first_token": {
        "mean": 0.20377189637394622,
        "min": 0.07341311359778047,
        "max": 0.6687769899144769,
        "p0.1": 0.07541392635507509,
        "p1": 0.08611754226963968,
        "p5": 0.09745567035861313,
        "p10": 0.11388450302183628,
        "p25": 0.16224313084967434,
        "median": 0.182584231486544,
        "p75": 0.23395483975764364,
        "p90": 0.29009060971438877,
        "p95": 0.3435854508075862,
        "p99": 0.5991233145026486,
        "p99.9": 0.6650589598608206
      },
      "inter_token_latency": {
        "mean": 0.010107121292381824,
        "min": 5.410052835941315e-06,
        "max": 0.6910382690839469,
        "p0.1": 5.630776286125183e-06,
        "p1": 5.8622099459171295e-06,
        "p5": 6.221700459718704e-06,
        "p10": 6.561167538166046e-06,
        "p25": 7.7737495303154e-06,
        "median": 0.0010200473479926586,
        "p75": 0.016978247556835413,
        "p90": 0.02631733678281308,
        "p95": 0.03228347566910087,
        "p99": 0.05341627586632963,
        "p99.9": 0.19530175336737896
      }
    },
    "throughput": {
      "input_tokens_per_sec": 50634.089766697514,
      "output_tokens_per_sec": 6693.774525301206,
      "total_tokens_per_sec": 57327.864291998725,
      "requests_per_sec": 6.70893672229359
    },
    "prompt_len": {
      "mean": 7547.26,
      "min": 7497.0,
      "max": 7613.0,
      "p0.1": 7497.597,
      "p1": 7502.97,
      "p5": 7512.9,
      "p10": 7520.0,
      "p25": 7532.75,
      "median": 7546.0,
      "p75": 7562.0,
      "p90": 7577.0,
      "p95": 7583.05,
      "p99": 7602.0599999999995,
      "p99.9": 7612.005
    },
    "output_len": {
      "mean": 997.74,
      "min": 932.0,
      "max": 1006.0,
      "p0.1": 939.363,
      "p1": 981.87,
      "p5": 990.0,
      "p10": 994.0,
      "p25": 996.0,
      "median": 998.0,
      "p75": 1000.0,
      "p90": 1003.0,
      "p95": 1004.0,
      "p99": 1006.0,
      "p99.9": 1006.0
    }
  },
  "failures": {
    "count": 0,
    "request_latency": null,
    "prompt_len": null
  }
}