{
  "load_summary": {
    "count": 625,
    "schedule_delay": {
      "mean": 0.0004455382749438286,
      "min": -0.0009602350182831287,
      "max": 0.0034774718806147575,
      "p0.1": -0.0009017924331128597,
      "p1": -0.0006953711993992329,
      "p5": -0.0003473816439509392,
      "p10": -0.00017613116651773447,
      "p25": 8.892407640814781e-05,
      "median": 0.0004172343760728836,
      "p75": 0.0008048778399825096,
      "p90": 0.0010747718624770643,
      "p95": 0.0012609506025910374,
      "p99": 0.0015916717052459717,
      "p99.9": 0.0025575555041433707
    },
    "send_duration": 24.741371381096542,
    "requested_rate": 25.0,
    "achieved_rate": 25.26133213769737
  },
  "successes": {
    "count": 625,
    "latency": {
      "request_latency": {
        "mean": 33.28840711917877,
        "min": 15.375363055150956,
        "max": 37.50340595794842,
        "p0.1": 15.867152431558818,
        "p1": 18.957971328794955,
        "p5": 23.030162798706442,
        "p10": 26.57654249193147,
        "p25": 33.14948778692633,
        "median": 34.89863993600011,
        "p75": 35.65632724016905,
        "p90": 36.16015949184075,
        "p95": 36.36580797936767,
        "p99": 36.79015985192731,
        "p99.9": 37.478516161728656
      },
      "normalized_time_per_output_token": {
        "mean": 0.03337682920864934,
        "min": 0.015390753808959916,
        "max": 0.038016556945482366,
        "p0.1": 0.015883035467025842,
        "p1": 0.019005810729268244,
        "p5": 0.023051015542940766,
        "p10": 0.02682035240632316,
        "p25": 0.03317706598426625,
        "median": 0.03495135373516492,
        "p75": 0.03573650111133231,
        "p90": 0.03628103416171617,
        "p95": 0.036566839765952444,
        "p99": 0.03691129808084497,
        "p99.9": 0.03783290157177638
      },
      "time_per_output_token": {
        "mean": 0.033044042723517714,
        "min": 0.015240349370986223,
        "max": 0.03714887762980501,
        "p0.1": 0.015826032756211656,
        "p1": 0.01882957839652896,
        "p5": 0.022865207365248354,
        "p10": 0.0266507252084661,
        "p25": 0.0321713819388195,
        "median": 0.0348156412326746,
        "p75": 0.03551239438358759,
        "p90": 0.03607017478808234,
        "p95": 0.03648341041727718,
        "p99": 0.03683406429119377,
        "p99.9": 0.037060583103696004
      },
      "time_to_first_token": {
        "mean": 0.7947819217838347,
        "min": 0.06875107996165752,
        "max": 4.661138284951448,
        "p0.1": 0.07622071496397256,
        "p1": 0.08826599854975939,
        "p5": 0.11048195203766227,
        "p10": 0.15173051171004773,
        "p25": 0.29352451441809535,
        "median": 0.5921949972398579,
        "p75": 1.0949970530346036,
        "p90": 1.7145283234305682,
        "p95": 2.105561805330217,
        "p99": 3.013480268344281,
        "p99.9": 4.6197943856641706
      },
      "inter_token_latency": {
        "mean": 0.033022528123856455,
        "min": 5.345325917005539e-06,
        "max": 1.3956132996827364,
        "p0.1": 5.607958883047104e-06,
        "p1": 5.804002285003662e-06,
        "p5": 6.059650331735611e-06,
        "p10": 6.275717169046402e-06,
        "p25": 6.909947842359543e-06,
        "median": 8.812639862298965e-06,
        "p75": 0.008134718635119498,
        "p90": 0.11445446196012199,
        "p95": 0.20709069608710706,
        "p99": 0.43367598115001005,
        "p99.9": 0.7789667663443841
      }
    },
    "throughput": {
      "input_tokens_per_sec": 80133.54099071836,
      "output_tokens_per_sec": 10590.930696502739,
      "total_tokens_per_sec": 90724.4716872211,
      "requests_per_sec": 10.618896622648144
    },
    "prompt_len": {
      "mean": 7546.3152,
      "min": 7484.0,
      "max": 7638.0,
      "p0.1": 7485.872,
      "p1": 7496.24,
      "p5": 7508.0,
      "p10": 7517.0,
      "p25": 7530.0,
      "median": 7546.0,
      "p75": 7562.0,
      "p90": 7577.0,
      "p95": 7587.0,
      "p99": 7602.0,
      "p99.9": 7632.384000000001
    },
    "output_len": {
      "mean": 997.3664,
      "min": 901.0,
      "max": 1012.0,
      "p0.1": 918.472,
      "p1": 975.24,
      "p5": 992.0,
      "p10": 994.0,
      "p25": 996.0,
      "median": 998.0,
      "p75": 1000.0,
      "p90": 1002.0,
      "p95": 1003.0,
      "p99": 1005.0,
      "p99.9": 1009.5040000000004
    }
  },
  "failures": {
    "count": 0,
    "request_latency": null,
    "prompt_len": null
  }
}