{
  "load_summary": {
    "count": 500,
    "schedule_delay": {
      "mean": 0.00047186770103871823,
      "min": -0.0009120795875787735,
      "max": 0.004798377398401499,
      "p0.1": -0.0008074563248082995,
      "p1": -0.0005939629254862666,
      "p5": -0.0003323292126879095,
      "p10": -0.00016589802689850327,
      "p25": 9.918748401105404e-05,
      "median": 0.00046056206338107586,
      "p75": 0.000799582339823246,
      "p90": 0.0011405003257095815,
      "p95": 0.0013544450281187882,
      "p99": 0.001545905373059213,
      "p99.9": 0.003391471562907193
    },
    "send_duration": 24.836931702215225,
    "requested_rate": 20.0,
    "achieved_rate": 20.131311145627727
  },
  "successes": {
    "count": 500,
    "latency": {
      "request_latency": {
        "mean": 30.046114761802368,
        "min": 14.99774392740801,
        "max": 34.23993917927146,
        "p0.1": 15.247441180414986,
        "p1": 17.013396768076344,
        "p5": 21.397210590774197,
        "p10": 23.725101169571285,
        "p25": 28.673474860726856,
        "median": 31.992661038413644,
        "p75": 32.728275356348604,
        "p90": 33.17501100962981,
        "p95": 33.3673891534796,
        "p99": 33.703217966328374,
        "p99.9": 34.06041272355571
      },
      "normalized_time_per_output_token": {
        "mean": 0.030099356290622763,
        "min": 0.015088273568820936,
        "max": 0.03423993917927146,
        "p0.1": 0.01531990452962399,
        "p1": 0.016996902854033293,
        "p5": 0.02143905284263418,
        "p10": 0.02371864835864761,
        "p25": 0.02866732410790588,
        "median": 0.03201411582276397,
        "p75": 0.03278218917512344,
        "p90": 0.03327886590449102,
        "p95": 0.033463795754903616,
        "p99": 0.03379665588360295,
        "p99.9": 0.034069012164856895
      },
      "time_per_output_token": {
        "mean": 0.029843019738342934,
        "min": 0.014869469162076711,
        "max": 0.03395187739389008,
        "p0.1": 0.015106621668457054,
        "p1": 0.0168790055497922,
        "p5": 0.021074028629087846,
        "p10": 0.023577834823648374,
        "p25": 0.02814330768639528,
        "median": 0.03190056116475729,
        "p75": 0.03262229352658842,
        "p90": 0.033245795126874346,
        "p95": 0.03343924993879989,
        "p99": 0.0337082609578417,
        "p99.9": 0.033869219187166975
      },
      "time_to_first_token": {
        "mean": 0.6274654494365677,
        "min": 0.0659466846846044,
        "max": 2.6909395470283926,
        "p0.1": 0.07458257131231949,
        "p1": 0.08891295600216836,
        "p5": 0.10725002754479647,
        "p10": 0.1480892242398113,
        "p25": 0.2618530762847513,
        "median": 0.4481707769446075,
        "p75": 0.8785751278046519,
        "p90": 1.3598400464747102,
        "p95": 1.6856945843202993,
        "p99": 2.209370940611696,
        "p99.9": 2.627416579202287
      },
      "inter_token_latency": {
        "mean": 0.029821883150680625,
        "min": 5.380716174840927e-06,
        "max": 1.1348885470069945,
        "p0.1": 5.624257028102875e-06,
        "p1": 5.819834768772125e-06,
        "p5": 6.106682121753693e-06,
        "p10": 6.360001862049103e-06,
        "p25": 7.16792419552803e-06,
        "median": 1.032976433634758e-05,
        "p75": 0.03026088187471032,
        "p90": 0.10042226705700165,
        "p95": 0.1620661583729085,
        "p99": 0.31333830358460574,
        "p99.9": 0.6399579847678678
      }
    },
    "throughput": {
      "input_tokens_per_sec": 69693.86593789265,
      "output_tokens_per_sec": 9219.172859085193,
      "total_tokens_per_sec": 78913.03879697784,
      "requests_per_sec": 9.235242180479228
    },
    "prompt_len": {
      "mean": 7546.512,
      "min": 7484.0,
      "max": 7638.0,
      "p0.1": 7485.497,
      "p1": 7497.0,
      "p5": 7508.0,
      "p10": 7517.9,
      "p25": 7531.0,
      "median": 7546.5,
      "p75": 7562.0,
      "p90": 7577.0,
      "p95": 7586.05,
      "p99": 7600.02,
      "p99.9": 7625.525000000001
    },
    "output_len": {
      "mean": 998.26,
      "min": 947.0,
      "max": 1009.0,
      "p0.1": 956.481,
      "p1": 985.98,
      "p5": 992.0,
      "p10": 994.0,
      "p25": 996.0,
      "median": 999.0,
      "p75": 1001.0,
      "p90": 1003.0,
      "p95": 1004.0,
      "p99": 1007.0,
      "p99.9": 1008.501
    }
  },
  "failures": {
    "count": 0,
    "request_latency": null,
    "prompt_len": null
  }
}