{
  "load_summary": {
    "count": 1000,
    "schedule_delay": {
      "mean": 0.0004432385344989598,
      "min": -0.0009317859075963497,
      "max": 0.002914696466177702,
      "p0.1": -0.0009205556199885905,
      "p1": -0.0006737744947895408,
      "p5": -0.0004600497893989086,
      "p10": -0.0002565640024840832,
      "p25": 8.958613034337759e-05,
      "median": 0.00048800394870340824,
      "p75": 0.0008167175110429525,
      "p90": 0.0010739654302597047,
      "p95": 0.0012203913182020187,
      "p99": 0.0015361226676031945,
      "p99.9": 0.0020480477144011145
    },
    "send_duration": 25.236606627702713,
    "requested_rate": 40.0,
    "achieved_rate": 39.624978696711175
  },
  "successes": {
    "count": 1000,
    "latency": {
      "request_latency": {
        "mean": 45.50952607796621,
        "min": 23.58317856816575,
        "max": 53.52623505983502,
        "p0.1": 23.692624865377788,
        "p1": 25.70698714516591,
        "p5": 33.516177187114955,
        "p10": 40.10260995733552,
        "p25": 43.699518344481476,
        "median": 46.20720402849838,
        "p75": 48.7532684012549,
        "p90": 51.28878857111558,
        "p95": 52.03556001232937,
        "p99": 52.78642608268652,
        "p99.9": 53.16643170466045
      },
      "normalized_time_per_output_token": {
        "mean": 0.045632438218605964,
        "min": 0.023725531758718058,
        "max": 0.07216731116707836,
        "p0.1": 0.02377322589517429,
        "p1": 0.02569812405903885,
        "p5": 0.03348596648101251,
        "p10": 0.04010054284143119,
        "p25": 0.04380757709826108,
        "median": 0.046295885224954945,
        "p75": 0.048898619451961875,
        "p90": 0.051474483349488065,
        "p95": 0.05205095008789081,
        "p99": 0.05299528860579246,
        "p99.9": 0.05873272275863924
      },
      "time_per_output_token": {
        "mean": 0.0445444289133634,
        "min": 0.02360807505850371,
        "max": 0.051713450663037314,
        "p0.1": 0.02372165714720427,
        "p1": 0.02570816420182021,
        "p5": 0.03362978447481,
        "p10": 0.03982577516953907,
        "p25": 0.042920075238271314,
        "median": 0.045171383416754904,
        "p75": 0.04769386281410698,
        "p90": 0.04993889228136251,
        "p95": 0.05050886129123454,
        "p99": 0.05136195314635332,
        "p99.9": 0.05165345306776872
      },
      "time_to_first_token": {
        "mean": 1.589138161469251,
        "min": 0.07171015022322536,
        "max": 5.7625614600256085,
        "p0.1": 0.07938340972457081,
        "p1": 0.09976627524010837,
        "p5": 0.15513165353331715,
        "p10": 0.2146147084888071,
        "p25": 0.574902807129547,
        "median": 1.40813622251153,
        "p75": 2.3965243140701205,
        "p90": 3.2850001880433424,
        "p95": 3.767087429366073,
        "p99": 4.5628074312582605,
        "p99.9": 5.636610201567889
      },
      "inter_token_latency": {
        "mean": 0.0445431236039111,
        "min": 5.2209943532943726e-06,
        "max": 1.8136609508655965,
        "p0.1": 5.600042641162872e-06,
        "p1": 5.772802978754044e-06,
        "p5": 6.001908332109451e-06,
        "p10": 6.182119250297546e-06,
        "p25": 6.671063601970673e-06,
        "median": 7.775146514177322e-06,
        "p75": 1.3228040188550949e-05,
        "p90": 0.13103739055804908,
        "p95": 0.35718469065614045,
        "p99": 0.7213052263483402,
        "p99.9": 1.073125708764419
      }
    },
    "throughput": {
      "input_tokens_per_sec": 102601.67671374932,
      "output_tokens_per_sec": 13563.853836341657,
      "total_tokens_per_sec": 116165.53055009097,
      "requests_per_sec": 13.59607653773609
    },
    "prompt_len": {
      "mean": 7546.418,
      "min": 7469.0,
      "max": 7638.0,
      "p0.1": 7483.985,
      "p1": 7493.95,
      "p5": 7507.95,
      "p10": 7517.0,
      "p25": 7531.0,
      "median": 7546.0,
      "p75": 7562.0,
      "p90": 7577.1,
      "p95": 7587.0,
      "p99": 7602.0,
      "p99.9": 7629.009000000001
    },
    "output_len": {
      "mean": 997.63,
      "min": 525.0,
      "max": 1008.0,
      "p0.1": 873.651,
      "p1": 981.99,
      "p5": 993.0,
      "p10": 994.0,
      "p25": 996.0,
      "median": 998.5,
      "p75": 1001.0,
      "p90": 1003.0,
      "p95": 1004.0,
      "p99": 1005.0,
      "p99.9": 1008.0
    }
  },
  "failures": {
    "count": 0,
    "request_latency": null,
    "prompt_len": null
  }
}