{
  "load_summary": {
    "count": 1250,
    "schedule_delay": {
      "mean": 0.00041686146147549153,
      "min": -0.0010376381687819958,
      "max": 0.002092793583869934,
      "p0.1": -0.0009959588767960667,
      "p1": -0.0007453501829877496,
      "p5": -0.00042819585651159285,
      "p10": -0.0002568390220403671,
      "p25": 6.790237966924906e-05,
      "median": 0.0004156883805990219,
      "p75": 0.0007603289559483528,
      "p90": 0.0010822812560945761,
      "p95": 0.001250314968638122,
      "p99": 0.0016235301038250328,
      "p99.9": 0.0018349051964469314
    },
    "send_duration": 23.6869285707362,
    "requested_rate": 50.0,
    "achieved_rate": 52.771721596032556
  },
  "successes": {
    "count": 1247,
    "latency": {
      "request_latency": {
        "mean": 55.54229316969515,
        "min": 33.84317499259487,
        "max": 64.49257826572284,
        "p0.1": 34.48892435867898,
        "p1": 37.1191420374345,
        "p5": 44.83689144491218,
        "p10": 50.08638411834836,
        "p25": 53.942962328204885,
        "median": 56.36005330272019,
        "p75": 58.52417109138332,
        "p90": 60.51463029570878,
        "p95": 61.90955613907427,
        "p99": 63.1673023324646,
        "p99.9": 64.18688197078284
      },
      "normalized_time_per_output_token": {
        "mean": 0.05564290076985138,
        "min": 0.033877052044639505,
        "max": 0.06449257826572284,
        "p0.1": 0.034579777774159534,
        "p1": 0.03719390305769948,
        "p5": 0.04501653008169226,
        "p10": 0.050148232398167174,
        "p25": 0.054083832669564576,
        "median": 0.056512022239949,
        "p75": 0.05864026745863146,
        "p90": 0.06069022697746162,
        "p95": 0.06202590176237383,
        "p99": 0.06338896993033424,
        "p99.9": 0.06418568027465754
      },
      "time_per_output_token": {
        "mean": 0.053712105863664095,
        "min": 0.033680228759068995,
        "max": 0.061466248782351615,
        "p0.1": 0.034889621812851185,
        "p1": 0.03735862358910031,
        "p5": 0.044873044975136195,
        "p10": 0.04930421519486298,
        "p25": 0.052136039220821065,
        "median": 0.054424031684687874,
        "p75": 0.05635435841288995,
        "p90": 0.058233832993816334,
        "p95": 0.05969665068922231,
        "p99": 0.061089691896686005,
        "p99.9": 0.06144783269031743
      },
      "time_to_first_token": {
        "mean": 2.208202139984177,
        "min": 0.10036751721054316,
        "max": 8.510215086862445,
        "p0.1": 0.10457673713844269,
        "p1": 0.11717015187256039,
        "p5": 0.32142543233931065,
        "p10": 0.44353563599288465,
        "p25": 0.7291399990208447,
        "median": 1.9460961930453777,
        "p75": 3.2846446903422475,
        "p90": 4.573889068048448,
        "p95": 5.219846595358104,
        "p99": 6.478550395872443,
        "p99.9": 8.158830306178077
      },
      "inter_token_latency": {
        "mean": 0.053715894295700096,
        "min": 5.3318217396736145e-06,
        "max": 3.206817592959851,
        "p0.1": 5.59606496244669e-06,
        "p1": 5.768146365880966e-06,
        "p5": 5.985144525766373e-06,
        "p10": 6.154179573059082e-06,
        "p25": 6.614718586206436e-06,
        "median": 7.603317499160767e-06,
        "p75": 1.1535361409187317e-05,
        "p90": 0.14503393154591315,
        "p95": 0.45223605982027903,
        "p99": 0.8962272407207629,
        "p99.9": 1.3596429864391701
      }
    },
    "throughput": {
      "input_tokens_per_sec": 115181.48423653429,
      "output_tokens_per_sec": 15235.366108238184,
      "total_tokens_per_sec": 130416.85034477248,
      "requests_per_sec": 15.262684722753972
    },
    "prompt_len": {
      "mean": 7546.607056936648,
      "min": 7469.0,
      "max": 7638.0,
      "p0.1": 7484.0,
      "p1": 7495.46,
      "p5": 7508.0,
      "p10": 7517.0,
      "p25": 7531.0,
      "median": 7546.0,
      "p75": 7562.0,
      "p90": 7577.0,
      "p95": 7587.0,
      "p99": 7602.0,
      "p99.9": 7635.786000000001
    },
    "output_len": {
      "mean": 998.2101042502005,
      "min": 933.0,
      "max": 1010.0,
      "p0.1": 955.246,
      "p1": 982.92,
      "p5": 992.3,
      "p10": 994.0,
      "p25": 996.0,
      "median": 998.0,
      "p75": 1001.0,
      "p90": 1003.0,
      "p95": 1004.0,
      "p99": 1007.0,
      "p99.9": 1009.0
    }
  },
  "failures": {
    "count": 3,
    "request_latency": {
      "mean": 0.011242144741117954,
      "min": 0.0035607898607850075,
      "max": 0.015119010116904974,
      "p0.1": 0.0035837615495547654,
      "p1": 0.003790506748482585,
      "p5": 0.004709374299272895,
      "p10": 0.005857958737760783,
      "p25": 0.009303712053224444,
      "median": 0.015046634245663881,
      "p75": 0.015082822181284428,
      "p90": 0.015104534942656756,
      "p95": 0.015111772529780864,
      "p99": 0.015117562599480152,
      "p99.9": 0.015118865365162491
    },
    "prompt_len": {
      "mean": 0.0,
      "min": 0.0,
      "max": 0.0,
      "p0.1": 0.0,
      "p1": 0.0,
      "p5": 0.0,
      "p10": 0.0,
      "p25": 0.0,
      "median": 0.0,
      "p75": 0.0,
      "p90": 0.0,
      "p95": 0.0,
      "p99": 0.0,
      "p99.9": 0.0
    }
  }
}