{
  "load_summary": {
    "count": 750,
    "schedule_delay": {
      "mean": 0.0007895342179884513,
      "min": -0.0008196588605642319,
      "max": 0.042019189801067114,
      "p0.1": -0.0007859356417320669,
      "p1": -0.0005741129536181688,
      "p5": -0.00029384486842900517,
      "p10": -8.964231237769123e-05,
      "p25": 0.00023040745873004198,
      "median": 0.0006388456095010042,
      "p75": 0.0010572581086307764,
      "p90": 0.0014633844140917063,
      "p95": 0.0017480717506259675,
      "p99": 0.002318343580700457,
      "p99.9": 0.04138076698593803
    },
    "send_duration": 50.37534386990592,
    "requested_rate": 15.0,
    "achieved_rate": 14.888235838883231
  },
  "successes": {
    "count": 750,
    "latency": {
      "request_latency": {
        "mean": 39.84474578553004,
        "min": 28.399560008198023,
        "max": 45.96819747891277,
        "p0.1": 28.461326892740093,
        "p1": 29.633104657642544,
        "p5": 31.56495367072057,
        "p10": 33.935237084701654,
        "p25": 37.65203404473141,
        "median": 40.71459466195665,
        "p75": 42.753163276822306,
        "p90": 44.2073327137623,
        "p95": 44.723954765615055,
        "p99": 45.5160994693404,
        "p99.9": 45.917536883723926
      },
      "normalized_time_per_output_token": {
        "mean": 0.0399292156129079,
        "min": 0.028570985923740466,
        "max": 0.04617414218174839,
        "p0.1": 0.02861155599015774,
        "p1": 0.029620603605462138,
        "p5": 0.031547608354077675,
        "p10": 0.03406118561892271,
        "p25": 0.03774975487756099,
        "median": 0.04079819496813381,
        "p75": 0.04283364245822017,
        "p90": 0.044267419509402155,
        "p95": 0.04483519581201611,
        "p99": 0.04566439932779599,
        "p99.9": 0.04603812583643331
      },
      "time_per_output_token": {
        "mean": 0.03965778450721982,
        "min": 0.026231168568510255,
        "max": 0.04613602000012963,
        "p0.1": 0.026275262207261594,
        "p1": 0.028416475228271346,
        "p5": 0.030818385827235555,
        "p10": 0.03275120937220237,
        "p25": 0.03696486454576445,
        "median": 0.040687785487632244,
        "p75": 0.0430073871925045,
        "p90": 0.04433924242468858,
        "p95": 0.04487882560551634,
        "p99": 0.045670822374455175,
        "p99.9": 0.046124948796440045
      },
      "time_to_first_token": {
        "mean": 1.0815869172892223,
        "min": 0.18264883710071445,
        "max": 3.680043565109372,
        "p0.1": 0.18865069391671568,
        "p1": 0.20925899918656796,
        "p5": 0.3035107288742438,
        "p10": 0.4313327784650028,
        "p25": 0.5888598853489384,
        "median": 0.939208070980385,
        "p75": 1.4006284470669925,
        "p90": 1.9559034030418845,
        "p95": 2.4676056832075117,
        "p99": 3.0494423774816095,
        "p99.9": 3.6590809881570774
      },
      "inter_token_latency": {
        "mean": 0.03964415757606376,
        "min": 5.281064659357071e-06,
        "max": 1.621158457826823,
        "p0.1": 5.587935447692871e-06,
        "p1": 5.79003244638443e-06,
        "p5": 6.075017154216766e-06,
        "p10": 6.324145942926407e-06,
        "p25": 7.148832082748413e-06,
        "median": 1.1017080396413803e-05,
        "p75": 0.026927665225230157,
        "p90": 0.13481265376321971,
        "p95": 0.23977826221380383,
        "p99": 0.4928357481490843,
        "p99.9": 0.8185096953739444
      }
    },
    "throughput": {
      "input_tokens_per_sec": 67184.69550361986,
      "output_tokens_per_sec": 8883.870564646755,
      "total_tokens_per_sec": 76068.56606826662,
      "requests_per_sec": 8.902625428883603
    },
    "prompt_len": {
      "mean": 7546.616,
      "min": 7469.0,
      "max": 7638.0,
      "p0.1": 7480.235,
      "p1": 7491.45,
      "p5": 7508.0,
      "p10": 7517.0,
      "p25": 7531.0,
      "median": 7546.0,
      "p75": 7562.0,
      "p90": 7578.0,
      "p95": 7587.0,
      "p99": 7602.0,
      "p99.9": 7631.259000000001
    },
    "output_len": {
      "mean": 997.8933333333333,
      "min": 944.0,
      "max": 1011.0,
      "p0.1": 955.235,
      "p1": 983.0,
      "p5": 992.0,
      "p10": 994.0,
      "p25": 996.0,
      "median": 998.0,
      "p75": 1000.0,
      "p90": 1002.0,
      "p95": 1003.55,
      "p99": 1006.51,
      "p99.9": 1011.0
    }
  },
  "failures": {
    "count": 0,
    "request_latency": null,
    "prompt_len": null
  }
}