{
  "load_summary": {
    "count": 60,
    "schedule_delay": {
      "mean": 0.0005681692156940699,
      "min": -0.0004245857708156109,
      "max": 0.002070409245789051,
      "p0.1": -0.0004222296541556716,
      "p1": -0.000401024604216218,
      "p5": -0.0003428139956668019,
      "p10": -0.0002565138041973114,
      "p25": 8.980929851531982e-05,
      "median": 0.0006882422603666782,
      "p75": 0.0009865444153547287,
      "p90": 0.0011391008272767067,
      "p95": 0.001407230040058493,
      "p99": 0.001841063578613101,
      "p99.9": 0.0020474746790714597
    },
    "send_duration": 17.992810544092208,
    "requested_rate": 3.0,
    "achieved_rate": 3.33466524604187
  },
  "successes": {
    "count": 60,
    "latency": {
      "request_latency": {
        "mean": 8.237756124674343,
        "min": 5.684118309058249,
        "max": 10.560518919955939,
        "p0.1": 5.690819925597869,
        "p1": 5.751134474454448,
        "p5": 5.885442882170901,
        "p10": 6.22235742895864,
        "p25": 6.9229157796362415,
        "median": 8.520141408545896,
        "p75": 9.369002062478103,
        "p90": 10.379629800794646,
        "p95": 10.445287253544667,
        "p99": 10.515867856908589,
        "p99.9": 10.556053813651205
      },
      "normalized_time_per_output_token": {
        "mean": 0.008277074676866714,
        "min": 0.005706946093431977,
        "max": 0.01056051891995594,
        "p0.1": 0.0057133987879658095,
        "p1": 0.005771473038770308,
        "p5": 0.005909314603722957,
        "p10": 0.006254248871240664,
        "p25": 0.006941946388579763,
        "median": 0.008550072205198314,
        "p75": 0.009423184699503739,
        "p90": 0.010422145961282762,
        "p95": 0.010495628614255301,
        "p99": 0.010535036436738516,
        "p99.9": 0.010557970671634198
      },
      "time_per_output_token": {
        "mean": 0.008101360590864594,
        "min": 0.005562764429021627,
        "max": 0.010437108682002873,
        "p0.1": 0.0055630937267798,
        "p1": 0.005566057406603359,
        "p5": 0.005762861870694905,
        "p10": 0.006082296119770035,
        "p25": 0.00679565147892572,
        "median": 0.008380723425420001,
        "p75": 0.00923768632451538,
        "p90": 0.010235603317664937,
        "p95": 0.010316099009313622,
        "p99": 0.010385723018650896,
        "p99.9": 0.010431970115667676
      },
      "time_to_first_token": {
        "mean": 0.10654648792309065,
        "min": 0.08884239615872502,
        "max": 0.2504557273350656,
        "p0.1": 0.08885547887301072,
        "p1": 0.08897322330158204,
        "p5": 0.09045154061168433,
        "p10": 0.09118212624453008,
        "p25": 0.09448495926335454,
        "median": 0.10082521848380566,
        "p75": 0.10777569015044719,
        "p90": 0.11632194276899101,
        "p95": 0.13621672296430912,
        "p99": 0.21842050410341451,
        "p99.9": 0.24725220501190104
      },
      "inter_token_latency": {
        "mean": 0.008101360590864594,
        "min": 5.452893674373627e-06,
        "max": 1.2108238493092358,
        "p0.1": 5.774664226919412e-06,
        "p1": 6.365124136209488e-06,
        "p5": 8.18620901554823e-06,
        "p10": 0.002511055860668421,
        "p25": 0.005817413795739412,
        "median": 0.007453885395079851,
        "p75": 0.00918658822774887,
        "p90": 0.010689710220322012,
        "p95": 0.011603674083016813,
        "p99": 0.02364640251733365,
        "p99.9": 0.09314899222040979
      }
    },
    "throughput": {
      "input_tokens_per_sec": 17464.89200515718,
      "output_tokens_per_sec": 2302.605887552036,
      "total_tokens_per_sec": 19767.497892709216,
      "requests_per_sec": 2.313634210622671
    },
    "prompt_len": {
      "mean": 7548.683333333333,
      "min": 7495.0,
      "max": 7620.0,
      "p0.1": 7495.708,
      "p1": 7502.08,
      "p5": 7507.95,
      "p10": 7517.8,
      "p25": 7532.0,
      "median": 7551.0,
      "p75": 7562.0,
      "p90": 7570.1,
      "p95": 7580.3,
      "p99": 7615.28,
      "p99.9": 7619.528
    },
    "output_len": {
      "mean": 995.2333333333333,
      "min": 982.0,
      "max": 1005.0,
      "p0.1": 982.236,
      "p1": 984.36,
      "p5": 988.9,
      "p10": 989.9,
      "p25": 994.0,
      "median": 995.0,
      "p75": 998.0,
      "p90": 999.1,
      "p95": 1001.05,
      "p99": 1003.23,
      "p99.9": 1004.823
    }
  },
  "failures": {
    "count": 0,
    "request_latency": null,
    "prompt_len": null
  }
}