{
  "load_summary": {
    "count": 300,
    "schedule_delay": {
      "mean": 0.0005537344282492995,
      "min": -0.0008232668042182922,
      "max": 0.002019326202571392,
      "p0.1": -0.000807669397443533,
      "p1": -0.0005181028787046671,
      "p5": -0.0003036351408809423,
      "p10": -0.00012811659835278987,
      "p25": 0.00022300879936665297,
      "median": 0.0005175392143428326,
      "p75": 0.0009124471107497811,
      "p90": 0.0012224106118083006,
      "p95": 0.001371417660266161,
      "p99": 0.0016795974178239698,
      "p99.9": 0.0019417173247784432
    },
    "send_duration": 21.897269207052886,
    "requested_rate": 15.0,
    "achieved_rate": 13.70033848345679
  },
  "successes": {
    "count": 300,
    "latency": {
      "request_latency": {
        "mean": 14.90750682197356,
        "min": 8.526556741911918,
        "max": 23.60259945737198,
        "p0.1": 8.823592552585062,
        "p1": 9.57664267753251,
        "p5": 11.160701921256258,
        "p10": 11.896213377034291,
        "p25": 13.174863305175677,
        "median": 14.035313553875312,
        "p75": 15.541664026095532,
        "p90": 20.684009434096517,
        "p95": 21.86311543220654,
        "p99": 22.537150066737084,
        "p99.9": 23.526501905835705
      },
      "normalized_time_per_output_token": {
        "mean": 0.014922536718347056,
        "min": 0.0016872345977098893,
        "max": 0.02417100361175632,
        "p0.1": 0.0017299622389733414,
        "p1": 0.009549919813841175,
        "p5": 0.010963416629829116,
        "p10": 0.011955809049538788,
        "p25": 0.013222806995855999,
        "median": 0.014122465179554348,
        "p75": 0.01564068666122407,
        "p90": 0.020737922347350727,
        "p95": 0.021965216621049603,
        "p99": 0.02301010536475027,
        "p99.9": 0.024015193409350433
      },
      "time_per_output_token": {
        "mean": 0.014525475689830251,
        "min": 0.00840155777381733,
        "max": 0.02321894408389926,
        "p0.1": 0.008699151754422114,
        "p1": 0.009450951614798978,
        "p5": 0.010905103404237889,
        "p10": 0.011582842806633561,
        "p25": 0.012762765240622684,
        "median": 0.013696774896164401,
        "p75": 0.015078259386937135,
        "p90": 0.019881312846811508,
        "p95": 0.021502558698132633,
        "p99": 0.021846486602216022,
        "p99.9": 0.023159979206879164
      },
      "time_to_first_token": {
        "mean": 0.3859564703532184,
        "min": 0.08591703278943896,
        "max": 2.4984197500161827,
        "p0.1": 0.086778626750689,
        "p1": 0.09139577124267817,
        "p5": 0.09819673225283623,
        "p10": 0.10681438748724759,
        "p25": 0.14641078293789178,
        "median": 0.22665175143629313,
        "p75": 0.3626830083085224,
        "p90": 0.8127144383266584,
        "p95": 1.5830289329402154,
        "p99": 2.2447762634558597,
        "p99.9": 2.4712860803459793
      },
      "inter_token_latency": {
        "mean": 0.014527006383863438,
        "min": 5.424022674560547e-06,
        "max": 2.426456025801599,
        "p0.1": 5.65430149435997e-06,
        "p1": 5.8960169553756716e-06,
        "p5": 6.355345249176025e-06,
        "p10": 6.852205842733383e-06,
        "p25": 8.759088814258575e-06,
        "median": 0.007195653859525919,
        "p75": 0.01936596492305398,
        "p90": 0.034447051119059324,
        "p95": 0.048805398400872946,
        "p99": 0.08357143681496414,
        "p99.9": 0.28724674203433476
      }
    },
    "throughput": {
      "input_tokens_per_sec": 60477.45262556322,
      "output_tokens_per_sec": 8362.621933809607,
      "total_tokens_per_sec": 68840.07455937282,
      "requests_per_sec": 8.013909996814869
    },
    "prompt_len": {
      "mean": 7546.56,
      "min": 7456.0,
      "max": 7628.0,
      "p0.1": 7464.073,
      "p1": 7489.94,
      "p5": 7503.0,
      "p10": 7514.9,
      "p25": 7530.0,
      "median": 7546.0,
      "p75": 7563.25,
      "p90": 7578.1,
      "p95": 7592.0,
      "p99": 7620.01,
      "p99.9": 7626.505
    },
    "output_len": {
      "mean": 1043.5133333333333,
      "min": 879.0,
      "max": 8562.0,
      "p0.1": 890.362,
      "p1": 953.9,
      "p5": 984.0,
      "p10": 989.0,
      "p25": 993.0,
      "median": 995.0,
      "p75": 997.0,
      "p90": 999.0,
      "p95": 999.0,
      "p99": 1003.1499999999999,
      "p99.9": 8542.266000000001
    }
  },
  "failures": {
    "count": 0,
    "request_latency": null,
    "prompt_len": null
  }
}