{
  "load_summary": {
    "count": 750,
    "schedule_delay": {
      "mean": 0.000466006176546216,
      "min": -0.0013888385146856308,
      "max": 0.027474986854940653,
      "p0.1": -0.001122047042939812,
      "p1": -0.0006699003605172038,
      "p5": -0.00042747603729367253,
      "p10": -0.0002510141115635633,
      "p25": 4.8492918722331524e-05,
      "median": 0.00042118621058762074,
      "p75": 0.0008181494195014238,
      "p90": 0.0011148334480822087,
      "p95": 0.0012756452895700931,
      "p99": 0.0015928458329290149,
      "p99.9": 0.008361881989988003
    },
    "send_duration": 25.29963200679049,
    "requested_rate": 30.0,
    "achieved_rate": 29.644699962382774
  },
  "successes": {
    "count": 750,
    "latency": {
      "request_latency": {
        "mean": 30.023482557982206,
        "min": 14.84320326615125,
        "max": 43.229331048205495,
        "p0.1": 14.87063182361424,
        "p1": 17.230743213812822,
        "p5": 20.607866669353097,
        "p10": 23.353507376415656,
        "p25": 26.982248335029,
        "median": 29.57541857054457,
        "p75": 32.560891963075846,
        "p90": 40.21008754768409,
        "p95": 41.68996944951359,
        "p99": 42.780198821146044,
        "p99.9": 43.20357806131896
      },
      "normalized_time_per_output_token": {
        "mean": 0.029999690799075347,
        "min": 0.003078108124188521,
        "max": 0.04993227668927007,
        "p0.1": 0.003155725854048854,
        "p1": 0.01532315113263418,
        "p5": 0.02044024196361207,
        "p10": 0.022633247097190994,
        "p25": 0.02703519607193529,
        "median": 0.029722264451120133,
        "p75": 0.03273536067712049,
        "p90": 0.040383797556819825,
        "p95": 0.04195035364276045,
        "p99": 0.043035865734115344,
        "p99.9": 0.04508491931857902
      },
      "time_per_output_token": {
        "mean": 0.029315985173100523,
        "min": 0.014710700518917293,
        "max": 0.04265930749615655,
        "p0.1": 0.014722088935263455,
        "p1": 0.01705899921932258,
        "p5": 0.020452783946646378,
        "p10": 0.0227778331423644,
        "p25": 0.026070990214822815,
        "median": 0.028899362674215806,
        "p75": 0.03184175036672968,
        "p90": 0.03929862334872596,
        "p95": 0.041002737238816915,
        "p99": 0.04224854283578228,
        "p99.9": 0.04262534470745782
      },
      "time_to_first_token": {
        "mean": 0.6889771810906629,
        "min": 0.07588900998234749,
        "max": 3.853260239120573,
        "p0.1": 0.08725630419328809,
        "p1": 0.09376012033782899,
        "p5": 0.11118183014914393,
        "p10": 0.14895137581042944,
        "p25": 0.2739034143742174,
        "median": 0.5006466167978942,
        "p75": 0.8590483835432678,
        "p90": 1.366389148216695,
        "p95": 2.2279634376754966,
        "p99": 3.131222819662653,
        "p99.9": 3.7898778338558117
      },
      "inter_token_latency": {
        "mean": 0.029317173535823013,
        "min": 5.316920578479767e-06,
        "max": 2.686289290897548,
        "p0.1": 5.587935447692871e-06,
        "p1": 5.783047527074814e-06,
        "p5": 6.057322025299072e-06,
        "p10": 6.292946636676788e-06,
        "p25": 7.0999376475811005e-06,
        "median": 1.0265037417411804e-05,
        "p75": 0.027347428258508444,
        "p90": 0.09444046951830387,
        "p95": 0.1447585877031088,
        "p99": 0.26588500442449003,
        "p99.9": 1.9267275935621038
      }
    },
    "throughput": {
      "input_tokens_per_sec": 95039.30388087718,
      "output_tokens_per_sec": 13273.464085280733,
      "total_tokens_per_sec": 108312.76796615792,
      "requests_per_sec": 12.593865518273322
    },
    "prompt_len": {
      "mean": 7546.476,
      "min": 7456.0,
      "max": 7634.0,
      "p0.1": 7464.239,
      "p1": 7490.0,
      "p5": 7501.45,
      "p10": 7513.0,
      "p25": 7530.0,
      "median": 7546.0,
      "p75": 7563.75,
      "p90": 7578.0,
      "p95": 7591.0,
      "p99": 7614.0,
      "p99.9": 7629.506
    },
    "output_len": {
      "mean": 1053.9626666666666,
      "min": 840.0,
      "max": 8574.0,
      "p0.1": 895.426,
      "p1": 960.9,
      "p5": 983.0,
      "p10": 989.0,
      "p25": 993.0,
      "median": 995.0,
      "p75": 997.0,
      "p90": 999.0,
      "p95": 1000.0,
      "p99": 1006.02,
      "p99.9": 8562.765000000001
    }
  },
  "failures": {
    "count": 0,
    "request_latency": null,
    "prompt_len": null
  }
}