{
  "load_summary": {
    "count": 750,
    "schedule_delay": {
      "mean": 0.000796116787319382,
      "min": -0.0007243258878588676,
      "max": 0.04097481304779649,
      "p0.1": -0.0007171420599333942,
      "p1": -0.000583572294563055,
      "p5": -0.0003056214656680822,
      "p10": -0.00012966897338628766,
      "p25": 0.00026361492928117514,
      "median": 0.0006719240918755531,
      "p75": 0.0011179763823747635,
      "p90": 0.0015352690126746896,
      "p95": 0.0017850325210019943,
      "p99": 0.00220186298713088,
      "p99.9": 0.0311820038128656
    },
    "send_duration": 53.25054043298587,
    "requested_rate": 15.0,
    "achieved_rate": 14.084364100376622
  },
  "successes": {
    "count": 750,
    "latency": {
      "request_latency": {
        "mean": 39.42194740639875,
        "min": 19.264731897972524,
        "max": 71.03739522071555,
        "p0.1": 19.43902669737069,
        "p1": 21.4360534039326,
        "p5": 25.433225472690538,
        "p10": 27.074563255207615,
        "p25": 32.887748133041896,
        "median": 38.466606116620824,
        "p75": 43.58813390787691,
        "p90": 51.82362737325022,
        "p95": 65.54446711461058,
        "p99": 70.80055655612145,
        "p99.9": 70.98353536354752
      },
      "normalized_time_per_output_token": {
        "mean": 0.03959012639612599,
        "min": 0.0031042621102260084,
        "max": 0.13614525008242487,
        "p0.1": 0.0031929323419819166,
        "p1": 0.019873948310264726,
        "p5": 0.0247572849231982,
        "p10": 0.02676845743742462,
        "p25": 0.03304470929190957,
        "median": 0.038706135992589145,
        "p75": 0.0439506771935563,
        "p90": 0.052091935810671904,
        "p95": 0.06606890309599682,
        "p99": 0.0711128495784931,
        "p99.9": 0.0931868861868612
      },
      "time_per_output_token": {
        "mean": 0.03783048284102329,
        "min": 0.018390569891780614,
        "max": 0.0706793146552518,
        "p0.1": 0.018916596237933264,
        "p1": 0.02041294543672353,
        "p5": 0.024225852715736254,
        "p10": 0.026078698651166632,
        "p25": 0.03204055321088526,
        "median": 0.03708500827220268,
        "p75": 0.0419454211764969,
        "p90": 0.05082709409641102,
        "p95": 0.05766181501515675,
        "p99": 0.06991059977220372,
        "p99.9": 0.07056928990838772
      },
      "time_to_first_token": {
        "mean": 1.5887842276760686,
        "min": 0.18038769764825702,
        "max": 10.049757685046643,
        "p0.1": 0.1830630225520581,
        "p1": 0.2182360165193677,
        "p5": 0.3205179078271613,
        "p10": 0.40883428561501206,
        "p25": 0.584606236894615,
        "median": 0.9152170014567673,
        "p75": 1.7911590033909306,
        "p90": 3.7174376245122414,
        "p95": 5.274868811084889,
        "p99": 9.274922066163272,
        "p99.9": 10.026510498397055
      },
      "inter_token_latency": {
        "mean": 0.03782890591833257,
        "min": 5.30388206243515e-06,
        "max": 3.751525758765638,
        "p0.1": 5.6158751249313354e-06,
        "p1": 5.846843123435974e-06,
        "p5": 6.229151040315628e-06,
        "p10": 6.608199328184128e-06,
        "p25": 8.083879947662354e-06,
        "median": 1.9369646906852722e-05,
        "p75": 0.03643250488676131,
        "p90": 0.08910525655373928,
        "p95": 0.14620665176771577,
        "p99": 0.42351290101185285,
        "p99.9": 2.728173790734273
      }
    },
    "throughput": {
      "input_tokens_per_sec": 63875.90317673584,
      "output_tokens_per_sec": 8908.882187073543,
      "total_tokens_per_sec": 72784.78536380938,
      "requests_per_sec": 8.464335297261377
    },
    "prompt_len": {
      "mean": 7546.476,
      "min": 7456.0,
      "max": 7634.0,
      "p0.1": 7464.239,
      "p1": 7490.0,
      "p5": 7501.45,
      "p10": 7513.0,
      "p25": 7530.0,
      "median": 7546.0,
      "p75": 7563.75,
      "p90": 7578.0,
      "p95": 7591.0,
      "p99": 7614.0,
      "p99.9": 7629.506
    },
    "output_len": {
      "mean": 1052.52,
      "min": 328.0,
      "max": 8575.0,
      "p0.1": 435.856,
      "p1": 963.49,
      "p5": 982.45,
      "p10": 989.0,
      "p25": 993.0,
      "median": 995.0,
      "p75": 997.0,
      "p90": 998.0,
      "p95": 1000.0,
      "p99": 1004.51,
      "p99.9": 8563.016000000001
    }
  },
  "failures": {
    "count": 0,
    "request_latency": null,
    "prompt_len": null
  }
}