{
  "load_summary": {
    "count": 6935,
    "schedule_delay": {
      "mean": 0.0004811486646280541,
      "min": -0.0013888385146856308,
      "max": 0.04097481304779649,
      "p0.1": -0.0009875012170523405,
      "p1": -0.0006902370229363441,
      "p5": -0.0004071473143994808,
      "p10": -0.00021409709006547928,
      "p25": 8.918251842260361e-05,
      "median": 0.0004555797204375267,
      "p75": 0.0008263841737061739,
      "p90": 0.001158821675926447,
      "p95": 0.0013657482340931888,
      "p99": 0.0017458756640553474,
      "p99.9": 0.0027287830738351483
    }
  },
  "successes": {
    "count": 6934,
    "latency": {
      "request_latency": {
        "mean": 40.3388452781001,
        "min": 5.684118309058249,
        "max": 78.11404174100608,
        "p0.1": 6.231649921898264,
        "p1": 9.262870296179317,
        "p5": 13.661304058181123,
        "p10": 17.995405380567536,
        "p25": 27.321706549962983,
        "median": 40.81239667860791,
        "p75": 53.143549138098024,
        "p90": 59.6967747902032,
        "p95": 68.03997583549933,
        "p99": 74.77646483921446,
        "p99.9": 77.70907553909254
      },
      "normalized_time_per_output_token": {
        "mean": 0.04034679086730678,
        "min": 0.0014188441247156053,
        "max": 0.13614525008242487,
        "p0.1": 0.0028421303138129743,
        "p1": 0.007234181542181493,
        "p5": 0.012986717990946065,
        "p10": 0.01759942076957244,
        "p25": 0.027188753703418694,
        "median": 0.04089564905706437,
        "p75": 0.053394258065511624,
        "p90": 0.06009017151067309,
        "p95": 0.06849033963146137,
        "p99": 0.07528946137046172,
        "p99.9": 0.0783369777911481
      },
      "time_per_output_token": {
        "mean": 0.039412554752620566,
        "min": 0.005562764429021627,
        "max": 0.07588548928312958,
        "p0.1": 0.006110969875919167,
        "p1": 0.009127908552214504,
        "p5": 0.013253660109614625,
        "p10": 0.01758766476921737,
        "p25": 0.026598914156435057,
        "median": 0.04009309878316708,
        "p75": 0.051993267682380974,
        "p90": 0.05804754226659425,
        "p95": 0.06645485409931277,
        "p99": 0.07375403911058326,
        "p99.9": 0.07522608899992335
      },
      "time_to_first_token": {
        "mean": 0.910922307938145,
        "min": 0.06702421698719263,
        "max": 10.049757685046643,
        "p0.1": 0.0852259379690513,
        "p1": 0.09419962550047785,
        "p5": 0.1107818078249693,
        "p10": 0.14513302277773618,
        "p25": 0.29059958562720567,
        "median": 0.6025255206041038,
        "p75": 1.2133224174613133,
        "p90": 1.9859034742694348,
        "p95": 2.6867014880990596,
        "p99": 4.57571478445083,
        "p99.9": 9.28187906662053
      },
      "inter_token_latency": {
        "mean": 0.03941493299983855,
        "min": 5.1888637244701385e-06,
        "max": 4.331058721989393,
        "p0.1": 5.594920367002487e-06,
        "p1": 5.79003244638443e-06,
        "p5": 6.072688847780228e-06,
        "p10": 6.320886313915253e-06,
        "p25": 7.160007953643799e-06,
        "median": 1.0644085705280304e-05,
        "p75": 0.023751956527121365,
        "p90": 0.11544712083414203,
        "p95": 0.21048596797045302,
        "p99": 0.43391629284713407,
        "p99.9": 2.5916153001082582
      }
    },
    "throughput": {
      "input_tokens_per_sec": 82909.95127275524,
      "output_tokens_per_sec": 11524.99049129832,
      "total_tokens_per_sec": 94434.94176405355,
      "requests_per_sec": 10.986703799395077
    },
    "prompt_len": {
      "mean": 7546.389962503606,
      "min": 7456.0,
      "max": 7634.0,
      "p0.1": 7456.0,
      "p1": 7490.0,
      "p5": 7502.0,
      "p10": 7513.0,
      "p25": 7530.0,
      "median": 7546.0,
      "p75": 7563.0,
      "p90": 7578.0,
      "p95": 7591.349999999999,
      "p99": 7619.0,
      "p99.9": 7628.4020000000055
    },
    "output_len": {
      "mean": 1048.9943755408133,
      "min": 328.0,
      "max": 8577.0,
      "p0.1": 839.799,
      "p1": 963.0,
      "p5": 984.0,
      "p10": 989.0,
      "p25": 993.0,
      "median": 995.0,
      "p75": 997.0,
      "p90": 999.0,
      "p95": 1000.0,
      "p99": 1005.0,
      "p99.9": 8564.0
    }
  },
  "failures": {
    "count": 1,
    "request_latency": {
      "mean": 0.7259200480766594,
      "min": 0.7259200480766594,
      "max": 0.7259200480766594,
      "p0.1": 0.7259200480766594,
      "p1": 0.7259200480766594,
      "p5": 0.7259200480766594,
      "p10": 0.7259200480766594,
      "p25": 0.7259200480766594,
      "median": 0.7259200480766594,
      "p75": 0.7259200480766594,
      "p90": 0.7259200480766594,
      "p95": 0.7259200480766594,
      "p99": 0.7259200480766594,
      "p99.9": 0.7259200480766594
    },
    "prompt_len": {
      "mean": 7548.0,
      "min": 7548.0,
      "max": 7548.0,
      "p0.1": 7548.0,
      "p1": 7548.0,
      "p5": 7548.0,
      "p10": 7548.0,
      "p25": 7548.0,
      "median": 7548.0,
      "p75": 7548.0,
      "p90": 7548.0,
      "p95": 7548.0,
      "p99": 7548.0,
      "p99.9": 7548.0
    }
  }
}