{
  "load_summary": {
    "count": 750,
    "schedule_delay": {
      "mean": 0.00043280874813596406,
      "min": -0.0010214070789515972,
      "max": 0.0017663268372416496,
      "p0.1": -0.0009965369505807757,
      "p1": -0.0007253156742081046,
      "p5": -0.0004460231401026249,
      "p10": -0.0002541034948080778,
      "p25": 9.36657888814807e-05,
      "median": 0.00045208632946014404,
      "p75": 0.0007977081695571542,
      "p90": 0.0011013463139533997,
      "p95": 0.001239788788370788,
      "p99": 0.0014872163347899913,
      "p99.9": 0.0017010278399102467
    },
    "send_duration": 28.735321545042098,
    "requested_rate": 25.0,
    "achieved_rate": 26.100282150119273
  },
  "successes": {
    "count": 750,
    "latency": {
      "request_latency": {
        "mean": 107.7338983093227,
        "min": 50.80298084625974,
        "max": 176.82823529886082,
        "p0.1": 50.9050301374956,
        "p1": 55.713759014052336,
        "p5": 58.74533680821769,
        "p10": 60.732164059206845,
        "p25": 72.55376172007527,
        "median": 111.82359988964163,
        "p75": 134.39125148882158,
        "p90": 151.7341757308226,
        "p95": 172.05664216491857,
        "p99": 176.14410557004157,
        "p99.9": 176.826781747526
      },
      "normalized_time_per_output_token": {
        "mean": 0.10784816514589803,
        "min": 0.0073335268585430135,
        "max": 0.18399081625050254,
        "p0.1": 0.007373255967314565,
        "p1": 0.05118276292071558,
        "p5": 0.05884884668854963,
        "p10": 0.060989894298263944,
        "p25": 0.07283561250966036,
        "median": 0.11258630592114852,
        "p75": 0.13495270592786854,
        "p90": 0.1526249806874594,
        "p95": 0.17315095977464856,
        "p99": 0.17747142727466514,
        "p99.9": 0.18039551642992
      },
      "time_per_output_token": {
        "mean": 0.06231181870152836,
        "min": 0.02888489527301863,
        "max": 0.12855667943740265,
        "p0.1": 0.028904581518442836,
        "p1": 0.02982061327531934,
        "p5": 0.03613164779515937,
        "p10": 0.04228017997620627,
        "p25": 0.05675423376110848,
        "median": 0.06141449878551066,
        "p75": 0.0665467152626952,
        "p90": 0.0812727612094488,
        "p95": 0.09835242483690378,
        "p99": 0.11639721749071961,
        "p99.9": 0.1274359038084905
      },
      "time_to_first_token": {
        "mean": 45.392831491494555,
        "min": 0.1358483419753611,
        "max": 129.04832403175533,
        "p0.1": 0.13870272580441087,
        "p1": 0.1566119864024222,
        "p5": 0.43422803243156527,
        "p10": 0.7168124784715474,
        "p25": 1.673007427714765,
        "median": 49.79787195450626,
        "p75": 69.11880776798353,
        "p90": 111.00230397554115,
        "p95": 126.62584129753522,
        "p99": 128.75006077694707,
        "p99.9": 129.03180559948785
      },
      "inter_token_latency": {
        "mean": 0.06231186559962069,
        "min": 5.309935659170151e-06,
        "max": 61.10829527210444,
        "p0.1": 5.743931978940964e-06,
        "p1": 6.286893039941788e-06,
        "p5": 8.266326040029527e-06,
        "p10": 0.004680060129612721,
        "p25": 0.03731047594919801,
        "median": 0.048099382780492306,
        "p75": 0.05687069008126855,
        "p90": 0.07115915045142175,
        "p95": 0.10326117211952802,
        "p99": 0.4860312135890137,
        "p99.9": 1.2098893294148592
      }
    },
    "throughput": {
      "input_tokens_per_sec": 28437.176938314566,
      "output_tokens_per_sec": 3968.658351377219,
      "total_tokens_per_sec": 32405.835289691786,
      "requests_per_sec": 3.7683575845656083
    },
    "prompt_len": {
      "mean": 7546.305333333334,
      "min": 7474.0,
      "max": 7617.0,
      "p0.1": 7476.996,
      "p1": 7491.49,
      "p5": 7504.45,
      "p10": 7513.0,
      "p25": 7529.0,
      "median": 7545.0,
      "p75": 7564.0,
      "p90": 7581.1,
      "p95": 7591.55,
      "p99": 7606.02,
      "p99.9": 7616.251
    },
    "output_len": {
      "mean": 1053.1533333333334,
      "min": 326.0,
      "max": 8558.0,
      "p0.1": 684.771,
      "p1": 959.98,
      "p5": 985.0,
      "p10": 989.0,
      "p25": 993.0,
      "median": 995.0,
      "p75": 997.0,
      "p90": 998.0,
      "p95": 1000.0,
      "p99": 1002.51,
      "p99.9": 8553.506000000001
    }
  },
  "failures": {
    "count": 0,
    "request_latency": null,
    "prompt_len": null
  }
}