{
  "load_summary": {
    "count": 60,
    "schedule_delay": {
      "mean": 0.0006681949753935139,
      "min": -0.0007337583228945732,
      "max": 0.00225044135004282,
      "p0.1": -0.000706702571362257,
      "p1": -0.00046320080757141115,
      "p5": -0.00019161917734891176,
      "p10": -9.121187031269072e-05,
      "p25": 0.0003822027938440442,
      "median": 0.0006646639667451382,
      "p75": 0.0009548902744427323,
      "p90": 0.001333988830447197,
      "p95": 0.0016351327998563646,
      "p99": 0.0020075770933181032,
      "p99.9": 0.0022261549243703526
    },
    "send_duration": 19.89824200933799,
    "requested_rate": 3.0,
    "achieved_rate": 3.015341755912043
  },
  "successes": {
    "count": 60,
    "latency": {
      "request_latency": {
        "mean": 12.72775031204801,
        "min": 9.278576763346791,
        "max": 15.549712901934981,
        "p0.1": 9.280877158746124,
        "p1": 9.301580717340112,
        "p5": 9.442969801998697,
        "p10": 9.98295276183635,
        "p25": 11.147456988459453,
        "median": 12.947313069133088,
        "p75": 14.401465945527889,
        "p90": 15.26955275386572,
        "p95": 15.360335225285962,
        "p99": 15.512321193721146,
        "p99.9": 15.545973731113598
      },
      "normalized_time_per_output_token": {
        "mean": 0.012820746475697772,
        "min": 0.009297171105557908,
        "max": 0.015580874651237456,
        "p0.1": 0.009301136929361943,
        "p1": 0.009336829343598268,
        "p5": 0.009463304427487818,
        "p10": 0.010020463307467612,
        "p25": 0.011172587353168766,
        "median": 0.013060911936447697,
        "p75": 0.014439691627916158,
        "p90": 0.0153754490056693,
        "p95": 0.015428819911637437,
        "p99": 0.015534243595924075,
        "p99.9": 0.015576211545706119
      },
      "time_per_output_token": {
        "mean": 0.012502697321009794,
        "min": 0.008793809179216624,
        "max": 0.015391116856853057,
        "p0.1": 0.008807216497912168,
        "p1": 0.008927882366172066,
        "p5": 0.009259654858150017,
        "p10": 0.009822313938196749,
        "p25": 0.010982198847185858,
        "median": 0.012770290185930209,
        "p75": 0.014220268382894748,
        "p90": 0.014949460235377774,
        "p95": 0.0151579926592853,
        "p99": 0.015300810274883603,
        "p99.9": 0.015382086198656114
      },
      "time_to_first_token": {
        "mean": 0.20398669086086255,
        "min": 0.13047899398952723,
        "max": 0.5598473162390292,
        "p0.1": 0.13059444735990838,
        "p1": 0.1316335276933387,
        "p5": 0.13688006203155964,
        "p10": 0.14414770076982678,
        "p25": 0.150991297676228,
        "median": 0.161453225184232,
        "p75": 0.1885077905608341,
        "p90": 0.3450852502603084,
        "p95": 0.4914532537339255,
        "p99": 0.5306423048581926,
        "p99.9": 0.556926815100946
      },
      "inter_token_latency": {
        "mean": 0.01250286530469066,
        "min": 5.451031029224396e-06,
        "max": 0.4864370310679078,
        "p0.1": 5.73967956006527e-06,
        "p1": 6.595682352781296e-06,
        "p5": 0.003942213580012323,
        "p10": 0.0072387891821563246,
        "p25": 0.009125098120421171,
        "median": 0.012064758688211441,
        "p75": 0.014206154737621546,
        "p90": 0.015576847642660142,
        "p95": 0.016965151671320195,
        "p99": 0.02732179895043376,
        "p99.9": 0.2846536970883611
      }
    },
    "throughput": {
      "input_tokens_per_sec": 14276.082812554108,
      "output_tokens_per_sec": 1879.5519882256558,
      "total_tokens_per_sec": 16155.634800779764,
      "requests_per_sec": 1.8930240090903487
    },
    "prompt_len": {
      "mean": 7541.416666666667,
      "min": 7478.0,
      "max": 7588.0,
      "p0.1": 7478.944,
      "p1": 7487.44,
      "p5": 7501.95,
      "p10": 7512.3,
      "p25": 7526.25,
      "median": 7539.5,
      "p75": 7560.25,
      "p90": 7576.0,
      "p95": 7580.0,
      "p99": 7587.41,
      "p99.9": 7587.941
    },
    "output_len": {
      "mean": 992.8833333333333,
      "min": 889.0,
      "max": 1000.0,
      "p0.1": 894.192,
      "p1": 940.92,
      "p5": 987.8,
      "p10": 990.0,
      "p25": 992.0,
      "median": 995.0,
      "p75": 997.0,
      "p90": 998.1,
      "p95": 999.0,
      "p99": 999.41,
      "p99.9": 999.941
    }
  },
  "failures": {
    "count": 0,
    "request_latency": null,
    "prompt_len": null
  }
}