{
  "load_summary": {
    "count": 300,
    "schedule_delay": {
      "mean": 0.00046057909727096556,
      "min": -0.0007194019854068756,
      "max": 0.0018482431769371033,
      "p0.1": -0.0007098464434966444,
      "p1": -0.000652462444268167,
      "p5": -0.0004186398582533002,
      "p10": -0.00024027158506214618,
      "p25": 3.5942764952778816e-05,
      "median": 0.0004999488592147827,
      "p75": 0.0008421022212132812,
      "p90": 0.0011635583825409413,
      "p95": 0.001389230601489544,
      "p99": 0.001572853154502809,
      "p99.9": 0.00179324151668698
    },
    "send_duration": 21.693557534832507,
    "requested_rate": 15.0,
    "achieved_rate": 13.82899045111903
  },
  "successes": {
    "count": 300,
    "latency": {
      "request_latency": {
        "mean": 45.74561476917782,
        "min": 26.510800832882524,
        "max": 56.20561869582161,
        "p0.1": 26.76993448715657,
        "p1": 30.185049971099943,
        "p5": 35.13678870946169,
        "p10": 37.27913100705482,
        "p25": 43.928433169727214,
        "median": 46.67047542659566,
        "p75": 48.12639585870784,
        "p90": 52.4454486860428,
        "p95": 53.0377680476755,
        "p99": 56.00010447833221,
        "p99.9": 56.18601647566492
      },
      "normalized_time_per_output_token": {
        "mean": 0.045585364225346106,
        "min": 0.005455818854275857,
        "max": 0.056533922030039936,
        "p0.1": 0.005473617839350067,
        "p1": 0.026406326669398527,
        "p5": 0.033725816792912276,
        "p10": 0.037073481700201846,
        "p25": 0.04383557292358941,
        "median": 0.04686800818443854,
        "p75": 0.048347179522662403,
        "p90": 0.05271102245237049,
        "p95": 0.05366677021954209,
        "p99": 0.05630926382745708,
        "p99.9": 0.05652020898129987
      },
      "time_per_output_token": {
        "mean": 0.044135166728287455,
        "min": 0.02559639091973563,
        "max": 0.05431480290321633,
        "p0.1": 0.025597307519146798,
        "p1": 0.025903563189149662,
        "p5": 0.03173865906500723,
        "p10": 0.035736636569397524,
        "p25": 0.04204038073879201,
        "median": 0.04589307417348027,
        "p75": 0.047498000670340844,
        "p90": 0.05100897562885657,
        "p95": 0.05221862267267425,
        "p99": 0.05235593790093436,
        "p99.9": 0.05409646128845216
      },
      "time_to_first_token": {
        "mean": 1.5848933346429839,
        "min": 0.06270399084314704,
        "max": 30.015774895902723,
        "p0.1": 0.06391554416995496,
        "p1": 0.06866804705932736,
        "p5": 0.0773560463450849,
        "p10": 0.0935429013799876,
        "p25": 0.12027860607486218,
        "median": 0.20681157219223678,
        "p75": 0.5047494082245976,
        "p90": 2.1965553528629247,
        "p95": 3.0494506797753282,
        "p99": 29.776632785652765,
        "p99.9": 29.973755976188464
      },
      "inter_token_latency": {
        "mean": 0.04413659684967784,
        "min": 5.317851901054382e-06,
        "max": 15.060234546661377,
        "p0.1": 5.756937898695469e-06,
        "p1": 6.4393039792776104e-06,
        "p5": 9.506475180387497e-06,
        "p10": 0.00888407533057034,
        "p25": 0.023971549118869007,
        "median": 0.0392893454991281,
        "p75": 0.04960826400201768,
        "p90": 0.06023276620544493,
        "p95": 0.08098171569872648,
        "p99": 0.308293832978233,
        "p99.9": 0.7053139431448658
      }
    },
    "throughput": {
      "input_tokens_per_sec": 29856.126871991546,
      "output_tokens_per_sec": 4233.570616327122,
      "total_tokens_per_sec": 34089.69748831867,
      "requests_per_sec": 3.957039505547759
    },
    "prompt_len": {
      "mean": 7545.066666666667,
      "min": 7474.0,
      "max": 7615.0,
      "p0.1": 7475.196,
      "p1": 7491.94,
      "p5": 7503.0,
      "p10": 7512.9,
      "p25": 7526.0,
      "median": 7544.0,
      "p75": 7563.0,
      "p90": 7580.0,
      "p95": 7589.0,
      "p99": 7603.02,
      "p99.9": 7614.402
    },
    "output_len": {
      "mean": 1069.8833333333334,
      "min": 935.0,
      "max": 8556.0,
      "p0.1": 944.867,
      "p1": 970.99,
      "p5": 986.95,
      "p10": 990.0,
      "p25": 993.0,
      "median": 995.0,
      "p75": 997.0,
      "p90": 999.0,
      "p95": 1000.0,
      "p99": 1078.3299999999315,
      "p99.9": 8550.618
    }
  },
  "failures": {
    "count": 0,
    "request_latency": null,
    "prompt_len": null
  }
}