{
  "load_summary": {
    "count": 150,
    "schedule_delay": {
      "mean": 0.0014235748474796613,
      "min": -0.0001380988396704197,
      "max": 0.029429336078464985,
      "p0.1": -0.00013652723329141736,
      "p1": -0.00012688989751040935,
      "p5": 4.135635681450367e-05,
      "p10": 0.000285170366987586,
      "p25": 0.000533401733264327,
      "median": 0.0009799990803003311,
      "p75": 0.0014681733446195722,
      "p90": 0.00183291332796216,
      "p95": 0.00491088919807225,
      "p99": 0.0077407756401225766,
      "p99.9": 0.026326669599395818
    },
    "send_duration": 25.233212693128735,
    "requested_rate": 5.0,
    "achieved_rate": 5.944546254343845
  },
  "successes": {
    "count": 150,
    "latency": {
      "request_latency": {
        "mean": 1.4232766843494027,
        "min": 0.9489873792044818,
        "max": 2.8708597030490637,
        "p0.1": 0.9493272880166769,
        "p1": 0.9556178622459993,
        "p5": 0.9953023245325312,
        "p10": 1.0144145615398883,
        "p25": 1.1250083500053734,
        "median": 1.3435634756460786,
        "p75": 1.5882107003126293,
        "p90": 1.9626184335444121,
        "p95": 2.1896011605858794,
        "p99": 2.731086491635067,
        "p99.9": 2.8688596210284163
      },
      "normalized_time_per_output_token": {
        "mean": 0.007072097970276124,
        "min": 0.004697957322794465,
        "max": 0.01428288409477146,
        "p0.1": 0.004699640039686519,
        "p1": 0.0047423688774944,
        "p5": 0.00494367103383932,
        "p10": 0.0050315814322110875,
        "p25": 0.005564001083181679,
        "median": 0.006668719853389489,
        "p75": 0.00789432815479958,
        "p90": 0.009764270813653792,
        "p95": 0.010893538112367557,
        "p99": 0.013587494983259039,
        "p99.9": 0.014272933437952318
      },
      "time_per_output_token": {
        "mean": 0.005837244289018081,
        "min": 0.004186701579440628,
        "max": 0.013086273653161286,
        "p0.1": 0.004187134049861161,
        "p1": 0.004190057294015218,
        "p5": 0.004225798901286743,
        "p10": 0.004305754011337781,
        "p25": 0.00440957945661535,
        "median": 0.005171524084723064,
        "p75": 0.006491440673707985,
        "p90": 0.008157288099111997,
        "p95": 0.009483741250806508,
        "p99": 0.01194950639633297,
        "p99.9": 0.012938373592343646
      },
      "time_to_first_token": {
        "mean": 0.23449017334729433,
        "min": 0.07373558403924108,
        "max": 0.679161112755537,
        "p0.1": 0.07375919636525213,
        "p1": 0.07418460758868604,
        "p5": 0.08149440395645798,
        "p10": 0.08395741442218423,
        "p25": 0.122925357776694,
        "median": 0.14494202379137278,
        "p75": 0.33032110799103975,
        "p90": 0.4019635228905827,
        "p95": 0.41027977485209693,
        "p99": 0.6188279301906001,
        "p99.9": 0.6728572116093722
      },
      "inter_token_latency": {
        "mean": 0.0058387629077969174,
        "min": 5.585141479969025e-06,
        "max": 0.2998821302317083,
        "p0.1": 6.126767490059137e-06,
        "p1": 9.863581508398057e-06,
        "p5": 0.0031374463345855475,
        "p10": 0.004199335444718599,
        "p25": 0.004331992124207318,
        "median": 0.004848389187827706,
        "p75": 0.006062143831513822,
        "p90": 0.006574114505201578,
        "p95": 0.008018811047077178,
        "p99": 0.011440784088335917,
        "p99.9": 0.16544421833753586
      }
    },
    "throughput": {
      "input_tokens_per_sec": 66469.56122548373,
      "output_tokens_per_sec": 1150.8961609837395,
      "total_tokens_per_sec": 67620.45738646747,
      "requests_per_sec": 5.717696954511341
    },
    "prompt_len": {
      "mean": 11625.233333333334,
      "min": 11537.0,
      "max": 11706.0,
      "p0.1": 11540.129,
      "p1": 11561.43,
      "p5": 11577.9,
      "p10": 11589.0,
      "p25": 11603.25,
      "median": 11622.0,
      "p75": 11644.75,
      "p90": 11672.1,
      "p95": 11678.55,
      "p99": 11700.59,
      "p99.9": 11705.851
    },
    "output_len": {
      "mean": 201.28666666666666,
      "min": 198.0,
      "max": 205.0,
      "p0.1": 198.298,
      "p1": 200.0,
      "p5": 200.0,
      "p10": 200.0,
      "p25": 201.0,
      "median": 201.0,
      "p75": 201.0,
      "p90": 203.0,
      "p95": 204.0,
      "p99": 205.0,
      "p99.9": 205.0
    }
  },
  "failures": {
    "count": 0,
    "request_latency": null,
    "prompt_len": null
  }
}