{
  "load_summary": {
    "count": 750,
    "schedule_delay": {
      "mean": 0.0016644225387523572,
      "min": -0.0005177413113415241,
      "max": 0.06367584457620978,
      "p0.1": -0.0003844730546697974,
      "p1": -9.268382098525762e-05,
      "p5": 0.00019801221787929543,
      "p10": 0.00040876413695514204,
      "p25": 0.0007118742214515805,
      "median": 0.0011072272900491953,
      "p75": 0.0016188364243134856,
      "p90": 0.0022347447462379936,
      "p95": 0.005101844249293202,
      "p99": 0.0070494009507819965,
      "p99.9": 0.05493034132896096
    },
    "send_duration": 50.7537905536592,
    "requested_rate": 15.0,
    "achieved_rate": 14.777221401957478
  },
  "successes": {
    "count": 750,
    "latency": {
      "request_latency": {
        "mean": 9.819235917038595,
        "min": 0.9886999661102891,
        "max": 28.547930241096765,
        "p0.1": 0.9963286416893825,
        "p1": 1.215086433966644,
        "p5": 1.7213503596372903,
        "p10": 2.310226446343586,
        "p25": 3.9520518507342786,
        "median": 7.450474998913705,
        "p75": 15.1080037872307,
        "p90": 20.794870938640095,
        "p95": 23.516774830524806,
        "p99": 26.92785504776519,
        "p99.9": 28.53593260042742
      },
      "normalized_time_per_output_token": {
        "mean": 0.04877363234687103,
        "min": 0.004894554287674699,
        "max": 0.1419498110908218,
        "p0.1": 0.0049507468087720205,
        "p1": 0.006044929296835003,
        "p5": 0.008550903707175334,
        "p10": 0.011493663912157144,
        "p25": 0.01965683683972804,
        "median": 0.03688632566800692,
        "p75": 0.07502713239813452,
        "p90": 0.10390587033489306,
        "p95": 0.11679098367432059,
        "p99": 0.13252874298264908,
        "p99.9": 0.1417164594738661
      },
      "time_per_output_token": {
        "mean": 0.04260149550224051,
        "min": 0.004188317412407554,
        "max": 0.1406155355880037,
        "p0.1": 0.0041962759820695,
        "p1": 0.004692664038478487,
        "p5": 0.007030365338438453,
        "p10": 0.008858566621802032,
        "p25": 0.016485686319224833,
        "median": 0.029969029575492717,
        "p75": 0.06358885136258323,
        "p90": 0.09367598945391367,
        "p95": 0.11054783878254237,
        "p99": 0.1285553115773946,
        "p99.9": 0.13805047180854746
      },
      "time_to_first_token": {
        "mean": 1.2774280720620106,
        "min": 0.11801784206181765,
        "max": 7.289772443007678,
        "p0.1": 0.12098952279984951,
        "p1": 0.12898535264655947,
        "p5": 0.15794266301672905,
        "p10": 0.3205254038795829,
        "p25": 0.40332700952421874,
        "median": 0.7819377654232085,
        "p75": 1.723770317970775,
        "p90": 3.056689527630806,
        "p95": 3.728204586706122,
        "p99": 5.639940051883459,
        "p99.9": 7.270112946591342
      },
      "inter_token_latency": {
        "mean": 0.04272195018705084,
        "min": 5.302019417285919e-06,
        "max": 1.7361535811796784,
        "p0.1": 5.674540996551514e-06,
        "p1": 6.794426590204239e-06,
        "p5": 0.0019632349722087396,
        "p10": 0.0048682676628232,
        "p25": 0.008291811449453235,
        "median": 0.011813533958047628,
        "p75": 0.01977120153605938,
        "p90": 0.12878852309659122,
        "p95": 0.22774690822698176,
        "p99": 0.5884080064389855,
        "p99.9": 1.2421881402079018
      }
    },
    "throughput": {
      "input_tokens_per_sec": 151620.90423053564,
      "output_tokens_per_sec": 2626.992351032404,
      "total_tokens_per_sec": 154247.89658156803,
      "requests_per_sec": 13.041497688395186
    },
    "prompt_len": {
      "mean": 11626.034666666666,
      "min": 11503.0,
      "max": 11706.0,
      "p0.1": 11528.466,
      "p1": 11555.98,
      "p5": 11579.0,
      "p10": 11589.0,
      "p25": 11604.0,
      "median": 11623.0,
      "p75": 11644.75,
      "p90": 11672.0,
      "p95": 11680.0,
      "p99": 11697.0,
      "p99.9": 11705.251
    },
    "output_len": {
      "mean": 201.43333333333334,
      "min": 149.0,
      "max": 211.0,
      "p0.1": 185.701,
      "p1": 199.0,
      "p5": 200.0,
      "p10": 200.0,
      "p25": 201.0,
      "median": 201.0,
      "p75": 202.0,
      "p90": 203.0,
      "p95": 204.0,
      "p99": 206.0,
      "p99.9": 211.0
    }
  },
  "failures": {
    "count": 0,
    "request_latency": null,
    "prompt_len": null
  }
}