{
  "load_summary": {
    "count": 2250,
    "schedule_delay": {
      "mean": 0.0011945657134056092,
      "min": -0.0007626116275787354,
      "max": 0.08269837312400341,
      "p0.1": -0.0006277316734194755,
      "p1": -0.0003989237593486905,
      "p5": -0.00014281345065683126,
      "p10": 3.625764511525631e-05,
      "p25": 0.0003338470123708248,
      "median": 0.0007180320098996162,
      "p75": 0.0011362071381881833,
      "p90": 0.001714692963287235,
      "p95": 0.005036893114447593,
      "p99": 0.006255569411441676,
      "p99.9": 0.032199561518151384
    },
    "send_duration": 29.836068017873913,
    "requested_rate": 75.0,
    "achieved_rate": 75.4120817344997
  },
  "successes": {
    "count": 2249,
    "latency": {
      "request_latency": {
        "mean": 13.25116206885002,
        "min": 1.2574921450577676,
        "max": 21.685517070814967,
        "p0.1": 1.4751563785113395,
        "p1": 5.239491930492222,
        "p5": 6.478317111730576,
        "p10": 7.49172855662182,
        "p25": 10.52227289462462,
        "median": 13.801864401903003,
        "p75": 15.801579680293798,
        "p90": 18.28354966742918,
        "p95": 19.62718312134966,
        "p99": 20.910297668688,
        "p99.9": 21.662208306521183
      },
      "normalized_time_per_output_token": {
        "mean": 0.06579501767969101,
        "min": 0.00622520863889984,
        "max": 0.10833384091034531,
        "p0.1": 0.007332357111973459,
        "p1": 0.02606712403229961,
        "p5": 0.03226290367891408,
        "p10": 0.037138645318051666,
        "p25": 0.05229915098857079,
        "median": 0.06851220032716594,
        "p75": 0.07836034362670034,
        "p90": 0.09103126778633366,
        "p95": 0.09742722882499517,
        "p99": 0.103675308976931,
        "p99.9": 0.1074795765856572
      },
      "time_per_output_token": {
        "mean": 0.06691641379854721,
        "min": 0.00564793214164298,
        "max": 0.10795047412146673,
        "p0.1": 0.0068409425689400765,
        "p1": 0.023812127200097007,
        "p5": 0.029582645183739112,
        "p10": 0.03740444761207845,
        "p25": 0.054208796253330964,
        "median": 0.07035035270592678,
        "p75": 0.08002641922212206,
        "p90": 0.09077477235527288,
        "p95": 0.09678530314635184,
        "p99": 0.10368199763446921,
        "p99.9": 0.10682388757105814
      },
      "time_to_first_token": {
        "mean": 0.9170302317217705,
        "min": 0.07786142500117421,
        "max": 3.5973284733481705,
        "p0.1": 0.0808986878246069,
        "p1": 0.10998738899827004,
        "p5": 0.20616005128249526,
        "p10": 0.28130405182018875,
        "p25": 0.4392022918909788,
        "median": 0.7467671912163496,
        "p75": 1.234863345976919,
        "p90": 1.7884329110383987,
        "p95": 2.1808667515404516,
        "p99": 3.1859086660481974,
        "p99.9": 3.4988264740221213
      },
      "inter_token_latency": {
        "mean": 0.06743616274248923,
        "min": 5.179084837436676e-06,
        "max": 1.5431914487853646,
        "p0.1": 5.883269011974335e-06,
        "p1": 7.752329111099243e-06,
        "p5": 0.009895330853760244,
        "p10": 0.018282028380781412,
        "p25": 0.027983192820101976,
        "median": 0.03852524422109127,
        "p75": 0.049190560821443796,
        "p90": 0.14610590655356645,
        "p95": 0.29550427226349696,
        "p99": 0.47177940519526607,
        "p99.9": 1.098983044151218
      }
    },
    "throughput": {
      "input_tokens_per_sec": 723259.0679401272,
      "output_tokens_per_sec": 12531.40837616756,
      "total_tokens_per_sec": 735790.4763162949,
      "requests_per_sec": 62.21813979641356
    },
    "prompt_len": {
      "mean": 11624.569141840819,
      "min": 11502.0,
      "max": 11712.0,
      "p0.1": 11504.24,
      "p1": 11548.0,
      "p5": 11575.0,
      "p10": 11585.0,
      "p25": 11604.0,
      "median": 11623.0,
      "p75": 11645.0,
      "p90": 11669.0,
      "p95": 11678.0,
      "p99": 11696.0,
      "p99.9": 11705.752
    },
    "output_len": {
      "mean": 201.4108492663406,
      "min": 196.0,
      "max": 211.0,
      "p0.1": 198.0,
      "p1": 199.0,
      "p5": 200.0,
      "p10": 200.0,
      "p25": 201.0,
      "median": 201.0,
      "p75": 202.0,
      "p90": 203.0,
      "p95": 204.0,
      "p99": 206.0,
      "p99.9": 211.0
    }
  },
  "failures": {
    "count": 1,
    "request_latency": {
      "mean": 0.11323191877454519,
      "min": 0.11323191877454519,
      "max": 0.11323191877454519,
      "p0.1": 0.11323191877454519,
      "p1": 0.11323191877454519,
      "p5": 0.11323191877454519,
      "p10": 0.11323191877454519,
      "p25": 0.11323191877454519,
      "median": 0.11323191877454519,
      "p75": 0.11323191877454519,
      "p90": 0.11323191877454519,
      "p95": 0.11323191877454519,
      "p99": 0.11323191877454519,
      "p99.9": 0.11323191877454519
    },
    "prompt_len": {
      "mean": 0.0,
      "min": 0.0,
      "max": 0.0,
      "p0.1": 0.0,
      "p1": 0.0,
      "p5": 0.0,
      "p10": 0.0,
      "p25": 0.0,
      "median": 0.0,
      "p75": 0.0,
      "p90": 0.0,
      "p95": 0.0,
      "p99": 0.0,
      "p99.9": 0.0
    }
  }
}