{
  "load_summary": {
    "count": 1500,
    "schedule_delay": {
      "mean": 0.0010240892569224039,
      "min": -0.0007706135511398315,
      "max": 0.0336391543969512,
      "p0.1": -0.0006753967073746026,
      "p1": -0.0004002179857343435,
      "p5": -0.00013911768328398467,
      "p10": 5.2846316248178485e-05,
      "p25": 0.00039273721631616354,
      "median": 0.0007592597976326942,
      "p75": 0.0011270265094935894,
      "p90": 0.001490693027153612,
      "p95": 0.00197565830312669,
      "p99": 0.006011113044805824,
      "p99.9": 0.03273580679902818
    },
    "send_duration": 29.521713697817177,
    "requested_rate": 50.0,
    "achieved_rate": 50.81005849978517
  },
  "successes": {
    "count": 1499,
    "latency": {
      "request_latency": {
        "mean": 15.075619273974354,
        "min": 1.0590926306322217,
        "max": 25.943484225776047,
        "p0.1": 2.0381457652617248,
        "p1": 4.061865630550311,
        "p5": 6.508448369987309,
        "p10": 7.979189365170896,
        "p25": 10.588653597747907,
        "median": 15.26389757823199,
        "p75": 19.49153206893243,
        "p90": 21.663566459156574,
        "p95": 23.355080595519386,
        "p99": 24.827262622760607,
        "p99.9": 25.838316714222543
      },
      "normalized_time_per_output_token": {
        "mean": 0.0748655411291797,
        "min": 0.005295463153161108,
        "max": 0.12907206082475645,
        "p0.1": 0.010128219974837196,
        "p1": 0.020208286719155772,
        "p5": 0.03232654572084583,
        "p10": 0.03955816062729418,
        "p25": 0.052507379310048036,
        "median": 0.07599625065552061,
        "p75": 0.09688652052410267,
        "p90": 0.1076867648693733,
        "p95": 0.11560566076260677,
        "p99": 0.1234433470613124,
        "p99.9": 0.12800708460466753
      },
      "time_per_output_token": {
        "mean": 0.07458726818874178,
        "min": 0.004759377179046472,
        "max": 0.13014401010768387,
        "p0.1": 0.009381333535917255,
        "p1": 0.01832740338262587,
        "p5": 0.026442655707069208,
        "p10": 0.03503804399591425,
        "p25": 0.048587392362158976,
        "median": 0.07682365383903318,
        "p75": 0.09718061088883237,
        "p90": 0.1150893301253071,
        "p95": 0.12188682356702527,
        "p99": 0.12619025668958783,
        "p99.9": 0.1298917183943884
      },
      "time_to_first_token": {
        "mean": 1.270247920556087,
        "min": 0.08228789828717709,
        "max": 4.794919484760612,
        "p0.1": 0.08555704821273684,
        "p1": 0.10563688030466438,
        "p5": 0.1721601875964552,
        "p10": 0.2608259274624289,
        "p25": 0.47645757044665515,
        "median": 1.0007080836221576,
        "p75": 1.8956320215947926,
        "p90": 2.594103086460382,
        "p95": 3.1573770346119994,
        "p99": 4.175087563646956,
        "p99.9": 4.634557951150506
      },
      "inter_token_latency": {
        "mean": 0.07429544776789941,
        "min": 5.349051207304001e-06,
        "max": 1.7576959878206253,
        "p0.1": 5.881473422050476e-06,
        "p1": 8.297348394989967e-06,
        "p5": 0.009363361867144704,
        "p10": 0.015805887896567585,
        "p25": 0.021942402934655547,
        "median": 0.028274428565055132,
        "p75": 0.03707012697122991,
        "p90": 0.20356005085632206,
        "p95": 0.34979393472894793,
        "p99": 0.6825409091636538,
        "p99.9": 1.6742860835185287
      }
    },
    "throughput": {
      "input_tokens_per_sec": 463391.5990514109,
      "output_tokens_per_sec": 8027.219696221415,
      "total_tokens_per_sec": 471418.8187476323,
      "requests_per_sec": 39.862459582439094
    },
    "prompt_len": {
      "mean": 11624.761841227484,
      "min": 11502.0,
      "max": 11712.0,
      "p0.1": 11506.984,
      "p1": 11552.96,
      "p5": 11576.0,
      "p10": 11586.8,
      "p25": 11604.0,
      "median": 11623.0,
      "p75": 11645.0,
      "p90": 11668.0,
      "p95": 11678.1,
      "p99": 11696.0,
      "p99.9": 11705.502
    },
    "output_len": {
      "mean": 201.37291527685124,
      "min": 183.0,
      "max": 215.0,
      "p0.1": 193.984,
      "p1": 199.0,
      "p5": 200.0,
      "p10": 200.0,
      "p25": 201.0,
      "median": 201.0,
      "p75": 202.0,
      "p90": 203.0,
      "p95": 204.0,
      "p99": 206.0,
      "p99.9": 211.50200000000018
    }
  },
  "failures": {
    "count": 1,
    "request_latency": {
      "mean": 0.0026105670258402824,
      "min": 0.0026105670258402824,
      "max": 0.0026105670258402824,
      "p0.1": 0.0026105670258402824,
      "p1": 0.0026105670258402824,
      "p5": 0.0026105670258402824,
      "p10": 0.0026105670258402824,
      "p25": 0.0026105670258402824,
      "median": 0.0026105670258402824,
      "p75": 0.0026105670258402824,
      "p90": 0.0026105670258402824,
      "p95": 0.0026105670258402824,
      "p99": 0.0026105670258402824,
      "p99.9": 0.0026105670258402824
    },
    "prompt_len": {
      "mean": 0.0,
      "min": 0.0,
      "max": 0.0,
      "p0.1": 0.0,
      "p1": 0.0,
      "p5": 0.0,
      "p10": 0.0,
      "p25": 0.0,
      "median": 0.0,
      "p75": 0.0,
      "p90": 0.0,
      "p95": 0.0,
      "p99": 0.0,
      "p99.9": 0.0
    }
  }
}