{
  "load_summary": {
    "count": 5250,
    "schedule_delay": {
      "mean": 0.0011181597190776042,
      "min": -0.0007362896576523781,
      "max": 0.08790955599397421,
      "p0.1": -0.0006292705871164799,
      "p1": -0.0004581231344491243,
      "p5": -0.0001835707575082779,
      "p10": -4.261918365955358e-06,
      "p25": 0.0003117419546470046,
      "median": 0.0006957475561648607,
      "p75": 0.001087545300833881,
      "p90": 0.0015422421041876079,
      "p95": 0.004544109734706582,
      "p99": 0.006557348105125144,
      "p99.9": 0.05542399573605525
    },
    "send_duration": 29.946876598056406,
    "requested_rate": 175.0,
    "achieved_rate": 175.31043622561734
  },
  "successes": {
    "count": 5243,
    "latency": {
      "request_latency": {
        "mean": 25.88166341401916,
        "min": 1.765801158733666,
        "max": 43.54409476974979,
        "p0.1": 4.49866027272027,
        "p1": 12.474556691516192,
        "p5": 14.93960267873481,
        "p10": 15.785514378454536,
        "p25": 18.459078597603366,
        "median": 26.620833094231784,
        "p75": 31.168278084602207,
        "p90": 36.02087381277234,
        "p95": 38.72595367557369,
        "p99": 42.37074008085765,
        "p99.9": 43.33339288479652
      },
      "normalized_time_per_output_token": {
        "mean": 0.1285125166928127,
        "min": 0.008785080391709782,
        "max": 0.2173671371396631,
        "p0.1": 0.022381394391643133,
        "p1": 0.0620624711020706,
        "p5": 0.07405949871042569,
        "p10": 0.07839181983014058,
        "p25": 0.0916557825460518,
        "median": 0.13235783737745896,
        "p75": 0.15495135006849858,
        "p90": 0.17858467161403366,
        "p95": 0.19243549101022234,
        "p99": 0.21056920529984238,
        "p99.9": 0.21547426879416692
      },
      "time_per_output_token": {
        "mean": 0.1067110331090934,
        "min": 0.008324232888503038,
        "max": 0.18480452158488334,
        "p0.1": 0.02318309601189151,
        "p1": 0.059905291280252924,
        "p5": 0.06865655847207348,
        "p10": 0.07150579260448894,
        "p25": 0.0790184559450516,
        "median": 0.09896833810489625,
        "p75": 0.12956477110334413,
        "p90": 0.15434296195814387,
        "p95": 0.16328754359902814,
        "p99": 0.17907852126359938,
        "p99.9": 0.18452809823074845
      },
      "time_to_first_token": {
        "mean": 5.384254371056032,
        "min": 0.08021336467936635,
        "max": 16.786362753249705,
        "p0.1": 0.08927353240922094,
        "p1": 0.1192040115967393,
        "p5": 0.4191876542754472,
        "p10": 0.6001198132522404,
        "p25": 1.148257729364559,
        "median": 5.468920809682459,
        "p75": 8.52626868057996,
        "p90": 11.232993465662004,
        "p95": 12.571017466438935,
        "p99": 15.112053317939862,
        "p99.9": 16.6196759948507
      },
      "inter_token_latency": {
        "mean": 0.10720218610990734,
        "min": 5.268026143312454e-06,
        "max": 1.0459524276666343,
        "p0.1": 6.445538252592087e-06,
        "p1": 1.231614500284195e-05,
        "p5": 0.035041040182113646,
        "p10": 0.047204882185906176,
        "p25": 0.06218323903158307,
        "median": 0.08757127495482564,
        "p75": 0.12137458333745599,
        "p90": 0.17094251029193402,
        "p95": 0.2686031217686831,
        "p99": 0.4882749374955895,
        "p99.9": 0.7177398437336088
      }
    },
    "throughput": {
      "input_tokens_per_sec": 998056.9153381363,
      "output_tokens_per_sec": 17291.79883095185,
      "total_tokens_per_sec": 1015348.714169088,
      "requests_per_sec": 85.8558091973334
    },
    "prompt_len": {
      "mean": 11624.803547587258,
      "min": 11502.0,
      "max": 11716.0,
      "p0.1": 11503.242,
      "p1": 11548.0,
      "p5": 11576.0,
      "p10": 11586.0,
      "p25": 11605.0,
      "median": 11624.0,
      "p75": 11645.0,
      "p90": 11668.8,
      "p95": 11678.0,
      "p99": 11696.0,
      "p99.9": 11706.758000000002
    },
    "output_len": {
      "mean": 201.40511157734122,
      "min": 192.0,
      "max": 218.0,
      "p0.1": 197.0,
      "p1": 199.0,
      "p5": 200.0,
      "p10": 200.0,
      "p25": 201.0,
      "median": 201.0,
      "p75": 202.0,
      "p90": 203.0,
      "p95": 204.0,
      "p99": 206.0,
      "p99.9": 211.0
    }
  },
  "failures": {
    "count": 7,
    "request_latency": {
      "mean": 0.04868220677599311,
      "min": 0.002426204737275839,
      "max": 0.23271643975749612,
      "p0.1": 0.0024267621198669075,
      "p1": 0.0024317785631865264,
      "p5": 0.002454073866829276,
      "p10": 0.0024819429963827133,
      "p25": 0.0028151029255241156,
      "median": 0.010503632016479969,
      "p75": 0.0447494825348258,
      "p90": 0.13184551624581226,
      "p95": 0.18228097800165402,
      "p99": 0.22262934740632764,
      "p99.9": 0.2317077305223794
    },
    "prompt_len": {
      "mean": 0.0,
      "min": 0.0,
      "max": 0.0,
      "p0.1": 0.0,
      "p1": 0.0,
      "p5": 0.0,
      "p10": 0.0,
      "p25": 0.0,
      "median": 0.0,
      "p75": 0.0,
      "p90": 0.0,
      "p95": 0.0,
      "p99": 0.0,
      "p99.9": 0.0
    }
  }
}