{
  "load_summary": {
    "count": 4500,
    "schedule_delay": {
      "mean": 0.0010742118594547112,
      "min": -0.0007601766847074032,
      "max": 0.08671154920011759,
      "p0.1": -0.0006577254999428988,
      "p1": -0.00047678417060524224,
      "p5": -0.00019153624307364223,
      "p10": -2.1648965775966642e-05,
      "p25": 0.00031627947464585304,
      "median": 0.0007068011909723282,
      "p75": 0.001091531477868557,
      "p90": 0.0015615382697433226,
      "p95": 0.004667344503104687,
      "p99": 0.006078793313354258,
      "p99.9": 0.04733076398028311
    },
    "send_duration": 30.30763878999278,
    "requested_rate": 150.0,
    "achieved_rate": 148.47741954367777
  },
  "successes": {
    "count": 4499,
    "latency": {
      "request_latency": {
        "mean": 22.92191173989091,
        "min": 1.3209609556943178,
        "max": 36.324723850004375,
        "p0.1": 3.1516136978417637,
        "p1": 8.285191590134055,
        "p5": 13.29534879885614,
        "p10": 14.701906580571086,
        "p25": 18.372968984302133,
        "median": 22.674615948926657,
        "p75": 27.45056736492552,
        "p90": 31.883371835574508,
        "p95": 34.034159949049354,
        "p99": 36.098027918078,
        "p99.9": 36.24684490431287
      },
      "normalized_time_per_output_token": {
        "mean": 0.1138212348504584,
        "min": 0.006539410671754049,
        "max": 0.18208637283459755,
        "p0.1": 0.01571872285981936,
        "p1": 0.04118057766968231,
        "p5": 0.06612927426311742,
        "p10": 0.0728467967573364,
        "p25": 0.09107009319086767,
        "median": 0.1126027558795244,
        "p75": 0.13642383114218984,
        "p90": 0.15827434274196553,
        "p95": 0.16876024009080345,
        "p99": 0.1795146214872687,
        "p99.9": 0.18079634771048486
      },
      "time_per_output_token": {
        "mean": 0.10234413772822117,
        "min": 0.006120641481799957,
        "max": 0.17061059241415932,
        "p0.1": 0.015460364227210187,
        "p1": 0.0375878094697796,
        "p5": 0.055275138531301525,
        "p10": 0.06815257517772555,
        "p25": 0.0803404866446315,
        "median": 0.10217579460270654,
        "p75": 0.12337198919500225,
        "p90": 0.1386106451973319,
        "p95": 0.1486206995472312,
        "p99": 0.16679720156057737,
        "p99.9": 0.17051549146440811
      },
      "time_to_first_token": {
        "mean": 3.106457061933117,
        "min": 0.06825528293848038,
        "max": 10.197369872126728,
        "p0.1": 0.08519639057852328,
        "p1": 0.12097880863584579,
        "p5": 0.2691822106484324,
        "p10": 0.4429050457663834,
        "p25": 0.937767016235739,
        "median": 2.7270046868361533,
        "p75": 5.1052623288705945,
        "p90": 6.121160716563463,
        "p95": 6.637514765607189,
        "p99": 8.750779826473444,
        "p99.9": 9.799550552867354
      },
      "inter_token_latency": {
        "mean": 0.1033642431345752,
        "min": 5.213078111410141e-06,
        "max": 1.415237134322524,
        "p0.1": 5.6657674722373486e-06,
        "p1": 6.27199187874794e-06,
        "p5": 1.0324642062187195e-05,
        "p10": 0.014865381224080924,
        "p25": 0.056300561991520226,
        "median": 0.08706966950558126,
        "p75": 0.11506068077869713,
        "p90": 0.18431185153312993,
        "p95": 0.2868127218447621,
        "p99": 0.5454612600477409,
        "p99.9": 0.826135151154828
      }
    },
    "throughput": {
      "input_tokens_per_sec": 984316.5778144624,
      "output_tokens_per_sec": 17053.262453551724,
      "total_tokens_per_sec": 1001369.8402680141,
      "requests_per_sec": 84.673279364276
    },
    "prompt_len": {
      "mean": 11624.878417426095,
      "min": 11502.0,
      "max": 11716.0,
      "p0.1": 11503.498,
      "p1": 11548.0,
      "p5": 11576.0,
      "p10": 11586.0,
      "p25": 11605.0,
      "median": 11624.0,
      "p75": 11645.0,
      "p90": 11668.0,
      "p95": 11678.0,
      "p99": 11696.0,
      "p99.9": 11706.502
    },
    "output_len": {
      "mean": 201.40075572349411,
      "min": 189.0,
      "max": 214.0,
      "p0.1": 197.0,
      "p1": 199.0,
      "p5": 200.0,
      "p10": 200.0,
      "p25": 201.0,
      "median": 201.0,
      "p75": 202.0,
      "p90": 203.0,
      "p95": 204.0,
      "p99": 207.0,
      "p99.9": 211.0
    }
  },
  "failures": {
    "count": 1,
    "request_latency": {
      "mean": 0.007294464856386185,
      "min": 0.007294464856386185,
      "max": 0.007294464856386185,
      "p0.1": 0.007294464856386185,
      "p1": 0.007294464856386185,
      "p5": 0.007294464856386185,
      "p10": 0.007294464856386185,
      "p25": 0.007294464856386185,
      "median": 0.007294464856386185,
      "p75": 0.007294464856386185,
      "p90": 0.007294464856386185,
      "p95": 0.007294464856386185,
      "p99": 0.007294464856386185,
      "p99.9": 0.007294464856386185
    },
    "prompt_len": {
      "mean": 0.0,
      "min": 0.0,
      "max": 0.0,
      "p0.1": 0.0,
      "p1": 0.0,
      "p5": 0.0,
      "p10": 0.0,
      "p25": 0.0,
      "median": 0.0,
      "p75": 0.0,
      "p90": 0.0,
      "p95": 0.0,
      "p99": 0.0,
      "p99.9": 0.0
    }
  }
}