{
  "load_summary": {
    "count": 2550,
    "schedule_delay": {
      "mean": 0.0005183025913349554,
      "min": -0.0010846992954611778,
      "max": 0.09849578700959682,
      "p0.1": -0.000954431223217398,
      "p1": -0.0006651331391185522,
      "p5": -0.00039906406309455635,
      "p10": -0.00021607312373816967,
      "p25": 9.479513391852379e-05,
      "median": 0.00045418483205139637,
      "p75": 0.000802291207946837,
      "p90": 0.0011142531409859657,
      "p95": 0.0012735065072774878,
      "p99": 0.0016647807369008657,
      "p99.9": 0.009268790577077237
    },
    "send_duration": 29.397559551987797,
    "requested_rate": 85.0,
    "achieved_rate": 86.74189418650484
  },
  "successes": {
    "count": 2501,
    "latency": {
      "request_latency": {
        "mean": 119.68222826830905,
        "min": 47.738402309361845,
        "max": 289.94554401934147,
        "p0.1": 47.98228844697587,
        "p1": 51.07314487174153,
        "p5": 57.39709610491991,
        "p10": 87.57029404584318,
        "p25": 98.27451025694609,
        "median": 112.08401187742129,
        "p75": 130.58376207295805,
        "p90": 161.5158890709281,
        "p95": 238.44912288617343,
        "p99": 245.99269721331075,
        "p99.9": 270.51691986108204
      },
      "normalized_time_per_output_token": {
        "mean": 0.11802119579224178,
        "min": 0.0,
        "max": 1.1100680215848966,
        "p0.1": 0.0,
        "p1": 0.0,
        "p5": 0.0,
        "p10": 0.055510823961745934,
        "p25": 0.09605645558841797,
        "median": 0.11286534542866784,
        "p75": 0.13128428797874306,
        "p90": 0.1633404799632519,
        "p95": 0.2447219104529452,
        "p99": 0.27147175501761905,
        "p99.9": 0.9262064615807752
      },
      "time_per_output_token": {
        "mean": 0.08653361822005748,
        "min": 6.968621164560318e-06,
        "max": 1.043463766843695,
        "p0.1": 8.081085979938507e-06,
        "p1": 9.752810001373291e-06,
        "p5": 2.995319664478302e-05,
        "p10": 0.04629301386419684,
        "p25": 0.05322346266778186,
        "median": 0.08794512235466391,
        "p75": 0.11534117981232703,
        "p90": 0.12446312538022175,
        "p95": 0.12945956225600094,
        "p99": 0.2014211919968948,
        "p99.9": 0.8740709792606144
      },
      "time_to_first_token": {
        "mean": 36.358570264055075,
        "min": 0.05327692674472928,
        "max": 233.12589810229838,
        "p0.1": 0.08334884699434042,
        "p1": 0.21359633700922132,
        "p5": 0.6457823901437223,
        "p10": 1.4834683230146766,
        "p25": 4.847282378003001,
        "median": 16.37591132801026,
        "p75": 49.64853557292372,
        "p90": 109.18188360705972,
        "p95": 121.37801227299497,
        "p99": 194.30939648393542,
        "p99.9": 232.71876724855974
      },
      "inter_token_latency": {
        "mean": 0.08943832658938343,
        "min": 5.4622069001197815e-06,
        "max": 105.51757223205641,
        "p0.1": 6.506685167551041e-06,
        "p1": 0.0038727681711316093,
        "p5": 0.03201589363161474,
        "p10": 0.03471966544166207,
        "p25": 0.04026967321988195,
        "median": 0.06639686599373817,
        "p75": 0.08249810978304595,
        "p90": 0.10616198326461017,
        "p95": 0.10785705058369786,
        "p99": 0.784080650312826,
        "p99.9": 2.2666127479337175
      }
    },
    "throughput": {
      "input_tokens_per_sec": 57290.64578942993,
      "output_tokens_per_sec": 7458.5848618304535,
      "total_tokens_per_sec": 64749.23065126039,
      "requests_per_sec": 7.590287426061304
    },
    "prompt_len": {
      "mean": 7547.888844462215,
      "min": 7474.0,
      "max": 7621.0,
      "p0.1": 7474.0,
      "p1": 7489.0,
      "p5": 7505.0,
      "p10": 7514.0,
      "p25": 7531.0,
      "median": 7547.0,
      "p75": 7566.0,
      "p90": 7581.0,
      "p95": 7590.0,
      "p99": 7609.0,
      "p99.9": 7618.0
    },
    "output_len": {
      "mean": 982.6485405837665,
      "min": 0.0,
      "max": 8585.0,
      "p0.1": 0.0,
      "p1": 0.0,
      "p5": 0.0,
      "p10": 926.0,
      "p25": 990.0,
      "median": 995.0,
      "p75": 997.0,
      "p90": 999.0,
      "p95": 1001.0,
      "p99": 1004.0,
      "p99.9": 8557.000000000002
    }
  },
  "failures": {
    "count": 49,
    "request_latency": {
      "mean": 300.5161997162433,
      "min": 300.0742866192013,
      "max": 300.9815140911378,
      "p0.1": 300.07436325073985,
      "p1": 300.075052934587,
      "p5": 300.09169588042425,
      "p10": 300.12795299384743,
      "p25": 300.27376284310594,
      "median": 300.44584526633844,
      "p75": 300.80557687580585,
      "p90": 300.89971115738155,
      "p95": 300.93357461933044,
      "p99": 300.96374693678695,
      "p99.9": 300.9797373757027
    },
    "prompt_len": {
      "mean": 0.0,
      "min": 0.0,
      "max": 0.0,
      "p0.1": 0.0,
      "p1": 0.0,
      "p5": 0.0,
      "p10": 0.0,
      "p25": 0.0,
      "median": 0.0,
      "p75": 0.0,
      "p90": 0.0,
      "p95": 0.0,
      "p99": 0.0,
      "p99.9": 0.0
    }
  }
}