{
  "load_summary": {
    "count": 2100,
    "schedule_delay": {
      "mean": 0.000406298973331494,
      "min": -0.0010485434904694557,
      "max": 0.002703768201172352,
      "p0.1": -0.0009484933954663575,
      "p1": -0.0007259185612201691,
      "p5": -0.00042458847165107724,
      "p10": -0.0002454322762787342,
      "p25": 5.291926208883524e-05,
      "median": 0.0003978882450610399,
      "p75": 0.0007541928207501769,
      "p90": 0.0010867779143154622,
      "p95": 0.001239469950087368,
      "p99": 0.001522239502519369,
      "p99.9": 0.0018050368684344096
    },
    "send_duration": 29.912194755859673,
    "requested_rate": 70.0,
    "achieved_rate": 70.20548031129073
  },
  "successes": {
    "count": 2100,
    "latency": {
      "request_latency": {
        "mean": 95.41672890583585,
        "min": 39.15889073815197,
        "max": 198.8405290278606,
        "p0.1": 39.34520406603813,
        "p1": 44.212467328622004,
        "p5": 53.237131786183454,
        "p10": 56.43774184351787,
        "p25": 77.65946470818017,
        "median": 92.67032300843857,
        "p75": 107.4358572261408,
        "p90": 124.97340272683651,
        "p95": 165.32830071584323,
        "p99": 196.2298568717809,
        "p99.9": 198.53942687419342
      },
      "normalized_time_per_output_token": {
        "mean": 0.11534900946606949,
        "min": 0.0,
        "max": 32.3179666280436,
        "p0.1": 0.0,
        "p1": 0.0,
        "p5": 0.04229391134580382,
        "p10": 0.05387988282262458,
        "p25": 0.07419835999775104,
        "median": 0.09406519250413282,
        "p75": 0.11646664302021559,
        "p90": 0.12620027098772751,
        "p95": 0.1863823314160721,
        "p99": 0.19915926809632048,
        "p99.9": 0.9116866478710652
      },
      "time_per_output_token": {
        "mean": 0.09356495149884463,
        "min": 8.663628250360489e-06,
        "max": 24.039350593462586,
        "p0.1": 8.850523270666599e-06,
        "p1": 1.2140404433012009e-05,
        "p5": 0.02392560233282857,
        "p10": 0.04617486470337026,
        "p25": 0.05271893670258578,
        "median": 0.07556479518961667,
        "p75": 0.1050674713520566,
        "p90": 0.12100303560285704,
        "p95": 0.1229980773526011,
        "p99": 0.16958165130685068,
        "p99.9": 0.9009461355551751
      },
      "time_to_first_token": {
        "mean": 20.444926447279617,
        "min": 0.07892823871225119,
        "max": 113.86548146931455,
        "p0.1": 0.10012666233349592,
        "p1": 0.15958524318411946,
        "p5": 0.3405280280858278,
        "p10": 0.5253608668688685,
        "p25": 1.2495153851341456,
        "median": 5.245702650398016,
        "p75": 19.933225867687725,
        "p90": 82.20270229210146,
        "p95": 104.44638756569475,
        "p99": 111.64954998216591,
        "p99.9": 113.74504541312952
      },
      "inter_token_latency": {
        "mean": 0.07941790504073357,
        "min": 5.330890417098999e-06,
        "max": 98.44166713487357,
        "p0.1": 6.3770897686481475e-06,
        "p1": 0.00020310835912823658,
        "p5": 0.02453803950920701,
        "p10": 0.03504347642883658,
        "p25": 0.040394899901002645,
        "median": 0.05592191591858864,
        "p75": 0.07820347603410482,
        "p90": 0.10605901628732681,
        "p95": 0.10746014611795544,
        "p99": 0.6464094810932876,
        "p99.9": 1.8555968945939096
      }
    },
    "throughput": {
      "input_tokens_per_sec": 72141.23057782798,
      "output_tokens_per_sec": 9522.871533902962,
      "total_tokens_per_sec": 81664.10211173094,
      "requests_per_sec": 9.557871549242808
    },
    "prompt_len": {
      "mean": 7547.834285714286,
      "min": 7474.0,
      "max": 7621.0,
      "p0.1": 7474.099,
      "p1": 7489.0,
      "p5": 7505.0,
      "p10": 7514.0,
      "p25": 7530.0,
      "median": 7547.0,
      "p75": 7566.0,
      "p90": 7581.0,
      "p95": 7590.0,
      "p99": 7609.0,
      "p99.9": 7618.0
    },
    "output_len": {
      "mean": 996.3380952380952,
      "min": 0.0,
      "max": 8579.0,
      "p0.1": 0.0,
      "p1": 0.0,
      "p5": 776.0,
      "p10": 853.7,
      "p25": 991.0,
      "median": 995.0,
      "p75": 997.0,
      "p90": 999.0,
      "p95": 1000.0,
      "p99": 1005.0,
      "p99.9": 8554.802
    }
  },
  "failures": {
    "count": 0,
    "request_latency": null,
    "prompt_len": null
  }
}