{
  "load_summary": {
    "count": 240,
    "schedule_delay": {
      "mean": 0.0005844945631300409,
      "min": -0.001387566328048706,
      "max": 0.0019345767796039581,
      "p0.1": -0.001374889048282057,
      "p1": -0.0008500272454693913,
      "p5": -0.0002767337951809168,
      "p10": -7.825177162885666e-05,
      "p25": 0.00016487855464220047,
      "median": 0.0005997060798108578,
      "p75": 0.0010206315200775862,
      "p90": 0.0012313913088291882,
      "p95": 0.001445227349177002,
      "p99": 0.0016571566602215158,
      "p99.9": 0.001927261376287789
    },
    "send_duration": 29.095820364076644,
    "requested_rate": 8.0,
    "achieved_rate": 8.248607428726006
  },
  "successes": {
    "count": 240,
    "latency": {
      "request_latency": {
        "mean": 37.8895319735903,
        "min": 19.506896783132106,
        "max": 47.01089027291164,
        "p0.1": 19.994199406838977,
        "p1": 21.72238909465261,
        "p5": 24.161548783932812,
        "p10": 30.12843202832155,
        "p25": 34.489893582998775,
        "median": 39.13017610646784,
        "p75": 42.474401036161,
        "p90": 43.965409125527366,
        "p95": 45.027711324184196,
        "p99": 46.70168884967919,
        "p99.9": 46.9610030892836
      },
      "normalized_time_per_output_token": {
        "mean": 0.03796957111015604,
        "min": 0.019565593563823577,
        "max": 0.04715234731485621,
        "p0.1": 0.020033723350296958,
        "p1": 0.021658306996917367,
        "p5": 0.0242300207447351,
        "p10": 0.03021274331453721,
        "p25": 0.03454173895250567,
        "median": 0.039266207986522604,
        "p75": 0.04263776860467866,
        "p90": 0.04404985585360172,
        "p95": 0.04503745470567163,
        "p99": 0.046842641796377135,
        "p99.9": 0.04713608067747306
      },
      "time_per_output_token": {
        "mean": 0.03730478044184662,
        "min": 0.019430998740252108,
        "max": 0.0464465525620617,
        "p0.1": 0.019915229703777935,
        "p1": 0.02163328656866681,
        "p5": 0.02405764744079206,
        "p10": 0.029289335393253717,
        "p25": 0.034181857940391636,
        "median": 0.038699037693440914,
        "p75": 0.04176080177805852,
        "p90": 0.043419511073175814,
        "p95": 0.04445028521034401,
        "p99": 0.04635930675460025,
        "p99.9": 0.046428061923115514
      },
      "time_to_first_token": {
        "mean": 0.5538163984563046,
        "min": 0.04216143488883972,
        "max": 2.5635085459798574,
        "p0.1": 0.04225072630262002,
        "p1": 0.04602160337846726,
        "p5": 0.06688825136516244,
        "p10": 0.08389815413393081,
        "p25": 0.23960353655274957,
        "median": 0.4289560504257679,
        "p75": 0.8122096251463518,
        "p90": 1.1837659859098493,
        "p95": 1.3413581051863719,
        "p99": 2.0600946329394327,
        "p99.9": 2.4974571857061303
      },
      "inter_token_latency": {
        "mean": 0.03730478044184662,
        "min": 5.456153303384781e-06,
        "max": 1.4859255701303482,
        "p0.1": 5.725305527448654e-06,
        "p1": 6.026583723723888e-06,
        "p5": 6.618420593440533e-06,
        "p10": 7.234048098325729e-06,
        "p25": 9.89111140370369e-06,
        "median": 2.4656997993588448e-05,
        "p75": 0.04945458413567394,
        "p90": 0.11201846026815475,
        "p95": 0.1594721826724708,
        "p99": 0.28707758379168835,
        "p99.9": 1.0637117453352594
      }
    },
    "throughput": {
      "input_tokens_per_sec": 25979.191336261898,
      "output_tokens_per_sec": 3436.7005457477608,
      "total_tokens_per_sec": 29415.89188200966,
      "requests_per_sec": 3.443673985568537
    },
    "prompt_len": {
      "mean": 7544.033333333334,
      "min": 7483.0,
      "max": 7595.0,
      "p0.1": 7485.151,
      "p1": 7492.78,
      "p5": 7507.9,
      "p10": 7515.8,
      "p25": 7528.0,
      "median": 7544.0,
      "p75": 7560.0,
      "p90": 7576.0,
      "p95": 7580.1,
      "p99": 7592.61,
      "p99.9": 7594.761
    },
    "output_len": {
      "mean": 997.975,
      "min": 978.0,
      "max": 1017.0,
      "p0.1": 979.912,
      "p1": 986.78,
      "p5": 992.0,
      "p10": 993.9,
      "p25": 996.0,
      "median": 998.0,
      "p75": 1000.0,
      "p90": 1002.1,
      "p95": 1004.0,
      "p99": 1007.22,
      "p99.9": 1014.8490000000002
    }
  },
  "failures": {
    "count": 0,
    "request_latency": null,
    "prompt_len": null
  }
}