{
  "load_summary": {
    "count": 500,
    "schedule_delay": {
      "mean": 0.0008968026982620358,
      "min": -0.0007317578420042992,
      "max": 0.014153784606605768,
      "p0.1": -0.0007279895790852606,
      "p1": -0.00046723443083465096,
      "p5": -0.00014338628388941283,
      "p10": 7.97047279775143e-05,
      "p25": 0.00045842560939490795,
      "median": 0.0008581399451941252,
      "p75": 0.001303910743445158,
      "p90": 0.0016613882500678301,
      "p95": 0.0019466515630483627,
      "p99": 0.0023063739156350487,
      "p99.9": 0.008366024148650852
    },
    "send_duration": 50.85585182113573,
    "requested_rate": 10.0,
    "achieved_rate": 9.831710257426062
  },
  "successes": {
    "count": 497,
    "latency": {
      "request_latency": {
        "mean": 81.30936165405643,
        "min": 37.85114265372977,
        "max": 96.54795431299135,
        "p0.1": 37.999281615372745,
        "p1": 42.79843426588923,
        "p5": 55.664875644166024,
        "p10": 66.09378287419676,
        "p25": 77.08360046008602,
        "median": 84.10277536744252,
        "p75": 90.22015764098614,
        "p90": 92.48091947557405,
        "p95": 93.41236516395584,
        "p99": 95.5448167945817,
        "p99.9": 96.475759308856
      },
      "normalized_time_per_output_token": {
        "mean": 0.08143411804983805,
        "min": 0.03807962037598568,
        "max": 0.09683846972215783,
        "p0.1": 0.03817137211773444,
        "p1": 0.04268404030725729,
        "p5": 0.05632084583964288,
        "p10": 0.0661775455847972,
        "p25": 0.07708463906810256,
        "median": 0.08421276281587779,
        "p75": 0.09026508082348783,
        "p90": 0.0925574691254212,
        "p95": 0.09337626762751579,
        "p99": 0.09568830555625477,
        "p99.9": 0.09671800190139877
      },
      "time_per_output_token": {
        "mean": 0.0801560164620056,
        "min": 0.03741539350384846,
        "max": 0.09525354375503957,
        "p0.1": 0.03759170573107525,
        "p1": 0.04211422102825716,
        "p5": 0.05504977923110128,
        "p10": 0.06535634453995154,
        "p25": 0.07560977956699208,
        "median": 0.08252722790883854,
        "p75": 0.08906503372779116,
        "p90": 0.09112060323543847,
        "p95": 0.09232092593284323,
        "p99": 0.09458079374669119,
        "p99.9": 0.09510402386806907
      },
      "time_to_first_token": {
        "mean": 1.1161598916862616,
        "min": 0.1326991068199277,
        "max": 3.7373552001081407,
        "p0.1": 0.14449481873214245,
        "p1": 0.2667963451519608,
        "p5": 0.3387918190099299,
        "p10": 0.4278772263787687,
        "p25": 0.6044917083345354,
        "median": 0.9342259308323264,
        "p75": 1.466935251839459,
        "p90": 2.061781701631844,
        "p95": 2.475516842212528,
        "p99": 3.297540408615023,
        "p99.9": 3.703608379926538
      },
      "inter_token_latency": {
        "mean": 0.08015601646200561,
        "min": 5.336012691259384e-06,
        "max": 2.095732495188713,
        "p0.1": 5.71180135011673e-06,
        "p1": 6.041023880243301e-06,
        "p5": 6.736232899129391e-06,
        "p10": 7.563270628452301e-06,
        "p25": 1.1972500942647457e-05,
        "median": 2.8651440516114235e-05,
        "p75": 0.11437810736242682,
        "p90": 0.2395220133010299,
        "p95": 0.3262716198572887,
        "p99": 0.6638958087284125,
        "p99.9": 1.4742256683581536
      }
    },
    "throughput": {
      "input_tokens_per_sec": 28190.689412895423,
      "output_tokens_per_sec": 3730.3019402071563,
      "total_tokens_per_sec": 31920.99135310258,
      "requests_per_sec": 3.7365796948252226
    },
    "prompt_len": {
      "mean": 7544.517102615694,
      "min": 7483.0,
      "max": 7603.0,
      "p0.1": 7485.48,
      "p1": 7494.0,
      "p5": 7508.0,
      "p10": 7514.0,
      "p25": 7528.0,
      "median": 7544.0,
      "p75": 7560.0,
      "p90": 7575.0,
      "p95": 7582.0,
      "p99": 7595.0,
      "p99.9": 7601.512000000001
    },
    "output_len": {
      "mean": 998.3199195171026,
      "min": 825.0,
      "max": 1010.0,
      "p0.1": 893.448,
      "p1": 988.92,
      "p5": 993.0,
      "p10": 994.0,
      "p25": 996.0,
      "median": 999.0,
      "p75": 1001.0,
      "p90": 1003.4000000000001,
      "p95": 1005.0,
      "p99": 1007.04,
      "p99.9": 1009.0080000000002
    }
  },
  "failures": {
    "count": 3,
    "request_latency": {
      "mean": 0.011177174436549345,
      "min": 0.004757220856845379,
      "max": 0.023538653273135424,
      "p0.1": 0.004758177713491023,
      "p1": 0.004766789423301816,
      "p5": 0.004805063689127564,
      "p10": 0.00485290652140975,
      "p25": 0.004996435018256307,
      "median": 0.005235649179667234,
      "p75": 0.014387151226401329,
      "p90": 0.019878052454441787,
      "p95": 0.021708352863788603,
      "p99": 0.02317259319126606,
      "p99.9": 0.023502047264948492
    },
    "prompt_len": {
      "mean": 0.0,
      "min": 0.0,
      "max": 0.0,
      "p0.1": 0.0,
      "p1": 0.0,
      "p5": 0.0,
      "p10": 0.0,
      "p25": 0.0,
      "median": 0.0,
      "p75": 0.0,
      "p90": 0.0,
      "p95": 0.0,
      "p99": 0.0,
      "p99.9": 0.0
    }
  }
}