{
  "load_summary": {
    "count": 4580,
    "schedule_delay": {
      "mean": 0.0005404268734067613,
      "min": -0.001387566328048706,
      "max": 0.04405902652069926,
      "p0.1": -0.0009189442149363458,
      "p1": -0.0006582159688696265,
      "p5": -0.0003381331916898489,
      "p10": -0.00018595294095575808,
      "p25": 0.00013368227519094944,
      "median": 0.0005052550695836544,
      "p75": 0.0009019109420478344,
      "p90": 0.0012422015890479088,
      "p95": 0.0014536763075739146,
      "p99": 0.0018243428971618414,
      "p99.9": 0.002494929063133924
    }
  },
  "successes": {
    "count": 4577,
    "latency": {
      "request_latency": {
        "mean": 135.54240294848248,
        "min": 11.327361762989312,
        "max": 300.13650088291615,
        "p0.1": 12.096247914306819,
        "p1": 15.578315211776644,
        "p5": 40.09764034533873,
        "p10": 66.22961361631751,
        "p25": 87.27330668456852,
        "median": 107.76592072518542,
        "p75": 194.07946646492928,
        "p90": 278.0126106903889,
        "p95": 294.64682447575035,
        "p99": 296.8533419048414,
        "p99.9": 298.10857563603304
      },
      "normalized_time_per_output_token": {
        "mean": 0.13573206747594652,
        "min": 0.011350061886762838,
        "max": 0.30104459988249593,
        "p0.1": 0.012087543237597557,
        "p1": 0.015616613219377727,
        "p5": 0.039996417289621236,
        "p10": 0.06649121186747131,
        "p25": 0.08735480589254616,
        "median": 0.10780897861393168,
        "p75": 0.19435636800996478,
        "p90": 0.27807547531435384,
        "p95": 0.2943276788123617,
        "p99": 0.2970924906851654,
        "p99.9": 0.2992087031558535
      },
      "time_per_output_token": {
        "mean": 0.08976769596727108,
        "min": 0.011118377876002342,
        "max": 0.1090809428319335,
        "p0.1": 0.011934625977557152,
        "p1": 0.015371357617489994,
        "p5": 0.038603971287608146,
        "p10": 0.05608182132132351,
        "p25": 0.07963828316843137,
        "median": 0.10008722527697682,
        "p75": 0.10625148199824616,
        "p90": 0.10697803542874754,
        "p95": 0.10735780585836618,
        "p99": 0.10806320855576546,
        "p99.9": 0.108702918552503
      },
      "time_to_first_token": {
        "mean": 45.74399165686884,
        "min": 0.04068539710715413,
        "max": 200.09988072374836,
        "p0.1": 0.04391258616000414,
        "p1": 0.060846525393426415,
        "p5": 0.10891789915040136,
        "p10": 0.2652222235687077,
        "p25": 0.6390209239907563,
        "median": 1.6268381606787443,
        "p75": 91.48360073007643,
        "p90": 177.1763386625799,
        "p95": 193.123152113799,
        "p99": 196.67438822796566,
        "p99.9": 198.2007699897066
      },
      "inter_token_latency": {
        "mean": 0.08976779621206711,
        "min": 5.30388206243515e-06,
        "max": 2.449016963131726,
        "p0.1": 5.701091140508652e-06,
        "p1": 5.9730373322963715e-06,
        "p5": 6.4587220549583435e-06,
        "p10": 6.985850632190704e-06,
        "p25": 9.225215762853622e-06,
        "median": 2.2205058485269547e-05,
        "p75": 0.13330326927825809,
        "p90": 0.282418542355299,
        "p95": 0.3841080281883476,
        "p99": 0.801764234881844,
        "p99.9": 1.437480407323706
      }
    },
    "throughput": {
      "input_tokens_per_sec": 31346.072872917066,
      "output_tokens_per_sec": 4148.572973335166,
      "total_tokens_per_sec": 35494.645846252235,
      "requests_per_sec": 4.154783816873521
    },
    "prompt_len": {
      "mean": 7544.5737382565,
      "min": 7472.0,
      "max": 7615.0,
      "p0.1": 7483.0,
      "p1": 7494.0,
      "p5": 7508.0,
      "p10": 7514.0,
      "p25": 7528.0,
      "median": 7544.0,
      "p75": 7560.0,
      "p90": 7576.0,
      "p95": 7582.0,
      "p99": 7595.0,
      "p99.9": 7603.0
    },
    "output_len": {
      "mean": 998.5051343674896,
      "min": 825.0,
      "max": 1017.0,
      "p0.1": 939.576,
      "p1": 985.0,
      "p5": 993.0,
      "p10": 994.0,
      "p25": 997.0,
      "median": 999.0,
      "p75": 1001.0,
      "p90": 1003.0,
      "p95": 1005.0,
      "p99": 1007.0,
      "p99.9": 1010.4240000000009
    }
  },
  "failures": {
    "count": 3,
    "request_latency": {
      "mean": 0.011177174436549345,
      "min": 0.004757220856845379,
      "max": 0.023538653273135424,
      "p0.1": 0.004758177713491023,
      "p1": 0.004766789423301816,
      "p5": 0.004805063689127564,
      "p10": 0.00485290652140975,
      "p25": 0.004996435018256307,
      "median": 0.005235649179667234,
      "p75": 0.014387151226401329,
      "p90": 0.019878052454441787,
      "p95": 0.021708352863788603,
      "p99": 0.02317259319126606,
      "p99.9": 0.023502047264948492
    },
    "prompt_len": {
      "mean": 0.0,
      "min": 0.0,
      "max": 0.0,
      "p0.1": 0.0,
      "p1": 0.0,
      "p5": 0.0,
      "p10": 0.0,
      "p25": 0.0,
      "median": 0.0,
      "p75": 0.0,
      "p90": 0.0,
      "p95": 0.0,
      "p99": 0.0,
      "p99.9": 0.0
    }
  }
}