{
  "load_summary": {
    "count": 540,
    "schedule_delay": {
      "mean": 0.00025584973757051757,
      "min": -0.001154639758169651,
      "max": 0.0015831450000405312,
      "p0.1": -0.001118449805304408,
      "p1": -0.0009755659149959684,
      "p5": -0.0006168874213472008,
      "p10": -0.0004242999013513326,
      "p25": -0.00011557317338883877,
      "median": 0.00025709299370646477,
      "p75": 0.0006324943387880921,
      "p90": 0.00092518306337297,
      "p95": 0.0011084385449066753,
      "p99": 0.0013316146004945042,
      "p99.9": 0.001542285351548345
    },
    "send_duration": 28.163093083072454,
    "requested_rate": 18.0,
    "achieved_rate": 19.174030295861545
  },
  "successes": {
    "count": 540,
    "latency": {
      "request_latency": {
        "mean": 143.5306627718516,
        "min": 100.70187311526388,
        "max": 187.17790915677324,
        "p0.1": 100.73336275706906,
        "p1": 103.88535992235411,
        "p5": 115.31840461662505,
        "p10": 121.54150763652288,
        "p25": 133.040714639239,
        "median": 143.32840016204864,
        "p75": 153.70018282579258,
        "p90": 163.34036940960215,
        "p95": 183.03662949244026,
        "p99": 186.97711067245808,
        "p99.9": 187.17692749940744
      },
      "normalized_time_per_output_token": {
        "mean": 0.036031309126163896,
        "min": 0.02524687934258966,
        "max": 0.050925490779107935,
        "p0.1": 0.025317820855040495,
        "p1": 0.02602562713301011,
        "p5": 0.028872806164255027,
        "p10": 0.030238056623906273,
        "p25": 0.033290560419770215,
        "median": 0.03595056622351043,
        "p75": 0.038588892477421,
        "p90": 0.04111987763694288,
        "p95": 0.04593688832868569,
        "p99": 0.0469147427109508,
        "p99.9": 0.05002979238921172
      },
      "time_per_output_token": {
        "mean": 0.03585843350746761,
        "min": 0.025142721330621714,
        "max": 0.04675944382196758,
        "p0.1": 0.02516333784629933,
        "p1": 0.0259668796347018,
        "p5": 0.028824948082659868,
        "p10": 0.03037418060437776,
        "p25": 0.03323315751130576,
        "median": 0.03581067336449632,
        "p75": 0.038402275461296084,
        "p90": 0.040825832105473095,
        "p95": 0.04572982087220298,
        "p99": 0.046690559740795286,
        "p99.9": 0.04675550842443237
      },
      "time_to_first_token": {
        "mean": 0.0945732888041271,
        "min": 0.029104839079082012,
        "max": 0.25308080296963453,
        "p0.1": 0.03001668367953971,
        "p1": 0.03282570287585258,
        "p5": 0.04026162824593484,
        "p10": 0.04674743618816137,
        "p25": 0.0652114370604977,
        "median": 0.09165170276537538,
        "p75": 0.11687040596734732,
        "p90": 0.14744765013456346,
        "p95": 0.16955418540164827,
        "p99": 0.22417541638016705,
        "p99.9": 0.2509087720443495
      },
      "inter_token_latency": {
        "mean": 0.0358587656059684,
        "min": 6.183050572872162e-06,
        "max": 86.93098912807181,
        "p0.1": 0.005258580235764384,
        "p1": 0.008703268803656102,
        "p5": 0.012845790339633822,
        "p10": 0.016070117894560098,
        "p25": 0.025792192900553346,
        "median": 0.03484888281673193,
        "p75": 0.03860004129819572,
        "p90": 0.04071849593892694,
        "p95": 0.042347886832430945,
        "p99": 0.11869600902311504,
        "p99.9": 0.134648793113418
      }
    },
    "throughput": {
      "input_tokens_per_sec": 2631.7436827030324,
      "output_tokens_per_sec": 10001.85850001899,
      "total_tokens_per_sec": 12633.602182722023,
      "requests_per_sec": 2.5096270876032842
    },
    "prompt_len": {
      "mean": 1048.6592592592592,
      "min": 1021.0,
      "max": 1075.0,
      "p0.1": 1023.156,
      "p1": 1030.0,
      "p5": 1034.0,
      "p10": 1037.0,
      "p25": 1042.0,
      "median": 1049.0,
      "p75": 1055.0,
      "p90": 1060.0,
      "p95": 1063.0,
      "p99": 1067.0,
      "p99.9": 1073.922
    },
    "output_len": {
      "mean": 3985.3962962962964,
      "min": 3198.0,
      "max": 5048.0,
      "p0.1": 3416.834,
      "p1": 3881.56,
      "p5": 3952.0,
      "p10": 3966.0,
      "p25": 3980.0,
      "median": 3986.5,
      "p75": 3990.0,
      "p90": 3994.0,
      "p95": 3997.0,
      "p99": 4006.61,
      "p99.9": 5047.461
    }
  },
  "failures": {
    "count": 0,
    "request_latency": null,
    "prompt_len": null
  }
}