{
  "load_summary": {
    "count": 250,
    "schedule_delay": {
      "mean": 0.0009511413704603911,
      "min": -0.0008439007215201855,
      "max": 0.005999300163239241,
      "p0.1": -0.0007890415745787322,
      "p1": -0.0005609378591179847,
      "p5": -0.0001427133334800601,
      "p10": 0.00010903882794082165,
      "p25": 0.0005642815958708525,
      "median": 0.0009757441002875566,
      "p75": 0.0013429817045107484,
      "p90": 0.00164030441083014,
      "p95": 0.0018159498227760193,
      "p99": 0.002506170021370053,
      "p99.9": 0.005829988149926089
    },
    "send_duration": 50.59011397883296,
    "requested_rate": 5.0,
    "achieved_rate": 4.941676947092878
  },
  "successes": {
    "count": 250,
    "latency": {
      "request_latency": {
        "mean": 68.39650416658819,
        "min": 40.33416226366535,
        "max": 87.80664256121963,
        "p0.1": 40.745918182050346,
        "p1": 43.03087646218482,
        "p5": 49.747668494540264,
        "p10": 53.49374504117295,
        "p25": 61.23257440375164,
        "median": 68.44743089796975,
        "p75": 74.00190576387104,
        "p90": 86.16692709312774,
        "p95": 87.33193214684725,
        "p99": 87.74161884526723,
        "p99.9": 87.80476064651553
      },
      "normalized_time_per_output_token": {
        "mean": 0.017167335362107503,
        "min": 0.010139306753058156,
        "max": 0.02215214514469083,
        "p0.1": 0.010240834473791757,
        "p1": 0.010779277670887983,
        "p5": 0.012479157102564852,
        "p10": 0.013473829403135424,
        "p25": 0.015362879963987459,
        "median": 0.017159624394096823,
        "p75": 0.018588709032818868,
        "p90": 0.021624344770406805,
        "p95": 0.021898758540175915,
        "p99": 0.022054000623256305,
        "p99.9": 0.0221361281943646
      },
      "time_per_output_token": {
        "mean": 0.017077657590792616,
        "min": 0.010048767050495372,
        "max": 0.02192019212455489,
        "p0.1": 0.010158829614817821,
        "p1": 0.01074599004392894,
        "p5": 0.012453138581387151,
        "p10": 0.013364600641823631,
        "p25": 0.015290572657141639,
        "median": 0.017085218819216073,
        "p75": 0.01847462522852584,
        "p90": 0.02150401856841054,
        "p95": 0.021785440220241432,
        "p99": 0.02190504816069035,
        "p99.9": 0.021919779226973073
      },
      "time_to_first_token": {
        "mean": 0.09807672751881182,
        "min": 0.04242193512618542,
        "max": 0.23704214813187718,
        "p0.1": 0.042710670304019004,
        "p1": 0.04637270929757506,
        "p5": 0.06811462312471121,
        "p10": 0.072437191195786,
        "p25": 0.07999474857933819,
        "median": 0.09340448002330959,
        "p75": 0.10975805134512484,
        "p90": 0.12284689322113991,
        "p95": 0.1500706201652064,
        "p99": 0.2032338945101946,
        "p99.9": 0.23435171795217355
      },
      "inter_token_latency": {
        "mean": 0.01707875666358404,
        "min": 8.807051926851273e-06,
        "max": 0.10431044269353151,
        "p0.1": 0.0029247548971325157,
        "p1": 0.006751880412921309,
        "p5": 0.008835677057504654,
        "p10": 0.010144650842994452,
        "p25": 0.013915687799453735,
        "median": 0.016976926941424608,
        "p75": 0.019502630224451423,
        "p90": 0.023620780371129513,
        "p95": 0.02460505743511021,
        "p99": 0.029226160841062672,
        "p99.9": 0.07315601700358294
      }
    },
    "throughput": {
      "input_tokens_per_sec": 2015.1413612794915,
      "output_tokens_per_sec": 7657.815498808585,
      "total_tokens_per_sec": 9672.956860088078,
      "requests_per_sec": 1.922140514620112
    },
    "prompt_len": {
      "mean": 1048.384,
      "min": 1021.0,
      "max": 1075.0,
      "p0.1": 1021.996,
      "p1": 1030.0,
      "p5": 1033.45,
      "p10": 1037.0,
      "p25": 1042.0,
      "median": 1048.0,
      "p75": 1054.0,
      "p90": 1060.0,
      "p95": 1063.0,
      "p99": 1067.0,
      "p99.9": 1073.2570000000003
    },
    "output_len": {
      "mean": 3984.004,
      "min": 3903.0,
      "max": 4018.0,
      "p0.1": 3903.498,
      "p1": 3933.47,
      "p5": 3965.9,
      "p10": 3972.9,
      "p25": 3981.0,
      "median": 3987.0,
      "p75": 3990.0,
      "p90": 3993.0,
      "p95": 3995.0,
      "p99": 4005.51,
      "p99.9": 4016.257
    }
  },
  "failures": {
    "count": 0,
    "request_latency": null,
    "prompt_len": null
  }
}