{
  "load_summary": {
    "count": 360,
    "schedule_delay": {
      "mean": 0.00029448683813421264,
      "min": -0.001073008868843317,
      "max": 0.002298732753843069,
      "p0.1": -0.0010398836573585867,
      "p1": -0.0009334810031577944,
      "p5": -0.000520799052901566,
      "p10": -0.0003791631665080786,
      "p25": -0.00010599009692668915,
      "median": 0.00030667404644191265,
      "p75": 0.0006665263790637255,
      "p90": 0.0009875372052192692,
      "p95": 0.0011687349295243623,
      "p99": 0.001389360553584993,
      "p99.9": 0.002070532728917909
    },
    "send_duration": 32.6103716683574,
    "requested_rate": 12.0,
    "achieved_rate": 11.039432597124195
  },
  "successes": {
    "count": 360,
    "latency": {
      "request_latency": {
        "mean": 97.57821684276504,
        "min": 68.25754291098565,
        "max": 111.75843538390473,
        "p0.1": 69.26230951161823,
        "p1": 71.81048515435309,
        "p5": 74.89770607547834,
        "p10": 80.1111891424749,
        "p25": 92.14103844820056,
        "median": 97.1614556000568,
        "p75": 108.98669883667026,
        "p90": 111.1438358170446,
        "p95": 111.45238429654856,
        "p99": 111.69366532081739,
        "p99.9": 111.75736387149664
      },
      "normalized_time_per_output_token": {
        "mean": 0.024478357827257786,
        "min": 0.017163073399795236,
        "max": 0.0287405300034212,
        "p0.1": 0.01744650844888381,
        "p1": 0.01800433889831627,
        "p5": 0.018878565162828327,
        "p10": 0.019955372224178675,
        "p25": 0.023053383606587086,
        "median": 0.02437169900352798,
        "p75": 0.027391219356808945,
        "p90": 0.027896183383584267,
        "p95": 0.027980364545095716,
        "p99": 0.028119263369175022,
        "p99.9": 0.028560285195122673
      },
      "time_per_output_token": {
        "mean": 0.024383722669261833,
        "min": 0.017143203836420307,
        "max": 0.027907721510040572,
        "p0.1": 0.017391301580495667,
        "p1": 0.017957878225006493,
        "p5": 0.018745446569022394,
        "p10": 0.02001674242016546,
        "p25": 0.023015932583525613,
        "median": 0.02426244831842398,
        "p75": 0.027218685407448255,
        "p90": 0.02776591997941723,
        "p95": 0.02783216680549085,
        "p99": 0.027891093630915274,
        "p99.9": 0.027905215674888576
      },
      "time_to_first_token": {
        "mean": 0.08127171814881472,
        "min": 0.025894782040268183,
        "max": 0.2294516609981656,
        "p0.1": 0.026425786118023098,
        "p1": 0.029086268739774823,
        "p5": 0.034454728942364454,
        "p10": 0.0388233186211437,
        "p25": 0.05253814021125436,
        "median": 0.07720290799625218,
        "p75": 0.10361450375057757,
        "p90": 0.12910642679780723,
        "p95": 0.1446629723533988,
        "p99": 0.17860332984011626,
        "p99.9": 0.21609083873033597
      },
      "inter_token_latency": {
        "mean": 0.02438542051027179,
        "min": 7.539987564086914e-06,
        "max": 0.12618278106674552,
        "p0.1": 0.003772929161787033,
        "p1": 0.007681629508733749,
        "p5": 0.010246369149535894,
        "p10": 0.01322478912770748,
        "p25": 0.020142498426139355,
        "median": 0.02570668701082468,
        "p75": 0.029333765152841806,
        "p90": 0.03207353623583913,
        "p95": 0.033485425449907784,
        "p99": 0.03740706706419587,
        "p99.9": 0.0774277131445715
      }
    },
    "throughput": {
      "input_tokens_per_sec": 2694.7606203151036,
      "output_tokens_per_sec": 10246.74311774501,
      "total_tokens_per_sec": 12941.503738060115,
      "requests_per_sec": 2.5697358338435223
    },
    "prompt_len": {
      "mean": 1048.6527777777778,
      "min": 1021.0,
      "max": 1075.0,
      "p0.1": 1022.436,
      "p1": 1030.0,
      "p5": 1034.0,
      "p10": 1037.9,
      "p25": 1043.0,
      "median": 1049.0,
      "p75": 1054.25,
      "p90": 1060.1,
      "p95": 1063.0,
      "p99": 1067.41,
      "p99.9": 1074.2820000000002
    },
    "output_len": {
      "mean": 3987.4694444444444,
      "min": 3781.0,
      "max": 5042.0,
      "p0.1": 3795.719,
      "p1": 3880.26,
      "p5": 3949.95,
      "p10": 3965.9,
      "p25": 3980.0,
      "median": 3987.0,
      "p75": 3991.0,
      "p90": 3994.0,
      "p95": 3997.05,
      "p99": 4004.0,
      "p99.9": 5042.0
    }
  },
  "failures": {
    "count": 0,
    "request_latency": null,
    "prompt_len": null
  }
}