{
  "load_summary": {
    "count": 90,
    "schedule_delay": {
      "mean": 0.0005271231134732564,
      "min": -0.0010551908053457737,
      "max": 0.002158169634640217,
      "p0.1": -0.0010434247707016766,
      "p1": -0.0009375304589048028,
      "p5": -0.00048237617593258617,
      "p10": -0.00015003234148025505,
      "p25": 0.0002077255630865693,
      "median": 0.0005521150305867195,
      "p75": 0.0008666574722155929,
      "p90": 0.001205288572236896,
      "p95": 0.0012806171784177423,
      "p99": 0.0014965002611279483,
      "p99.9": 0.0020920026972890016
    },
    "send_duration": 28.667292210739106,
    "requested_rate": 3.0,
    "achieved_rate": 3.139466376468055
  },
  "successes": {
    "count": 90,
    "latency": {
      "request_latency": {
        "mean": 43.91990729200447,
        "min": 32.49890071293339,
        "max": 51.04051371477544,
        "p0.1": 32.71745802331949,
        "p1": 34.684473816794345,
        "p5": 36.82923041000031,
        "p10": 37.54239710243419,
        "p25": 38.99667484173551,
        "median": 44.67204197100364,
        "p75": 48.42664624005556,
        "p90": 50.78668790473603,
        "p95": 50.94487772542052,
        "p99": 51.030584371471775,
        "p99.9": 51.03952078044507
      },
      "normalized_time_per_output_token": {
        "mean": 0.011033846709583888,
        "min": 0.008267336736945661,
        "max": 0.01281207535060786,
        "p0.1": 0.008310647066590446,
        "p1": 0.008700440033393517,
        "p5": 0.009226948185981446,
        "p10": 0.00942731749884487,
        "p25": 0.009786959816648929,
        "median": 0.011218495470459486,
        "p75": 0.012155186819274282,
        "p90": 0.01273596538835533,
        "p95": 0.012782420001321296,
        "p99": 0.012802871605885686,
        "p99.9": 0.012811154976135643
      },
      "time_per_output_token": {
        "mean": 0.010973367406646579,
        "min": 0.00808252562123888,
        "max": 0.012760728047801574,
        "p0.1": 0.00813992653609279,
        "p1": 0.008656534769777985,
        "p5": 0.009221178080196896,
        "p10": 0.009385792809634242,
        "p25": 0.009731944675557316,
        "median": 0.01114806615727483,
        "p75": 0.012096308316234563,
        "p90": 0.012693194905785646,
        "p95": 0.01273511002376051,
        "p99": 0.012760350371428341,
        "p99.9": 0.012760690280164251
      },
      "time_to_first_token": {
        "mean": 0.06528520414916178,
        "min": 0.02690598228946328,
        "max": 0.16083618067204952,
        "p0.1": 0.02702758821519092,
        "p1": 0.028122041546739637,
        "p5": 0.0325801856815815,
        "p10": 0.03505980223417282,
        "p25": 0.04250922263599932,
        "median": 0.07043681130744517,
        "p75": 0.08093560044653714,
        "p90": 0.0912463318090886,
        "p95": 0.09738700548186899,
        "p99": 0.14076561401598153,
        "p99.9": 0.15882912400644308
      },
      "inter_token_latency": {
        "mean": 0.010973173314416917,
        "min": 8.177943527698517e-06,
        "max": 0.06746325036510825,
        "p0.1": 0.0013738423399627209,
        "p1": 0.004563645925372839,
        "p5": 0.0069901452399790285,
        "p10": 0.0077422715723514555,
        "p25": 0.00919215613976121,
        "median": 0.010652483906596899,
        "p75": 0.012905959039926529,
        "p90": 0.01378348544239998,
        "p95": 0.014637087285518649,
        "p99": 0.017874000258743767,
        "p99.9": 0.04955457108467824
      }
    },
    "throughput": {
      "input_tokens_per_sec": 1211.5117580943913,
      "output_tokens_per_sec": 4598.946182250849,
      "total_tokens_per_sec": 5810.457940345241,
      "requests_per_sec": 1.1553367193830553
    },
    "prompt_len": {
      "mean": 1048.6222222222223,
      "min": 1021.0,
      "max": 1068.0,
      "p0.1": 1021.356,
      "p1": 1024.56,
      "p5": 1032.0,
      "p10": 1035.9,
      "p25": 1042.0,
      "median": 1049.0,
      "p75": 1054.0,
      "p90": 1063.0,
      "p95": 1065.1,
      "p99": 1067.11,
      "p99.9": 1067.911
    },
    "output_len": {
      "mean": 3980.6111111111113,
      "min": 3822.0,
      "max": 4002.0,
      "p0.1": 3826.895,
      "p1": 3870.95,
      "p5": 3945.25,
      "p10": 3965.9,
      "p25": 3982.0,
      "median": 3986.0,
      "p75": 3991.0,
      "p90": 3993.0,
      "p95": 3996.0,
      "p99": 3997.55,
      "p99.9": 4001.5550000000003
    }
  },
  "failures": {
    "count": 0,
    "request_latency": null,
    "prompt_len": null
  }
}