{
  "load_summary": {
    "count": 750,
    "schedule_delay": {
      "mean": 0.00033069423399865626,
      "min": -0.0012163901701569557,
      "max": 0.07268362678587437,
      "p0.1": -0.0011774136223830283,
      "p1": -0.000986972008831799,
      "p5": -0.0006494716973975301,
      "p10": -0.0004809695295989513,
      "p25": -0.0001350599341094494,
      "median": 0.000245189992710948,
      "p75": 0.000603992841206491,
      "p90": 0.000890647852793336,
      "p95": 0.0011346539948135612,
      "p99": 0.0015038477443158624,
      "p99.9": 0.019533516261267345
    },
    "send_duration": 30.423491399735212,
    "requested_rate": 25.0,
    "achieved_rate": 24.652002958691572
  },
  "successes": {
    "count": 750,
    "latency": {
      "request_latency": {
        "mean": 183.96236491875476,
        "min": 122.94915854232386,
        "max": 244.90466847689822,
        "p0.1": 123.36845269883517,
        "p1": 127.05173226201907,
        "p5": 133.99285816475748,
        "p10": 142.07329143323005,
        "p25": 154.0191446347162,
        "median": 174.49215674493462,
        "p75": 217.6722523656208,
        "p90": 232.21730492208152,
        "p95": 242.21162785680497,
        "p99": 244.60289629080333,
        "p99.9": 244.8776260310905
      },
      "normalized_time_per_output_token": {
        "mean": 0.046125767062304146,
        "min": 0.0308959124468394,
        "max": 0.06231486741853773,
        "p0.1": 0.030910247357875714,
        "p1": 0.031720246679594465,
        "p5": 0.033553921434600856,
        "p10": 0.03556801088576421,
        "p25": 0.0386159137173624,
        "median": 0.04378857758028577,
        "p75": 0.05441881799020576,
        "p90": 0.058238193754341236,
        "p95": 0.060638829937296114,
        "p99": 0.0614104987442654,
        "p99.9": 0.06190311026377545
      },
      "time_per_output_token": {
        "mean": 0.04596843433761408,
        "min": 0.030721801255577413,
        "max": 0.061172536365571434,
        "p0.1": 0.030833639917464354,
        "p1": 0.03175561276551641,
        "p5": 0.03348324237981,
        "p10": 0.03550255625338737,
        "p25": 0.038492340490719895,
        "median": 0.043596559376455846,
        "p75": 0.054380358888214686,
        "p90": 0.05801623027938185,
        "p95": 0.060509039913397275,
        "p99": 0.06110475184193463,
        "p99.9": 0.061159673133714475
      },
      "time_to_first_token": {
        "mean": 0.11144845156682034,
        "min": 0.03436321299523115,
        "max": 1.161350672133267,
        "p0.1": 0.03549735621036962,
        "p1": 0.03902292676735669,
        "p5": 0.05122165067587048,
        "p10": 0.0595919459592551,
        "p25": 0.07858105143532157,
        "median": 0.10526469256728888,
        "p75": 0.1357194815063849,
        "p90": 0.1655897925142199,
        "p95": 0.18041452898178248,
        "p99": 0.22722074266988776,
        "p99.9": 1.154507232857869
      },
      "inter_token_latency": {
        "mean": 0.04596990273851062,
        "min": 7.267110049724579e-06,
        "max": 121.29063957603648,
        "p0.1": 0.006038090698421001,
        "p1": 0.009999290062114597,
        "p5": 0.016699688974767923,
        "p10": 0.021845786459743978,
        "p25": 0.02984530245885253,
        "median": 0.03716008411720395,
        "p75": 0.04084537364542484,
        "p90": 0.044641729164868596,
        "p95": 0.04757963400334119,
        "p99": 0.12582862310111523,
        "p99.9": 0.13416879784408958
      }
    },
    "throughput": {
      "input_tokens_per_sec": 2874.2281065667103,
      "output_tokens_per_sec": 10934.159393389136,
      "total_tokens_per_sec": 13808.387499955848,
      "requests_per_sec": 2.7408405339161255
    },
    "prompt_len": {
      "mean": 1048.6666666666667,
      "min": 1021.0,
      "max": 1079.0,
      "p0.1": 1021.0,
      "p1": 1027.0,
      "p5": 1034.0,
      "p10": 1036.0,
      "p25": 1042.0,
      "median": 1049.0,
      "p75": 1055.0,
      "p90": 1060.0,
      "p95": 1064.0,
      "p99": 1068.0,
      "p99.9": 1076.7530000000002
    },
    "output_len": {
      "mean": 3989.345333333333,
      "min": 3714.0,
      "max": 5065.0,
      "p0.1": 3780.661,
      "p1": 3905.96,
      "p5": 3955.0,
      "p10": 3969.0,
      "p25": 3980.0,
      "median": 3987.0,
      "p75": 3991.0,
      "p90": 3994.0,
      "p95": 3997.0,
      "p99": 4008.0,
      "p99.9": 5050.769000000002
    }
  },
  "failures": {
    "count": 0,
    "request_latency": null,
    "prompt_len": null
  }
}