{
  "load_summary": {
    "count": 2230,
    "schedule_delay": {
      "mean": 0.00041734266487438847,
      "min": -0.0012163901701569557,
      "max": 0.07268362678587437,
      "p0.1": -0.0011392640639096498,
      "p1": -0.0009440838871523738,
      "p5": -0.0005921917036175728,
      "p10": -0.0004006651230156422,
      "p25": -4.3864711187779903e-05,
      "median": 0.0003655690234154463,
      "p75": 0.0007378676673397422,
      "p90": 0.0011074932757765056,
      "p95": 0.0013295950368046726,
      "p99": 0.0017652385681867601,
      "p99.9": 0.005843587508425243
    }
  },
  "successes": {
    "count": 2230,
    "latency": {
      "request_latency": {
        "mean": 129.60099570886064,
        "min": 32.49890071293339,
        "max": 244.90466847689822,
        "p0.1": 35.26234044729918,
        "p1": 38.99678346427157,
        "p5": 51.19353605096694,
        "p10": 64.65132156265899,
        "p25": 83.14594427449629,
        "median": 133.6066268782597,
        "p75": 161.32805079885293,
        "p90": 209.0836176215671,
        "p95": 226.896191189019,
        "p99": 243.71916651903652,
        "p99.9": 244.71586185211177
      },
      "normalized_time_per_output_token": {
        "mean": 0.03251483678009027,
        "min": 0.008267336736945661,
        "max": 0.06231486741853773,
        "p0.1": 0.008837820936447818,
        "p1": 0.009787947540274478,
        "p5": 0.012854108696111255,
        "p10": 0.016224337017720664,
        "p25": 0.020891500938516952,
        "median": 0.03349405440602783,
        "p75": 0.04046699774341875,
        "p90": 0.05254495212798844,
        "p95": 0.05697797233946959,
        "p99": 0.06114443359636683,
        "p99.9": 0.06154769932618591
      },
      "time_per_output_token": {
        "mean": 0.032381575585397275,
        "min": 0.00808252562123888,
        "max": 0.061172536365571434,
        "p0.1": 0.008807350799225873,
        "p1": 0.009732147422004492,
        "p5": 0.012788376198632783,
        "p10": 0.016148900616357813,
        "p25": 0.020774170973285256,
        "median": 0.03338516993496103,
        "p75": 0.04033241102923618,
        "p90": 0.05223830888675293,
        "p95": 0.05668973232968128,
        "p99": 0.060896563378957796,
        "p99.9": 0.06112751713400381
      },
      "time_to_first_token": {
        "mean": 0.09461499160122243,
        "min": 0.025894782040268183,
        "max": 1.161350672133267,
        "p0.1": 0.0270131359109655,
        "p1": 0.03207189881708473,
        "p5": 0.039203176740556955,
        "p10": 0.04547390048392117,
        "p25": 0.06666130025405437,
        "median": 0.08800430269911885,
        "p75": 0.11519125278573483,
        "p90": 0.1462105879560113,
        "p95": 0.16859092325903474,
        "p99": 0.20913041740190239,
        "p99.9": 0.27906912171608217
      },
      "inter_token_latency": {
        "mean": 0.03238523508148668,
        "min": 6.183050572872162e-06,
        "max": 121.29063957603648,
        "p0.1": 0.0038016999177634715,
        "p1": 0.007414266718551516,
        "p5": 0.010015972005203367,
        "p10": 0.012547110673040152,
        "p25": 0.018189776106737554,
        "median": 0.027946428628638387,
        "p75": 0.03748722211457789,
        "p90": 0.0411984735634178,
        "p95": 0.04397777805570511,
        "p99": 0.086772972336039,
        "p99.9": 0.13324171908991503
      }
    },
    "throughput": {
      "input_tokens_per_sec": 2438.224541497111,
      "output_tokens_per_sec": 9268.73505625647,
      "total_tokens_per_sec": 11706.959597753583,
      "requests_per_sec": 2.3252308353519333
    },
    "prompt_len": {
      "mean": 1048.5946188340806,
      "min": 1021.0,
      "max": 1079.0,
      "p0.1": 1021.0,
      "p1": 1029.29,
      "p5": 1034.0,
      "p10": 1037.0,
      "p25": 1042.0,
      "median": 1049.0,
      "p75": 1055.0,
      "p90": 1060.0,
      "p95": 1063.0,
      "p99": 1067.71,
      "p99.9": 1075.0
    },
    "output_len": {
      "mean": 3986.156950672646,
      "min": 3198.0,
      "max": 5065.0,
      "p0.1": 3698.58,
      "p1": 3884.58,
      "p5": 3954.0,
      "p10": 3968.0,
      "p25": 3980.0,
      "median": 3987.0,
      "p75": 3991.0,
      "p90": 3994.0,
      "p95": 3997.0,
      "p99": 4006.0,
      "p99.9": 5046.771000000001
    }
  },
  "failures": {
    "count": 0,
    "request_latency": null,
    "prompt_len": null
  }
}