{
  "load_summary": {
    "count": 3750,
    "schedule_delay": {
      "mean": 0.002133838482325276,
      "min": -0.0007843398489058018,
      "max": 0.21962990146130323,
      "p0.1": -0.000717272862792015,
      "p1": -0.00040847917087376116,
      "p5": -0.00011644205078482626,
      "p10": 6.61908183246851e-05,
      "p25": 0.0003729702439159155,
      "median": 0.0007452201098203659,
      "p75": 0.0011368283303454518,
      "p90": 0.0016142108011990785,
      "p95": 0.004646796174347399,
      "p99": 0.03233627863693973,
      "p99.9": 0.1629056488373346
    },
    "send_duration": 30.01785354409367,
    "requested_rate": 125.0,
    "achieved_rate": 124.92565447731197
  },
  "successes": {
    "count": 3700,
    "latency": {
      "request_latency": {
        "mean": 5.61415050217177,
        "min": 1.307481023017317,
        "max": 9.885469070635736,
        "p0.1": 1.7672129281745292,
        "p1": 2.504483301914297,
        "p5": 3.491226116637699,
        "p10": 4.0103268480859695,
        "p25": 4.866483153193258,
        "median": 5.6460473434999585,
        "p75": 6.38729752227664,
        "p90": 7.179869926907122,
        "p95": 7.603172873542643,
        "p99": 8.34342181774787,
        "p99.9": 9.447556316667777
      },
      "normalized_time_per_output_token": {
        "mean": 0.02785205941324571,
        "min": 0.00043985998328140705,
        "max": 0.04889341949019581,
        "p0.1": 0.007731626115979115,
        "p1": 0.012360272424963573,
        "p5": 0.017183400140895002,
        "p10": 0.019846540524138825,
        "p25": 0.024158566629523363,
        "median": 0.02803713047936042,
        "p75": 0.031791378515314966,
        "p90": 0.03569625258706103,
        "p95": 0.037756139285109507,
        "p99": 0.04139779490691647,
        "p99.9": 0.047094972238733955
      },
      "time_per_output_token": {
        "mean": 0.021118720409463426,
        "min": 0.0012656039698049426,
        "max": 0.035680460813455286,
        "p0.1": 0.003137151965670213,
        "p1": 0.010052683825022371,
        "p5": 0.013649241308161333,
        "p10": 0.015200508371629663,
        "p25": 0.017949307648096977,
        "median": 0.02168180016199482,
        "p75": 0.024014897269723428,
        "p90": 0.026635918755211273,
        "p95": 0.02833981191059251,
        "p99": 0.030520871423094387,
        "p99.9": 0.03412062541023829
      },
      "time_to_first_token": {
        "mean": 1.3899057531023298,
        "min": 0.07489226618781686,
        "max": 4.802074203733355,
        "p0.1": 0.08160670393519104,
        "p1": 0.11724081880878658,
        "p5": 0.327961598476395,
        "p10": 0.4872757387813181,
        "p25": 0.8238132538972422,
        "median": 1.2445673765614629,
        "p75": 1.8220197877380997,
        "p90": 2.534324969211593,
        "p95": 2.9456804258981713,
        "p99": 3.6662183429487047,
        "p99.9": 4.505133815558176
      },
      "inter_token_latency": {
        "mean": 0.02110453414693197,
        "min": 5.208887159824371e-06,
        "max": 2.3140252041630447,
        "p0.1": 5.492940545082092e-06,
        "p1": 5.679205060005188e-06,
        "p5": 5.92600554227829e-06,
        "p10": 6.12996518611908e-06,
        "p25": 6.72508031129837e-06,
        "median": 8.01030546426773e-06,
        "p75": 1.3076234608888626e-05,
        "p90": 0.06883712015114725,
        "p95": 0.1459843975258992,
        "p99": 0.30083728964906087,
        "p99.9": 1.4582404487813063
      }
    },
    "throughput": {
      "input_tokens_per_sec": 1241326.3513897562,
      "output_tokens_per_sec": 22526.61563046298,
      "total_tokens_per_sec": 1263852.9670202192,
      "requests_per_sec": 106.83866852709026
    },
    "prompt_len": {
      "mean": 11618.699189189188,
      "min": 11527.0,
      "max": 11752.0,
      "p0.1": 11533.0,
      "p1": 11547.0,
      "p5": 11566.0,
      "p10": 11576.0,
      "p25": 11594.75,
      "median": 11616.0,
      "p75": 11642.0,
      "p90": 11664.0,
      "p95": 11678.0,
      "p99": 11704.01,
      "p99.9": 11738.301
    },
    "output_len": {
      "mean": 210.84702702702702,
      "min": 196.0,
      "max": 11855.0,
      "p0.1": 197.699,
      "p1": 199.0,
      "p5": 200.0,
      "p10": 200.0,
      "p25": 201.0,
      "median": 201.0,
      "p75": 202.0,
      "p90": 203.0,
      "p95": 204.0,
      "p99": 206.0,
      "p99.9": 212.60200000000077
    }
  },
  "failures": {
    "count": 50,
    "request_latency": {
      "mean": 0.7802360833715647,
      "min": 0.001358315348625183,
      "max": 3.063193724025041,
      "p0.1": 0.0013605143073946238,
      "p1": 0.0013803049363195895,
      "p5": 0.0014456953620538115,
      "p10": 0.001569107733666897,
      "p25": 0.003413888276554644,
      "median": 0.026534213684499264,
      "p75": 1.2348377583548427,
      "p90": 2.3823355365544563,
      "p95": 2.794080619048327,
      "p99": 3.0160356207378207,
      "p99.9": 3.0584779136963194
    },
    "prompt_len": {
      "mean": 5578.76,
      "min": 0.0,
      "max": 11691.0,
      "p0.1": 0.0,
      "p1": 0.0,
      "p5": 0.0,
      "p10": 0.0,
      "p25": 0.0,
      "median": 0.0,
      "p75": 11616.75,
      "p90": 11645.3,
      "p95": 11664.2,
      "p99": 11680.71,
      "p99.9": 11689.971
    }
  }
}