{
  "load_summary": {
    "count": 6000,
    "schedule_delay": {
      "mean": 0.006202996132274469,
      "min": -0.0007831333205103874,
      "max": 0.6845511826686561,
      "p0.1": -0.0006656481041572988,
      "p1": -0.00038424262776970864,
      "p5": -0.00011727300006896262,
      "p10": 6.735390052199362e-05,
      "p25": 0.00037948007229715586,
      "median": 0.0007706750184297562,
      "p75": 0.0011905658757314086,
      "p90": 0.0017509164288640026,
      "p95": 0.020515358028933433,
      "p99": 0.1556073537701748,
      "p99.9": 0.4692237418922748
    },
    "send_duration": 30.04145681625232,
    "requested_rate": 200.0,
    "achieved_rate": 199.72400262406788
  },
  "successes": {
    "count": 5897,
    "latency": {
      "request_latency": {
        "mean": 8.564049483949692,
        "min": 2.1495112478733063,
        "max": 18.592293628957123,
        "p0.1": 2.54948576508835,
        "p1": 3.345945329479873,
        "p5": 4.949196274857968,
        "p10": 5.928083086200059,
        "p25": 7.009336941409856,
        "median": 8.412801686208695,
        "p75": 9.930602191016078,
        "p90": 11.595035810768605,
        "p95": 12.75352339800447,
        "p99": 15.001428305990993,
        "p99.9": 16.602835868094118
      },
      "normalized_time_per_output_token": {
        "mean": 0.04248639113751427,
        "min": 0.0005844108514154229,
        "max": 0.0919501384849728,
        "p0.1": 0.009729476241639827,
        "p1": 0.016567484203132973,
        "p5": 0.024374425753636,
        "p10": 0.029424444718562086,
        "p25": 0.03482384009406044,
        "median": 0.0417530301654029,
        "p75": 0.049270710976356095,
        "p90": 0.05759214033838259,
        "p95": 0.06329758153505512,
        "p99": 0.07447518634761544,
        "p99.9": 0.08264720963640376
      },
      "time_per_output_token": {
        "mean": 0.030943805459819864,
        "min": 7.589331362396479e-06,
        "max": 0.06755491471464249,
        "p0.1": 9.79113547473391e-06,
        "p1": 0.008987017515132372,
        "p5": 0.016925856932823977,
        "p10": 0.021045449746058473,
        "p25": 0.02517657608110854,
        "median": 0.030557559075891787,
        "p75": 0.03689835171072601,
        "p90": 0.042320370467100576,
        "p95": 0.04534151391937594,
        "p99": 0.051332658192118935,
        "p99.9": 0.06031296041261083
      },
      "time_to_first_token": {
        "mean": 2.984588076343309,
        "min": 0.06872986210510135,
        "max": 13.988629131112248,
        "p0.1": 0.08701352517679334,
        "p1": 0.1576186679303646,
        "p5": 0.5405201487243175,
        "p10": 0.9973058916628361,
        "p25": 1.7680197870358825,
        "median": 2.698502792045474,
        "p75": 3.904522438067943,
        "p90": 5.211523858550937,
        "p95": 6.271132271643728,
        "p99": 9.013297636192291,
        "p99.9": 13.059631167378289
      },
      "inter_token_latency": {
        "mean": 0.03046520705725949,
        "min": 5.20097091794014e-06,
        "max": 5.121392000000924,
        "p0.1": 5.538109689950943e-06,
        "p1": 5.743000656366348e-06,
        "p5": 6.0140155255794525e-06,
        "p10": 6.236135959625244e-06,
        "p25": 6.824266165494919e-06,
        "median": 7.981900125741959e-06,
        "p75": 1.175515353679657e-05,
        "p90": 4.223203286528597e-05,
        "p95": 0.24926959723234174,
        "p99": 0.5151619445160027,
        "p99.9": 2.306781610656544
      }
    },
    "throughput": {
      "input_tokens_per_sec": 1766847.6937575587,
      "output_tokens_per_sec": 32423.751723933972,
      "total_tokens_per_sec": 1799271.4454814927,
      "requests_per_sec": 152.06994469734687
    },
    "prompt_len": {
      "mean": 11618.651517720875,
      "min": 11527.0,
      "max": 11752.0,
      "p0.1": 11533.0,
      "p1": 11547.0,
      "p5": 11566.0,
      "p10": 11576.0,
      "p25": 11594.0,
      "median": 11616.0,
      "p75": 11641.0,
      "p90": 11664.0,
      "p95": 11678.0,
      "p99": 11707.0,
      "p99.9": 11739.416000000001
    },
    "output_len": {
      "mean": 213.21604205528234,
      "min": 151.0,
      "max": 11854.0,
      "p0.1": 198.0,
      "p1": 199.0,
      "p5": 200.0,
      "p10": 200.0,
      "p25": 201.0,
      "median": 201.0,
      "p75": 202.0,
      "p90": 203.0,
      "p95": 204.0,
      "p99": 206.0,
      "p99.9": 1418.6960000031158
    }
  },
  "failures": {
    "count": 103,
    "request_latency": {
      "mean": 2.8456805368153,
      "min": 0.19780980981886387,
      "max": 13.129230099264532,
      "p0.1": 0.2563415656927973,
      "p1": 0.7734398490656167,
      "p5": 1.0805684541352094,
      "p10": 1.2690305711701513,
      "p25": 1.6274086199700832,
      "median": 2.249489367939532,
      "p75": 3.51609920989722,
      "p90": 4.633126603160053,
      "p95": 6.051376828644424,
      "p99": 10.335174641935154,
      "p99.9": 12.844262239728153
    },
    "prompt_len": {
      "mean": 11619.16504854369,
      "min": 11532.0,
      "max": 11728.0,
      "p0.1": 11532.612,
      "p1": 11538.24,
      "p5": 11568.0,
      "p10": 11572.4,
      "p25": 11591.0,
      "median": 11617.0,
      "p75": 11643.0,
      "p90": 11669.2,
      "p95": 11683.4,
      "p99": 11695.9,
      "p99.9": 11724.736
    }
  }
}