{
  "load_summary": {
    "count": 150,
    "schedule_delay": {
      "mean": 0.0013343361640969912,
      "min": -0.0006086081266403198,
      "max": 0.031681053806096315,
      "p0.1": -0.0005482858759351075,
      "p1": -0.00015303726308047772,
      "p5": 7.959126960486174e-05,
      "p10": 0.00020371200516819954,
      "p25": 0.0005090287886559963,
      "median": 0.0008668347727507353,
      "p75": 0.0013347468338906765,
      "p90": 0.0017819800879806278,
      "p95": 0.0021049086470156897,
      "p99": 0.015501925712451145,
      "p99.9": 0.03083148402860404
    },
    "send_duration": 28.39690102590248,
    "requested_rate": 5.0,
    "achieved_rate": 5.282266535463719
  },
  "successes": {
    "count": 150,
    "latency": {
      "request_latency": {
        "mean": 1.0174447351476799,
        "min": 0.7806653375737369,
        "max": 1.3904867670498788,
        "p0.1": 0.7810694203246384,
        "p1": 0.7835111407889053,
        "p5": 0.7858495766064152,
        "p10": 0.7994383828248829,
        "p25": 0.9558063314761966,
        "median": 1.0035550117027014,
        "p75": 1.0992010582704097,
        "p90": 1.2064601530786603,
        "p95": 1.2534526465460656,
        "p99": 1.3577437024936079,
        "p99.9": 1.3867127767396166
      },
      "normalized_time_per_output_token": {
        "mean": 0.005052421934140302,
        "min": 0.003829869575707651,
        "max": 0.006917844612188452,
        "p0.1": 0.0038315911455054303,
        "p1": 0.0038528192506660478,
        "p5": 0.003907551907874013,
        "p10": 0.003977274484191072,
        "p25": 0.004756153278176956,
        "median": 0.004981212763230315,
        "p75": 0.005467328210943379,
        "p90": 0.005975564544575512,
        "p95": 0.006236082818637143,
        "p99": 0.006722519063149691,
        "p99.9": 0.006899068540993118
      },
      "time_per_output_token": {
        "mean": 0.00455683734032812,
        "min": 0.0034483996465764374,
        "max": 0.0071149272710192115,
        "p0.1": 0.003448497051995713,
        "p1": 0.0034501876895530257,
        "p5": 0.003461654521097258,
        "p10": 0.003495507782611709,
        "p25": 0.004220145176555209,
        "median": 0.004417814772763151,
        "p75": 0.004890292184860163,
        "p90": 0.005588159779515408,
        "p95": 0.005827739511021689,
        "p99": 0.006674597855952026,
        "p99.9": 0.007106510238619013
      },
      "time_to_first_token": {
        "mean": 0.09239903434490164,
        "min": 0.06705819768831134,
        "max": 0.3636372680775821,
        "p0.1": 0.06721966961072758,
        "p1": 0.06827813476789743,
        "p5": 0.0702567763859406,
        "p10": 0.07178498026914895,
        "p25": 0.07921512599568814,
        "median": 0.08643385372124612,
        "p75": 0.09111942641902715,
        "p90": 0.10546800773590803,
        "p95": 0.12548501691780972,
        "p99": 0.2666147314105179,
        "p99.9": 0.35223417593352707
      },
      "inter_token_latency": {
        "mean": 0.004547367458919483,
        "min": 5.334615707397461e-06,
        "max": 0.30498031666502357,
        "p0.1": 5.640089511871338e-06,
        "p1": 6.248638965189457e-06,
        "p5": 9.45189967751503e-06,
        "p10": 0.0017383257392793894,
        "p25": 0.003632162930443883,
        "median": 0.004345653112977743,
        "p75": 0.004928910173475742,
        "p90": 0.006063267728313804,
        "p95": 0.006539319129660725,
        "p99": 0.010819954941980566,
        "p99.9": 0.06412284567067694
      }
    },
    "throughput": {
      "input_tokens_per_sec": 59358.319573818175,
      "output_tokens_per_sec": 1029.0418535326494,
      "total_tokens_per_sec": 60387.36142735083,
      "requests_per_sec": 5.109274040246844
    },
    "prompt_len": {
      "mean": 11617.76,
      "min": 11542.0,
      "max": 11700.0,
      "p0.1": 11542.596,
      "p1": 11551.39,
      "p5": 11570.9,
      "p10": 11579.0,
      "p25": 11597.0,
      "median": 11615.5,
      "p75": 11640.5,
      "p90": 11656.1,
      "p95": 11668.2,
      "p99": 11692.59,
      "p99.9": 11699.553
    },
    "output_len": {
      "mean": 201.40666666666667,
      "min": 199.0,
      "max": 205.0,
      "p0.1": 199.149,
      "p1": 200.0,
      "p5": 200.0,
      "p10": 200.0,
      "p25": 201.0,
      "median": 201.0,
      "p75": 202.0,
      "p90": 203.0,
      "p95": 204.0,
      "p99": 205.0,
      "p99.9": 205.0
    }
  },
  "failures": {
    "count": 0,
    "request_latency": null,
    "prompt_len": null
  }
}