{
  "load_summary": {
    "count": 4500,
    "schedule_delay": {
      "mean": 0.0015550099824451738,
      "min": -0.0007539819926023483,
      "max": 0.06159010902047157,
      "p0.1": -0.0006302525992505253,
      "p1": -0.00041002605110406875,
      "p5": -0.00012917607091367242,
      "p10": 4.342035390436652e-05,
      "p25": 0.0003624762175604701,
      "median": 0.0007327725179493427,
      "p75": 0.0011301592458039522,
      "p90": 0.001551194256171584,
      "p95": 0.004159655398689212,
      "p99": 0.029950368339195853,
      "p99.9": 0.0412945020603948
    },
    "send_duration": 30.010806404054165,
    "requested_rate": 150.0,
    "achieved_rate": 149.94598743578229
  },
  "successes": {
    "count": 4454,
    "latency": {
      "request_latency": {
        "mean": 6.395860486569993,
        "min": 1.2332625333219767,
        "max": 11.568149742204696,
        "p0.1": 2.0580954890106806,
        "p1": 2.8441358394082634,
        "p5": 4.14470374933444,
        "p10": 4.74176996187307,
        "p25": 5.560995564213954,
        "median": 6.4596583081875,
        "p75": 7.265863498090766,
        "p90": 7.998980181105436,
        "p95": 8.46886287133675,
        "p99": 9.38956916457974,
        "p99.9": 10.469534914301713
      },
      "normalized_time_per_output_token": {
        "mean": 0.03172130437598101,
        "min": 0.0004716133498952876,
        "max": 0.0569859593212054,
        "p0.1": 0.0031644754873562785,
        "p1": 0.013937393347315712,
        "p5": 0.020526304618166014,
        "p10": 0.023515858368679362,
        "p25": 0.02762781193686084,
        "median": 0.032066502641488,
        "p75": 0.03610486075784826,
        "p90": 0.0397752769459178,
        "p95": 0.04203776356112903,
        "p99": 0.04678980522168722,
        "p99.9": 0.05208723837961051
      },
      "time_per_output_token": {
        "mean": 0.023498503558865638,
        "min": 0.004202827336266637,
        "max": 0.044292500036369475,
        "p0.1": 0.005375782992597669,
        "p1": 0.008653649256844073,
        "p5": 0.015019907633714313,
        "p10": 0.017273124389223415,
        "p25": 0.020623850665159524,
        "median": 0.023651195384579923,
        "p75": 0.02699227718170732,
        "p90": 0.029370825310625757,
        "p95": 0.030880113138686195,
        "p99": 0.034254602625534196,
        "p99.9": 0.039586501762445304
      },
      "time_to_first_token": {
        "mean": 1.7919490885465825,
        "min": 0.06878662714734674,
        "max": 5.6757221589796245,
        "p0.1": 0.08234833193337544,
        "p1": 0.13024775620084256,
        "p5": 0.3987067346228287,
        "p10": 0.6641362650319934,
        "p25": 1.1425216341158375,
        "median": 1.723537070909515,
        "p75": 2.349022307782434,
        "p90": 3.0124829669483013,
        "p95": 3.4156847393140195,
        "p99": 4.177601437191481,
        "p99.9": 5.176034248666384
      },
      "inter_token_latency": {
        "mean": 0.023426317725579415,
        "min": 5.201902240514755e-06,
        "max": 2.029384678695351,
        "p0.1": 5.498994141817093e-06,
        "p1": 5.689915269613266e-06,
        "p5": 5.93625009059906e-06,
        "p10": 6.138347089290619e-06,
        "p25": 6.701331585645676e-06,
        "median": 7.808208465576172e-06,
        "p75": 1.1656899005174637e-05,
        "p90": 0.055696604307740975,
        "p95": 0.17975563337095074,
        "p99": 0.3739341519773007,
        "p99.9": 1.2229360962873377
      }
    },
    "throughput": {
      "input_tokens_per_sec": 1434470.0907777688,
      "output_tokens_per_sec": 26476.25239740959,
      "total_tokens_per_sec": 1460946.3431751784,
      "requests_per_sec": 123.46575388358833
    },
    "prompt_len": {
      "mean": 11618.364167040862,
      "min": 11527.0,
      "max": 11752.0,
      "p0.1": 11532.453,
      "p1": 11547.0,
      "p5": 11566.0,
      "p10": 11576.0,
      "p25": 11594.0,
      "median": 11616.0,
      "p75": 11641.0,
      "p90": 11663.0,
      "p95": 11678.0,
      "p99": 11707.0,
      "p99.9": 11738.547
    },
    "output_len": {
      "mean": 214.44207453973956,
      "min": 197.0,
      "max": 11854.0,
      "p0.1": 198.0,
      "p1": 199.0,
      "p5": 200.0,
      "p10": 200.0,
      "p25": 201.0,
      "median": 201.0,
      "p75": 202.0,
      "p90": 203.0,
      "p95": 204.0,
      "p99": 206.0,
      "p99.9": 6545.072000005559
    }
  },
  "failures": {
    "count": 46,
    "request_latency": {
      "mean": 1.6458756000856343,
      "min": 0.35892079398036003,
      "max": 4.396776875015348,
      "p0.1": 0.3662259584572166,
      "p1": 0.43197243874892594,
      "p5": 0.6187624513404444,
      "p10": 0.7697768085636199,
      "p25": 1.0427987865405157,
      "median": 1.6212215169798583,
      "p75": 2.0557717389892787,
      "p90": 2.479054907336831,
      "p95": 3.092641487950459,
      "p99": 4.069301491859367,
      "p99.9": 4.364029336699754
    },
    "prompt_len": {
      "mean": 11631.695652173914,
      "min": 11565.0,
      "max": 11710.0,
      "p0.1": 11565.675,
      "p1": 11571.75,
      "p5": 11581.75,
      "p10": 11595.5,
      "p25": 11608.5,
      "median": 11626.5,
      "p75": 11653.75,
      "p90": 11674.5,
      "p95": 11679.75,
      "p99": 11704.15,
      "p99.9": 11709.415
    }
  }
}