{
  "load_summary": {
    "count": 750,
    "schedule_delay": {
      "mean": 0.0014331571701914072,
      "min": -0.0006462438032031059,
      "max": 0.04948962526395917,
      "p0.1": -0.0005366347096860409,
      "p1": -0.0002616582531481981,
      "p5": 4.5528984628617804e-05,
      "p10": 0.0002578175161033869,
      "p25": 0.0006787237944081426,
      "median": 0.0011231903918087482,
      "p75": 0.0015539426822215319,
      "p90": 0.001976224360987544,
      "p95": 0.002362124994397163,
      "p99": 0.0059947683895006775,
      "p99.9": 0.04867337088147188
    },
    "send_duration": 52.1413622549735,
    "requested_rate": 15.0,
    "achieved_rate": 14.383974019176327
  },
  "successes": {
    "count": 750,
    "latency": {
      "request_latency": {
        "mean": 1.576321820072209,
        "min": 0.8297278820537031,
        "max": 4.987544817849994,
        "p0.1": 0.8311563442260959,
        "p1": 0.8363156582880765,
        "p5": 0.9414710998069495,
        "p10": 1.0221560519654305,
        "p25": 1.1582226266618818,
        "median": 1.4115674044005573,
        "p75": 1.858135585556738,
        "p90": 2.2856794588267806,
        "p95": 2.5951562697067856,
        "p99": 4.465586419659665,
        "p99.9": 4.865050963401344
      },
      "normalized_time_per_output_token": {
        "mean": 0.007827215911245692,
        "min": 0.004096724340701338,
        "max": 0.024813655810198974,
        "p0.1": 0.004104843075150806,
        "p1": 0.004153528828845726,
        "p5": 0.004660410096720042,
        "p10": 0.005083148178061681,
        "p25": 0.0057513351589072465,
        "median": 0.007029092333016602,
        "p75": 0.009235440071125454,
        "p90": 0.011332482740693003,
        "p95": 0.01288067118815266,
        "p99": 0.022159354216206885,
        "p99.9": 0.02447659737664776
      },
      "time_per_output_token": {
        "mean": 0.0064561294509317526,
        "min": 9.026266072862712e-06,
        "max": 0.023449931615032255,
        "p0.1": 1.0703830211994159e-05,
        "p1": 0.003471485365951208,
        "p5": 0.0035787060643403374,
        "p10": 0.004204886974665923,
        "p25": 0.0047360994556122655,
        "median": 0.0058940706796048094,
        "p75": 0.007512420221572634,
        "p90": 0.009444346644872245,
        "p95": 0.010819037801100169,
        "p99": 0.019904153701964175,
        "p99.9": 0.022970048798490374
      },
      "time_to_first_token": {
        "mean": 0.2590679237345854,
        "min": 0.10694511933252215,
        "max": 1.5740941199474037,
        "p0.1": 0.10840537317842246,
        "p1": 0.11085217744112015,
        "p5": 0.11331989069003612,
        "p10": 0.11783271972090006,
        "p25": 0.13312045100610703,
        "median": 0.15358263347297907,
        "p75": 0.3299627179512754,
        "p90": 0.5382286550942809,
        "p95": 0.6795830098679289,
        "p99": 1.2902885451773178,
        "p99.9": 1.5398804870587814
      },
      "inter_token_latency": {
        "mean": 0.006461918083791188,
        "min": 5.363021045923233e-06,
        "max": 1.2410967801697552,
        "p0.1": 5.685841199010611e-06,
        "p1": 6.4079649746418e-06,
        "p5": 9.295158088207245e-06,
        "p10": 0.0006690260022878648,
        "p25": 0.0039026238955557346,
        "median": 0.005013285204768181,
        "p75": 0.0065578490030020475,
        "p90": 0.008690609922632575,
        "p95": 0.010387033107690508,
        "p99": 0.036014932207763035,
        "p99.9": 0.17586492507718585
      }
    },
    "throughput": {
      "input_tokens_per_sec": 163138.95517463307,
      "output_tokens_per_sec": 2827.9069311181574,
      "total_tokens_per_sec": 165966.86210575124,
      "requests_per_sec": 14.040502312612494
    },
    "prompt_len": {
      "mean": 11619.168,
      "min": 11535.0,
      "max": 11713.0,
      "p0.1": 11537.247,
      "p1": 11547.98,
      "p5": 11566.0,
      "p10": 11576.0,
      "p25": 11596.0,
      "median": 11615.5,
      "p75": 11644.0,
      "p90": 11665.0,
      "p95": 11677.1,
      "p99": 11696.02,
      "p99.9": 11709.255000000001
    },
    "output_len": {
      "mean": 201.41066666666666,
      "min": 189.0,
      "max": 210.0,
      "p0.1": 194.243,
      "p1": 199.0,
      "p5": 200.0,
      "p10": 200.0,
      "p25": 201.0,
      "median": 201.0,
      "p75": 202.0,
      "p90": 203.0,
      "p95": 204.0,
      "p99": 206.0,
      "p99.9": 210.0
    }
  },
  "failures": {
    "count": 0,
    "request_latency": null,
    "prompt_len": null
  }
}