{
  "load_summary": {
    "count": 1500,
    "schedule_delay": {
      "mean": 0.001133915432728827,
      "min": -0.0007822937332093716,
      "max": 0.09114543721079826,
      "p0.1": -0.0005557577647268771,
      "p1": -0.00021406369749456643,
      "p5": 1.2488150969147683e-05,
      "p10": 0.00015701502561569214,
      "p25": 0.00047841749619692564,
      "median": 0.000823312671855092,
      "p75": 0.0012118014274165034,
      "p90": 0.0015660320408642295,
      "p95": 0.0017415976151823997,
      "p99": 0.004851184622384607,
      "p99.9": 0.04280285887513635
    },
    "send_duration": 29.626481441780925,
    "requested_rate": 50.0,
    "achieved_rate": 50.63037954566606
  },
  "successes": {
    "count": 1498,
    "latency": {
      "request_latency": {
        "mean": 3.087504149528372,
        "min": 0.8991475850343704,
        "max": 7.018761336803436,
        "p0.1": 0.9818402377441525,
        "p1": 1.274813673547469,
        "p5": 1.743909646314569,
        "p10": 2.0458677182439713,
        "p25": 2.3773656064877287,
        "median": 2.8073162701912224,
        "p75": 3.6376761018764228,
        "p90": 4.604709111759439,
        "p95": 5.04848495952319,
        "p99": 6.281843759310432,
        "p99.9": 6.8987694189790805
      },
      "normalized_time_per_output_token": {
        "mean": 0.015313103673085004,
        "min": 0.00028951181728560497,
        "max": 0.03491921063086287,
        "p0.1": 0.0023517988261931902,
        "p1": 0.006014790888783856,
        "p5": 0.008663956559323085,
        "p10": 0.010114377371352075,
        "p25": 0.01178347203007144,
        "median": 0.013943332979248244,
        "p75": 0.018042373374818052,
        "p90": 0.022857543923662346,
        "p95": 0.025161346198601796,
        "p99": 0.031112466013957906,
        "p99.9": 0.034322235915318806
      },
      "time_per_output_token": {
        "mean": 0.01346948129185366,
        "min": 9.297582802910301e-06,
        "max": 0.03345402415061012,
        "p0.1": 0.00043268966650357476,
        "p1": 0.004433547088363669,
        "p5": 0.00702739354976675,
        "p10": 0.008696247580738718,
        "p25": 0.010297653590841395,
        "median": 0.01215156632475555,
        "p75": 0.016146627189524254,
        "p90": 0.020448297982080723,
        "p95": 0.022962013219897444,
        "p99": 0.02852154693077083,
        "p99.9": 0.03161909672342752
      },
      "time_to_first_token": {
        "mean": 0.3861926626062794,
        "min": 0.07054412085562944,
        "max": 1.9943180549889803,
        "p0.1": 0.0756741255093366,
        "p1": 0.09356872275937349,
        "p5": 0.1334520297590643,
        "p10": 0.16388742960989475,
        "p25": 0.2127061627106741,
        "median": 0.28734272345900536,
        "p75": 0.4320211799349636,
        "p90": 0.7259746900759637,
        "p95": 1.0678884954890224,
        "p99": 1.70390568790026,
        "p99.9": 1.9039974567671352
      },
      "inter_token_latency": {
        "mean": 0.013479602278019885,
        "min": 5.184672772884369e-06,
        "max": 1.766328516881913,
        "p0.1": 5.48316165804863e-06,
        "p1": 5.7248398661613464e-06,
        "p5": 6.16069883108139e-06,
        "p10": 6.62216916680336e-06,
        "p25": 8.081085979938507e-06,
        "median": 2.3006461560726166e-05,
        "p75": 0.015671394648961723,
        "p90": 0.03244136068969968,
        "p95": 0.05017695336136967,
        "p99": 0.11261471301782881,
        "p99.9": 0.8998061531642533
      }
    },
    "throughput": {
      "input_tokens_per_sec": 514504.7294637987,
      "output_tokens_per_sec": 9603.940628478364,
      "total_tokens_per_sec": 524108.67009227705,
      "requests_per_sec": 44.284628762549175
    },
    "prompt_len": {
      "mean": 11618.133511348464,
      "min": 11527.0,
      "max": 11752.0,
      "p0.1": 11532.988,
      "p1": 11547.0,
      "p5": 11565.85,
      "p10": 11576.0,
      "p25": 11593.0,
      "median": 11615.0,
      "p75": 11640.0,
      "p90": 11663.0,
      "p95": 11678.0,
      "p99": 11703.119999999999,
      "p99.9": 11730.515000000001
    },
    "output_len": {
      "mean": 216.86849132176235,
      "min": 127.0,
      "max": 11843.0,
      "p0.1": 195.994,
      "p1": 199.0,
      "p5": 200.0,
      "p10": 200.0,
      "p25": 201.0,
      "median": 201.0,
      "p75": 202.0,
      "p90": 203.0,
      "p95": 204.0,
      "p99": 206.0,
      "p99.9": 6034.734000001811
    }
  },
  "failures": {
    "count": 2,
    "request_latency": {
      "mean": 0.30338845611549914,
      "min": 0.23437123419716954,
      "max": 0.37240567803382874,
      "p0.1": 0.2345092686410062,
      "p1": 0.23575157863553614,
      "p5": 0.2412729563890025,
      "p10": 0.24817467858083547,
      "p25": 0.26887984515633434,
      "median": 0.30338845611549914,
      "p75": 0.33789706707466394,
      "p90": 0.3586022336501628,
      "p95": 0.36550395584199574,
      "p99": 0.37102533359546214,
      "p99.9": 0.3722676435899921
    },
    "prompt_len": {
      "mean": 11653.5,
      "min": 11629.0,
      "max": 11678.0,
      "p0.1": 11629.049,
      "p1": 11629.49,
      "p5": 11631.45,
      "p10": 11633.9,
      "p25": 11641.25,
      "median": 11653.5,
      "p75": 11665.75,
      "p90": 11673.1,
      "p95": 11675.55,
      "p99": 11677.51,
      "p99.9": 11677.951
    }
  }
}