{
  "load_summary": {
    "count": 27900,
    "schedule_delay": {
      "mean": 0.003067979217910852,
      "min": -0.0007843398489058018,
      "max": 0.6845511826686561,
      "p0.1": -0.0006679983180947602,
      "p1": -0.0004050089837983251,
      "p5": -0.00011618402786552904,
      "p10": 6.498498842120171e-05,
      "p25": 0.00038934266194701195,
      "median": 0.0007736692205071449,
      "p75": 0.001185268978588283,
      "p90": 0.0016575710847973827,
      "p95": 0.005069178156554697,
      "p99": 0.03984272983390834,
      "p99.9": 0.36574817914936997
    }
  },
  "successes": {
    "count": 27624,
    "latency": {
      "request_latency": {
        "mean": 6.212781290707012,
        "min": 0.7806653375737369,
        "max": 18.592293628957123,
        "p0.1": 0.8097389430287294,
        "p1": 1.0421088183578104,
        "p5": 1.8034075685776771,
        "p10": 2.691786783048883,
        "p25": 4.465804230305366,
        "median": 6.311860157409683,
        "p75": 7.781732636620291,
        "p90": 9.362096154782922,
        "p95": 10.507390205282716,
        "p99": 12.996237457739193,
        "p99.9": 15.572992384706678
      },
      "normalized_time_per_output_token": {
        "mean": 0.030818220418679234,
        "min": 0.00028951181728560497,
        "max": 0.0919501384849728,
        "p0.1": 0.00385591231908881,
        "p1": 0.0051238902599147675,
        "p5": 0.008816370947809496,
        "p10": 0.013312422948349695,
        "p25": 0.02212288799992211,
        "median": 0.031307206203030485,
        "p75": 0.038596265595553986,
        "p90": 0.04650427106934697,
        "p95": 0.05222216799753296,
        "p99": 0.06452088220657888,
        "p99.9": 0.07782067921354877
      },
      "time_per_output_token": {
        "mean": 0.023339580699302104,
        "min": 7.589331362396479e-06,
        "max": 0.06755491471464249,
        "p0.1": 1.8456108910731383e-05,
        "p1": 0.0042489722297391576,
        "p5": 0.007190449793364422,
        "p10": 0.01120667768657544,
        "p25": 0.01708754629757574,
        "median": 0.02332885792468796,
        "p75": 0.02892079127199685,
        "p90": 0.03532767872631967,
        "p95": 0.03973765520055271,
        "p99": 0.04712123977092561,
        "p99.9": 0.056050995560215554
      },
      "time_to_first_token": {
        "mean": 1.7583437236861537,
        "min": 0.06410272931680083,
        "max": 13.988629131112248,
        "p0.1": 0.07107952363789082,
        "p1": 0.08655711368657648,
        "p5": 0.13961663893423976,
        "p10": 0.2508797838818282,
        "p25": 0.6189966496312991,
        "median": 1.44755081506446,
        "p75": 2.509787250543013,
        "p90": 3.6225203857291493,
        "p95": 4.436004030308684,
        "p99": 6.660873069535011,
        "p99.9": 9.973903182068966
      },
      "inter_token_latency": {
        "mean": 0.022974815341468013,
        "min": 5.162786692380905e-06,
        "max": 5.121392000000924,
        "p0.1": 5.500856786966324e-06,
        "p1": 5.703885108232498e-06,
        "p5": 5.978159606456757e-06,
        "p10": 6.213784217834473e-06,
        "p25": 6.878282874822617e-06,
        "median": 8.461065590381622e-06,
        "p75": 1.9175931811332703e-05,
        "p90": 0.04716533427126706,
        "p95": 0.14618684016168101,
        "p99": 0.39121433639898845,
        "p99.9": 1.4884514750680042
      }
    },
    "throughput": {
      "input_tokens_per_sec": 821607.0031288111,
      "output_tokens_per_sec": 15015.454091258394,
      "total_tokens_per_sec": 836622.4572200696,
      "requests_per_sec": 70.71483289034386
    },
    "prompt_len": {
      "mean": 11618.594989863886,
      "min": 11527.0,
      "max": 11752.0,
      "p0.1": 11533.0,
      "p1": 11547.0,
      "p5": 11566.0,
      "p10": 11576.0,
      "p25": 11594.0,
      "median": 11616.0,
      "p75": 11641.0,
      "p90": 11664.0,
      "p95": 11678.0,
      "p99": 11707.0,
      "p99.9": 11739.0
    },
    "output_len": {
      "mean": 212.338111786852,
      "min": 127.0,
      "max": 11856.0,
      "p0.1": 197.0,
      "p1": 199.0,
      "p5": 200.0,
      "p10": 200.0,
      "p25": 201.0,
      "median": 201.0,
      "p75": 202.0,
      "p90": 203.0,
      "p95": 204.0,
      "p99": 206.0,
      "p99.9": 214.37700000000405
    }
  },
  "failures": {
    "count": 276,
    "request_latency": {
      "mean": 2.021808330580403,
      "min": 0.001358315348625183,
      "max": 13.129230099264532,
      "p0.1": 0.001370656443759799,
      "p1": 0.0014500577235594392,
      "p5": 0.0037111227866262197,
      "p10": 0.2160905220080167,
      "p25": 1.0423412525560707,
      "median": 1.7023665141314268,
      "p75": 2.625516898697242,
      "p90": 3.8016956944484264,
      "p95": 4.565096392296255,
      "p99": 9.532658837153576,
      "p99.9": 12.36093439953408
    },
    "prompt_len": {
      "mean": 10527.507246376812,
      "min": 0.0,
      "max": 11728.0,
      "p0.1": 0.0,
      "p1": 0.0,
      "p5": 0.0,
      "p10": 11544.0,
      "p25": 11589.75,
      "median": 11615.0,
      "p75": 11641.25,
      "p90": 11670.0,
      "p95": 11681.5,
      "p99": 11707.75,
      "p99.9": 11724.425000000001
    }
  }
}