{
  "load_summary": {
    "count": 750,
    "schedule_delay": {
      "mean": 0.0004101783980925878,
      "min": -0.0008574533276259899,
      "max": 0.0019143982790410519,
      "p0.1": -0.0008410759996622801,
      "p1": -0.0007065603835508228,
      "p5": -0.0004207964753732085,
      "p10": -0.00023977328091859815,
      "p25": 5.236559081822634e-05,
      "median": 0.00041314377449452877,
      "p75": 0.0007614308269694448,
      "p90": 0.001045938488095999,
      "p95": 0.0012335007777437563,
      "p99": 0.0015780951967462895,
      "p99.9": 0.0018218124546110742
    },
    "send_duration": 30.49199595488608,
    "requested_rate": 25.0,
    "achieved_rate": 24.596618768730323
  },
  "successes": {
    "count": 750,
    "latency": {
      "request_latency": {
        "mean": 37.510451104994864,
        "min": 14.818875789642334,
        "max": 47.57363867806271,
        "p0.1": 15.37292131468607,
        "p1": 18.689868795308286,
        "p5": 28.276135657262056,
        "p10": 30.905486621521415,
        "p25": 34.71190174901858,
        "median": 37.62674128287472,
        "p75": 41.32219662843272,
        "p90": 44.609021017747004,
        "p95": 45.916010875720524,
        "p99": 47.18529450093396,
        "p99.9": 47.50610662111175
      },
      "normalized_time_per_output_token": {
        "mean": 0.037509796159149504,
        "min": 0.003565136667754576,
        "max": 0.04767417240781283,
        "p0.1": 0.004193031863647453,
        "p1": 0.016655804561339208,
        "p5": 0.02799221204776971,
        "p10": 0.030911653057433187,
        "p25": 0.03466887750973528,
        "median": 0.03775398985458395,
        "p75": 0.04137313945894589,
        "p90": 0.04472609814709044,
        "p95": 0.045980729033220466,
        "p99": 0.04733467386976317,
        "p99.9": 0.04763727559446535
      },
      "time_per_output_token": {
        "mean": 0.03702606921033243,
        "min": 0.014192919995635747,
        "max": 0.047152161343023184,
        "p0.1": 0.015046882792450022,
        "p1": 0.018584030575728976,
        "p5": 0.027654450958385132,
        "p10": 0.030322971632517876,
        "p25": 0.03429872501222417,
        "median": 0.03732438265089877,
        "p75": 0.04080238212970702,
        "p90": 0.04394745287378319,
        "p95": 0.045419201603508555,
        "p99": 0.046668189003774896,
        "p99.9": 0.04705313785381151
      },
      "time_to_first_token": {
        "mean": 0.4769313399226715,
        "min": 0.04636535607278347,
        "max": 13.826676204800606,
        "p0.1": 0.05200232346868142,
        "p1": 0.061949691958725454,
        "p5": 0.07926420043222607,
        "p10": 0.12306775329634548,
        "p25": 0.19985823205206543,
        "median": 0.4050483116880059,
        "p75": 0.5477332739392295,
        "p90": 0.8161043552681805,
        "p95": 0.9604612699476996,
        "p99": 1.6059344196319578,
        "p99.9": 13.619628762634962
      },
      "inter_token_latency": {
        "mean": 0.03702766134694098,
        "min": 5.461275577545166e-06,
        "max": 11.876133935060352,
        "p0.1": 6.3292710110545156e-06,
        "p1": 0.003088009310886263,
        "p5": 0.009907612134702504,
        "p10": 0.014564831042662265,
        "p25": 0.029870732920244336,
        "median": 0.03298684558831155,
        "p75": 0.03690048598218709,
        "p90": 0.04046756746247411,
        "p95": 0.041801746981218454,
        "p99": 0.35910872168373315,
        "p99.9": 0.4645879661142842
      }
    },
    "throughput": {
      "input_tokens_per_sec": 84695.88164257105,
      "output_tokens_per_sec": 11428.522416747,
      "total_tokens_per_sec": 96124.40405931805,
      "requests_per_sec": 11.225784744265566
    },
    "prompt_len": {
      "mean": 7544.7626666666665,
      "min": 7460.0,
      "max": 7641.0,
      "p0.1": 7470.486,
      "p1": 7484.49,
      "p5": 7505.0,
      "p10": 7511.0,
      "p25": 7527.0,
      "median": 7544.0,
      "p75": 7561.75,
      "p90": 7578.0,
      "p95": 7585.0,
      "p99": 7604.53,
      "p99.9": 7638.753000000001
    },
    "output_len": {
      "mean": 1018.06,
      "min": 885.0,
      "max": 8557.0,
      "p0.1": 923.199,
      "p1": 977.94,
      "p5": 992.0,
      "p10": 994.0,
      "p25": 996.0,
      "median": 999.0,
      "p75": 1000.0,
      "p90": 1003.0,
      "p95": 1004.0,
      "p99": 1008.0,
      "p99.9": 8550.259
    }
  },
  "failures": {
    "count": 0,
    "request_latency": null,
    "prompt_len": null
  }
}