{
  "load_summary": {
    "count": 100,
    "schedule_delay": {
      "mean": 0.0006745437160134316,
      "min": -0.0006276578642427921,
      "max": 0.001961454749107361,
      "p0.1": -0.0005994614353403449,
      "p1": -0.0003456935752183199,
      "p5": -0.0001264885999262333,
      "p10": 2.2775074467062953e-05,
      "p25": 0.00031646236311644316,
      "median": 0.0006871807854622602,
      "p75": 0.0010092316661030054,
      "p90": 0.0013046933338046083,
      "p95": 0.001519968220964074,
      "p99": 0.0016442134603858012,
      "p99.9": 0.001929730620235208
    },
    "send_duration": 18.985547184944153,
    "requested_rate": 5.0,
    "achieved_rate": 5.267164492330336
  },
  "successes": {
    "count": 100,
    "latency": {
      "request_latency": {
        "mean": 8.602531918045134,
        "min": 6.890182931907475,
        "max": 11.451606562361121,
        "p0.1": 6.902468688179273,
        "p1": 7.013040494625456,
        "p5": 7.1201946076005695,
        "p10": 7.453891592519358,
        "p25": 7.884913520654663,
        "median": 8.406639819964767,
        "p75": 9.210223845788278,
        "p90": 9.87256488641724,
        "p95": 10.353262019110842,
        "p99": 11.412113912333735,
        "p99.9": 11.447657297358383
      },
      "normalized_time_per_output_token": {
        "mean": 0.008622589224178898,
        "min": 0.006903990913734945,
        "max": 0.011509152323981026,
        "p0.1": 0.006914384977641477,
        "p1": 0.007007931552800268,
        "p5": 0.007141306548713614,
        "p10": 0.0074759166211854616,
        "p25": 0.00791093259192326,
        "median": 0.008427752810641672,
        "p75": 0.00922171263428503,
        "p90": 0.009916884729432883,
        "p95": 0.010383879047878831,
        "p99": 0.011458061248852385,
        "p99.9": 0.011504043216468163
      },
      "time_per_output_token": {
        "mean": 0.00829146129743558,
        "min": 0.006536124568432569,
        "max": 0.010974137843120842,
        "p0.1": 0.006538547090786043,
        "p1": 0.00656034979196731,
        "p5": 0.006943743947101757,
        "p10": 0.007241892506261973,
        "p25": 0.007642095214803703,
        "median": 0.00813295070687309,
        "p75": 0.008867424692027271,
        "p90": 0.009484065421903507,
        "p95": 0.010069680582243019,
        "p99": 0.010881489191097209,
        "p99.9": 0.01096487297791848
      },
      "time_to_first_token": {
        "mean": 0.2850471123540774,
        "min": 0.04839096311479807,
        "max": 0.7355995271354914,
        "p0.1": 0.04961928379256278,
        "p1": 0.06067416989244521,
        "p5": 0.06886351453140378,
        "p10": 0.07515877489931881,
        "p25": 0.14946300047449768,
        "median": 0.2858857132960111,
        "p75": 0.44754154281690717,
        "p90": 0.46055217664688824,
        "p95": 0.47301202875096343,
        "p99": 0.6092223513918004,
        "p99.9": 0.7229618095611235
      },
      "inter_token_latency": {
        "mean": 0.008291659638818722,
        "min": 5.516223609447479e-06,
        "max": 0.4056214978918433,
        "p0.1": 6.089690141379833e-06,
        "p1": 0.0035990853840485214,
        "p5": 0.006142972549423575,
        "p10": 0.00633246311917901,
        "p25": 0.007336789974942803,
        "median": 0.007664782227948308,
        "p75": 0.008228690829128027,
        "p90": 0.008872869657352567,
        "p95": 0.009651197004131973,
        "p99": 0.011428872048854854,
        "p99.9": 0.3266015187464654
      }
    },
    "throughput": {
      "input_tokens_per_sec": 27822.040989569396,
      "output_tokens_per_sec": 3679.042031245396,
      "total_tokens_per_sec": 31501.083020814793,
      "requests_per_sec": 3.687079865351863
    },
    "prompt_len": {
      "mean": 7545.82,
      "min": 7481.0,
      "max": 7588.0,
      "p0.1": 7482.386,
      "p1": 7494.86,
      "p5": 7510.95,
      "p10": 7520.0,
      "p25": 7531.75,
      "median": 7545.0,
      "p75": 7560.25,
      "p90": 7578.1,
      "p95": 7581.1,
      "p99": 7588.0,
      "p99.9": 7588.0
    },
    "output_len": {
      "mean": 997.82,
      "min": 951.0,
      "max": 1008.0,
      "p0.1": 954.267,
      "p1": 983.67,
      "p5": 993.0,
      "p10": 995.0,
      "p25": 996.0,
      "median": 998.0,
      "p75": 1000.0,
      "p90": 1002.1,
      "p95": 1004.0,
      "p99": 1006.02,
      "p99.9": 1007.802
    }
  },
  "failures": {
    "count": 0,
    "request_latency": null,
    "prompt_len": null
  }
}