{
  "load_summary": {
    "count": 1500,
    "schedule_delay": {
      "mean": 0.0005398226240649819,
      "min": -0.0008984473533928394,
      "max": 0.016243365593254566,
      "p0.1": -0.0008851783000864089,
      "p1": -0.0006518343510106206,
      "p5": -0.00039144970942288636,
      "p10": -0.00018121297471225263,
      "p25": 0.00011287641245871782,
      "median": 0.0005133326631039381,
      "p75": 0.0009114209096878767,
      "p90": 0.0012837606016546492,
      "p95": 0.0015231494093313812,
      "p99": 0.001941171921789646,
      "p99.9": 0.004392341541592803
    },
    "send_duration": 49.63024071790278,
    "requested_rate": 30.0,
    "achieved_rate": 30.22350845578138
  },
  "successes": {
    "count": 1500,
    "latency": {
      "request_latency": {
        "mean": 74.90176157813643,
        "min": 37.95614938810468,
        "max": 121.8971003908664,
        "p0.1": 38.497991091164764,
        "p1": 44.81996070516762,
        "p5": 53.14004525463097,
        "p10": 55.49535143570974,
        "p25": 61.00405042304192,
        "median": 73.38725555548444,
        "p75": 87.19288480293471,
        "p90": 96.54189069475979,
        "p95": 100.42447948125191,
        "p99": 119.0663584205974,
        "p99.9": 121.53151420925984
      },
      "normalized_time_per_output_token": {
        "mean": 0.07462310546425904,
        "min": 0.006515729957592596,
        "max": 0.12238664697878153,
        "p0.1": 0.0074203432684805766,
        "p1": 0.040524316830678836,
        "p5": 0.052694338363271545,
        "p10": 0.05536303664017985,
        "p25": 0.06087657883865185,
        "median": 0.07343844392396744,
        "p75": 0.08713220766655963,
        "p90": 0.09658248035981035,
        "p95": 0.10042798891791804,
        "p99": 0.11894871018054425,
        "p99.9": 0.12183249109713143
      },
      "time_per_output_token": {
        "mean": 0.06458567625890964,
        "min": 0.01357970859343186,
        "max": 0.10193800027668476,
        "p0.1": 0.013927717747333925,
        "p1": 0.024653660137341358,
        "p5": 0.04006614384695422,
        "p10": 0.04752015998554416,
        "p25": 0.05502523326629307,
        "median": 0.06323803596501239,
        "p75": 0.07476395857718307,
        "p90": 0.08647870970005171,
        "p95": 0.09170922124406788,
        "p99": 0.09943241989114787,
        "p99.9": 0.10150184541726956
      },
      "time_to_first_token": {
        "mean": 10.283888119488644,
        "min": 0.1422104286029935,
        "max": 82.97379615763202,
        "p0.1": 0.1455144939236343,
        "p1": 0.19930893099401145,
        "p5": 0.3816397454123944,
        "p10": 0.48383530997671187,
        "p25": 0.7386440203990787,
        "median": 1.279578204965219,
        "p75": 2.8378604963654652,
        "p90": 38.9979108533822,
        "p95": 47.43120820836629,
        "p99": 82.1979920047801,
        "p99.9": 82.78179153117212
      },
      "inter_token_latency": {
        "mean": 0.0645856392367123,
        "min": 5.442183464765549e-06,
        "max": 40.90872430615127,
        "p0.1": 6.54393807053566e-06,
        "p1": 0.0075128329358994965,
        "p5": 0.027164965262636544,
        "p10": 0.031908940989524126,
        "p25": 0.039500453625805676,
        "median": 0.04412760119885206,
        "p75": 0.06458448129706085,
        "p90": 0.06904189637862146,
        "p95": 0.07483397175092248,
        "p99": 0.46096167514566333,
        "p99.9": 0.5176175824139819
      }
    },
    "throughput": {
      "input_tokens_per_sec": 70196.11532379684,
      "output_tokens_per_sec": 9662.322396954414,
      "total_tokens_per_sec": 79858.43772075126,
      "requests_per_sec": 9.30395274511796
    },
    "prompt_len": {
      "mean": 7544.7626666666665,
      "min": 7460.0,
      "max": 7641.0,
      "p0.1": 7466.986,
      "p1": 7484.0,
      "p5": 7505.0,
      "p10": 7511.0,
      "p25": 7527.0,
      "median": 7544.0,
      "p75": 7562.0,
      "p90": 7578.0,
      "p95": 7585.0,
      "p99": 7606.0,
      "p99.9": 7639.503000000001
    },
    "output_len": {
      "mean": 1038.518,
      "min": 950.0,
      "max": 8564.0,
      "p0.1": 960.996,
      "p1": 986.0,
      "p5": 993.0,
      "p10": 994.0,
      "p25": 996.0,
      "median": 998.0,
      "p75": 1001.0,
      "p90": 1003.0,
      "p95": 1004.0,
      "p99": 1008.0,
      "p99.9": 8549.511000000002
    }
  },
  "failures": {
    "count": 0,
    "request_latency": null,
    "prompt_len": null
  }
}