{
  "load_summary": {
    "count": 1350,
    "schedule_delay": {
      "mean": 0.0003994862890491883,
      "min": -0.0010224152356386185,
      "max": 0.0021721282973885536,
      "p0.1": -0.0009373251223005354,
      "p1": -0.0007165300333872438,
      "p5": -0.00044384615030139684,
      "p10": -0.00026474175974726676,
      "p25": 4.711642395704985e-05,
      "median": 0.0003913245163857937,
      "p75": 0.0007545958505943418,
      "p90": 0.0010732603725045929,
      "p95": 0.001252156659029424,
      "p99": 0.0015383346192538738,
      "p99.9": 0.0018572806129232113
    },
    "send_duration": 30.26535768713802,
    "requested_rate": 45.0,
    "achieved_rate": 44.60545333563708
  },
  "successes": {
    "count": 1350,
    "latency": {
      "request_latency": {
        "mean": 60.83379908930545,
        "min": 23.16769490391016,
        "max": 117.61722845304757,
        "p0.1": 25.35087739631068,
        "p1": 34.925911777368746,
        "p5": 40.74586805677973,
        "p10": 43.622261595213786,
        "p25": 48.16891620319802,
        "median": 55.2766837736126,
        "p75": 69.1606089787092,
        "p90": 87.84178441865382,
        "p95": 103.27769585323986,
        "p99": 115.45590519099962,
        "p99.9": 117.5172689043507
      },
      "normalized_time_per_output_token": {
        "mean": 0.06074521740264471,
        "min": 0.012539961691227963,
        "max": 0.11781143161179564,
        "p0.1": 0.013515611238288669,
        "p1": 0.03469598280755464,
        "p5": 0.04088833469292854,
        "p10": 0.04356629607724923,
        "p25": 0.04815669920442053,
        "median": 0.055243502063104466,
        "p75": 0.06916667492565065,
        "p90": 0.08765670335817471,
        "p95": 0.10287444808421764,
        "p99": 0.1151710937909666,
        "p99.9": 0.11763461879005027
      },
      "time_per_output_token": {
        "mean": 0.05229329077691051,
        "min": 0.01888391573401168,
        "max": 0.09914886836800724,
        "p0.1": 0.019259157878334168,
        "p1": 0.02306367343791295,
        "p5": 0.03495050751310773,
        "p10": 0.03966738107367419,
        "p25": 0.0449045402550837,
        "median": 0.05177786434488371,
        "p75": 0.05809915495768655,
        "p90": 0.06866847964553165,
        "p95": 0.07582865730770863,
        "p99": 0.07905405825424008,
        "p99.9": 0.09634394156495604
      },
      "time_to_first_token": {
        "mean": 8.537851606303896,
        "min": 0.04944897023960948,
        "max": 95.49621048383415,
        "p0.1": 0.056083081316202876,
        "p1": 0.06937544466461987,
        "p5": 0.12628570299129932,
        "p10": 0.15489853993058206,
        "p25": 0.24385575798805803,
        "median": 0.5309361743275076,
        "p75": 1.490704651339911,
        "p90": 44.84538793368265,
        "p95": 48.742062321561384,
        "p99": 94.0160017888667,
        "p99.9": 95.48606683661882
      },
      "inter_token_latency": {
        "mean": 0.0522955064283234,
        "min": 5.48921525478363e-06,
        "max": 40.03776100277901,
        "p0.1": 7.041002623736858e-06,
        "p1": 0.007836014912463725,
        "p5": 0.02608442122582346,
        "p10": 0.030394673766568302,
        "p25": 0.03846735158003867,
        "median": 0.041930393083021045,
        "p75": 0.04643121943809092,
        "p90": 0.06871744203381241,
        "p95": 0.07290820984635503,
        "p99": 0.4201583816995844,
        "p99.9": 0.47815784174762704
      }
    },
    "throughput": {
      "input_tokens_per_sec": 70744.14327045836,
      "output_tokens_per_sec": 9512.919290786482,
      "total_tokens_per_sec": 80257.06256124483,
      "requests_per_sec": 9.37642630577822
    },
    "prompt_len": {
      "mean": 7544.8940740740745,
      "min": 7460.0,
      "max": 7641.0,
      "p0.1": 7464.886,
      "p1": 7485.0,
      "p5": 7505.0,
      "p10": 7512.0,
      "p25": 7528.0,
      "median": 7545.0,
      "p75": 7561.0,
      "p90": 7578.0,
      "p95": 7585.0,
      "p99": 7603.0,
      "p99.9": 7639.953
    },
    "output_len": {
      "mean": 1014.557037037037,
      "min": 921.0,
      "max": 8557.0,
      "p0.1": 938.188,
      "p1": 979.0,
      "p5": 992.0,
      "p10": 994.0,
      "p25": 996.0,
      "median": 998.0,
      "p75": 1001.0,
      "p90": 1003.0,
      "p95": 1004.0,
      "p99": 1007.0,
      "p99.9": 8542.208
    }
  },
  "failures": {
    "count": 0,
    "request_latency": null,
    "prompt_len": null
  }
}