{
  "load_summary": {
    "count": 5050,
    "schedule_delay": {
      "mean": 0.0004775388082397161,
      "min": -0.0010224152356386185,
      "max": 0.09477133676409721,
      "p0.1": -0.0009505102578550577,
      "p1": -0.0006881321035325527,
      "p5": -0.0004178668837994337,
      "p10": -0.00022226423025131225,
      "p25": 7.679231930524111e-05,
      "median": 0.0004467167891561985,
      "p75": 0.0008171213557943702,
      "p90": 0.001152658881619573,
      "p95": 0.0013547311071306469,
      "p99": 0.0017656572302803442,
      "p99.9": 0.0021700136261061237
    }
  },
  "successes": {
    "count": 5050,
    "latency": {
      "request_latency": {
        "mean": 55.552001564511016,
        "min": 6.890182931907475,
        "max": 121.8971003908664,
        "p0.1": 7.12562475064816,
        "p1": 8.386405583019368,
        "p5": 19.808637634525077,
        "p10": 32.047617411520335,
        "p25": 41.19268345308956,
        "median": 53.1006216078531,
        "p75": 69.7150320437504,
        "p90": 87.61240661027841,
        "p95": 95.92680149334483,
        "p99": 114.77887061916296,
        "p99.9": 120.85591666017014
      },
      "normalized_time_per_output_token": {
        "mean": 0.0554603616483675,
        "min": 0.003565136667754576,
        "max": 0.12238664697878153,
        "p0.1": 0.006909135450415956,
        "p1": 0.00830084036292017,
        "p5": 0.019191261595008446,
        "p10": 0.03181328591011265,
        "p25": 0.04119244718914073,
        "median": 0.05304723244949125,
        "p75": 0.06965200681655886,
        "p90": 0.08759752462435276,
        "p95": 0.09598345965985887,
        "p99": 0.11433521202723448,
        "p99.9": 0.1211795480010537
      },
      "time_per_output_token": {
        "mean": 0.04925701519675413,
        "min": 0.006536124568432569,
        "max": 0.10193800027668476,
        "p0.1": 0.006943959842103534,
        "p1": 0.007986821724117908,
        "p5": 0.019151139713660816,
        "p10": 0.028319059538794683,
        "p25": 0.03849087754287757,
        "median": 0.04875592899811454,
        "p75": 0.05809118033677805,
        "p90": 0.07385318980268202,
        "p95": 0.07960544284025672,
        "p99": 0.09471171870067249,
        "p99.9": 0.10070238808407869
      },
      "time_to_first_token": {
        "mean": 6.2794959605535,
        "min": 0.044724812265485525,
        "max": 95.49621048383415,
        "p0.1": 0.05206534338276833,
        "p1": 0.0683086979854852,
        "p5": 0.12357331309467554,
        "p10": 0.15729194837622346,
        "p25": 0.2723673665896058,
        "median": 0.5754697520751506,
        "p75": 1.3895592635963112,
        "p90": 34.35792152509096,
        "p95": 44.757996031316004,
        "p99": 81.00982782997659,
        "p99.9": 95.19187850391683
      },
      "inter_token_latency": {
        "mean": 0.04925945972682557,
        "min": 5.442183464765549e-06,
        "max": 41.21665489021689,
        "p0.1": 6.4498744904994965e-06,
        "p1": 0.0058676626998931175,
        "p5": 0.009647680260241032,
        "p10": 0.017970539908856154,
        "p25": 0.03203152655623853,
        "median": 0.0399186247959733,
        "p75": 0.045364755438640714,
        "p90": 0.06619718158617616,
        "p95": 0.07101348722353576,
        "p99": 0.4347922714985906,
        "p99.9": 0.4898347498513759
      }
    },
    "throughput": {
      "input_tokens_per_sec": 68345.23206548406,
      "output_tokens_per_sec": 9229.752072486112,
      "total_tokens_per_sec": 77574.98413797017,
      "requests_per_sec": 9.05833254612901
    },
    "prompt_len": {
      "mean": 7545.012475247525,
      "min": 7460.0,
      "max": 7641.0,
      "p0.1": 7460.0,
      "p1": 7484.0,
      "p5": 7505.0,
      "p10": 7512.0,
      "p25": 7528.0,
      "median": 7545.0,
      "p75": 7562.0,
      "p90": 7578.0,
      "p95": 7585.0,
      "p99": 7606.0,
      "p99.9": 7641.0
    },
    "output_len": {
      "mean": 1018.9239603960397,
      "min": 885.0,
      "max": 8564.0,
      "p0.1": 939.294,
      "p1": 981.0,
      "p5": 992.0,
      "p10": 994.0,
      "p25": 996.0,
      "median": 998.0,
      "p75": 1001.0,
      "p90": 1003.0,
      "p95": 1004.0,
      "p99": 1007.0,
      "p99.9": 8544.951000000001
    }
  },
  "failures": {
    "count": 0,
    "request_latency": null,
    "prompt_len": null
  }
}